{"type":"FeatureCollection", "features": [
{"type":"Feature","geometry":{"type":"MultiPolygon","coordinates":[[[[6.12653,46.31873],[6.12497,46.31849],[6.125,46.31698],[6.12352,46.31601],[6.12218,46.31455],[6.12149,46.31458],[6.12056,46.31382],[6.12107,46.3133],[6.12046,46.31079],[6.12061,46.30968],[6.12151,46.30807],[6.121,46.30641],[6.11951,46.30406],[6.11985,46.30311],[6.12098,46.30207],[6.122,46.30211],[6.12253,46.30037],[6.12075,46.29939],[6.12161,46.29839],[6.1208,46.29772],[6.1193,46.29716],[6.12038,46.29557],[6.11878,46.29584],[6.11738,46.29526],[6.11551,46.29584],[6.114,46.29538],[6.11379,46.29454],[6.11236,46.29275],[6.10961,46.2906],[6.1081,46.28995],[6.10682,46.28902],[6.10528,46.28823],[6.10424,46.28683],[6.10313,46.28617],[6.10515,46.28544],[6.10511,46.28479],[6.10582,46.28421],[6.10483,46.28095],[6.104,46.27992],[6.10555,46.27949],[6.10645,46.27814],[6.10806,46.27765],[6.10866,46.27659],[6.11187,46.27526],[6.1124,46.27456],[6.11425,46.2738],[6.11064,46.27183],[6.11263,46.27042],[6.11616,46.26719],[6.11695,46.26754],[6.12072,46.26608],[6.11882,46.2647],[6.1208,46.26291],[6.12005,46.26251],[6.12328,46.25943],[6.12225,46.25895],[6.12349,46.2577],[6.12227,46.25698],[6.12157,46.2558],[6.12249,46.25485],[6.1252,46.25384],[6.12458,46.25309],[6.12521,46.2525],[6.12165,46.25008],[6.12153,46.24926],[6.10957,46.24112],[6.10759,46.24242],[6.10219,46.23889],[6.0998,46.24031],[6.09306,46.24507],[6.09142,46.24637],[6.08925,46.24713],[6.08879,46.24837],[6.08626,46.24745],[6.08514,46.24826],[6.08442,46.24788],[6.08325,46.24664],[6.08269,46.24705],[6.08026,46.24665],[6.07856,46.24548],[6.07789,46.24592],[6.07629,46.24484],[6.07427,46.24496],[6.07355,46.24436],[6.0745,46.24353],[6.07376,46.2426],[6.07254,46.24344],[6.07163,46.24256],[6.07028,46.24241],[6.06893,46.24322],[6.06802,46.24303],[6.06408,46.24705],[6.06215,46.24633],[6.06114,46.24626],[6.05785,46.24342],[6.05662,46.24291],[6.05282,46.23948],[6.05156,46.23711],[6.05023,46.23554],[6.04876,46.23441],[6.04818,46.23465],[6.04684,46.23264],[6.04286,46.23456],[6.03962,46.23642],[6.03438,46.2398],[6.03086,46.2377],[6.02941,46.23648],[6.0277,46.23553],[6.0266,46.23533],[6.02622,46.23447],[6.02444,46.23438],[6.02384,46.23393],[6.02138,46.23351],[6.02032,46.233],[6.01814,46.23282],[6.01716,46.23323],[6.01583,46.23167],[6.0139,46.23237],[6.01327,46.23155],[6.01406,46.2303],[6.013,46.22973],[6.01075,46.23025],[6.01065,46.22867],[6.00878,46.22765],[6.0075,46.22793],[6.00796,46.22518],[6.0056,46.22469],[6.00363,46.22356],[6.00226,46.22175],[6.00076,46.22128],[5.99982,46.22286],[5.99829,46.22351],[5.99599,46.22384],[5.995,46.22368],[5.99357,46.2242],[5.99091,46.22297],[5.99138,46.22267],[5.99231,46.22106],[5.99363,46.22028],[5.99437,46.21856],[5.99349,46.21647],[5.99197,46.21704],[5.98971,46.21732],[5.98812,46.21799],[5.98758,46.21791],[5.98484,46.21846],[5.98372,46.2181],[5.98177,46.21848],[5.98082,46.21823],[5.97989,46.2185],[5.97539,46.21627],[5.97407,46.21496],[5.97236,46.21256],[5.97103,46.20968],[5.96998,46.20794],[5.97094,46.20647],[5.97207,46.20557],[5.97355,46.20484],[5.97411,46.20378],[5.97326,46.20365],[5.97224,46.20283],[5.97123,46.20297],[5.96991,46.20183],[5.96635,46.20078],[5.96537,46.20003],[5.96535,46.19946],[5.96444,46.19825],[5.97259,46.19542],[5.97663,46.19413],[5.98353,46.19201],[5.98268,46.19127],[5.98439,46.19018],[5.98952,46.18891],[5.99102,46.18905],[5.99294,46.18779],[5.99319,46.18682],[5.9941,46.18529],[5.99572,46.18408],[5.99535,46.18256],[5.99344,46.18072],[5.99197,46.18013],[5.99164,46.1792],[5.99245,46.17808],[5.99148,46.17758],[5.99069,46.17669],[5.98983,46.17484],[5.98958,46.17325],[5.98891,46.17216],[5.98807,46.17181],[5.98718,46.1722],[5.9868,46.17336],[5.98597,46.17431],[5.98482,46.17491],[5.98388,46.17503],[5.98254,46.17428],[5.98172,46.17259],[5.9817,46.17116],[5.98111,46.16826],[5.98048,46.16706],[5.97739,46.16356],[5.97547,46.16045],[5.97527,46.15962],[5.97388,46.15742],[5.97258,46.15597],[5.96992,46.15348],[5.96816,46.15089],[5.96732,46.14899],[5.96624,46.14803],[5.96546,46.14694],[5.96481,46.14543],[5.96503,46.14339],[5.96645,46.14135],[5.96713,46.14002],[5.9671,46.13942],[5.96599,46.1379],[5.96481,46.13725],[5.96296,46.13668],[5.95865,46.13502],[5.95661,46.13359],[5.95716,46.13304],[5.95756,46.12999],[5.9581,46.12979],[5.9606,46.13107],[5.96182,46.13204],[5.96549,46.13143],[5.96723,46.13143],[5.96838,46.13228],[5.96992,46.13268],[5.97019,46.13327],[5.97281,46.1333],[5.97368,46.13286],[5.97486,46.13359],[5.97743,46.13439],[5.97822,46.13485],[5.9798,46.13678],[5.98265,46.13864],[5.98364,46.14255],[5.98316,46.14353],[5.98456,46.14439],[5.9862,46.14465],[5.98667,46.14411],[5.9878,46.14383],[5.98952,46.14502],[5.99107,46.14454],[5.9945,46.14568],[5.99744,46.14484],[5.99779,46.14411],[6.00021,46.14418],[6.00193,46.14343],[6.00282,46.14352],[6.00387,46.14303],[6.00643,46.14358],[6.00724,46.14333],[6.00927,46.14406],[6.01188,46.14335],[6.0138,46.14334],[6.01518,46.14369],[6.01548,46.14426],[6.01661,46.14399],[6.0179,46.14408],[6.01976,46.14334],[6.02068,46.14333],[6.02189,46.14237],[6.02345,46.1428],[6.02463,46.14162],[6.02597,46.14165],[6.02802,46.14127],[6.02918,46.14167],[6.02976,46.14061],[6.0324,46.1399],[6.03414,46.13849],[6.03501,46.13739],[6.03566,46.13596],[6.03619,46.13606],[6.03692,46.13806],[6.03789,46.13929],[6.04002,46.14088],[6.04188,46.14129],[6.0432,46.14265],[6.04581,46.1412],[6.04763,46.14299],[6.04777,46.14381],[6.04925,46.14835],[6.05299,46.15258],[6.0614,46.15242],[6.07307,46.15118],[6.07565,46.15008],[6.09255,46.15318],[6.09436,46.15177],[6.09421,46.15121],[6.09568,46.15035],[6.09653,46.14951],[6.09923,46.14506],[6.10012,46.14532],[6.10378,46.14555],[6.10705,46.14528],[6.10719,46.14486],[6.10848,46.14415],[6.11016,46.14474],[6.11106,46.14402],[6.115,46.14432],[6.12006,46.14386],[6.1209,46.14399],[6.1247,46.14307],[6.12733,46.14177],[6.12889,46.14155],[6.13128,46.14164],[6.13283,46.14273],[6.1336,46.14209],[6.13718,46.14282],[6.13754,46.14413],[6.14006,46.14566],[6.14141,46.14611],[6.14229,46.14681],[6.14214,46.14736],[6.14317,46.14802],[6.14343,46.1471],[6.14562,46.14619],[6.148,46.14791],[6.14704,46.1484],[6.14938,46.15133],[6.15463,46.15345],[6.15809,46.1539],[6.15881,46.1546],[6.16458,46.15659],[6.16931,46.1584],[6.17305,46.15861],[6.17497,46.15904],[6.1784,46.16073],[6.17922,46.16165],[6.18421,46.16416],[6.18636,46.16538],[6.18953,46.16763],[6.18778,46.17525],[6.18699,46.17663],[6.1872,46.17785],[6.18682,46.17863],[6.18693,46.17956],[6.18811,46.17982],[6.18781,46.1816],[6.18851,46.182],[6.18973,46.1819],[6.19111,46.1826],[6.19225,46.18272],[6.19272,46.18345],[6.1957,46.18465],[6.19581,46.18545],[6.19855,46.18463],[6.1998,46.18607],[6.19943,46.18633],[6.20154,46.18786],[6.20238,46.18797],[6.2025,46.18914],[6.20347,46.19033],[6.20565,46.19112],[6.20531,46.19195],[6.20702,46.19328],[6.20965,46.19402],[6.21185,46.1939],[6.21357,46.19526],[6.21677,46.19629],[6.21716,46.1978],[6.21809,46.19918],[6.22179,46.20016],[6.22299,46.20021],[6.22237,46.20113],[6.22262,46.20186],[6.22457,46.20248],[6.22651,46.20347],[6.22744,46.20321],[6.22848,46.20373],[6.22857,46.2046],[6.23067,46.20464],[6.23084,46.20565],[6.23174,46.20566],[6.23337,46.2072],[6.23477,46.20767],[6.23733,46.20769],[6.23966,46.20642],[6.24138,46.20645],[6.24207,46.20599],[6.24591,46.20621],[6.24552,46.20815],[6.24689,46.2076],[6.24702,46.20714],[6.24859,46.20646],[6.25039,46.20647],[6.24995,46.20709],[6.25244,46.20847],[6.25486,46.21048],[6.25556,46.21047],[6.25666,46.21127],[6.25807,46.21158],[6.26327,46.21343],[6.2641,46.21386],[6.26815,46.21498],[6.2691,46.21471],[6.27118,46.2154],[6.27752,46.21668],[6.2822,46.21951],[6.28858,46.223],[6.29033,46.22436],[6.29545,46.2264],[6.29649,46.22728],[6.29933,46.23069],[6.3035,46.23643],[6.30569,46.23842],[6.30989,46.24366],[6.31105,46.24522],[6.31064,46.24664],[6.31008,46.24702],[6.30946,46.24873],[6.3102,46.25115],[6.3089,46.25193],[6.30646,46.25262],[6.30849,46.25471],[6.30862,46.2558],[6.30939,46.25676],[6.31052,46.25747],[6.30724,46.25773],[6.30634,46.25715],[6.30537,46.25718],[6.30365,46.25615],[6.3025,46.25604],[6.30125,46.25658],[6.29715,46.25683],[6.29579,46.25742],[6.29532,46.25876],[6.2948,46.2592],[6.29492,46.26048],[6.29704,46.26301],[6.29674,46.26379],[6.29736,46.26453],[6.29712,46.26539],[6.29563,46.26584],[6.29366,46.26477],[6.29304,46.26478],[6.29217,46.26326],[6.29057,46.26121],[6.28734,46.2586],[6.28422,46.25722],[6.28602,46.25614],[6.28493,46.25547],[6.28153,46.25476],[6.27928,46.25371],[6.27996,46.2527],[6.2787,46.25259],[6.27578,46.25184],[6.27346,46.25064],[6.27086,46.24974],[6.26934,46.24982],[6.26755,46.24894],[6.26656,46.25031],[6.26378,46.25215],[6.26113,46.25281],[6.26243,46.25581],[6.25061,46.26345],[6.2505,46.26385],[6.24363,46.2741],[6.24266,46.27438],[6.23985,46.27618],[6.23904,46.27702],[6.23866,46.27854],[6.23978,46.28064],[6.23961,46.28151],[6.23896,46.28231],[6.23913,46.2829],[6.24065,46.28333],[6.2405,46.28381],[6.2425,46.28501],[6.24252,46.28629],[6.24421,46.28671],[6.24597,46.28642],[6.247,46.28651],[6.24786,46.28744],[6.24986,46.28796],[6.24943,46.28868],[6.25223,46.28932],[6.25265,46.29097],[6.25373,46.29168],[6.2526,46.29317],[6.25108,46.29331],[6.25201,46.29426],[6.2515,46.29484],[6.25019,46.29464],[6.24941,46.29537],[6.24929,46.29617],[6.25077,46.29737],[6.24917,46.29772],[6.2497,46.29865],[6.24875,46.29926],[6.25009,46.30001],[6.24802,46.30194],[6.24907,46.30203],[6.24975,46.30291],[6.24878,46.30324],[6.24844,46.30392],[6.2475,46.30389],[6.24605,46.30428],[6.24546,46.3053],[6.24394,46.30464],[6.24227,46.30562],[6.22031,46.31314],[6.19949,46.28568],[6.17104,46.29603],[6.16794,46.29643],[6.16035,46.29897],[6.15413,46.30041],[6.15137,46.30224],[6.14519,46.30463],[6.14148,46.30599],[6.14152,46.30667],[6.13681,46.30929],[6.13543,46.31015],[6.13432,46.31138],[6.13444,46.31177],[6.13064,46.31408],[6.12892,46.3156],[6.12953,46.31655],[6.12668,46.31747],[6.1274,46.31823],[6.12653,46.31873]]],[[[6.23308,46.33169],[6.24219,46.34493],[6.21342,46.35442],[6.21063,46.35531],[6.2083,46.35625],[6.20578,46.35652],[6.20282,46.35603],[6.20123,46.35686],[6.19869,46.35988],[6.19936,46.36047],[6.19842,46.36167],[6.19529,46.36206],[6.19292,46.36199],[6.18877,46.3616],[6.18666,46.36253],[6.18644,46.36299],[6.18483,46.364],[6.181,46.36584],[6.17919,46.36502],[6.17516,46.36364],[6.17477,46.36304],[6.177,46.36131],[6.17185,46.35966],[6.17278,46.35739],[6.17379,46.35591],[6.1763,46.35506],[6.18107,46.35403],[6.18407,46.35243],[6.1837,46.35199],[6.18702,46.3508],[6.18801,46.35083],[6.18956,46.35139],[6.19028,46.35079],[6.19237,46.34985],[6.19414,46.35012],[6.19564,46.34988],[6.19388,46.34498],[6.20433,46.34008],[6.20491,46.34092],[6.2069,46.34062],[6.20761,46.3401],[6.23308,46.33169]]],[[[6.16753,46.34435],[6.16921,46.34337],[6.17205,46.34199],[6.17316,46.3425],[6.17342,46.34324],[6.1729,46.34446],[6.17299,46.3457],[6.17427,46.34647],[6.17528,46.34818],[6.17739,46.34711],[6.17765,46.34665],[6.18152,46.3451],[6.18244,46.34494],[6.18518,46.34711],[6.18433,46.3475],[6.18243,46.34891],[6.18146,46.34938],[6.17631,46.35259],[6.17541,46.35158],[6.1747,46.35021],[6.17255,46.3511],[6.17048,46.34847],[6.16753,46.34435]]]]},"properties":{"id":25,"name":"Genève"}},
{"type":"Feature","geometry":{"type":"MultiPolygon","coordinates":[[[[8.87659,47.65634],[8.87364,47.65534],[8.86825,47.65737],[8.86652,47.65749],[8.86184,47.65534],[8.86066,47.65372],[8.86092,47.65357],[8.85913,47.65147],[8.85287,47.65258],[8.85128,47.6533],[8.85056,47.6524],[8.84746,47.65366],[8.84683,47.65445],[8.8489,47.65529],[8.848,47.65601],[8.84872,47.65676],[8.84987,47.65633],[8.85078,47.65728],[8.85487,47.66087],[8.85576,47.66207],[8.85449,47.66272],[8.85161,47.66341],[8.84836,47.66463],[8.84368,47.66552],[8.84236,47.66606],[8.84098,47.6681],[8.84049,47.67046],[8.83959,47.67163],[8.83707,47.67334],[8.8314,47.67598],[8.82752,47.67641],[8.82207,47.67825],[8.81795,47.67922],[8.81623,47.67928],[8.81104,47.67831],[8.80985,47.67826],[8.80874,47.67857],[8.80657,47.67954],[8.80535,47.67975],[8.80335,47.67948],[8.8,47.67761],[8.79723,47.67673],[8.79513,47.67636],[8.79319,47.6763],[8.79052,47.67671],[8.78879,47.67717],[8.78303,47.67924],[8.77964,47.68074],[8.77734,47.68155],[8.77469,47.68271],[8.77289,47.68384],[8.77128,47.68558],[8.76876,47.68709],[8.76609,47.68825],[8.75935,47.69066],[8.75692,47.69128],[8.75343,47.69199],[8.751,47.69226],[8.74564,47.69237],[8.7419,47.69283],[8.73748,47.69394],[8.73499,47.69427],[8.72919,47.69416],[8.72651,47.69402],[8.72389,47.69363],[8.72199,47.69316],[8.71904,47.69209],[8.71593,47.69103],[8.70973,47.69088],[8.70826,47.69106],[8.70606,47.69171],[8.70368,47.69305],[8.70148,47.6941],[8.69571,47.69574],[8.69322,47.69659],[8.69087,47.69672],[8.68973,47.69632],[8.68889,47.69566],[8.68762,47.69414],[8.68534,47.69234],[8.68257,47.69093],[8.67977,47.68898],[8.6767,47.68798],[8.67245,47.68641],[8.67059,47.68625],[8.67056,47.68433],[8.67086,47.68301],[8.67056,47.68173],[8.66914,47.67854],[8.67041,47.67619],[8.67486,47.67424],[8.6769,47.67373],[8.67815,47.67289],[8.67828,47.67118],[8.67878,47.66979],[8.67992,47.66994],[8.68023,47.66814],[8.67987,47.66722],[8.67863,47.66724],[8.67858,47.66564],[8.67886,47.66398],[8.68078,47.66218],[8.68043,47.66104],[8.68161,47.65953],[8.68334,47.65883],[8.6843,47.65707],[8.68578,47.65655],[8.68578,47.65479],[8.68787,47.65495],[8.68938,47.65265],[8.68918,47.65142],[8.69153,47.65082],[8.69432,47.64941],[8.69591,47.64945],[8.69953,47.64911],[8.69983,47.64841],[8.70152,47.64842],[8.7022,47.6472],[8.70409,47.64637],[8.70484,47.64547],[8.71008,47.64334],[8.7117,47.64471],[8.71267,47.64517],[8.71536,47.64577],[8.71591,47.64448],[8.71745,47.64456],[8.71839,47.6432],[8.72086,47.64249],[8.72149,47.64329],[8.72467,47.64325],[8.72583,47.64445],[8.72749,47.64426],[8.7308,47.64421],[8.73182,47.64364],[8.7361,47.64257],[8.73748,47.64371],[8.73925,47.64326],[8.74414,47.6438],[8.74451,47.64277],[8.74454,47.64116],[8.74651,47.64083],[8.74838,47.64004],[8.74936,47.64218],[8.75085,47.64285],[8.75323,47.64263],[8.75329,47.64378],[8.75636,47.64341],[8.75683,47.64448],[8.75902,47.64457],[8.76,47.64536],[8.76102,47.64694],[8.76372,47.6477],[8.76588,47.64992],[8.76788,47.6505],[8.76979,47.65156],[8.77208,47.65123],[8.77378,47.65133],[8.77574,47.65015],[8.77737,47.65024],[8.77842,47.65101],[8.77874,47.65173],[8.77972,47.65242],[8.78224,47.65312],[8.78364,47.65389],[8.78659,47.65647],[8.78719,47.6566],[8.78705,47.65908],[8.78774,47.6595],[8.78777,47.66213],[8.78896,47.66452],[8.78972,47.66676],[8.7924,47.66623],[8.79416,47.66607],[8.7979,47.66636],[8.80086,47.66631],[8.80303,47.66664],[8.80514,47.66654],[8.80644,47.66612],[8.80643,47.66559],[8.80536,47.66529],[8.80522,47.66379],[8.8046,47.66203],[8.80612,47.6618],[8.80617,47.65996],[8.80549,47.65638],[8.80639,47.65612],[8.80604,47.65363],[8.80891,47.65317],[8.81112,47.65302],[8.81257,47.65252],[8.81583,47.6511],[8.81668,47.65119],[8.81956,47.65043],[8.82213,47.65032],[8.82445,47.64966],[8.82633,47.64865],[8.82737,47.64834],[8.82751,47.6475],[8.82705,47.64569],[8.82814,47.64477],[8.82803,47.64383],[8.82893,47.64238],[8.82858,47.64045],[8.82789,47.63927],[8.82656,47.6387],[8.82586,47.63671],[8.82493,47.63581],[8.82587,47.63528],[8.82496,47.6346],[8.82414,47.6345],[8.82258,47.63291],[8.82142,47.63069],[8.81903,47.63112],[8.81878,47.62964],[8.817,47.6301],[8.81662,47.62921],[8.81571,47.62932],[8.81524,47.62858],[8.8143,47.62876],[8.81414,47.62699],[8.81471,47.627],[8.8145,47.62551],[8.81349,47.62579],[8.81289,47.62404],[8.81413,47.62344],[8.81427,47.62298],[8.81547,47.6225],[8.81404,47.62202],[8.81416,47.62093],[8.81273,47.62036],[8.81404,47.61959],[8.81337,47.61901],[8.81458,47.61853],[8.81435,47.61792],[8.81252,47.61777],[8.81163,47.61653],[8.80987,47.6165],[8.80955,47.61543],[8.80793,47.61558],[8.80623,47.61512],[8.80526,47.61302],[8.80531,47.61082],[8.80449,47.60988],[8.80514,47.60941],[8.80421,47.6082],[8.80419,47.60598],[8.80286,47.60435],[8.80387,47.6025],[8.80153,47.603],[8.80007,47.60361],[8.79826,47.60393],[8.79486,47.60389],[8.78997,47.60483],[8.78932,47.60554],[8.78988,47.60821],[8.79145,47.60982],[8.79098,47.6108],[8.7898,47.61068],[8.78794,47.61093],[8.78541,47.61216],[8.78237,47.6134],[8.78076,47.6137],[8.78063,47.61409],[8.7787,47.61405],[8.7778,47.61467],[8.77636,47.61499],[8.77648,47.61566],[8.77572,47.61625],[8.77366,47.61641],[8.7736,47.61582],[8.77074,47.61649],[8.76787,47.61794],[8.76336,47.61948],[8.76006,47.61963],[8.75917,47.61934],[8.7576,47.61818],[8.75639,47.61842],[8.75622,47.61915],[8.75497,47.6199],[8.75204,47.62112],[8.75104,47.62195],[8.75069,47.62288],[8.7493,47.62443],[8.7476,47.6233],[8.74708,47.62255],[8.74711,47.62119],[8.74764,47.61938],[8.74682,47.61799],[8.74699,47.61434],[8.74425,47.61437],[8.74382,47.61325],[8.74128,47.61319],[8.74083,47.6099],[8.74057,47.60943],[8.74314,47.60873],[8.74344,47.60763],[8.74304,47.60696],[8.74328,47.60601],[8.74455,47.60479],[8.74508,47.6039],[8.74589,47.60366],[8.74778,47.6023],[8.74748,47.60173],[8.74996,47.60143],[8.7492,47.60101],[8.74914,47.59998],[8.74853,47.59906],[8.74696,47.59807],[8.74685,47.59771],[8.74845,47.59709],[8.74846,47.59651],[8.7494,47.5937],[8.75754,47.59427],[8.76379,47.59421],[8.76645,47.59394],[8.76873,47.59351],[8.80723,47.58453],[8.80673,47.58353],[8.80369,47.58424],[8.80333,47.58403],[8.80232,47.58189],[8.80739,47.58089],[8.80645,47.57866],[8.80681,47.57849],[8.80597,47.57639],[8.80928,47.57571],[8.80859,47.57296],[8.81495,47.57157],[8.81778,47.57155],[8.81848,47.57331],[8.82085,47.57277],[8.82163,47.57379],[8.8232,47.57299],[8.82367,47.57444],[8.825,47.57387],[8.8312,47.57248],[8.83179,47.57413],[8.83241,47.57478],[8.84,47.57258],[8.83899,47.56998],[8.84044,47.56985],[8.84044,47.56679],[8.84292,47.56729],[8.84335,47.56778],[8.84608,47.56748],[8.84548,47.56463],[8.8521,47.56504],[8.85231,47.56225],[8.84883,47.56203],[8.84742,47.56213],[8.84392,47.56168],[8.84282,47.5614],[8.8418,47.56075],[8.84191,47.55983],[8.84138,47.55926],[8.8392,47.55865],[8.83274,47.5592],[8.83064,47.55898],[8.83087,47.55768],[8.82917,47.55733],[8.83073,47.55491],[8.8319,47.55347],[8.83098,47.5531],[8.83193,47.55192],[8.83291,47.5513],[8.83304,47.55046],[8.83392,47.55014],[8.83325,47.54947],[8.83342,47.54877],[8.83443,47.54801],[8.83391,47.54741],[8.83523,47.54641],[8.83484,47.54583],[8.83566,47.54434],[8.83742,47.54425],[8.83833,47.54264],[8.83974,47.54157],[8.83934,47.54076],[8.84113,47.54071],[8.84117,47.53981],[8.84053,47.5386],[8.84189,47.53876],[8.84235,47.53825],[8.84179,47.53724],[8.84237,47.53655],[8.84211,47.53402],[8.84521,47.53325],[8.8482,47.5327],[8.85198,47.53247],[8.85643,47.53271],[8.8569,47.53181],[8.85861,47.53206],[8.85917,47.53173],[8.86658,47.53188],[8.87001,47.53176],[8.87291,47.53131],[8.8755,47.53071],[8.88159,47.52841],[8.88126,47.529],[8.8825,47.52983],[8.88464,47.53077],[8.88674,47.52956],[8.88755,47.52931],[8.88879,47.52977],[8.8892,47.52884],[8.89109,47.52816],[8.89324,47.52816],[8.89795,47.52699],[8.89896,47.52539],[8.89951,47.5254],[8.89843,47.52284],[8.89774,47.5217],[8.8965,47.52062],[8.89829,47.51906],[8.8978,47.51868],[8.89813,47.51743],[8.89783,47.51696],[8.89757,47.5145],[8.89819,47.51312],[8.89881,47.51262],[8.8985,47.51196],[8.89867,47.50916],[8.89744,47.50706],[8.89827,47.50632],[8.89766,47.50553],[8.89644,47.50498],[8.89621,47.50407],[8.89478,47.50203],[8.89387,47.50194],[8.89378,47.49889],[8.89456,47.49878],[8.89473,47.49564],[8.894,47.48979],[8.89601,47.48996],[8.89798,47.48927],[8.89879,47.48734],[8.89889,47.48648],[8.89803,47.48596],[8.89555,47.48549],[8.89157,47.48434],[8.88982,47.48369],[8.8893,47.48386],[8.88649,47.48308],[8.88676,47.48206],[8.88567,47.48033],[8.8861,47.47864],[8.88585,47.47817],[8.883,47.4763],[8.88296,47.47585],[8.88574,47.4751],[8.88581,47.47383],[8.88451,47.47252],[8.8852,47.47213],[8.88477,47.47151],[8.88596,47.47103],[8.8877,47.4714],[8.88829,47.47094],[8.89179,47.47063],[8.89202,47.46915],[8.89302,47.46724],[8.89489,47.46656],[8.89304,47.46593],[8.89317,47.46558],[8.89524,47.46496],[8.89551,47.4644],[8.89681,47.46411],[8.89753,47.46203],[8.89663,47.46131],[8.89697,47.46074],[8.89943,47.45965],[8.8991,47.45927],[8.90045,47.45728],[8.90154,47.45597],[8.90474,47.45482],[8.90637,47.4535],[8.90688,47.45263],[8.908,47.45226],[8.90866,47.45107],[8.91018,47.4491],[8.90728,47.44809],[8.90678,47.44815],[8.9056,47.4466],[8.90385,47.44561],[8.9041,47.44513],[8.90676,47.44292],[8.90678,47.44221],[8.90823,47.44093],[8.90801,47.44016],[8.91236,47.43797],[8.91464,47.43793],[8.91577,47.4381],[8.91721,47.43782],[8.91816,47.43793],[8.92001,47.43763],[8.92117,47.43676],[8.92285,47.43624],[8.9255,47.43644],[8.92635,47.43615],[8.92818,47.43678],[8.93232,47.43667],[8.93429,47.43559],[8.93295,47.43468],[8.93229,47.43347],[8.93123,47.43295],[8.93037,47.43345],[8.92973,47.43287],[8.92706,47.43289],[8.92584,47.43358],[8.92329,47.43436],[8.92097,47.43438],[8.91927,47.43377],[8.9182,47.43454],[8.91607,47.43372],[8.91481,47.4329],[8.91381,47.43414],[8.91347,47.43512],[8.91226,47.43513],[8.91097,47.43438],[8.91036,47.43359],[8.90894,47.4327],[8.90886,47.43165],[8.90981,47.43096],[8.91352,47.42993],[8.91581,47.42909],[8.91593,47.42837],[8.91504,47.42814],[8.91293,47.42661],[8.91299,47.42545],[8.91235,47.42494],[8.91289,47.42341],[8.91362,47.42257],[8.91438,47.42053],[8.91503,47.41944],[8.91387,47.41806],[8.91355,47.41692],[8.91402,47.41615],[8.91389,47.41421],[8.91199,47.41327],[8.91081,47.41179],[8.91067,47.41049],[8.90853,47.40877],[8.90775,47.40834],[8.90575,47.40619],[8.90561,47.40423],[8.90466,47.40342],[8.90762,47.40271],[8.90819,47.40237],[8.91056,47.40264],[8.91341,47.40227],[8.91462,47.40256],[8.91485,47.40178],[8.91754,47.40135],[8.92193,47.40086],[8.92435,47.39977],[8.9257,47.39885],[8.92722,47.39823],[8.92859,47.39721],[8.92834,47.39649],[8.92895,47.3957],[8.93131,47.39447],[8.93133,47.39401],[8.93306,47.39284],[8.93503,47.39203],[8.93753,47.3915],[8.93944,47.39002],[8.94275,47.38868],[8.94368,47.38764],[8.94475,47.38692],[8.94476,47.38515],[8.94377,47.38395],[8.94283,47.38339],[8.94142,47.38149],[8.9414,47.38088],[8.94233,47.37948],[8.94294,47.37912],[8.94473,47.37727],[8.94607,47.3795],[8.9481,47.37985],[8.94839,47.38059],[8.94982,47.38123],[8.95156,47.38135],[8.95498,47.38225],[8.9558,47.3828],[8.95624,47.38409],[8.95813,47.38616],[8.95864,47.38779],[8.96114,47.38736],[8.96265,47.38666],[8.96384,47.38732],[8.96523,47.3873],[8.96619,47.3862],[8.96755,47.38706],[8.96746,47.38975],[8.96834,47.39088],[8.96925,47.39263],[8.96998,47.39293],[8.97153,47.39258],[8.97269,47.39265],[8.97283,47.39422],[8.97363,47.3957],[8.97439,47.39651],[8.97488,47.39833],[8.97572,47.39974],[8.9769,47.40069],[8.97631,47.40201],[8.97564,47.4024],[8.97513,47.40384],[8.97348,47.40508],[8.97381,47.40659],[8.97536,47.40707],[8.97627,47.40962],[8.97777,47.41204],[8.98037,47.41248],[8.98038,47.41346],[8.98221,47.41346],[8.98304,47.41384],[8.98454,47.41279],[8.98592,47.41254],[8.98668,47.41284],[8.98993,47.41262],[8.98977,47.41311],[8.99049,47.41442],[8.99164,47.4152],[8.99078,47.41555],[8.99179,47.41722],[8.99219,47.41959],[8.99316,47.42187],[8.99237,47.42226],[8.99317,47.42311],[8.99391,47.42319],[8.99366,47.4244],[8.99238,47.42482],[8.99285,47.42549],[8.99066,47.42633],[8.99142,47.42676],[8.99237,47.42789],[8.99129,47.42851],[8.99203,47.42947],[8.99108,47.42975],[8.99068,47.4308],[8.99146,47.43114],[8.99162,47.43181],[8.99388,47.43119],[8.99549,47.4312],[8.99542,47.43183],[8.99648,47.43196],[8.99843,47.43273],[9.00107,47.4335],[8.99967,47.43522],[8.99982,47.43632],[9.0009,47.43606],[9.00257,47.43611],[9.0045,47.43534],[9.00573,47.43613],[9.00665,47.43548],[9.00839,47.43588],[9.01027,47.43594],[9.01132,47.43665],[9.0122,47.43543],[9.01319,47.43482],[9.01459,47.43562],[9.01548,47.43651],[9.01837,47.43787],[9.01996,47.43814],[9.02063,47.4404],[9.02143,47.44122],[9.02086,47.44169],[9.02241,47.44231],[9.02337,47.44304],[9.02655,47.44043],[9.02653,47.44009],[9.02768,47.43859],[9.02897,47.43843],[9.03166,47.43901],[9.03282,47.43899],[9.03396,47.44005],[9.0341,47.44106],[9.03581,47.44046],[9.03623,47.44061],[9.03803,47.43892],[9.03771,47.43838],[9.03649,47.43807],[9.03487,47.43725],[9.03522,47.43684],[9.03812,47.43768],[9.03949,47.4386],[9.03983,47.4395],[9.03818,47.44069],[9.03945,47.44154],[9.03941,47.44279],[9.04352,47.44158],[9.04433,47.44163],[9.04544,47.44304],[9.04748,47.44302],[9.04632,47.44427],[9.0485,47.4443],[9.04868,47.4456],[9.05423,47.44392],[9.05307,47.44543],[9.05411,47.44524],[9.05508,47.44458],[9.05609,47.44482],[9.0584,47.44433],[9.06009,47.4446],[9.05991,47.4457],[9.05826,47.447],[9.0603,47.44745],[9.06085,47.44684],[9.06186,47.44659],[9.06377,47.44761],[9.06001,47.44866],[9.05919,47.44935],[9.05581,47.44989],[9.05555,47.45194],[9.0544,47.45242],[9.05186,47.4541],[9.05078,47.45437],[9.0489,47.45439],[9.04884,47.4549],[9.04729,47.45496],[9.04291,47.45542],[9.03955,47.45609],[9.03463,47.45752],[9.02903,47.45886],[9.02845,47.45911],[9.02869,47.46015],[9.02763,47.46151],[9.02875,47.46227],[9.03194,47.46316],[9.03017,47.46425],[9.0297,47.46511],[9.0296,47.46668],[9.0307,47.46803],[9.02706,47.46939],[9.02309,47.47035],[9.01871,47.47102],[9.0114,47.47296],[9.00943,47.47374],[9.01035,47.47487],[9.01318,47.47671],[9.01169,47.47664],[9.00995,47.47716],[9.0102,47.47858],[9.01001,47.48112],[9.00846,47.48085],[9.00728,47.48153],[9.00749,47.48221],[9.00487,47.48232],[9.0048,47.48256],[9.00786,47.48404],[9.00798,47.48557],[9.00946,47.48521],[9.012,47.48683],[9.01204,47.48767],[9.0128,47.48823],[9.01143,47.48912],[9.01212,47.49007],[9.01369,47.49134],[9.01566,47.49098],[9.01603,47.49145],[9.01866,47.49147],[9.0193,47.4907],[9.02078,47.49029],[9.02151,47.48965],[9.02248,47.49027],[9.02533,47.49032],[9.02654,47.49072],[9.02748,47.49145],[9.02953,47.49004],[9.03134,47.4912],[9.03139,47.49178],[9.03633,47.49356],[9.0376,47.49373],[9.03897,47.49464],[9.04227,47.4961],[9.0415,47.49713],[9.04331,47.49716],[9.04544,47.49417],[9.04695,47.4947],[9.04809,47.49429],[9.04856,47.49337],[9.05083,47.4932],[9.05244,47.49289],[9.05276,47.49126],[9.05333,47.49094],[9.05525,47.49107],[9.05613,47.49019],[9.05704,47.48878],[9.06018,47.48954],[9.0607,47.49015],[9.05971,47.49153],[9.06109,47.4926],[9.06305,47.49244],[9.06362,47.49372],[9.06409,47.49382],[9.06626,47.49231],[9.06731,47.49295],[9.06856,47.49274],[9.0701,47.49299],[9.07195,47.49413],[9.0726,47.49394],[9.07405,47.49499],[9.07569,47.49367],[9.0774,47.49411],[9.07848,47.49506],[9.08094,47.49587],[9.0816,47.49646],[9.08358,47.49661],[9.0836,47.49526],[9.08477,47.49513],[9.0849,47.49389],[9.08584,47.49344],[9.085,47.49244],[9.08631,47.49161],[9.08551,47.49079],[9.08562,47.49031],[9.08755,47.48941],[9.08956,47.48726],[9.08969,47.48592],[9.09121,47.48412],[9.09222,47.48419],[9.09278,47.48478],[9.09469,47.48472],[9.0965,47.48507],[9.09897,47.48526],[9.09903,47.48606],[9.09978,47.48697],[9.10066,47.48659],[9.10417,47.4861],[9.10507,47.48569],[9.10642,47.48593],[9.11021,47.48571],[9.11046,47.48534],[9.11258,47.48536],[9.11408,47.48579],[9.11369,47.48455],[9.11565,47.48431],[9.11586,47.48357],[9.11691,47.48233],[9.11723,47.4811],[9.11936,47.48108],[9.12236,47.48159],[9.12392,47.48204],[9.12585,47.48309],[9.12557,47.48456],[9.12643,47.48508],[9.1282,47.48557],[9.13253,47.48621],[9.1329,47.48685],[9.13407,47.48654],[9.13856,47.48699],[9.14022,47.48681],[9.1406,47.48613],[9.14149,47.48579],[9.14261,47.48618],[9.14326,47.48576],[9.14463,47.48679],[9.15018,47.48845],[9.15406,47.48898],[9.15514,47.48834],[9.15648,47.48897],[9.15763,47.48998],[9.15918,47.49049],[9.15994,47.49286],[9.16196,47.49485],[9.16169,47.49527],[9.16274,47.49696],[9.16397,47.49825],[9.16313,47.49917],[9.16178,47.50006],[9.16196,47.50135],[9.16349,47.50179],[9.1637,47.50258],[9.16545,47.50343],[9.16721,47.50541],[9.16871,47.50491],[9.16797,47.50305],[9.16962,47.50285],[9.17045,47.50537],[9.1732,47.50469],[9.17041,47.49967],[9.17345,47.49816],[9.17431,47.49751],[9.17495,47.49588],[9.1761,47.49669],[9.17866,47.49621],[9.17984,47.49745],[9.17878,47.4984],[9.18145,47.49841],[9.18232,47.4979],[9.18286,47.4963],[9.18296,47.4951],[9.1841,47.49271],[9.18723,47.49341],[9.19002,47.49448],[9.19461,47.49259],[9.19352,47.49092],[9.19431,47.49031],[9.19799,47.49189],[9.20001,47.49035],[9.2013,47.49092],[9.20281,47.49017],[9.20437,47.49059],[9.2062,47.49017],[9.20729,47.49035],[9.20886,47.48999],[9.20999,47.49022],[9.2093,47.489],[9.20776,47.48819],[9.20806,47.48657],[9.20896,47.48583],[9.20903,47.48448],[9.20963,47.48366],[9.21109,47.48337],[9.2102,47.48154],[9.21206,47.48121],[9.21444,47.48027],[9.21497,47.48122],[9.21451,47.48174],[9.21606,47.4831],[9.21953,47.48518],[9.22096,47.48466],[9.22308,47.4853],[9.22595,47.48592],[9.22822,47.4854],[9.22896,47.48485],[9.23014,47.48562],[9.23356,47.4846],[9.23345,47.48242],[9.23834,47.48229],[9.23917,47.48312],[9.24105,47.48196],[9.24217,47.48153],[9.24454,47.48132],[9.24585,47.48165],[9.24689,47.48042],[9.24644,47.47971],[9.24741,47.47869],[9.2483,47.47719],[9.2498,47.47682],[9.25241,47.47586],[9.25351,47.47697],[9.2552,47.47642],[9.26055,47.476],[9.26148,47.47615],[9.26384,47.47586],[9.26553,47.47629],[9.26837,47.47808],[9.2695,47.47826],[9.27192,47.47906],[9.2736,47.47896],[9.27387,47.47992],[9.27615,47.48049],[9.27961,47.48076],[9.28,47.4811],[9.2803,47.48283],[9.28188,47.4842],[9.28247,47.48443],[9.2849,47.48374],[9.28714,47.48384],[9.28824,47.4836],[9.28816,47.48284],[9.28904,47.48131],[9.29018,47.48087],[9.29555,47.48031],[9.29636,47.4797],[9.29789,47.47998],[9.2999,47.4786],[9.3025,47.47937],[9.30512,47.48054],[9.30654,47.48189],[9.30972,47.48336],[9.30965,47.48454],[9.31047,47.48542],[9.31194,47.48622],[9.3164,47.48768],[9.31729,47.48855],[9.3169,47.48919],[9.31803,47.48953],[9.31857,47.49047],[9.3202,47.49188],[9.32222,47.4922],[9.3206,47.49484],[9.32062,47.49623],[9.32132,47.4982],[9.32117,47.49876],[9.31977,47.50081],[9.31851,47.50188],[9.31653,47.50218],[9.31386,47.5011],[9.3114,47.49941],[9.30972,47.49909],[9.30942,47.50002],[9.31027,47.50132],[9.31049,47.50228],[9.30966,47.50287],[9.31045,47.50465],[9.30919,47.50532],[9.30966,47.50666],[9.31122,47.50756],[9.31141,47.50901],[9.31382,47.50836],[9.31537,47.50911],[9.3163,47.50826],[9.31787,47.51096],[9.3166,47.51093],[9.314,47.51136],[9.31293,47.51172],[9.31088,47.51288],[9.30873,47.51451],[9.3061,47.5154],[9.3062,47.51609],[9.30461,47.51703],[9.30318,47.51549],[9.30454,47.51496],[9.30384,47.51371],[9.30264,47.5141],[9.30211,47.51316],[9.30062,47.51346],[9.29899,47.51054],[9.2966,47.51099],[9.29321,47.50951],[9.29282,47.50803],[9.28765,47.509],[9.28764,47.50815],[9.28466,47.50745],[9.28283,47.50732],[9.28218,47.50778],[9.27988,47.50772],[9.27914,47.50816],[9.27566,47.5082],[9.27486,47.50838],[9.27448,47.50945],[9.27282,47.5092],[9.27184,47.51145],[9.27019,47.51171],[9.26962,47.51224],[9.27002,47.51304],[9.27141,47.5138],[9.27278,47.51275],[9.27664,47.51452],[9.27824,47.51332],[9.2791,47.51323],[9.27922,47.5117],[9.28015,47.51132],[9.28161,47.51145],[9.28172,47.51269],[9.28086,47.51317],[9.28124,47.51484],[9.28073,47.51535],[9.28392,47.51602],[9.28398,47.51777],[9.28523,47.51931],[9.28608,47.51988],[9.28354,47.52205],[9.29473,47.52428],[9.29656,47.52412],[9.29754,47.52511],[9.29755,47.52588],[9.299,47.52566],[9.30081,47.52575],[9.30262,47.52549],[9.30401,47.5278],[9.3083,47.52722],[9.30963,47.52676],[9.31086,47.52585],[9.31129,47.52489],[9.31402,47.5235],[9.31485,47.52521],[9.31494,47.52613],[9.31453,47.52779],[9.31359,47.52894],[9.31535,47.52988],[9.31786,47.53007],[9.31659,47.53164],[9.31876,47.53227],[9.31991,47.53289],[9.32346,47.53245],[9.3235,47.53309],[9.32468,47.53305],[9.32433,47.5316],[9.32558,47.53059],[9.33001,47.52977],[9.33093,47.53102],[9.33301,47.53093],[9.33612,47.53033],[9.33818,47.53009],[9.33956,47.53024],[9.33997,47.53142],[9.34106,47.53204],[9.34146,47.5278],[9.34025,47.52623],[9.34243,47.52536],[9.34264,47.52379],[9.34318,47.52318],[9.34518,47.52212],[9.34576,47.52118],[9.34771,47.52174],[9.35177,47.52128],[9.35442,47.52059],[9.35712,47.52122],[9.35766,47.52087],[9.3571,47.51774],[9.35644,47.51767],[9.35465,47.51625],[9.3531,47.51678],[9.35162,47.51671],[9.35092,47.51559],[9.34969,47.51533],[9.34703,47.51322],[9.34976,47.51262],[9.3494,47.51118],[9.3485,47.51125],[9.34836,47.51044],[9.34743,47.50939],[9.34557,47.50965],[9.34453,47.50781],[9.34182,47.50824],[9.33956,47.5082],[9.33761,47.50364],[9.33818,47.50265],[9.33899,47.50215],[9.34025,47.50306],[9.34014,47.50364],[9.34102,47.50457],[9.34306,47.50509],[9.3446,47.50445],[9.34643,47.504],[9.34782,47.50331],[9.34896,47.50327],[9.35077,47.50274],[9.35323,47.5028],[9.3558,47.5023],[9.35717,47.50224],[9.35766,47.50333],[9.35736,47.50478],[9.3589,47.50473],[9.36288,47.50387],[9.36317,47.50423],[9.36906,47.50181],[9.37014,47.50252],[9.37347,47.50225],[9.3749,47.50167],[9.37573,47.50103],[9.37547,47.49912],[9.37572,47.49833],[9.37534,47.49673],[9.37434,47.49579],[9.37327,47.49564],[9.37122,47.49587],[9.3705,47.49501],[9.3697,47.49345],[9.37406,47.49183],[9.37354,47.49109],[9.37247,47.49042],[9.37174,47.49053],[9.36946,47.48941],[9.36808,47.48758],[9.36779,47.48682],[9.36948,47.4861],[9.37192,47.48678],[9.3744,47.48668],[9.37523,47.48773],[9.37631,47.48843],[9.38049,47.48868],[9.38209,47.48867],[9.38087,47.48684],[9.38343,47.48586],[9.38371,47.48525],[9.38496,47.48467],[9.38611,47.48356],[9.38688,47.48333],[9.38903,47.48335],[9.39005,47.48293],[9.39287,47.48001],[9.39238,47.47876],[9.39451,47.47735],[9.3955,47.47728],[9.39821,47.47645],[9.39754,47.4779],[9.39763,47.4792],[9.40083,47.47953],[9.40175,47.48054],[9.40164,47.48161],[9.40247,47.48215],[9.40178,47.48418],[9.40301,47.48474],[9.40335,47.48631],[9.40168,47.48747],[9.40237,47.48794],[9.40428,47.48856],[9.40496,47.48915],[9.40458,47.49009],[9.4059,47.49057],[9.40704,47.49302],[9.40773,47.49385],[9.40723,47.49457],[9.40777,47.49543],[9.40985,47.49481],[9.41084,47.49475],[9.41179,47.49596],[9.41292,47.49666],[9.41403,47.49686],[9.4148,47.49889],[9.41757,47.49874],[9.41862,47.49942],[9.42007,47.49814],[9.42255,47.49754],[9.42444,47.50064],[9.42638,47.50287],[9.42734,47.50312],[9.43078,47.50478],[9.43178,47.50605],[9.43471,47.5066],[9.43452,47.50734],[9.43689,47.50788],[9.44824,47.51268],[9.50823,47.55111],[9.49689,47.55283],[9.4199,47.60541],[9.39598,47.62171],[9.27804,47.65449],[9.25781,47.6601],[9.21607,47.65649],[9.20428,47.65672],[9.18834,47.65884],[9.17912,47.65623],[9.17715,47.6554],[9.17673,47.65716],[9.17461,47.65677],[9.17324,47.65682],[9.17187,47.65621],[9.17097,47.65741],[9.16622,47.66064],[9.16125,47.66423],[9.16128,47.66487],[9.15907,47.66715],[9.15201,47.66903],[9.15055,47.66906],[9.14781,47.66815],[9.1449,47.66663],[9.14223,47.66572],[9.14111,47.66552],[9.13981,47.6657],[9.13328,47.66754],[9.13144,47.66771],[9.12817,47.66849],[9.12335,47.66909],[9.12083,47.66962],[9.1173,47.67082],[9.11551,47.67168],[9.10961,47.67547],[9.10712,47.67679],[9.10341,47.67842],[9.09947,47.67978],[9.09654,47.68057],[9.09353,47.68112],[9.09121,47.68132],[9.08769,47.68119],[9.08329,47.68043],[9.08075,47.68014],[9.07748,47.67999],[9.07195,47.68107],[9.06686,47.68163],[9.05754,47.68285],[9.05137,47.6838],[9.04524,47.68485],[9.04067,47.6857],[9.03117,47.68768],[9.0277,47.68817],[9.02548,47.68826],[9.02194,47.68806],[9.01935,47.68763],[9.0153,47.68642],[9.01309,47.68541],[9.00774,47.68262],[9.00451,47.68114],[8.99994,47.67946],[8.99128,47.67668],[8.98982,47.67634],[8.98423,47.67561],[8.98206,47.67513],[8.97986,47.67418],[8.97844,47.67292],[8.977,47.67107],[8.97534,47.67017],[8.97117,47.66935],[8.96891,47.66855],[8.96209,47.66545],[8.95668,47.66431],[8.9551,47.66364],[8.95143,47.66176],[8.94842,47.66124],[8.94586,47.66015],[8.94385,47.65827],[8.94242,47.65759],[8.93885,47.65714],[8.93666,47.65701],[8.93305,47.657],[8.92979,47.65682],[8.92774,47.65656],[8.92605,47.65603],[8.92348,47.65483],[8.92224,47.65445],[8.9197,47.65422],[8.91475,47.65303],[8.91187,47.65247],[8.90899,47.65212],[8.90698,47.65162],[8.90419,47.65027],[8.90234,47.64981],[8.89941,47.64956],[8.89669,47.64952],[8.89469,47.64983],[8.89174,47.65113],[8.88743,47.6541],[8.88643,47.65468],[8.88438,47.65546],[8.88095,47.65633],[8.8795,47.65644],[8.87659,47.65634]],[[9.35512,47.51318],[9.3569,47.51337],[9.36036,47.5119],[9.35997,47.5113],[9.3598,47.50993],[9.35938,47.50951],[9.35587,47.51075],[9.35604,47.51125],[9.35512,47.51318]]],[[[9.45071,47.49356],[9.45496,47.49302],[9.45418,47.4924],[9.4543,47.49138],[9.46046,47.49073],[9.46391,47.48962],[9.4643,47.49043],[9.46701,47.48938],[9.46579,47.4884],[9.46545,47.48661],[9.46566,47.48551],[9.46779,47.48659],[9.47547,47.4898],[9.47971,47.49169],[9.48483,47.49513],[9.47324,47.5031],[9.45884,47.50862],[9.44975,47.5021],[9.45064,47.50098],[9.44937,47.49939],[9.45165,47.49836],[9.44945,47.49498],[9.45106,47.49461],[9.45071,47.49356]]]]},"properties":{"id":20,"name":"Thurgau"}},
{"type":"Feature","geometry":{"type":"Polygon","coordinates":[[[8.47874,46.52888],[8.4772,46.52909],[8.47461,46.52982],[8.47334,46.53167],[8.47051,46.53411],[8.46968,46.53438],[8.46913,46.53513],[8.46768,46.53531],[8.46664,46.53675],[8.46479,46.5371],[8.46244,46.53552],[8.46134,46.53511],[8.45926,46.53482],[8.45798,46.53528],[8.4559,46.53549],[8.45397,46.53623],[8.45289,46.5364],[8.44639,46.5381],[8.44595,46.53883],[8.44482,46.53882],[8.44452,46.53936],[8.44219,46.54098],[8.44028,46.54141],[8.43931,46.54092],[8.43667,46.5414],[8.43536,46.54302],[8.43396,46.5442],[8.43202,46.54455],[8.43036,46.54458],[8.42958,46.54555],[8.42957,46.5467],[8.42742,46.54859],[8.42767,46.54986],[8.42658,46.55203],[8.42575,46.55233],[8.42495,46.55387],[8.425,46.55491],[8.42413,46.55727],[8.42452,46.56093],[8.42412,46.56165],[8.42275,46.56201],[8.42072,46.56484],[8.42028,46.56638],[8.42085,46.56743],[8.42031,46.56806],[8.41813,46.57236],[8.41623,46.57399],[8.41346,46.57676],[8.41105,46.57875],[8.41092,46.58002],[8.41158,46.58095],[8.40875,46.58429],[8.40907,46.58579],[8.40832,46.58661],[8.40724,46.58723],[8.4085,46.58897],[8.40894,46.59059],[8.40918,46.59288],[8.40987,46.59441],[8.40964,46.59502],[8.4101,46.59666],[8.41143,46.59816],[8.4104,46.59879],[8.40873,46.60079],[8.40957,46.60237],[8.40929,46.60265],[8.41159,46.60347],[8.41212,46.60441],[8.41439,46.60604],[8.41523,46.60601],[8.41622,46.60769],[8.41723,46.6081],[8.41828,46.61077],[8.41808,46.61384],[8.41958,46.61599],[8.42058,46.61656],[8.4215,46.61762],[8.42175,46.61885],[8.42149,46.62029],[8.42209,46.62095],[8.42211,46.62217],[8.42159,46.62296],[8.42174,46.6253],[8.42145,46.62633],[8.42184,46.62757],[8.42326,46.62814],[8.42345,46.62854],[8.42215,46.62908],[8.42202,46.63078],[8.42136,46.63136],[8.4209,46.63279],[8.42109,46.63439],[8.42028,46.63533],[8.42044,46.63643],[8.4199,46.63719],[8.42141,46.63845],[8.42104,46.63973],[8.42196,46.6411],[8.42192,46.64345],[8.42247,46.64578],[8.42181,46.64786],[8.42309,46.64916],[8.42156,46.64993],[8.41991,46.65196],[8.41932,46.65347],[8.41137,46.65422],[8.40007,46.65533],[8.39605,46.6484],[8.39585,46.64733],[8.39464,46.64668],[8.39288,46.64632],[8.39193,46.64574],[8.38881,46.64294],[8.38876,46.64247],[8.38665,46.64088],[8.38617,46.63975],[8.38487,46.63936],[8.38432,46.6379],[8.38124,46.63543],[8.38033,46.6349],[8.3789,46.63489],[8.3752,46.63404],[8.37378,46.63492],[8.37221,46.63164],[8.3704,46.62999],[8.37031,46.62773],[8.36996,46.62727],[8.37038,46.62617],[8.3696,46.62522],[8.37034,46.62376],[8.37021,46.62158],[8.37142,46.6213],[8.37142,46.62051],[8.37205,46.62014],[8.37207,46.61908],[8.37142,46.618],[8.37189,46.61653],[8.37161,46.61521],[8.3708,46.61434],[8.37061,46.61322],[8.36986,46.6122],[8.36961,46.61046],[8.36841,46.60909],[8.36688,46.60799],[8.36646,46.60713],[8.36621,46.60529],[8.36298,46.60306],[8.36336,46.60101],[8.36273,46.59944],[8.36304,46.59812],[8.36376,46.59714],[8.36334,46.59561],[8.36448,46.59444],[8.3644,46.59288],[8.36344,46.59225],[8.36274,46.59099],[8.36168,46.58757],[8.36576,46.58375],[8.36509,46.5831],[8.36151,46.57903],[8.3586,46.57763],[8.35691,46.57595],[8.35483,46.57508],[8.35475,46.57441],[8.35261,46.57301],[8.35292,46.57073],[8.35173,46.56963],[8.34977,46.56914],[8.34711,46.56721],[8.34503,46.56548],[8.34074,46.5639],[8.34015,46.56382],[8.33769,46.56239],[8.3351,46.56223],[8.33365,46.56173],[8.32909,46.56144],[8.32839,46.56116],[8.32531,46.56159],[8.32383,46.56105],[8.32252,46.56135],[8.31946,46.561],[8.31771,46.56029],[8.31651,46.55905],[8.31554,46.55763],[8.31364,46.55563],[8.3138,46.55378],[8.31297,46.55342],[8.30922,46.55102],[8.30825,46.5496],[8.3072,46.54937],[8.30553,46.54755],[8.30441,46.54698],[8.30082,46.54607],[8.2981,46.54602],[8.29729,46.54578],[8.29496,46.54631],[8.29408,46.54537],[8.29164,46.54469],[8.28845,46.54435],[8.28706,46.54236],[8.2862,46.54211],[8.28498,46.54009],[8.28409,46.53934],[8.28097,46.53798],[8.28066,46.53736],[8.27432,46.53773],[8.27188,46.53671],[8.26953,46.53544],[8.26819,46.53534],[8.26549,46.53473],[8.26405,46.53474],[8.26311,46.53359],[8.26323,46.53297],[8.262,46.53248],[8.25913,46.53067],[8.25389,46.53085],[8.25188,46.5305],[8.25019,46.52982],[8.24851,46.52979],[8.24418,46.52804],[8.242,46.52777],[8.23932,46.52839],[8.23633,46.5278],[8.23468,46.52794],[8.23314,46.5286],[8.23257,46.52825],[8.23085,46.52834],[8.22972,46.52767],[8.22688,46.52817],[8.22477,46.5279],[8.22357,46.52755],[8.22179,46.52751],[8.21991,46.52771],[8.21696,46.52731],[8.21649,46.52704],[8.21159,46.52655],[8.20851,46.52541],[8.2073,46.52459],[8.206,46.52419],[8.20391,46.52515],[8.20164,46.5253],[8.19893,46.52491],[8.198,46.52454],[8.19454,46.52432],[8.19223,46.52432],[8.18937,46.5234],[8.18581,46.52162],[8.18315,46.52182],[8.18178,46.52161],[8.18005,46.52405],[8.17867,46.52431],[8.17626,46.52542],[8.17555,46.52548],[8.17493,46.52765],[8.17494,46.52908],[8.17532,46.52981],[8.17526,46.53124],[8.17556,46.53268],[8.17299,46.53255],[8.17062,46.53222],[8.16673,46.5331],[8.16445,46.53333],[8.16163,46.53218],[8.15994,46.53249],[8.15926,46.5329],[8.15749,46.53301],[8.15626,46.53277],[8.15418,46.53276],[8.15339,46.53302],[8.15081,46.53291],[8.14878,46.53403],[8.14681,46.53436],[8.14154,46.53622],[8.13855,46.53583],[8.13639,46.53636],[8.13584,46.53703],[8.13355,46.53737],[8.13129,46.53803],[8.13057,46.53793],[8.12721,46.53856],[8.12602,46.54004],[8.12487,46.54053],[8.12377,46.54192],[8.1222,46.5423],[8.12175,46.54301],[8.11885,46.54449],[8.1172,46.54682],[8.11546,46.54787],[8.11098,46.54866],[8.10608,46.54988],[8.10288,46.54926],[8.10066,46.54935],[8.09643,46.55017],[8.09581,46.5507],[8.09472,46.5527],[8.09258,46.55237],[8.09109,46.55239],[8.08962,46.5529],[8.08802,46.55257],[8.08435,46.55348],[8.08255,46.55416],[8.07989,46.55549],[8.07843,46.55645],[8.07684,46.55682],[8.07311,46.55505],[8.06992,46.55455],[8.06898,46.55428],[8.06682,46.55465],[8.06538,46.55458],[8.06313,46.55405],[8.06212,46.55289],[8.06143,46.55368],[8.05783,46.55532],[8.05571,46.55698],[8.05447,46.5574],[8.05154,46.5573],[8.05031,46.5577],[8.04721,46.55814],[8.04549,46.55791],[8.04417,46.55814],[8.04115,46.55939],[8.03629,46.56123],[8.03494,46.56285],[8.03363,46.56345],[8.03011,46.56364],[8.02765,46.56315],[8.0259,46.56316],[8.02305,46.56418],[8.02018,46.56392],[8.01711,46.56459],[8.01582,46.56434],[8.01408,46.56355],[8.01014,46.5626],[8.00845,46.56198],[8.00576,46.5602],[8.00399,46.56007],[8.00367,46.55968],[8.00148,46.55902],[7.99833,46.55978],[7.99436,46.55755],[7.99388,46.55604],[7.99319,46.55522],[7.99162,46.55423],[7.99041,46.55245],[7.98963,46.55187],[7.98955,46.55114],[7.98877,46.55025],[7.98663,46.54891],[7.98537,46.54877],[7.98061,46.54926],[7.97927,46.54839],[7.97725,46.5483],[7.97515,46.54778],[7.97292,46.54691],[7.97265,46.5466],[7.97083,46.54616],[7.96929,46.54403],[7.96879,46.5427],[7.96691,46.54175],[7.96471,46.54115],[7.96379,46.5404],[7.9636,46.53803],[7.9644,46.53653],[7.96557,46.53583],[7.96607,46.53479],[7.96846,46.53354],[7.96758,46.53189],[7.96851,46.53092],[7.97036,46.5297],[7.96984,46.52883],[7.97012,46.52818],[7.9716,46.52777],[7.9723,46.5267],[7.97396,46.52545],[7.97391,46.52464],[7.97165,46.52242],[7.97234,46.52008],[7.97145,46.51934],[7.97176,46.51863],[7.97156,46.51755],[7.96913,46.51534],[7.96861,46.51406],[7.96564,46.51405],[7.9646,46.51342],[7.96303,46.51308],[7.96233,46.51232],[7.96031,46.51174],[7.95898,46.51075],[7.95452,46.50924],[7.9531,46.50993],[7.95045,46.50964],[7.94896,46.50918],[7.94811,46.50928],[7.94279,46.50898],[7.94191,46.50774],[7.94028,46.50685],[7.93916,46.50655],[7.93554,46.50455],[7.93495,46.50336],[7.93482,46.50236],[7.93365,46.50114],[7.93366,46.49949],[7.93223,46.49934],[7.93093,46.49884],[7.92852,46.49853],[7.92691,46.49793],[7.92633,46.4973],[7.92448,46.49634],[7.92591,46.49502],[7.92587,46.49441],[7.92465,46.49316],[7.92381,46.49281],[7.92113,46.49308],[7.91781,46.49282],[7.91705,46.49237],[7.91605,46.49096],[7.91502,46.49007],[7.91399,46.4898],[7.91215,46.48785],[7.91116,46.48825],[7.90963,46.48835],[7.90779,46.48815],[7.90512,46.48713],[7.9033,46.48681],[7.90238,46.48587],[7.89867,46.48369],[7.89632,46.48353],[7.89186,46.48459],[7.89061,46.48378],[7.88979,46.4836],[7.88807,46.48213],[7.88482,46.48159],[7.8822,46.4807],[7.87937,46.47994],[7.87637,46.47957],[7.87511,46.47974],[7.87292,46.47955],[7.87093,46.4791],[7.86468,46.47959],[7.86247,46.47945],[7.8608,46.47912],[7.85773,46.47912],[7.85415,46.47867],[7.85133,46.47852],[7.84919,46.48005],[7.84763,46.48012],[7.84529,46.47938],[7.84148,46.47751],[7.8381,46.47557],[7.83613,46.47505],[7.83387,46.47386],[7.83232,46.47367],[7.82951,46.47221],[7.82886,46.47139],[7.82756,46.47064],[7.8269,46.46988],[7.82754,46.46907],[7.82647,46.46834],[7.80063,46.46028],[7.79933,46.46007],[7.79803,46.45894],[7.79683,46.4575],[7.79509,46.45676],[7.79343,46.45505],[7.79067,46.45453],[7.78699,46.45273],[7.78551,46.45033],[7.78388,46.44969],[7.78185,46.44832],[7.78041,46.44799],[7.78039,46.44728],[7.77927,46.4459],[7.77998,46.4456],[7.77897,46.44439],[7.7757,46.44413],[7.7732,46.44356],[7.77149,46.44252],[7.7709,46.44141],[7.76911,46.44069],[7.76695,46.44122],[7.7664,46.44075],[7.76545,46.43915],[7.7645,46.43847],[7.76237,46.4377],[7.76178,46.43715],[7.7606,46.43695],[7.75898,46.43624],[7.75844,46.43649],[7.75722,46.4358],[7.75587,46.43432],[7.75151,46.43239],[7.74991,46.4316],[7.74825,46.43125],[7.74758,46.43058],[7.74521,46.42968],[7.74323,46.42777],[7.74179,46.42695],[7.74037,46.42645],[7.7395,46.42656],[7.73704,46.42615],[7.73608,46.4246],[7.73237,46.42338],[7.72848,46.42278],[7.72285,46.42227],[7.71899,46.41927],[7.71658,46.41607],[7.70951,46.41515],[7.705,46.41825],[7.70224,46.41958],[7.69981,46.42049],[7.69761,46.42259],[7.69711,46.42347],[7.69573,46.42449],[7.69459,46.42619],[7.6913,46.42593],[7.69059,46.42665],[7.68864,46.42703],[7.68676,46.42772],[7.68596,46.42762],[7.68477,46.42823],[7.68332,46.42843],[7.67943,46.43019],[7.6491,46.43877],[7.63818,46.44177],[7.6363,46.44243],[7.63384,46.44375],[7.62706,46.44635],[7.62566,46.44386],[7.62541,46.44296],[7.62375,46.44237],[7.62303,46.44126],[7.61945,46.43933],[7.61561,46.43904],[7.61222,46.43796],[7.61099,46.43821],[7.61073,46.43754],[7.60932,46.43581],[7.61007,46.43367],[7.61096,46.43253],[7.61046,46.43169],[7.6112,46.42984],[7.61013,46.42914],[7.60991,46.42779],[7.60898,46.42657],[7.60718,46.42539],[7.60391,46.42381],[7.60223,46.42444],[7.60074,46.4238],[7.59946,46.42255],[7.59836,46.42194],[7.59862,46.42079],[7.6005,46.41961],[7.60129,46.4182],[7.60116,46.41723],[7.60013,46.41639],[7.59848,46.41549],[7.59779,46.41484],[7.59672,46.41247],[7.59336,46.41351],[7.59153,46.41372],[7.58852,46.41475],[7.58741,46.41496],[7.58651,46.41557],[7.58643,46.41621],[7.58485,46.41727],[7.58507,46.41799],[7.5845,46.41858],[7.58252,46.41882],[7.58153,46.41813],[7.57949,46.41858],[7.57787,46.41839],[7.57513,46.41697],[7.57394,46.41671],[7.57306,46.41605],[7.57194,46.41583],[7.5702,46.41591],[7.56837,46.41543],[7.56649,46.4156],[7.56476,46.41458],[7.56377,46.41471],[7.56334,46.41369],[7.56184,46.41457],[7.55898,46.41494],[7.55514,46.41488],[7.55256,46.41336],[7.54863,46.41315],[7.54534,46.41345],[7.54307,46.41282],[7.54036,46.41301],[7.53943,46.41182],[7.53712,46.41166],[7.53699,46.41121],[7.53529,46.41117],[7.53373,46.40992],[7.53365,46.40882],[7.53432,46.40805],[7.53307,46.40777],[7.53241,46.40637],[7.52956,46.40155],[7.53481,46.39862],[7.54108,46.39648],[7.54176,46.39611],[7.54477,46.39538],[7.54795,46.39527],[7.54955,46.39423],[7.5531,46.39255],[7.55421,46.39163],[7.55583,46.39074],[7.55623,46.39024],[7.54223,46.38536],[7.54076,46.38399],[7.53953,46.38145],[7.53956,46.38024],[7.54005,46.3791],[7.53848,46.37835],[7.53543,46.37791],[7.53017,46.37689],[7.52791,46.37588],[7.52553,46.37614],[7.52174,46.37616],[7.52048,46.37659],[7.51781,46.37685],[7.51623,46.37684],[7.51371,46.37742],[7.51194,46.37721],[7.50811,46.3771],[7.50663,46.37586],[7.50684,46.37454],[7.50387,46.37283],[7.50341,46.37171],[7.50157,46.37124],[7.50001,46.37111],[7.49937,46.37163],[7.49812,46.37185],[7.49568,46.37324],[7.49283,46.37241],[7.49136,46.37156],[7.48805,46.37191],[7.48627,46.37319],[7.48607,46.37379],[7.48621,46.37813],[7.48557,46.3804],[7.48236,46.38541],[7.48035,46.38652],[7.47836,46.38574],[7.47424,46.38489],[7.47427,46.38282],[7.47368,46.38211],[7.47207,46.38156],[7.47121,46.38002],[7.46899,46.37931],[7.46679,46.37964],[7.46458,46.37932],[7.46308,46.37767],[7.46128,46.37853],[7.45997,46.37944],[7.45971,46.38017],[7.46025,46.38085],[7.46006,46.38226],[7.45782,46.38319],[7.45528,46.38446],[7.45276,46.38476],[7.45157,46.38535],[7.4509,46.38479],[7.44847,46.38456],[7.44734,46.38498],[7.44497,46.38498],[7.44335,46.38453],[7.44072,46.38586],[7.43957,46.3874],[7.43707,46.38689],[7.43593,46.38649],[7.43433,46.38634],[7.43333,46.38553],[7.43157,46.38363],[7.42942,46.38224],[7.42836,46.38184],[7.4257,46.38229],[7.42469,46.38173],[7.42356,46.38153],[7.42266,46.38177],[7.4178,46.38143],[7.41707,46.38055],[7.41591,46.38002],[7.4125,46.37982],[7.41133,46.37883],[7.41016,46.37839],[7.40523,46.3774],[7.40441,46.37682],[7.40329,46.37661],[7.40321,46.37603],[7.40194,46.37546],[7.40128,46.37663],[7.40124,46.37746],[7.40033,46.37772],[7.39714,46.37577],[7.39621,46.37556],[7.3935,46.37418],[7.3932,46.37336],[7.39107,46.37226],[7.39041,46.37102],[7.38932,46.37019],[7.38794,46.37044],[7.38642,46.36969],[7.3856,46.369],[7.38547,46.36824],[7.38247,46.36564],[7.38099,46.36502],[7.3791,46.36532],[7.37767,46.36446],[7.37591,46.3626],[7.37476,46.36168],[7.37114,46.36058],[7.37001,46.3601],[7.36859,46.35879],[7.36673,46.35822],[7.3639,46.35803],[7.36256,46.35694],[7.36164,46.35574],[7.36033,46.35498],[7.35988,46.35438],[7.35861,46.35405],[7.35585,46.352],[7.35418,46.35169],[7.3536,46.35204],[7.35187,46.35228],[7.34952,46.35143],[7.34802,46.35136],[7.34587,46.35033],[7.34363,46.34953],[7.34206,46.34938],[7.33899,46.34822],[7.33749,46.34828],[7.33452,46.34747],[7.33253,46.34764],[7.32874,46.3467],[7.32721,46.34593],[7.32484,46.34553],[7.32169,46.34554],[7.32038,46.34518],[7.31615,46.34511],[7.31596,46.34567],[7.31378,46.34732],[7.31223,46.34895],[7.31111,46.34975],[7.31129,46.35055],[7.30915,46.35215],[7.30875,46.35334],[7.31015,46.35583],[7.31092,46.35692],[7.31052,46.35808],[7.30994,46.35861],[7.30915,46.36002],[7.31114,46.3612],[7.3118,46.36315],[7.31347,46.36447],[7.31341,46.36722],[7.31361,46.36815],[7.31325,46.36931],[7.31369,46.37214],[7.31253,46.37394],[7.31174,46.37582],[7.31121,46.37641],[7.29998,46.3677],[7.29643,46.36681],[7.29427,46.36772],[7.29229,46.36799],[7.29143,46.3684],[7.28969,46.36761],[7.28897,46.36697],[7.26322,46.35949],[7.26289,46.35857],[7.26188,46.35712],[7.26154,46.3556],[7.26251,46.35346],[7.2619,46.35277],[7.26216,46.35188],[7.26337,46.35064],[7.26244,46.35023],[7.26183,46.34883],[7.26193,46.34776],[7.26249,46.34749],[7.26128,46.34618],[7.26115,46.3454],[7.2622,46.34423],[7.26233,46.34236],[7.26205,46.34136],[7.26363,46.3399],[7.26272,46.33868],[7.26168,46.33849],[7.26006,46.33758],[7.25837,46.33537],[7.25643,46.33376],[7.25574,46.33287],[7.2544,46.33192],[7.25296,46.33123],[7.25109,46.33148],[7.24846,46.33028],[7.24734,46.32925],[7.2454,46.32927],[7.24256,46.32865],[7.2421,46.32837],[7.24001,46.3282],[7.23821,46.32848],[7.2355,46.32788],[7.23334,46.32772],[7.23069,46.32821],[7.23003,46.32855],[7.22599,46.32932],[7.22498,46.32997],[7.2224,46.3305],[7.18996,46.30514],[7.19015,46.29642],[7.19785,46.29038],[7.19528,46.29031],[7.19478,46.28963],[7.19502,46.28838],[7.19574,46.28693],[7.19389,46.28612],[7.19119,46.28625],[7.18965,46.2854],[7.18771,46.28482],[7.18721,46.28409],[7.18828,46.27963],[7.19024,46.27462],[7.19031,46.27415],[7.18932,46.27191],[7.18724,46.2706],[7.18462,46.26972],[7.182,46.26964],[7.18009,46.27025],[7.17905,46.26983],[7.17799,46.26838],[7.17658,46.267],[7.17561,46.2667],[7.17287,46.26389],[7.17242,46.26234],[7.17011,46.26152],[7.1682,46.26008],[7.1667,46.25851],[7.16611,46.25759],[7.1615,46.25446],[7.15613,46.25399],[7.15432,46.25155],[7.15365,46.2509],[7.15266,46.24932],[7.15219,46.24762],[7.15249,46.24703],[7.15232,46.24596],[7.15049,46.24407],[7.14836,46.24333],[7.14617,46.24285],[7.14475,46.24193],[7.14469,46.24149],[7.14327,46.23998],[7.14186,46.23914],[7.1386,46.23823],[7.13603,46.2378],[7.1317,46.23802],[7.12737,46.23847],[7.12635,46.23809],[7.12506,46.23717],[7.12422,46.23446],[7.12432,46.23374],[7.12211,46.23056],[7.12267,46.22885],[7.12271,46.2276],[7.12221,46.22615],[7.12314,46.22459],[7.12084,46.22404],[7.11976,46.22318],[7.11986,46.22247],[7.11856,46.22129],[7.11766,46.2209],[7.11583,46.21961],[7.11658,46.21892],[7.11581,46.21834],[7.11399,46.21749],[7.11226,46.21589],[7.11198,46.21516],[7.1111,46.21495],[7.10953,46.21394],[7.10949,46.21358],[7.10758,46.21283],[7.10717,46.21226],[7.10254,46.21084],[7.10048,46.20914],[7.09758,46.20893],[7.09627,46.20815],[7.09451,46.20607],[7.09098,46.20377],[7.089,46.20277],[7.08685,46.20263],[7.08609,46.2022],[7.08412,46.20181],[7.0826,46.201],[7.07907,46.20086],[7.07785,46.2002],[7.0747,46.20104],[7.07213,46.20225],[7.06656,46.20099],[7.06486,46.20067],[7.06184,46.19897],[7.06083,46.19782],[7.05988,46.19723],[7.05711,46.19694],[7.05531,46.19595],[7.05354,46.19532],[7.05276,46.19421],[7.05045,46.19391],[7.04738,46.19258],[7.04641,46.19192],[7.04489,46.19135],[7.04213,46.19116],[7.04164,46.1903],[7.03835,46.18926],[7.03488,46.18918],[7.03406,46.18831],[7.03332,46.18905],[7.03243,46.1913],[7.0298,46.19324],[7.02835,46.19504],[7.02712,46.19737],[7.02584,46.19894],[7.02173,46.20246],[7.0176,46.20466],[7.01353,46.20609],[7.01237,46.20736],[7.01229,46.20982],[7.01122,46.21274],[7.01063,46.21583],[7.00941,46.21927],[7.00899,46.22141],[7.00842,46.22243],[7.00723,46.22325],[7.00531,46.22392],[7.00453,46.22447],[7.00345,46.22652],[7.0033,46.22804],[7.00368,46.23056],[7.00321,46.23369],[7.00206,46.23517],[7.00109,46.23582],[6.99789,46.23706],[6.99624,46.23865],[6.99506,46.24111],[6.99414,46.24206],[6.99121,46.24446],[6.98992,46.24615],[6.98971,46.24693],[6.98902,46.25205],[6.9888,46.25283],[6.98791,46.25408],[6.98651,46.25506],[6.98125,46.25778],[6.97658,46.26081],[6.97514,46.26189],[6.96739,46.26853],[6.96571,46.27051],[6.96486,46.27273],[6.9643,46.27551],[6.96191,46.28331],[6.96112,46.28485],[6.95942,46.28647],[6.95181,46.29167],[6.95054,46.29244],[6.94749,46.29378],[6.94296,46.29536],[6.93976,46.29717],[6.93861,46.29803],[6.93774,46.29904],[6.93689,46.30111],[6.93682,46.30457],[6.9365,46.30623],[6.93499,46.30987],[6.93403,46.3141],[6.93274,46.31747],[6.93269,46.3196],[6.93331,46.32425],[6.93303,46.32609],[6.93204,46.32933],[6.93109,46.33108],[6.93027,46.33194],[6.92217,46.33906],[6.92087,46.33989],[6.9184,46.34073],[6.91582,46.34086],[6.90552,46.33982],[6.90259,46.33983],[6.89977,46.34042],[6.89818,46.34106],[6.8958,46.34248],[6.89437,46.34393],[6.89127,46.3482],[6.88864,46.35099],[6.88718,46.35193],[6.8852,46.35292],[6.88382,46.35389],[6.88292,46.35511],[6.88259,46.35704],[6.88319,46.35856],[6.88631,46.36301],[6.88736,46.36523],[6.88779,46.36767],[6.88772,46.36899],[6.8871,46.37358],[6.88661,46.37555],[6.88563,46.37733],[6.88468,46.3782],[6.88194,46.3802],[6.87947,46.38145],[6.87717,46.38225],[6.87524,46.38322],[6.87433,46.38392],[6.87066,46.38735],[6.86739,46.3897],[6.86332,46.39221],[6.85874,46.39697],[6.85565,46.39962],[6.82571,46.42589],[6.82253,46.42823],[6.82192,46.42842],[6.80615,46.39539],[6.80582,46.39484],[6.80442,46.39423],[6.80394,46.39365],[6.80372,46.39161],[6.80323,46.39116],[6.8026,46.38918],[6.80295,46.38795],[6.80271,46.38709],[6.80381,46.38627],[6.80435,46.38534],[6.80507,46.38487],[6.80645,46.38486],[6.80735,46.38422],[6.80663,46.38301],[6.8071,46.38179],[6.80644,46.37986],[6.80424,46.37755],[6.80252,46.37716],[6.8013,46.37609],[6.79967,46.37551],[6.79801,46.37272],[6.79707,46.37218],[6.79392,46.36907],[6.79201,46.36818],[6.78836,46.36798],[6.78638,46.36764],[6.78495,46.3681],[6.78174,46.36788],[6.78019,46.36709],[6.77953,46.3663],[6.77723,46.36613],[6.77638,46.36563],[6.77657,46.36507],[6.77228,46.36228],[6.77164,46.35977],[6.77142,46.3567],[6.77183,46.35613],[6.77186,46.35503],[6.77233,46.3545],[6.77293,46.35153],[6.7746,46.35006],[6.77537,46.34852],[6.7776,46.34783],[6.77832,46.3474],[6.77992,46.34588],[6.77996,46.34476],[6.78058,46.34403],[6.78142,46.34229],[6.78318,46.34038],[6.78357,46.33929],[6.78536,46.33809],[6.78567,46.33596],[6.78507,46.33438],[6.78543,46.33385],[6.7871,46.3338],[6.78719,46.33335],[6.79526,46.33392],[6.79724,46.33426],[6.79722,46.33262],[6.79862,46.33177],[6.79905,46.33084],[6.79984,46.33033],[6.79826,46.32792],[6.79932,46.32449],[6.79982,46.32332],[6.80122,46.3213],[6.80208,46.32081],[6.80436,46.32104],[6.80788,46.322],[6.81185,46.32042],[6.81216,46.32],[6.81383,46.31938],[6.81413,46.31897],[6.81655,46.31712],[6.81734,46.31726],[6.81976,46.31701],[6.82068,46.31647],[6.82237,46.31421],[6.82379,46.31364],[6.82467,46.31367],[6.8262,46.31321],[6.82711,46.31117],[6.82811,46.31047],[6.82991,46.30782],[6.83113,46.30738],[6.83085,46.30666],[6.82927,46.30459],[6.82895,46.30376],[6.8297,46.30237],[6.83081,46.30143],[6.83189,46.30101],[6.83481,46.30093],[6.83556,46.30076],[6.83721,46.29852],[6.83945,46.2974],[6.84049,46.29634],[6.84322,46.29558],[6.84476,46.29554],[6.84531,46.29357],[6.84652,46.29208],[6.84822,46.29112],[6.85175,46.29152],[6.85296,46.29346],[6.85378,46.29335],[6.85571,46.29376],[6.85827,46.29275],[6.86007,46.29155],[6.85998,46.28974],[6.86149,46.2876],[6.86275,46.28715],[6.86522,46.28435],[6.8658,46.28224],[6.8657,46.28126],[6.86378,46.2797],[6.86236,46.27782],[6.86167,46.27758],[6.85975,46.27513],[6.86104,46.26748],[6.85942,46.26486],[6.85812,46.26321],[6.8553,46.26054],[6.85627,46.25645],[6.8549,46.2551],[6.85283,46.25339],[6.84666,46.25092],[6.84378,46.24985],[6.84064,46.24946],[6.83869,46.24613],[6.83887,46.24526],[6.83816,46.24309],[6.838,46.24204],[6.83577,46.24054],[6.83525,46.23904],[6.83368,46.23743],[6.8315,46.23563],[6.82992,46.23505],[6.82761,46.23537],[6.82542,46.23456],[6.82355,46.23418],[6.82205,46.23356],[6.82143,46.23165],[6.82192,46.23097],[6.82252,46.22925],[6.82274,46.22615],[6.82258,46.22461],[6.82103,46.22279],[6.81998,46.22225],[6.81841,46.22196],[6.81738,46.22138],[6.81732,46.22045],[6.81648,46.22015],[6.8157,46.21859],[6.81504,46.21814],[6.81433,46.21659],[6.81325,46.21605],[6.81196,46.21599],[6.81072,46.21508],[6.81078,46.21316],[6.80967,46.2129],[6.80884,46.21204],[6.8081,46.20915],[6.80612,46.20774],[6.80439,46.20585],[6.80414,46.20452],[6.80783,46.1975],[6.80813,46.1965],[6.80953,46.19376],[6.81031,46.19038],[6.81344,46.18278],[6.80959,46.18045],[6.8078,46.17976],[6.80772,46.17759],[6.80637,46.17513],[6.80618,46.17382],[6.80393,46.17306],[6.80237,46.17115],[6.80062,46.16962],[6.79867,46.16928],[6.7974,46.16844],[6.79715,46.16767],[6.7954,46.16705],[6.79502,46.16592],[6.79337,46.16495],[6.79256,46.16417],[6.79334,46.16193],[6.79349,46.16096],[6.79247,46.1598],[6.79287,46.15926],[6.792,46.15859],[6.79222,46.15774],[6.79113,46.15638],[6.79111,46.15524],[6.79164,46.15405],[6.79249,46.15318],[6.79405,46.15082],[6.7942,46.15019],[6.79536,46.14899],[6.79561,46.14794],[6.79549,46.14657],[6.79577,46.14533],[6.79713,46.14342],[6.7974,46.14163],[6.79738,46.13991],[6.79798,46.13967],[6.79883,46.13759],[6.79921,46.13721],[6.80227,46.13655],[6.80515,46.13717],[6.80703,46.13713],[6.80807,46.13775],[6.80875,46.1374],[6.81081,46.13538],[6.81236,46.1335],[6.8142,46.1331],[6.81474,46.13271],[6.81451,46.13191],[6.81596,46.1305],[6.81806,46.13099],[6.81951,46.13233],[6.82175,46.13256],[6.82342,46.13242],[6.82487,46.13264],[6.82572,46.1331],[6.82948,46.13312],[6.83171,46.13382],[6.83486,46.1336],[6.83573,46.13332],[6.83653,46.13371],[6.83904,46.13418],[6.84287,46.13321],[6.84229,46.13213],[6.84322,46.13155],[6.84323,46.1307],[6.84521,46.12958],[6.84598,46.12951],[6.849,46.12846],[6.85027,46.12836],[6.85259,46.12782],[6.85559,46.12801],[6.857,46.12758],[6.85819,46.12762],[6.86057,46.12708],[6.86178,46.12728],[6.86505,46.12714],[6.86672,46.12682],[6.86844,46.12691],[6.86928,46.12644],[6.87036,46.12637],[6.87201,46.12685],[6.87449,46.12718],[6.87645,46.12693],[6.87863,46.1263],[6.87951,46.12504],[6.88078,46.12458],[6.88223,46.12466],[6.88328,46.12411],[6.8861,46.12509],[6.88944,46.1258],[6.89133,46.12677],[6.8928,46.12658],[6.89597,46.12506],[6.89685,46.12506],[6.89842,46.12586],[6.90079,46.12511],[6.89895,46.1235],[6.89812,46.12206],[6.89787,46.12024],[6.89693,46.11854],[6.89578,46.11697],[6.89482,46.11622],[6.89398,46.11484],[6.89383,46.11392],[6.89465,46.11171],[6.89438,46.1113],[6.89634,46.10993],[6.896,46.10938],[6.89406,46.10767],[6.89384,46.10599],[6.89096,46.1031],[6.88853,46.10184],[6.88815,46.10084],[6.88682,46.09855],[6.88593,46.0977],[6.88339,46.09645],[6.88444,46.09472],[6.88561,46.09424],[6.88739,46.09157],[6.8887,46.09033],[6.88963,46.08816],[6.89046,46.08777],[6.89139,46.08678],[6.89265,46.08619],[6.89205,46.08352],[6.89155,46.08326],[6.89122,46.08184],[6.88913,46.08106],[6.8891,46.07977],[6.89063,46.07803],[6.89182,46.07573],[6.89265,46.07496],[6.88962,46.07485],[6.88829,46.07431],[6.88458,46.07174],[6.8824,46.0711],[6.88114,46.0705],[6.8808,46.06929],[6.87984,46.06729],[6.87986,46.06648],[6.87795,46.06525],[6.87726,46.0641],[6.87741,46.06359],[6.87672,46.0623],[6.87595,46.05936],[6.87487,46.05808],[6.87376,46.05608],[6.87387,46.05455],[6.8736,46.05315],[6.87258,46.05237],[6.87434,46.05181],[6.87624,46.05095],[6.87676,46.05028],[6.87635,46.04928],[6.8766,46.04875],[6.87842,46.04824],[6.8787,46.04759],[6.88082,46.04676],[6.88307,46.04624],[6.88423,46.04563],[6.8857,46.04589],[6.8876,46.0454],[6.88904,46.04389],[6.8904,46.04374],[6.89213,46.04391],[6.89258,46.04528],[6.89254,46.04675],[6.8933,46.04772],[6.89505,46.04901],[6.8968,46.04968],[6.89754,46.04952],[6.90281,46.05022],[6.90433,46.05026],[6.90598,46.05101],[6.90735,46.05094],[6.90946,46.05139],[6.91049,46.05197],[6.9111,46.05298],[6.912,46.05328],[6.91169,46.05502],[6.91226,46.05547],[6.91416,46.05602],[6.91549,46.0572],[6.9157,46.05838],[6.91672,46.05939],[6.91965,46.0605],[6.91958,46.06136],[6.92042,46.06239],[6.92117,46.06276],[6.92545,46.06647],[6.92948,46.06588],[6.93255,46.06659],[6.93283,46.06715],[6.93485,46.06721],[6.93668,46.06589],[6.93827,46.06542],[6.93891,46.06419],[6.93757,46.06411],[6.93713,46.06342],[6.93769,46.06282],[6.93705,46.06015],[6.93592,46.05983],[6.93614,46.0592],[6.93557,46.058],[6.93591,46.05718],[6.9372,46.05616],[6.93815,46.05654],[6.94018,46.05408],[6.94313,46.05282],[6.94479,46.05183],[6.94621,46.05184],[6.94805,46.05267],[6.94921,46.05229],[6.951,46.05281],[6.95229,46.05112],[6.95393,46.04696],[6.95539,46.04289],[6.95759,46.04001],[6.96375,46.03165],[6.96739,46.03237],[6.97068,46.02798],[6.97188,46.02675],[6.97597,46.02477],[6.97701,46.02348],[6.97797,46.02281],[6.98093,46.02182],[6.98219,46.02079],[6.98165,46.01992],[6.98167,46.01884],[6.98328,46.01656],[6.98341,46.01535],[6.98442,46.01395],[6.98419,46.01114],[6.98504,46.01036],[6.9849,46.00975],[6.98599,46.00877],[6.986,46.00824],[6.98519,46.00724],[6.98543,46.00634],[6.98637,46.00538],[6.98953,46.00501],[6.99099,46.00443],[6.99226,46.00357],[6.99387,46.00315],[6.99626,46.00129],[6.99731,46.00094],[6.99977,46.00066],[7.00145,46.00014],[7.00439,46.00129],[7.00582,46.00236],[7.00652,46.00234],[7.00767,46.00077],[7.00922,46.00014],[7.0108,45.99915],[7.01153,45.99838],[7.01153,45.99679],[7.01202,45.99651],[7.01117,45.99562],[7.0122,45.99477],[7.01339,45.99329],[7.01251,45.99109],[7.01255,45.99013],[7.01308,45.98847],[7.01405,45.98811],[7.0166,45.98797],[7.01918,45.98553],[7.0208,45.98499],[7.02064,45.98351],[7.02193,45.98293],[7.02222,45.98233],[7.02319,45.98179],[7.02446,45.98041],[7.02349,45.97842],[7.02235,45.97758],[7.02111,45.97748],[7.02029,45.97698],[7.01841,45.97671],[7.01726,45.9763],[7.01613,45.97637],[7.01437,45.97554],[7.01285,45.97509],[7.01248,45.97465],[7.01102,45.97444],[7.01091,45.97318],[7.01008,45.97251],[7.0095,45.97045],[7.01028,45.96985],[7.01138,45.96965],[7.0122,45.968],[7.01353,45.96632],[7.01527,45.96507],[7.01625,45.9637],[7.01772,45.96314],[7.01832,45.9626],[7.0183,45.96163],[7.02082,45.96164],[7.02139,45.9605],[7.0244,45.95944],[7.02612,45.95934],[7.0269,45.95891],[7.02915,45.95873],[7.02974,45.95843],[7.03292,45.95769],[7.03578,45.95735],[7.03701,45.95688],[7.03836,45.95546],[7.03759,45.95406],[7.03794,45.95267],[7.03862,45.95189],[7.03873,45.95067],[7.03843,45.94965],[7.03942,45.94884],[7.03938,45.9463],[7.03834,45.94514],[7.03756,45.9447],[7.03815,45.94381],[7.03762,45.94101],[7.0366,45.93951],[7.03941,45.93501],[7.03936,45.93456],[7.04105,45.93316],[7.04197,45.93312],[7.04355,45.93083],[7.04333,45.92952],[7.04442,45.9272],[7.04407,45.92612],[7.04461,45.92436],[7.04535,45.92369],[7.04704,45.92316],[7.04834,45.9222],[7.04842,45.92135],[7.05027,45.91989],[7.05101,45.91894],[7.05173,45.91878],[7.05397,45.91681],[7.05909,45.91481],[7.06145,45.91459],[7.06242,45.91316],[7.06378,45.91236],[7.06383,45.91169],[7.0653,45.91057],[7.06532,45.90927],[7.06461,45.90716],[7.06513,45.9055],[7.06486,45.90413],[7.06508,45.90128],[7.06872,45.90013],[7.06937,45.89941],[7.07068,45.89922],[7.07054,45.89858],[7.07241,45.89718],[7.07508,45.89618],[7.07748,45.89638],[7.07757,45.89446],[7.07717,45.89281],[7.07741,45.89132],[7.0791,45.89008],[7.08011,45.88854],[7.0801,45.88744],[7.08097,45.88634],[7.08269,45.88519],[7.08497,45.88476],[7.08628,45.88424],[7.0882,45.88237],[7.09,45.88186],[7.09049,45.88117],[7.09428,45.87871],[7.09495,45.87783],[7.09612,45.87707],[7.09431,45.87553],[7.09296,45.87326],[7.09466,45.87255],[7.09549,45.87172],[7.0957,45.87071],[7.09709,45.86906],[7.09754,45.8676],[7.09796,45.86724],[7.09814,45.86576],[7.09885,45.86515],[7.09831,45.86366],[7.09971,45.86237],[7.10081,45.86222],[7.10161,45.86083],[7.10238,45.86038],[7.10467,45.86061],[7.10663,45.86],[7.10766,45.85993],[7.10969,45.85938],[7.11192,45.86002],[7.11365,45.86078],[7.11554,45.86084],[7.11662,45.86047],[7.11934,45.86064],[7.12134,45.86268],[7.1239,45.86449],[7.12529,45.86518],[7.12663,45.86507],[7.12954,45.86656],[7.13061,45.86762],[7.13232,45.86806],[7.13437,45.86981],[7.13479,45.87107],[7.13435,45.87222],[7.13509,45.87268],[7.13608,45.87387],[7.13772,45.87444],[7.13845,45.87442],[7.14054,45.87508],[7.14169,45.87653],[7.14412,45.87655],[7.1461,45.87722],[7.14784,45.87734],[7.14956,45.87864],[7.15247,45.87908],[7.15411,45.87985],[7.15443,45.88045],[7.15752,45.88036],[7.15994,45.87981],[7.16116,45.87986],[7.16251,45.87932],[7.16379,45.87808],[7.16493,45.87804],[7.16548,45.87694],[7.1651,45.87482],[7.16453,45.87423],[7.16292,45.87386],[7.16222,45.87337],[7.16284,45.87246],[7.16658,45.87017],[7.17622,45.8641],[7.17741,45.86456],[7.17996,45.86474],[7.18097,45.86429],[7.18223,45.86318],[7.18322,45.86282],[7.18358,45.86222],[7.18565,45.86116],[7.18658,45.86146],[7.1876,45.86128],[7.18921,45.86024],[7.19118,45.86004],[7.19307,45.86037],[7.19432,45.86098],[7.19739,45.86145],[7.2002,45.86373],[7.20152,45.86428],[7.20064,45.86535],[7.20017,45.86641],[7.19933,45.86712],[7.19907,45.86875],[7.19941,45.86972],[7.19854,45.87152],[7.19977,45.87322],[7.20126,45.87661],[7.20248,45.87671],[7.20441,45.87756],[7.20569,45.87987],[7.20718,45.88137],[7.20882,45.88136],[7.21077,45.88176],[7.21148,45.88231],[7.21174,45.88314],[7.21519,45.88449],[7.21636,45.88523],[7.21678,45.88786],[7.21728,45.89],[7.22077,45.89044],[7.22394,45.89151],[7.22555,45.89092],[7.22672,45.89095],[7.22805,45.89238],[7.22921,45.8932],[7.23228,45.8929],[7.23406,45.89242],[7.23623,45.89144],[7.23786,45.89119],[7.23976,45.89136],[7.24145,45.89126],[7.2436,45.89224],[7.24595,45.89242],[7.24708,45.8935],[7.24831,45.89419],[7.25039,45.89433],[7.25133,45.8941],[7.25262,45.89294],[7.2533,45.89089],[7.254,45.8897],[7.25524,45.88917],[7.2566,45.88909],[7.25774,45.88935],[7.25889,45.89019],[7.25987,45.89037],[7.26004,45.89094],[7.26126,45.89249],[7.26415,45.89464],[7.26569,45.89485],[7.26626,45.89565],[7.26748,45.89646],[7.26752,45.89774],[7.26932,45.89833],[7.27009,45.89923],[7.27106,45.89946],[7.27238,45.90117],[7.27381,45.90116],[7.27522,45.90155],[7.27683,45.90145],[7.2778,45.90193],[7.27817,45.90284],[7.27919,45.90422],[7.27931,45.90536],[7.28085,45.90755],[7.28089,45.90836],[7.28286,45.91075],[7.28309,45.91143],[7.28442,45.91319],[7.28561,45.91404],[7.28591,45.91518],[7.28568,45.91605],[7.28672,45.91743],[7.28921,45.91851],[7.29037,45.91877],[7.2912,45.92125],[7.29228,45.92197],[7.29379,45.92213],[7.29476,45.92283],[7.29769,45.92232],[7.2994,45.92054],[7.30055,45.92019],[7.30168,45.91875],[7.30273,45.91835],[7.305,45.91867],[7.30792,45.91875],[7.30987,45.91803],[7.31337,45.91751],[7.31601,45.91799],[7.31722,45.91772],[7.31836,45.91571],[7.31873,45.91323],[7.31963,45.91266],[7.32276,45.91238],[7.32333,45.9119],[7.32482,45.91141],[7.32764,45.9115],[7.33009,45.91183],[7.33164,45.91172],[7.33274,45.91201],[7.33346,45.91269],[7.33644,45.91341],[7.33733,45.91392],[7.33841,45.91389],[7.3388,45.91437],[7.34109,45.91495],[7.34227,45.91504],[7.34366,45.91556],[7.34509,45.91641],[7.34578,45.91612],[7.34766,45.91458],[7.35146,45.91279],[7.35347,45.91219],[7.35537,45.91224],[7.35592,45.91248],[7.35738,45.91184],[7.3571,45.91087],[7.35738,45.9084],[7.35829,45.90808],[7.35911,45.90722],[7.3601,45.907],[7.36118,45.90496],[7.36213,45.9045],[7.36472,45.90451],[7.36699,45.90534],[7.36909,45.90416],[7.37173,45.90348],[7.37521,45.90171],[7.37665,45.90196],[7.37843,45.90084],[7.37927,45.90001],[7.38078,45.89957],[7.38167,45.89855],[7.38331,45.89765],[7.38726,45.89834],[7.38979,45.89932],[7.39188,45.90053],[7.39219,45.90124],[7.39306,45.90174],[7.39427,45.9029],[7.39792,45.90588],[7.39869,45.90679],[7.39885,45.90787],[7.39875,45.90965],[7.40006,45.91025],[7.40222,45.91211],[7.40268,45.91271],[7.40585,45.91049],[7.40794,45.91005],[7.40854,45.90972],[7.41052,45.90993],[7.41176,45.90984],[7.41331,45.91041],[7.41508,45.91187],[7.41689,45.91262],[7.41904,45.91258],[7.42042,45.91313],[7.42139,45.91318],[7.4221,45.91371],[7.42226,45.91465],[7.42322,45.91589],[7.42423,45.9156],[7.42747,45.91635],[7.42829,45.91708],[7.42997,45.91784],[7.43277,45.91946],[7.43392,45.92079],[7.43522,45.92142],[7.43654,45.92383],[7.43767,45.92515],[7.43908,45.92608],[7.43982,45.92615],[7.4403,45.92703],[7.44244,45.92834],[7.44278,45.93065],[7.44553,45.93289],[7.44781,45.93246],[7.44868,45.93291],[7.45135,45.93363],[7.45498,45.93403],[7.45735,45.93362],[7.45824,45.93497],[7.45849,45.93604],[7.45966,45.93672],[7.46074,45.93682],[7.46529,45.93656],[7.46731,45.93559],[7.4705,45.93499],[7.47217,45.93513],[7.47567,45.93704],[7.47582,45.93818],[7.47543,45.93936],[7.47521,45.94178],[7.47438,45.94345],[7.47344,45.94466],[7.47287,45.94712],[7.47232,45.9484],[7.47362,45.94932],[7.47545,45.95029],[7.47651,45.95161],[7.47823,45.95331],[7.48023,45.95392],[7.482,45.95417],[7.48392,45.95524],[7.48576,45.95548],[7.48839,45.95701],[7.49307,45.95648],[7.49438,45.95689],[7.49543,45.95789],[7.49671,45.95853],[7.49678,45.96095],[7.49816,45.96182],[7.49843,45.96257],[7.50027,45.96359],[7.50397,45.96157],[7.50582,45.96031],[7.50765,45.95983],[7.50848,45.95917],[7.50993,45.95953],[7.51281,45.96055],[7.51304,45.96168],[7.51473,45.96235],[7.51578,45.96318],[7.5178,45.96365],[7.51856,45.96351],[7.52009,45.96237],[7.52049,45.96151],[7.52208,45.96063],[7.52566,45.95934],[7.52692,45.9585],[7.52893,45.9577],[7.53038,45.95763],[7.53449,45.95809],[7.53641,45.95806],[7.53811,45.95713],[7.53904,45.9563],[7.53967,45.95639],[7.54202,45.95783],[7.54367,45.95817],[7.54517,45.96006],[7.54623,45.9609],[7.54707,45.96262],[7.54753,45.96424],[7.54644,45.96484],[7.54628,45.96654],[7.54569,45.96799],[7.54559,45.96979],[7.54427,45.97092],[7.5436,45.97366],[7.54372,45.97434],[7.5431,45.97621],[7.54243,45.97737],[7.54318,45.979],[7.54442,45.9803],[7.54599,45.98147],[7.54661,45.983],[7.54665,45.98497],[7.54833,45.98589],[7.54991,45.98741],[7.55109,45.98776],[7.55297,45.98763],[7.56175,45.98738],[7.56295,45.98689],[7.56432,45.98769],[7.56571,45.98762],[7.5676,45.988],[7.56918,45.98885],[7.56991,45.9889],[7.57218,45.98844],[7.57551,45.98879],[7.57956,45.98722],[7.58323,45.97908],[7.58308,45.97794],[7.58226,45.97702],[7.58266,45.97558],[7.58351,45.97501],[7.58448,45.97353],[7.586,45.97279],[7.58828,45.97205],[7.58996,45.97168],[7.59173,45.97201],[7.5959,45.97195],[7.60072,45.97128],[7.60372,45.97132],[7.60496,45.97161],[7.606,45.97114],[7.60767,45.97113],[7.60913,45.97062],[7.61131,45.97055],[7.61277,45.97152],[7.61459,45.97196],[7.61619,45.97266],[7.61804,45.97248],[7.61978,45.97354],[7.62421,45.97269],[7.62615,45.97261],[7.62764,45.97214],[7.63103,45.9721],[7.63347,45.97168],[7.63643,45.97152],[7.63819,45.97124],[7.6405,45.97132],[7.64142,45.97168],[7.64583,45.97288],[7.6471,45.97384],[7.6486,45.97421],[7.65051,45.97524],[7.65257,45.97547],[7.65467,45.97548],[7.65598,45.97702],[7.65797,45.97777],[7.66028,45.97756],[7.66524,45.97686],[7.66646,45.97552],[7.66924,45.97502],[7.67029,45.97289],[7.67133,45.9718],[7.67178,45.97094],[7.67364,45.97053],[7.67439,45.9699],[7.67476,45.96904],[7.67466,45.96806],[7.67573,45.96699],[7.67829,45.96591],[7.67805,45.9654],[7.67906,45.96273],[7.67883,45.96215],[7.67932,45.96128],[7.67929,45.96004],[7.68199,45.9582],[7.68317,45.95786],[7.68502,45.95775],[7.68579,45.95717],[7.688,45.95624],[7.68974,45.95613],[7.69162,45.95569],[7.69393,45.956],[7.69536,45.95579],[7.69703,45.95615],[7.6998,45.9557],[7.70065,45.95527],[7.70116,45.95395],[7.70368,45.95291],[7.70439,45.95219],[7.70577,45.9517],[7.70668,45.95081],[7.70937,45.9505],[7.71092,45.94921],[7.71055,45.947],[7.70963,45.94606],[7.70955,45.94507],[7.71013,45.94284],[7.7084,45.93674],[7.7083,45.93609],[7.70881,45.93526],[7.71027,45.93507],[7.71191,45.93445],[7.71343,45.93184],[7.71382,45.93025],[7.71363,45.92949],[7.71445,45.92911],[7.71719,45.92897],[7.71829,45.92692],[7.71988,45.92541],[7.7233,45.92469],[7.72956,45.925],[7.73511,45.92514],[7.7357,45.92598],[7.73713,45.92872],[7.73967,45.93091],[7.74304,45.93278],[7.74453,45.93382],[7.74681,45.93608],[7.74821,45.93859],[7.74875,45.94041],[7.74873,45.94221],[7.75104,45.94125],[7.75435,45.94125],[7.75807,45.93991],[7.76151,45.93988],[7.76289,45.93942],[7.7657,45.93889],[7.76752,45.93884],[7.77025,45.93832],[7.77117,45.93732],[7.77188,45.93594],[7.77276,45.93515],[7.77462,45.93408],[7.77615,45.934],[7.77714,45.93254],[7.78011,45.93119],[7.78204,45.93061],[7.7858,45.92904],[7.78718,45.92878],[7.7901,45.92678],[7.7918,45.92615],[7.79273,45.92539],[7.79269,45.92451],[7.79422,45.92302],[7.79418,45.92201],[7.79497,45.9212],[7.80011,45.91873],[7.80051,45.91832],[7.80246,45.91865],[7.80638,45.92036],[7.80967,45.92349],[7.81089,45.92424],[7.81279,45.9247],[7.81518,45.92475],[7.81586,45.92538],[7.81809,45.92651],[7.82016,45.92776],[7.82138,45.92816],[7.82276,45.92816],[7.82505,45.92751],[7.82759,45.92731],[7.82996,45.92654],[7.83244,45.92616],[7.83383,45.92566],[7.83487,45.92424],[7.83771,45.92292],[7.84167,45.92324],[7.84392,45.92316],[7.84851,45.92198],[7.85173,45.92179],[7.85693,45.92236],[7.8595,45.92206],[7.86067,45.92153],[7.86195,45.91906],[7.86507,45.91795],[7.86622,45.91886],[7.86734,45.92077],[7.8714,45.92061],[7.87313,45.92098],[7.87407,45.92166],[7.87472,45.92354],[7.876,45.92563],[7.87805,45.92839],[7.87511,45.93142],[7.87504,45.93236],[7.87244,45.93333],[7.87186,45.93619],[7.8695,45.93774],[7.86991,45.93914],[7.87019,45.9415],[7.8711,45.9438],[7.87137,45.94856],[7.87291,45.94925],[7.87382,45.94928],[7.87821,45.95031],[7.87852,45.95144],[7.87828,45.95397],[7.87985,45.95538],[7.87854,45.95613],[7.87821,45.9568],[7.87639,45.95818],[7.87589,45.95913],[7.87634,45.95966],[7.87884,45.96033],[7.87842,45.96234],[7.87959,45.96345],[7.88101,45.96433],[7.88278,45.96514],[7.88149,45.9671],[7.88176,45.96802],[7.88254,45.96817],[7.88251,45.969],[7.88116,45.97004],[7.88063,45.97121],[7.87922,45.97197],[7.87841,45.97281],[7.87812,45.97394],[7.87843,45.97506],[7.88011,45.97487],[7.8819,45.9758],[7.88377,45.97647],[7.88495,45.97617],[7.88601,45.97701],[7.88741,45.97734],[7.88913,45.97813],[7.89232,45.97852],[7.8935,45.97902],[7.89497,45.98004],[7.89511,45.9815],[7.89677,45.98362],[7.89729,45.98463],[7.89825,45.9854],[7.89898,45.98551],[7.90047,45.98631],[7.9021,45.98691],[7.90251,45.98766],[7.90155,45.98851],[7.90259,45.98957],[7.90453,45.9899],[7.90583,45.99136],[7.90711,45.99376],[7.90707,45.99484],[7.90801,45.99627],[7.90935,45.99736],[7.90989,45.99819],[7.91239,45.99801],[7.91397,45.99763],[7.91667,45.9975],[7.91726,45.99765],[7.91917,45.99721],[7.92239,45.99757],[7.92479,45.99832],[7.93048,45.99822],[7.93364,45.99718],[7.93633,45.99793],[7.93866,45.99824],[7.94067,45.99809],[7.94174,45.99852],[7.94434,45.99859],[7.94532,45.99881],[7.94881,45.99871],[7.95063,45.9988],[7.95169,45.99841],[7.95374,45.99861],[7.95663,45.99804],[7.9573,45.99752],[7.95934,45.99736],[7.96026,45.99779],[7.96235,45.99788],[7.96322,45.99828],[7.96479,45.99845],[7.96645,45.99821],[7.96884,45.99898],[7.97075,45.99934],[7.97185,45.99931],[7.97435,46.00017],[7.97813,46.00066],[7.98062,46.00036],[7.98111,45.99969],[7.98368,45.99907],[7.98373,45.99865],[7.98694,45.99755],[7.99011,45.99714],[7.99064,45.99805],[7.99171,45.99867],[7.99266,45.99962],[7.99394,46.00012],[7.99537,46.0017],[7.99503,46.00344],[7.99616,46.0046],[7.99723,46.00493],[7.99897,46.00801],[8.00066,46.00942],[8.00116,46.01024],[8.00093,46.01134],[8.0021,46.01342],[8.00376,46.0129],[8.00579,46.01287],[8.00744,46.01257],[8.01207,46.01296],[8.01336,46.01345],[8.01415,46.01499],[8.01431,46.01676],[8.01331,46.01924],[8.01191,46.01978],[8.01262,46.02073],[8.01348,46.02252],[8.01433,46.02312],[8.01542,46.02339],[8.01656,46.02419],[8.01852,46.02591],[8.01813,46.02636],[8.01657,46.02947],[8.01517,46.03137],[8.01302,46.0325],[8.01412,46.03347],[8.01502,46.03362],[8.01703,46.03469],[8.01779,46.03563],[8.01919,46.03653],[8.01979,46.03773],[8.02417,46.04064],[8.02542,46.04122],[8.02685,46.04146],[8.02904,46.0423],[8.03201,46.04281],[8.03621,46.045],[8.03527,46.04624],[8.035,46.04739],[8.03335,46.04873],[8.03218,46.05128],[8.03157,46.05186],[8.03136,46.05282],[8.03165,46.05371],[8.0307,46.05546],[8.02941,46.05711],[8.02853,46.05863],[8.0273,46.06014],[8.02687,46.06174],[8.02593,46.06364],[8.02497,46.06414],[8.02482,46.06491],[8.02569,46.06657],[8.02526,46.06814],[8.02559,46.06876],[8.02444,46.06897],[8.02284,46.06992],[8.02269,46.07052],[8.02406,46.07314],[8.02411,46.07393],[8.02345,46.07541],[8.02455,46.07639],[8.02446,46.07717],[8.02516,46.07752],[8.02718,46.08022],[8.02817,46.08107],[8.02971,46.08157],[8.02988,46.08274],[8.03092,46.08439],[8.03079,46.08609],[8.03132,46.08657],[8.03117,46.08807],[8.03141,46.08853],[8.03061,46.09082],[8.03172,46.09186],[8.03212,46.09353],[8.03305,46.09411],[8.03342,46.09505],[8.03442,46.09573],[8.03475,46.09682],[8.03448,46.09799],[8.03484,46.09852],[8.03465,46.10045],[8.0358,46.1017],[8.03712,46.10203],[8.03986,46.10123],[8.042,46.1019],[8.04409,46.10114],[8.0451,46.10129],[8.04902,46.10262],[8.05016,46.10349],[8.05296,46.1032],[8.05472,46.10252],[8.05575,46.10258],[8.05991,46.10386],[8.06503,46.10609],[8.06763,46.10631],[8.06926,46.10662],[8.07052,46.10719],[8.07289,46.10722],[8.07325,46.10754],[8.07607,46.10733],[8.07836,46.10749],[8.07996,46.10723],[8.08178,46.10654],[8.08509,46.10733],[8.08646,46.10741],[8.08759,46.10807],[8.09016,46.10812],[8.09152,46.10882],[8.09465,46.10938],[8.09818,46.10962],[8.10131,46.11226],[8.10252,46.11163],[8.10512,46.11251],[8.10718,46.11291],[8.10927,46.11285],[8.1109,46.11439],[8.11055,46.11519],[8.11111,46.11645],[8.1139,46.11741],[8.11493,46.1189],[8.11476,46.12097],[8.11551,46.1217],[8.11634,46.12344],[8.11528,46.12536],[8.11654,46.12732],[8.11697,46.12857],[8.1164,46.12908],[8.1163,46.1305],[8.11593,46.1309],[8.11664,46.13168],[8.11801,46.13195],[8.1193,46.13256],[8.11994,46.13318],[8.12177,46.13342],[8.12371,46.13471],[8.12443,46.13607],[8.12551,46.13585],[8.12764,46.13673],[8.13138,46.13725],[8.13311,46.13727],[8.13448,46.13794],[8.13738,46.13818],[8.13923,46.13707],[8.14286,46.13722],[8.14469,46.13803],[8.14512,46.13794],[8.1473,46.13898],[8.14928,46.141],[8.15105,46.1419],[8.15121,46.14275],[8.15219,46.1437],[8.1524,46.14458],[8.15398,46.14648],[8.15499,46.14727],[8.15503,46.14824],[8.15639,46.14885],[8.15466,46.14987],[8.15413,46.1512],[8.15463,46.1528],[8.15397,46.15413],[8.15416,46.15518],[8.15335,46.15605],[8.15253,46.15615],[8.1507,46.15844],[8.15088,46.15936],[8.15048,46.16103],[8.15092,46.16373],[8.15133,46.1639],[8.15178,46.16597],[8.15354,46.16755],[8.15473,46.16798],[8.15596,46.16898],[8.15675,46.16921],[8.15771,46.17056],[8.15776,46.17125],[8.15862,46.17405],[8.15963,46.17529],[8.1608,46.17616],[8.16306,46.17683],[8.16508,46.17789],[8.16633,46.17814],[8.1662,46.17964],[8.16705,46.18168],[8.16656,46.18345],[8.16609,46.1841],[8.15986,46.18934],[8.15829,46.19075],[8.15434,46.19233],[8.15407,46.19466],[8.15333,46.19698],[8.15239,46.19735],[8.15328,46.19872],[8.15259,46.20009],[8.15244,46.20405],[8.15088,46.20611],[8.1502,46.20635],[8.14697,46.21037],[8.14457,46.21282],[8.14295,46.21811],[8.13992,46.22738],[8.13465,46.22769],[8.13133,46.22926],[8.12836,46.22951],[8.1273,46.23051],[8.12532,46.23085],[8.12547,46.23173],[8.12493,46.23226],[8.12393,46.23399],[8.12345,46.2343],[8.12259,46.23575],[8.12161,46.23653],[8.12152,46.23726],[8.12058,46.23768],[8.11868,46.23783],[8.11637,46.23732],[8.116,46.23771],[8.1159,46.239],[8.11408,46.23997],[8.11359,46.2416],[8.11256,46.24238],[8.11246,46.24396],[8.11284,46.24467],[8.11302,46.24628],[8.11267,46.24808],[8.11122,46.25071],[8.10828,46.25126],[8.10646,46.25131],[8.10266,46.2507],[8.1031,46.25198],[8.10279,46.25342],[8.1009,46.25374],[8.09935,46.25444],[8.09804,46.25376],[8.09355,46.2544],[8.09096,46.25459],[8.08816,46.25516],[8.08728,46.25552],[8.08735,46.25643],[8.08645,46.25705],[8.08452,46.25735],[8.08365,46.25777],[8.08268,46.25879],[8.08145,46.26186],[8.08536,46.26219],[8.08735,46.26383],[8.0873,46.26621],[8.08791,46.26685],[8.08741,46.2677],[8.0885,46.26868],[8.091,46.26898],[8.09422,46.2705],[8.09495,46.27154],[8.09621,46.27221],[8.09711,46.27215],[8.09792,46.27265],[8.09921,46.27427],[8.10139,46.27485],[8.10292,46.27668],[8.10473,46.27778],[8.1065,46.28088],[8.10998,46.28102],[8.11131,46.2817],[8.11308,46.28163],[8.11461,46.28238],[8.11601,46.28367],[8.11684,46.28524],[8.1183,46.28692],[8.11915,46.28706],[8.11974,46.28804],[8.11952,46.28884],[8.11975,46.29012],[8.12056,46.29121],[8.12206,46.29239],[8.1219,46.29311],[8.12621,46.29576],[8.12965,46.29589],[8.1303,46.2971],[8.13137,46.29764],[8.13206,46.29864],[8.13394,46.29948],[8.13583,46.30109],[8.13794,46.30246],[8.13944,46.30317],[8.14206,46.30336],[8.14373,46.30316],[8.14616,46.30318],[8.14928,46.30245],[8.15068,46.30186],[8.15119,46.30107],[8.15354,46.30071],[8.15393,46.30032],[8.15578,46.29961],[8.15654,46.29861],[8.15979,46.29748],[8.16247,46.29712],[8.16503,46.29764],[8.16634,46.29819],[8.16761,46.29821],[8.16945,46.29783],[8.17105,46.29832],[8.1761,46.29826],[8.17722,46.29875],[8.17995,46.29863],[8.18448,46.30056],[8.18692,46.30202],[8.18956,46.3025],[8.19112,46.3035],[8.19303,46.30363],[8.19563,46.30449],[8.19723,46.30354],[8.19905,46.30336],[8.20001,46.30383],[8.21128,46.31001],[8.21307,46.31052],[8.2123,46.31383],[8.21259,46.31455],[8.21375,46.31587],[8.21448,46.31613],[8.21599,46.31747],[8.21554,46.31983],[8.21571,46.3209],[8.21638,46.3215],[8.21812,46.3218],[8.21964,46.32304],[8.22137,46.32399],[8.22278,46.32427],[8.22304,46.32476],[8.22445,46.32552],[8.2247,46.32629],[8.22592,46.32742],[8.22538,46.32802],[8.22396,46.3281],[8.22455,46.32883],[8.22409,46.32927],[8.22458,46.33025],[8.22357,46.33094],[8.22345,46.33159],[8.22507,46.33258],[8.22608,46.3341],[8.22529,46.33442],[8.22473,46.33519],[8.22506,46.33569],[8.22908,46.33696],[8.23038,46.33815],[8.23355,46.33937],[8.23532,46.34105],[8.23649,46.34161],[8.2385,46.34187],[8.23963,46.3414],[8.24043,46.34151],[8.24148,46.34086],[8.24248,46.34084],[8.24404,46.34123],[8.24713,46.34134],[8.24972,46.34163],[8.25111,46.342],[8.25161,46.34369],[8.25199,46.34401],[8.2522,46.34614],[8.25292,46.34716],[8.25459,46.34774],[8.25554,46.34738],[8.25664,46.34769],[8.25818,46.34773],[8.26048,46.34737],[8.26059,46.34662],[8.26365,46.34707],[8.26369,46.34855],[8.26314,46.34917],[8.26099,46.34991],[8.26276,46.35148],[8.26365,46.35151],[8.26391,46.3522],[8.26473,46.35262],[8.26601,46.35271],[8.26697,46.35321],[8.26586,46.35486],[8.26546,46.35733],[8.2661,46.35835],[8.26523,46.35959],[8.26437,46.35956],[8.2622,46.36117],[8.26182,46.36209],[8.2634,46.3631],[8.264,46.36429],[8.26554,46.36568],[8.26775,46.36607],[8.27051,46.36704],[8.27261,46.3674],[8.2738,46.36806],[8.27576,46.36764],[8.27639,46.36662],[8.27767,46.36672],[8.28026,46.36605],[8.28168,46.36553],[8.28263,46.36577],[8.28418,46.36488],[8.28535,46.36488],[8.2863,46.36627],[8.28648,46.3672],[8.28809,46.3679],[8.28866,46.36863],[8.29038,46.36936],[8.29168,46.37081],[8.29257,46.37111],[8.29406,46.37102],[8.29622,46.37172],[8.29662,46.37274],[8.29817,46.37323],[8.29911,46.37407],[8.29984,46.37414],[8.30109,46.37532],[8.30362,46.3758],[8.30476,46.37633],[8.30744,46.37648],[8.30887,46.37674],[8.3102,46.37754],[8.31187,46.37771],[8.31397,46.37831],[8.31377,46.37941],[8.31482,46.3802],[8.31589,46.38183],[8.31499,46.38292],[8.31572,46.38377],[8.31602,46.3852],[8.31737,46.38548],[8.31824,46.38599],[8.31915,46.38709],[8.31982,46.38737],[8.31948,46.38822],[8.31836,46.38836],[8.31717,46.38964],[8.31585,46.38985],[8.31523,46.39107],[8.31516,46.39191],[8.3159,46.39357],[8.31827,46.39495],[8.31812,46.39698],[8.31706,46.39827],[8.31681,46.40021],[8.31578,46.40041],[8.31446,46.40123],[8.31355,46.40218],[8.31257,46.40257],[8.3113,46.40366],[8.31065,46.40504],[8.30917,46.40397],[8.30768,46.40328],[8.30553,46.40372],[8.30462,46.4037],[8.30298,46.40446],[8.30014,46.40607],[8.29663,46.40595],[8.295,46.40656],[8.29385,46.40786],[8.2932,46.40779],[8.29232,46.40848],[8.29099,46.40851],[8.29002,46.40952],[8.2924,46.41025],[8.29351,46.41172],[8.29615,46.41268],[8.29614,46.41307],[8.29822,46.41402],[8.30002,46.4155],[8.29969,46.41725],[8.30066,46.41788],[8.29993,46.41858],[8.30166,46.41971],[8.304,46.42206],[8.30397,46.42321],[8.30484,46.42459],[8.30635,46.42554],[8.30773,46.42567],[8.30882,46.42714],[8.31073,46.42553],[8.31396,46.42493],[8.31604,46.42488],[8.31854,46.42535],[8.32144,46.42609],[8.32376,46.42649],[8.3256,46.42662],[8.3273,46.42745],[8.32765,46.42806],[8.32936,46.42908],[8.33071,46.42939],[8.33259,46.43094],[8.33488,46.43157],[8.33785,46.43294],[8.33968,46.43416],[8.34061,46.43455],[8.34168,46.43621],[8.34365,46.43743],[8.34398,46.43796],[8.34673,46.439],[8.34732,46.43972],[8.34907,46.44064],[8.3506,46.44173],[8.35148,46.44205],[8.35188,46.44273],[8.35331,46.44275],[8.35394,46.44355],[8.3547,46.44566],[8.35542,46.44699],[8.35708,46.44826],[8.35844,46.44891],[8.36802,46.45318],[8.37638,46.45438],[8.37733,46.45313],[8.37814,46.45331],[8.37892,46.45245],[8.38009,46.45206],[8.38333,46.45217],[8.38441,46.45251],[8.3858,46.45341],[8.38496,46.45558],[8.38434,46.45786],[8.3833,46.46051],[8.38342,46.46117],[8.38454,46.46147],[8.38683,46.46307],[8.38743,46.46421],[8.38708,46.46608],[8.38655,46.46683],[8.3896,46.46852],[8.39148,46.46859],[8.39356,46.46922],[8.39338,46.47085],[8.39196,46.47076],[8.39105,46.47099],[8.39041,46.47201],[8.39065,46.47385],[8.38912,46.47561],[8.3885,46.47577],[8.38708,46.47693],[8.38785,46.47733],[8.38758,46.47828],[8.38864,46.47833],[8.38816,46.47916],[8.39106,46.48145],[8.39178,46.48228],[8.39256,46.48385],[8.39538,46.48496],[8.39581,46.48626],[8.39573,46.48725],[8.3951,46.48968],[8.39274,46.49292],[8.39276,46.49436],[8.39347,46.49591],[8.39428,46.49555],[8.39709,46.49538],[8.39957,46.49552],[8.40132,46.49451],[8.4016,46.49392],[8.40251,46.49371],[8.40553,46.49393],[8.40859,46.494],[8.41054,46.49387],[8.41217,46.49405],[8.41272,46.49491],[8.41355,46.49539],[8.41552,46.49599],[8.41645,46.49544],[8.41825,46.49507],[8.41965,46.49401],[8.42077,46.49388],[8.42272,46.4948],[8.42543,46.49578],[8.42862,46.49622],[8.43134,46.49718],[8.43276,46.49824],[8.43556,46.49832],[8.4372,46.49806],[8.43872,46.49745],[8.44106,46.49746],[8.44417,46.49664],[8.44624,46.49817],[8.44592,46.49878],[8.44729,46.50069],[8.45047,46.50576],[8.4528,46.50906],[8.45409,46.50934],[8.45542,46.50895],[8.45671,46.50944],[8.45977,46.51133],[8.46151,46.51255],[8.4629,46.51389],[8.4638,46.51562],[8.46596,46.51739],[8.46734,46.51808],[8.46724,46.51883],[8.4687,46.51977],[8.46974,46.51989],[8.47184,46.52111],[8.47165,46.52196],[8.47268,46.52332],[8.47392,46.5245],[8.47604,46.52529],[8.47741,46.52545],[8.47908,46.52621],[8.47962,46.52685],[8.47958,46.52805],[8.47874,46.52888]]]},"properties":{"id":23,"name":"Valais"}},
{"type":"Feature","geometry":{"type":"MultiPolygon","coordinates":[[[[8.41119,47.24972],[8.40913,47.25177],[8.40531,47.25451],[8.404,47.25596],[8.40378,47.25757],[8.40515,47.25992],[8.40561,47.26126],[8.40513,47.2629],[8.40458,47.26353],[8.40251,47.26493],[8.40197,47.26556],[8.40165,47.26711],[8.40338,47.27174],[8.40355,47.27268],[8.4028,47.27447],[8.40193,47.27521],[8.3976,47.27808],[8.39611,47.27944],[8.39526,47.28102],[8.39419,47.28478],[8.39223,47.2888],[8.38975,47.29138],[8.39234,47.29236],[8.39381,47.29227],[8.39542,47.29137],[8.3962,47.29064],[8.39834,47.28926],[8.40264,47.29086],[8.40518,47.29213],[8.4047,47.29312],[8.4075,47.29373],[8.41392,47.29432],[8.41642,47.29521],[8.41818,47.29516],[8.42001,47.29603],[8.42135,47.29706],[8.42101,47.29787],[8.42269,47.29913],[8.42643,47.30067],[8.43025,47.30203],[8.42966,47.30251],[8.43145,47.30507],[8.43188,47.30656],[8.43096,47.30718],[8.43039,47.3086],[8.43211,47.30916],[8.43331,47.31003],[8.43317,47.3129],[8.43384,47.31353],[8.43708,47.31552],[8.43733,47.31655],[8.43952,47.31652],[8.44244,47.31718],[8.4416,47.31894],[8.4435,47.31973],[8.44691,47.32135],[8.44778,47.32297],[8.44878,47.32328],[8.45029,47.32471],[8.44973,47.32563],[8.45108,47.32687],[8.44963,47.32733],[8.45353,47.33006],[8.45267,47.3305],[8.45485,47.33301],[8.45608,47.33477],[8.45623,47.33544],[8.45524,47.33611],[8.45408,47.33461],[8.45212,47.33498],[8.452,47.33396],[8.45097,47.33185],[8.44736,47.33117],[8.44547,47.3303],[8.44466,47.33058],[8.4432,47.32878],[8.44171,47.32901],[8.44033,47.32841],[8.43784,47.32811],[8.43589,47.32668],[8.43278,47.32834],[8.43236,47.32789],[8.43055,47.32872],[8.42869,47.32796],[8.42599,47.32775],[8.42202,47.32679],[8.42015,47.32609],[8.4174,47.32582],[8.41671,47.32642],[8.41636,47.32761],[8.41432,47.32776],[8.41354,47.32848],[8.4137,47.32992],[8.41451,47.33007],[8.41507,47.33206],[8.41785,47.33516],[8.41788,47.33575],[8.41698,47.33707],[8.41776,47.33805],[8.4175,47.33848],[8.41587,47.3382],[8.41483,47.3394],[8.4125,47.34046],[8.41166,47.34158],[8.40959,47.34268],[8.40843,47.34294],[8.40806,47.34365],[8.40779,47.34539],[8.40603,47.34654],[8.40498,47.34793],[8.40578,47.34932],[8.4067,47.3502],[8.40689,47.35245],[8.40946,47.35492],[8.41038,47.35645],[8.40857,47.35682],[8.40847,47.35841],[8.40789,47.35936],[8.40828,47.3612],[8.4079,47.36148],[8.40797,47.36267],[8.4072,47.36427],[8.40605,47.36546],[8.40746,47.36733],[8.40931,47.36801],[8.4084,47.36923],[8.40821,47.37016],[8.40896,47.37113],[8.40815,47.37159],[8.40409,47.37136],[8.40299,47.37201],[8.40148,47.37188],[8.40167,47.37288],[8.40114,47.37463],[8.40188,47.37557],[8.39946,47.3765],[8.3975,47.37841],[8.39767,47.38043],[8.39608,47.38255],[8.39655,47.38306],[8.39597,47.38464],[8.39619,47.38573],[8.39591,47.38687],[8.39647,47.38754],[8.396,47.38846],[8.39603,47.39153],[8.3952,47.39239],[8.39688,47.39291],[8.39756,47.394],[8.39746,47.39519],[8.39589,47.39489],[8.39501,47.39635],[8.39418,47.39624],[8.39302,47.39721],[8.39087,47.39601],[8.3891,47.397],[8.38759,47.39663],[8.38609,47.39654],[8.38359,47.39678],[8.38375,47.39798],[8.38272,47.39859],[8.38163,47.39965],[8.38183,47.4],[8.38102,47.401],[8.37959,47.40142],[8.37741,47.40138],[8.3764,47.40072],[8.37518,47.4004],[8.36996,47.40063],[8.36856,47.40017],[8.36749,47.40019],[8.36615,47.40088],[8.36536,47.40193],[8.36439,47.40237],[8.3636,47.40368],[8.36601,47.40366],[8.36693,47.40388],[8.36853,47.40211],[8.36915,47.40278],[8.37019,47.40468],[8.37171,47.40519],[8.37491,47.40585],[8.37729,47.40617],[8.38036,47.40378],[8.38311,47.40489],[8.3838,47.40615],[8.38573,47.40758],[8.38285,47.40967],[8.38222,47.41145],[8.38291,47.41275],[8.38637,47.41579],[8.38287,47.41763],[8.38491,47.4194],[8.38866,47.41773],[8.39173,47.42037],[8.39299,47.42168],[8.3933,47.42348],[8.39221,47.42506],[8.39013,47.42685],[8.38906,47.42813],[8.38874,47.42933],[8.38437,47.42947],[8.38125,47.43043],[8.37923,47.43059],[8.37711,47.43127],[8.37619,47.43204],[8.37577,47.43362],[8.37632,47.43369],[8.37729,47.43486],[8.3782,47.4352],[8.37926,47.43477],[8.38196,47.43413],[8.38215,47.43468],[8.38398,47.43428],[8.3851,47.43593],[8.38504,47.43632],[8.38615,47.43731],[8.38615,47.4381],[8.38509,47.43871],[8.38494,47.43955],[8.38558,47.43977],[8.38491,47.44128],[8.38307,47.44186],[8.38279,47.44552],[8.38223,47.4476],[8.38328,47.44785],[8.38287,47.45007],[8.38685,47.45062],[8.38777,47.45111],[8.38672,47.45316],[8.38603,47.45503],[8.38541,47.45526],[8.38554,47.45629],[8.38422,47.4565],[8.38384,47.4577],[8.38143,47.45757],[8.38056,47.45859],[8.38011,47.46054],[8.37897,47.46086],[8.3757,47.46075],[8.37395,47.46055],[8.37326,47.46244],[8.37212,47.46317],[8.37064,47.46478],[8.37056,47.46671],[8.36996,47.46718],[8.36832,47.46713],[8.36679,47.46759],[8.36688,47.4689],[8.36895,47.46957],[8.36917,47.47045],[8.36863,47.47079],[8.36914,47.47179],[8.37089,47.47182],[8.37278,47.4715],[8.37643,47.47251],[8.3764,47.47302],[8.37542,47.47439],[8.37522,47.47565],[8.3747,47.47624],[8.37522,47.47953],[8.37531,47.48183],[8.37437,47.48285],[8.3722,47.48267],[8.36739,47.48248],[8.36438,47.48223],[8.36387,47.48461],[8.36311,47.48712],[8.36318,47.48992],[8.36378,47.49194],[8.363,47.49279],[8.36219,47.49656],[8.36153,47.49748],[8.35955,47.49886],[8.36169,47.50022],[8.36327,47.50094],[8.36391,47.50165],[8.36401,47.50254],[8.36091,47.5022],[8.35998,47.50243],[8.35895,47.50385],[8.36027,47.50589],[8.35994,47.50687],[8.36041,47.50772],[8.36276,47.50921],[8.36196,47.51026],[8.36234,47.51148],[8.36481,47.51229],[8.36732,47.51219],[8.36768,47.51293],[8.36931,47.51257],[8.36977,47.51358],[8.37151,47.51288],[8.3727,47.51317],[8.3749,47.5124],[8.37577,47.51356],[8.37817,47.51377],[8.37991,47.51505],[8.38076,47.51629],[8.38038,47.51726],[8.38148,47.51735],[8.3817,47.51987],[8.38155,47.52134],[8.38205,47.52263],[8.38242,47.5244],[8.38251,47.5263],[8.38327,47.52766],[8.38464,47.52907],[8.38624,47.53003],[8.38776,47.53026],[8.3886,47.52969],[8.39094,47.52872],[8.39,47.52769],[8.39177,47.52766],[8.39319,47.52677],[8.39444,47.5271],[8.39578,47.52878],[8.39684,47.5297],[8.39624,47.53054],[8.39597,47.53286],[8.39678,47.53347],[8.40149,47.53461],[8.40368,47.53462],[8.40496,47.53483],[8.40554,47.5357],[8.40341,47.53887],[8.40243,47.53962],[8.40296,47.54118],[8.40413,47.53997],[8.40543,47.53977],[8.40524,47.54061],[8.40717,47.54174],[8.40622,47.54324],[8.40753,47.54337],[8.4085,47.54408],[8.40862,47.54489],[8.40981,47.54526],[8.41153,47.54687],[8.41367,47.54709],[8.41383,47.54763],[8.41852,47.54727],[8.41665,47.54911],[8.41619,47.54989],[8.41652,47.55063],[8.41806,47.55165],[8.41573,47.55338],[8.41589,47.55456],[8.41557,47.55528],[8.41674,47.55708],[8.41749,47.55869],[8.41743,47.55923],[8.4188,47.55984],[8.41868,47.56144],[8.41898,47.56211],[8.41799,47.56232],[8.4196,47.5654],[8.41987,47.56655],[8.4247,47.56782],[8.4268,47.56925],[8.42139,47.57099],[8.4175,47.57199],[8.41388,47.5733],[8.40897,47.57576],[8.40539,47.57709],[8.40117,47.57829],[8.39904,47.57858],[8.39725,47.57839],[8.39509,47.57751],[8.39181,47.57537],[8.39047,47.57433],[8.38899,47.57252],[8.387,47.56914],[8.38614,47.56815],[8.38444,47.56725],[8.38312,47.56713],[8.37891,47.56854],[8.37479,47.56941],[8.37273,47.56974],[8.3671,47.5701],[8.36535,47.57029],[8.36167,47.57117],[8.35947,47.57155],[8.34907,47.57219],[8.34655,47.57213],[8.34027,47.57173],[8.33503,47.57186],[8.33076,47.57233],[8.32943,47.57269],[8.32488,47.57432],[8.32208,47.57608],[8.32046,47.57739],[8.31625,47.58152],[8.31353,47.58376],[8.31196,47.58475],[8.30998,47.58561],[8.30522,47.58679],[8.30377,47.58735],[8.3015,47.58859],[8.29983,47.58974],[8.29824,47.59135],[8.29677,47.59374],[8.29645,47.59545],[8.29674,47.5982],[8.29883,47.60557],[8.29887,47.60641],[8.29841,47.60737],[8.29606,47.60905],[8.294,47.6101],[8.29047,47.61141],[8.28607,47.61251],[8.28198,47.61301],[8.27955,47.61308],[8.27534,47.61261],[8.27262,47.61198],[8.26939,47.61087],[8.26794,47.61063],[8.26555,47.61081],[8.26438,47.61139],[8.26373,47.61217],[8.26216,47.61547],[8.26171,47.61603],[8.26007,47.61669],[8.2571,47.6166],[8.2546,47.61621],[8.25068,47.61488],[8.24884,47.6144],[8.24571,47.61385],[8.24056,47.61426],[8.23851,47.61387],[8.23493,47.61042],[8.23167,47.60778],[8.22927,47.60665],[8.22804,47.6064],[8.22667,47.60677],[8.22513,47.60839],[8.22467,47.60966],[8.22381,47.61376],[8.22283,47.61617],[8.22179,47.618],[8.22066,47.61909],[8.21874,47.62012],[8.21638,47.62105],[8.21426,47.62168],[8.21028,47.62236],[8.2074,47.62247],[8.20391,47.62211],[8.20073,47.6212],[8.19763,47.61954],[8.19431,47.61705],[8.19142,47.61336],[8.18942,47.61035],[8.18772,47.60813],[8.18571,47.6064],[8.18416,47.6057],[8.17948,47.60457],[8.17627,47.60335],[8.17419,47.60202],[8.17105,47.59903],[8.16919,47.5979],[8.16774,47.59656],[8.16601,47.59558],[8.16419,47.59507],[8.16223,47.59492],[8.16083,47.59505],[8.15818,47.59569],[8.15378,47.59724],[8.15106,47.59736],[8.14913,47.59695],[8.14744,47.59619],[8.14382,47.59384],[8.14035,47.5922],[8.13886,47.59097],[8.13867,47.58961],[8.13923,47.58731],[8.1388,47.58631],[8.13809,47.58566],[8.13578,47.58484],[8.13396,47.58472],[8.13219,47.58484],[8.12699,47.58471],[8.12438,47.58484],[8.12097,47.58522],[8.11887,47.58533],[8.11625,47.58525],[8.11372,47.58494],[8.11202,47.58447],[8.1102,47.58353],[8.10725,47.58136],[8.10568,47.57975],[8.10404,47.57734],[8.10361,47.57564],[8.10321,47.57033],[8.10288,47.56874],[8.10196,47.5664],[8.10016,47.56378],[8.09843,47.56242],[8.09384,47.56017],[8.09218,47.55953],[8.0899,47.55903],[8.08752,47.55889],[8.08368,47.55914],[8.08166,47.55969],[8.07996,47.56048],[8.07725,47.56206],[8.07475,47.56386],[8.07339,47.56463],[8.07053,47.56571],[8.06926,47.5659],[8.06723,47.56568],[8.06524,47.5649],[8.06386,47.56462],[8.06149,47.56507],[8.06009,47.56472],[8.05893,47.56309],[8.0534,47.56],[8.05174,47.55928],[8.04914,47.55746],[8.04838,47.5571],[8.04273,47.55537],[8.03984,47.5547],[8.03493,47.55394],[8.0294,47.55347],[8.02798,47.55325],[8.02453,47.55211],[8.02277,47.55175],[8.01904,47.55203],[8.01688,47.55238],[8.01457,47.55308],[8.01167,47.55446],[8.00963,47.55574],[8.00774,47.55654],[8.00642,47.55687],[8.00176,47.55771],[7.99895,47.55794],[7.99566,47.55783],[7.99107,47.55741],[7.9873,47.5569],[7.98227,47.55658],[7.97762,47.55668],[7.97287,47.55704],[7.97079,47.55734],[7.96744,47.5581],[7.96357,47.55927],[7.96239,47.55951],[7.96066,47.55949],[7.95763,47.55857],[7.95585,47.55769],[7.95369,47.55613],[7.953,47.55494],[7.95196,47.55039],[7.95084,47.54827],[7.94981,47.547],[7.94841,47.54587],[7.94604,47.54524],[7.9428,47.54558],[7.94077,47.54616],[7.93771,47.54737],[7.93479,47.54812],[7.93234,47.54844],[7.93047,47.54851],[7.92632,47.54818],[7.92457,47.54818],[7.92001,47.54867],[7.91688,47.54967],[7.91442,47.55111],[7.91187,47.55319],[7.91074,47.5546],[7.90953,47.55685],[7.90838,47.56056],[7.9083,47.56195],[7.9086,47.56292],[7.90943,47.56412],[7.91136,47.56615],[7.9124,47.56775],[7.91264,47.56899],[7.91212,47.57157],[7.91166,47.57278],[7.90947,47.57578],[7.90766,47.57847],[7.90628,47.58013],[7.90413,47.58221],[7.90102,47.58441],[7.89464,47.5881],[7.89183,47.58922],[7.88807,47.59],[7.88574,47.59023],[7.88339,47.5902],[7.87674,47.58983],[7.87143,47.59019],[7.86953,47.59017],[7.86374,47.58937],[7.86198,47.589],[7.85968,47.58813],[7.85688,47.58664],[7.85468,47.58577],[7.84885,47.58413],[7.84557,47.5836],[7.84301,47.58354],[7.8405,47.58372],[7.83828,47.58449],[7.83718,47.58539],[7.83521,47.58741],[7.83322,47.58819],[7.83184,47.5885],[7.82637,47.58928],[7.82386,47.58937],[7.82055,47.58869],[7.81924,47.58763],[7.81636,47.58296],[7.81531,47.58089],[7.81469,47.57874],[7.81357,47.5727],[7.81305,47.57134],[7.81149,47.56969],[7.80989,47.5688],[7.80706,47.56771],[7.80422,47.56629],[7.8024,47.56507],[7.80041,47.56344],[7.79964,47.56249],[7.79795,47.55976],[7.79628,47.55862],[7.79194,47.55734],[7.79008,47.55636],[7.78745,47.55581],[7.78306,47.55442],[7.7814,47.55423],[7.77551,47.55391],[7.77291,47.55333],[7.76869,47.55205],[7.76525,47.55135],[7.75974,47.54995],[7.7583,47.54937],[7.75554,47.54711],[7.75301,47.54616],[7.74996,47.54562],[7.74457,47.545],[7.72953,47.54397],[7.72142,47.54329],[7.71908,47.54276],[7.71453,47.54103],[7.71588,47.53794],[7.71697,47.53722],[7.71769,47.53715],[7.72043,47.53765],[7.72121,47.53733],[7.72329,47.53724],[7.72407,47.53815],[7.72538,47.53774],[7.7258,47.53677],[7.72641,47.53664],[7.72693,47.53486],[7.72817,47.53432],[7.7296,47.53468],[7.73095,47.53379],[7.73271,47.53418],[7.73431,47.53411],[7.7353,47.53306],[7.7353,47.53233],[7.73614,47.53163],[7.73608,47.53096],[7.73831,47.52909],[7.73978,47.52854],[7.74213,47.52815],[7.74434,47.52755],[7.74683,47.52712],[7.74832,47.52741],[7.75004,47.52638],[7.75168,47.5269],[7.75363,47.52713],[7.75609,47.52671],[7.75888,47.52744],[7.75952,47.52688],[7.76168,47.52662],[7.76353,47.52669],[7.76463,47.52609],[7.76558,47.52627],[7.76808,47.52576],[7.76856,47.52542],[7.77148,47.52479],[7.77323,47.52467],[7.77515,47.52412],[7.77846,47.52347],[7.78091,47.52268],[7.78234,47.52245],[7.78394,47.52157],[7.78714,47.52198],[7.78866,47.52151],[7.78951,47.52086],[7.79088,47.52042],[7.79083,47.51909],[7.7912,47.5174],[7.78892,47.51555],[7.78884,47.51466],[7.78983,47.5131],[7.7902,47.51186],[7.78989,47.50822],[7.79051,47.50646],[7.79088,47.50648],[7.79336,47.5051],[7.79253,47.50297],[7.79382,47.50207],[7.79278,47.50021],[7.79214,47.49965],[7.79202,47.49829],[7.79018,47.4977],[7.78983,47.4964],[7.78856,47.49576],[7.78765,47.49451],[7.79086,47.49474],[7.79138,47.49545],[7.79279,47.49618],[7.79407,47.49722],[7.79546,47.49765],[7.79673,47.49725],[7.79798,47.49726],[7.79789,47.49644],[7.79992,47.49704],[7.79881,47.49862],[7.7978,47.49871],[7.79846,47.50012],[7.79934,47.50013],[7.80043,47.49887],[7.80118,47.49955],[7.80326,47.49837],[7.80599,47.49815],[7.80845,47.49853],[7.80942,47.49957],[7.81101,47.50078],[7.81341,47.50294],[7.81574,47.50619],[7.8166,47.5063],[7.81959,47.50796],[7.82278,47.51007],[7.82463,47.51024],[7.8243,47.51092],[7.82973,47.51543],[7.83301,47.51613],[7.83307,47.51879],[7.83417,47.52018],[7.83411,47.52094],[7.83445,47.52383],[7.83436,47.52604],[7.83469,47.52733],[7.83425,47.53172],[7.83522,47.53158],[7.83633,47.53315],[7.83506,47.53405],[7.83442,47.53515],[7.83779,47.53566],[7.84009,47.53557],[7.84252,47.53517],[7.84592,47.53401],[7.84756,47.53405],[7.85337,47.53663],[7.85587,47.53551],[7.85692,47.53466],[7.85835,47.5346],[7.86068,47.53157],[7.86173,47.52984],[7.86361,47.52831],[7.86366,47.52718],[7.8644,47.52501],[7.86503,47.52458],[7.86542,47.52351],[7.86499,47.5207],[7.87049,47.52072],[7.87256,47.5233],[7.87503,47.52433],[7.87641,47.52449],[7.8777,47.52408],[7.87723,47.5231],[7.87705,47.52164],[7.87638,47.52099],[7.87618,47.519],[7.87653,47.51755],[7.87647,47.5152],[7.87671,47.51458],[7.87907,47.51527],[7.8826,47.51165],[7.88512,47.50988],[7.88757,47.50926],[7.89288,47.50843],[7.89504,47.50744],[7.89561,47.5056],[7.89557,47.504],[7.89935,47.5026],[7.89926,47.50119],[7.89993,47.49987],[7.90062,47.49756],[7.90581,47.49356],[7.90586,47.48629],[7.91274,47.48622],[7.91496,47.48529],[7.91663,47.4851],[7.91907,47.48404],[7.92521,47.48386],[7.9278,47.48467],[7.92904,47.48345],[7.93073,47.48366],[7.93276,47.48346],[7.93362,47.48281],[7.94276,47.48498],[7.94586,47.48637],[7.94728,47.48675],[7.94806,47.48627],[7.94694,47.48441],[7.9458,47.48307],[7.94559,47.48171],[7.94599,47.47855],[7.94538,47.47746],[7.94511,47.47542],[7.94403,47.47343],[7.94347,47.46958],[7.94276,47.46866],[7.94221,47.46711],[7.9419,47.46514],[7.94108,47.4634],[7.94394,47.464],[7.94651,47.46472],[7.94679,47.46429],[7.9499,47.46516],[7.95099,47.46425],[7.95734,47.46062],[7.95858,47.46027],[7.95721,47.45711],[7.95789,47.45659],[7.95943,47.45671],[7.96041,47.45617],[7.96185,47.45691],[7.96157,47.45904],[7.96396,47.46102],[7.96524,47.46093],[7.96664,47.4617],[7.96821,47.4637],[7.9696,47.46419],[7.96979,47.46356],[7.97426,47.46123],[7.97534,47.46093],[7.97604,47.46006],[7.97701,47.458],[7.97766,47.45558],[7.97648,47.45441],[7.97593,47.45338],[7.97982,47.45114],[7.98166,47.45029],[7.98317,47.44733],[7.9836,47.4461],[7.98482,47.44461],[7.98516,47.44319],[7.98522,47.4417],[7.98468,47.43958],[7.98473,47.43882],[7.9861,47.43562],[7.9873,47.43412],[7.98647,47.43314],[7.98724,47.43201],[7.98813,47.43125],[7.98769,47.43069],[7.98833,47.43012],[7.98652,47.42414],[7.98529,47.42427],[7.9849,47.42969],[7.98376,47.42971],[7.9812,47.42893],[7.9784,47.42771],[7.97512,47.42705],[7.97189,47.42608],[7.96857,47.42487],[7.96425,47.42373],[7.97039,47.42158],[7.97333,47.42032],[7.97527,47.42084],[7.97831,47.41744],[7.98041,47.41663],[7.98098,47.41597],[7.98332,47.41493],[7.98531,47.41549],[7.98703,47.41524],[7.98877,47.41472],[7.99053,47.41552],[7.9914,47.41344],[7.99252,47.41257],[7.99362,47.41233],[7.99507,47.41245],[7.99784,47.41155],[8.00261,47.41088],[8.00475,47.40996],[8.0064,47.40852],[8.00832,47.40796],[8.00912,47.40551],[8.00988,47.4043],[8.01019,47.4031],[8.01111,47.40255],[8.01121,47.39965],[8.01086,47.39715],[8.01151,47.3965],[8.01463,47.39576],[8.01696,47.39637],[8.01837,47.39623],[8.02103,47.39536],[8.02139,47.39718],[8.02762,47.39699],[8.03087,47.38782],[8.03243,47.38506],[8.03187,47.38378],[8.03192,47.38272],[8.0306,47.38069],[8.0309,47.37909],[8.03029,47.37801],[8.03019,47.37697],[8.0288,47.37561],[8.02938,47.37456],[8.02872,47.37397],[8.02815,47.37203],[8.02839,47.37158],[8.02777,47.37005],[8.02721,47.37003],[8.02582,47.36822],[8.02503,47.3666],[8.02049,47.36517],[8.01846,47.36386],[8.01759,47.36256],[8.01779,47.36197],[8.01527,47.36086],[8.01218,47.3585],[8.01153,47.35832],[8.01388,47.3557],[8.01366,47.35332],[8.01287,47.35118],[8.00489,47.34668],[8.00532,47.34481],[8.00841,47.34067],[8.00625,47.33812],[8.00391,47.33733],[8.00213,47.33612],[8.00155,47.33619],[7.99734,47.3348],[7.99289,47.33397],[7.992,47.33417],[7.99042,47.33211],[7.98836,47.33094],[7.98846,47.33003],[7.98638,47.32893],[7.98561,47.32986],[7.97887,47.32735],[7.97913,47.3269],[7.97713,47.32604],[7.97755,47.32481],[7.97442,47.32442],[7.97142,47.32389],[7.97152,47.32359],[7.96454,47.32251],[7.95967,47.32163],[7.95685,47.32097],[7.95294,47.31981],[7.94902,47.31851],[7.94937,47.31947],[7.94859,47.32127],[7.94813,47.32361],[7.94835,47.32654],[7.94908,47.32808],[7.94986,47.33094],[7.94888,47.33388],[7.94816,47.3337],[7.93876,47.33385],[7.92696,47.33485],[7.92025,47.33532],[7.91923,47.33668],[7.91224,47.34056],[7.91038,47.34233],[7.91021,47.34302],[7.90884,47.34309],[7.90922,47.34132],[7.90834,47.34024],[7.90555,47.3383],[7.90319,47.33584],[7.89994,47.33188],[7.89789,47.32902],[7.89752,47.32782],[7.89712,47.32529],[7.89762,47.32328],[7.89893,47.32201],[7.89894,47.32099],[7.89628,47.31956],[7.89463,47.31821],[7.89279,47.31711],[7.89173,47.3161],[7.89086,47.31369],[7.8897,47.31263],[7.88878,47.31248],[7.88485,47.31239],[7.88049,47.31308],[7.87693,47.31331],[7.87517,47.31318],[7.87343,47.31257],[7.87036,47.31073],[7.86826,47.30983],[7.86589,47.30926],[7.86385,47.30854],[7.86162,47.30708],[7.86053,47.30532],[7.85951,47.30228],[7.85854,47.30079],[7.8572,47.29927],[7.85554,47.29663],[7.85469,47.29413],[7.85347,47.29227],[7.85259,47.2913],[7.85057,47.28973],[7.84929,47.28828],[7.84893,47.28696],[7.84759,47.28518],[7.84581,47.28338],[7.84539,47.28182],[7.84517,47.27927],[7.84461,47.27794],[7.84283,47.27583],[7.8342,47.26923],[7.83029,47.26794],[7.82743,47.26745],[7.82613,47.26693],[7.82668,47.26584],[7.82819,47.26591],[7.82875,47.26541],[7.82814,47.26486],[7.82957,47.26404],[7.82839,47.26322],[7.82856,47.26236],[7.83012,47.26232],[7.83037,47.26146],[7.83141,47.26048],[7.82994,47.25983],[7.83015,47.25861],[7.83083,47.25687],[7.82958,47.25634],[7.83009,47.25572],[7.82879,47.25485],[7.82866,47.25421],[7.82751,47.25401],[7.82709,47.25301],[7.82904,47.25172],[7.82915,47.25125],[7.82765,47.25036],[7.8271,47.24831],[7.82785,47.24705],[7.82949,47.24574],[7.82912,47.24478],[7.83054,47.24477],[7.8316,47.24398],[7.83159,47.24312],[7.83346,47.24098],[7.8345,47.24087],[7.83518,47.23911],[7.83714,47.23837],[7.83783,47.23834],[7.83831,47.23718],[7.83969,47.23617],[7.84072,47.23707],[7.84303,47.23707],[7.84404,47.23571],[7.84636,47.23533],[7.85424,47.23378],[7.85599,47.23449],[7.86842,47.23865],[7.89569,47.24397],[7.8983,47.24445],[7.91114,47.2453],[7.91374,47.24397],[7.91521,47.24343],[7.92221,47.23927],[7.92629,47.23868],[7.93032,47.23783],[7.93452,47.23725],[7.93604,47.23824],[7.93716,47.23932],[7.94085,47.2418],[7.94312,47.24263],[7.94702,47.24461],[7.95518,47.25114],[7.96288,47.25539],[7.96264,47.25592],[7.96001,47.25759],[7.96037,47.25899],[7.95902,47.26112],[7.95795,47.26119],[7.95646,47.26192],[7.956,47.26379],[7.95543,47.26428],[7.95397,47.26645],[7.9527,47.26705],[7.95262,47.26818],[7.95313,47.269],[7.952,47.26968],[7.95073,47.27154],[7.95021,47.2739],[7.95196,47.27467],[7.95168,47.27614],[7.95594,47.27787],[7.95707,47.27822],[7.97271,47.27747],[7.9745,47.27584],[7.98794,47.27738],[7.99634,47.28291],[8.00584,47.27573],[8.00596,47.27473],[8.00536,47.27398],[8.00628,47.27066],[8.00859,47.26883],[8.01022,47.26671],[8.01139,47.26553],[8.01251,47.26516],[8.0141,47.26406],[8.01617,47.26187],[8.01787,47.26068],[8.01731,47.2596],[8.0174,47.25869],[8.01818,47.25841],[8.01858,47.25724],[8.01754,47.2558],[8.01776,47.25419],[8.01749,47.25332],[8.01795,47.25132],[8.01674,47.2491],[8.01708,47.24783],[8.01674,47.24738],[8.01675,47.24597],[8.01819,47.24512],[8.02087,47.24495],[8.02299,47.24365],[8.02628,47.24319],[8.0302,47.24194],[8.03115,47.24357],[8.05212,47.24608],[8.05243,47.24554],[8.06404,47.24802],[8.05943,47.2524],[8.05811,47.25431],[8.05763,47.25679],[8.05978,47.2571],[8.05966,47.25806],[8.06375,47.25802],[8.06696,47.25633],[8.06942,47.25627],[8.07153,47.25598],[8.07373,47.25641],[8.07441,47.25768],[8.0752,47.25813],[8.07832,47.25893],[8.07787,47.25958],[8.07962,47.26001],[8.07939,47.26133],[8.08142,47.2616],[8.08449,47.26245],[8.08942,47.26424],[8.0957,47.26245],[8.09984,47.26154],[8.1012,47.2603],[8.10195,47.25877],[8.10343,47.25741],[8.107,47.25346],[8.10684,47.25077],[8.10894,47.24712],[8.11016,47.2459],[8.11288,47.24567],[8.11712,47.24554],[8.12065,47.24521],[8.12604,47.24272],[8.12777,47.24321],[8.12833,47.24362],[8.13192,47.24512],[8.13259,47.24591],[8.13294,47.24709],[8.13568,47.24799],[8.13749,47.24838],[8.14376,47.24861],[8.14505,47.24884],[8.14775,47.24885],[8.15184,47.24976],[8.15458,47.25013],[8.15743,47.25072],[8.15843,47.25004],[8.15907,47.25013],[8.15941,47.25109],[8.1605,47.25117],[8.16053,47.25035],[8.16134,47.25018],[8.16204,47.25128],[8.16552,47.25143],[8.16756,47.25189],[8.16837,47.25234],[8.17048,47.2527],[8.17297,47.25413],[8.17402,47.25401],[8.17606,47.25487],[8.17664,47.25362],[8.17766,47.25313],[8.17878,47.25356],[8.18063,47.252],[8.18183,47.24875],[8.18133,47.24826],[8.18136,47.24719],[8.18036,47.24637],[8.17906,47.24615],[8.1783,47.24463],[8.17711,47.24352],[8.17728,47.242],[8.17615,47.24145],[8.17219,47.24153],[8.17085,47.2433],[8.16914,47.24228],[8.16273,47.24197],[8.15937,47.24143],[8.15702,47.24077],[8.15701,47.23916],[8.16037,47.23915],[8.16294,47.2375],[8.16317,47.23673],[8.16109,47.23579],[8.16078,47.23461],[8.16184,47.2331],[8.16302,47.23271],[8.16448,47.23128],[8.16565,47.23111],[8.16664,47.22979],[8.16855,47.23044],[8.16909,47.2296],[8.17116,47.22902],[8.17262,47.22935],[8.17344,47.22883],[8.17505,47.22884],[8.17487,47.22814],[8.17394,47.22729],[8.17386,47.22639],[8.17528,47.22609],[8.1772,47.2233],[8.18067,47.22356],[8.18156,47.22411],[8.18579,47.22372],[8.18725,47.224],[8.19072,47.22575],[8.19431,47.22628],[8.19414,47.22738],[8.1951,47.22766],[8.19872,47.22763],[8.20249,47.22723],[8.20445,47.22741],[8.20614,47.22734],[8.2051,47.2298],[8.20529,47.23125],[8.20383,47.23137],[8.2044,47.23279],[8.20436,47.23529],[8.20474,47.23561],[8.20467,47.23754],[8.20621,47.23771],[8.20588,47.23938],[8.20685,47.23961],[8.20636,47.24108],[8.2068,47.24275],[8.20557,47.24399],[8.20685,47.24579],[8.20895,47.24759],[8.20887,47.2487],[8.21361,47.25115],[8.21891,47.25316],[8.22083,47.25351],[8.22966,47.27477],[8.23205,47.27529],[8.23419,47.27524],[8.23446,47.27473],[8.23576,47.27419],[8.23715,47.27421],[8.23914,47.27386],[8.24134,47.27391],[8.2435,47.27369],[8.24226,47.2758],[8.24208,47.27736],[8.24373,47.27761],[8.24332,47.28008],[8.24411,47.28018],[8.24447,47.28095],[8.24618,47.28108],[8.24571,47.28211],[8.24851,47.2826],[8.24975,47.28256],[8.25002,47.28382],[8.25091,47.28419],[8.25003,47.2858],[8.252,47.28649],[8.25181,47.28744],[8.25369,47.28788],[8.25429,47.28752],[8.25593,47.28754],[8.2567,47.28812],[8.25778,47.28809],[8.2598,47.28855],[8.26057,47.28824],[8.26208,47.28571],[8.26283,47.2839],[8.26388,47.28368],[8.2664,47.2839],[8.27182,47.28479],[8.27266,47.28225],[8.27487,47.28202],[8.27702,47.28283],[8.27973,47.28348],[8.28062,47.28233],[8.28241,47.28237],[8.28255,47.28194],[8.2857,47.28134],[8.28647,47.28135],[8.28801,47.28064],[8.29074,47.27881],[8.29303,47.27639],[8.29456,47.27558],[8.29589,47.27433],[8.29773,47.27371],[8.30136,47.27284],[8.29971,47.27088],[8.29818,47.27035],[8.29741,47.26911],[8.29553,47.26674],[8.29589,47.26524],[8.29637,47.26499],[8.29685,47.26261],[8.29721,47.26177],[8.29712,47.26077],[8.29828,47.25882],[8.29952,47.25792],[8.301,47.25529],[8.30224,47.25362],[8.30279,47.2539],[8.30436,47.25299],[8.30595,47.25375],[8.30925,47.25064],[8.31142,47.24786],[8.31282,47.24681],[8.31323,47.24566],[8.31495,47.24238],[8.3158,47.24141],[8.31571,47.23952],[8.31505,47.23862],[8.31526,47.23642],[8.31637,47.23431],[8.31651,47.23206],[8.31685,47.23069],[8.31766,47.22976],[8.31829,47.22809],[8.31809,47.22632],[8.31905,47.22594],[8.31917,47.2249],[8.32046,47.2239],[8.32182,47.22318],[8.32119,47.22124],[8.32124,47.21997],[8.3208,47.21909],[8.31984,47.21839],[8.32056,47.21696],[8.3263,47.21606],[8.32752,47.21238],[8.32832,47.2121],[8.32857,47.20981],[8.3299,47.20923],[8.32912,47.20757],[8.32962,47.20575],[8.33062,47.20487],[8.33118,47.20369],[8.33125,47.20198],[8.33095,47.19987],[8.33196,47.19792],[8.33425,47.19497],[8.33493,47.19375],[8.33749,47.19187],[8.33931,47.18993],[8.33922,47.18762],[8.34069,47.18767],[8.34037,47.18559],[8.33908,47.18537],[8.34006,47.18304],[8.33952,47.18218],[8.33995,47.18152],[8.33977,47.17961],[8.34065,47.17772],[8.34239,47.17648],[8.34204,47.17511],[8.34387,47.17485],[8.34517,47.17436],[8.34542,47.17288],[8.34698,47.17147],[8.34755,47.17131],[8.34714,47.17031],[8.34845,47.16974],[8.34862,47.16888],[8.35022,47.16735],[8.34892,47.16648],[8.34871,47.16589],[8.35056,47.1655],[8.3527,47.16422],[8.35522,47.16174],[8.35627,47.15998],[8.35946,47.15796],[8.3592,47.15726],[8.35946,47.15462],[8.36094,47.15467],[8.36182,47.15357],[8.36327,47.14745],[8.36513,47.14728],[8.36745,47.14614],[8.36856,47.14639],[8.36949,47.14562],[8.37453,47.14457],[8.37593,47.14439],[8.37705,47.14235],[8.37719,47.14059],[8.37897,47.14102],[8.38125,47.14057],[8.38331,47.14134],[8.38515,47.14111],[8.38755,47.14125],[8.3902,47.14068],[8.39117,47.14107],[8.39453,47.13984],[8.39711,47.14033],[8.3987,47.13919],[8.39929,47.13937],[8.40531,47.13956],[8.40641,47.13881],[8.40999,47.13992],[8.41194,47.14089],[8.41332,47.1419],[8.41485,47.14368],[8.41586,47.14592],[8.41603,47.14727],[8.41573,47.1492],[8.41523,47.15033],[8.41344,47.1535],[8.41307,47.15517],[8.41377,47.15674],[8.41564,47.15873],[8.41628,47.15991],[8.4165,47.16455],[8.41609,47.16684],[8.41317,47.17422],[8.41277,47.17496],[8.41116,47.17634],[8.40888,47.1771],[8.4045,47.17773],[8.40333,47.17839],[8.40155,47.18406],[8.40137,47.18676],[8.40199,47.18945],[8.40278,47.19124],[8.40548,47.19425],[8.40642,47.19616],[8.40641,47.19707],[8.40589,47.19841],[8.40362,47.20203],[8.40319,47.20325],[8.40263,47.20701],[8.4016,47.20967],[8.40156,47.21105],[8.40213,47.21518],[8.40168,47.21695],[8.40059,47.21825],[8.39855,47.21977],[8.39794,47.22051],[8.39741,47.22188],[8.39607,47.22639],[8.39617,47.22818],[8.39714,47.23022],[8.39816,47.23177],[8.39984,47.23335],[8.40575,47.2371],[8.40694,47.23806],[8.40759,47.23965],[8.4076,47.24131],[8.4085,47.24309],[8.41126,47.2458],[8.41208,47.2477],[8.4118,47.24889],[8.41119,47.24972]]],[[[8.43935,47.40893],[8.44049,47.40923],[8.44149,47.40989],[8.44096,47.41039],[8.43909,47.40944],[8.43935,47.40893]]]]},"properties":{"id":19,"name":"Aargau"}},
{"type":"Feature","geometry":{"type":"Polygon","coordinates":[[[8.93656,46.92116],[8.93723,46.92159],[8.93883,46.92165],[8.93909,46.92247],[8.94152,46.92368],[8.94394,46.92335],[8.94551,46.92437],[8.94698,46.92498],[8.94883,46.92538],[8.94938,46.92669],[8.95168,46.92671],[8.95269,46.92632],[8.95439,46.92647],[8.9555,46.92725],[8.95699,46.92736],[8.95849,46.92685],[8.95905,46.92719],[8.96221,46.9278],[8.96302,46.92761],[8.96438,46.92803],[8.96531,46.9296],[8.96519,46.93032],[8.96386,46.93231],[8.96225,46.93297],[8.96111,46.93252],[8.95868,46.93485],[8.95796,46.93589],[8.95961,46.93583],[8.95892,46.93712],[8.95716,46.93813],[8.95706,46.93937],[8.95651,46.94023],[8.95787,46.94157],[8.95775,46.94207],[8.95882,46.94391],[8.95856,46.94422],[8.95929,46.94545],[8.96068,46.94679],[8.96104,46.94814],[8.96245,46.94856],[8.96316,46.95175],[8.96308,46.95328],[8.96355,46.95512],[8.96554,46.95644],[8.96604,46.95733],[8.96745,46.95772],[8.96853,46.95892],[8.96939,46.95862],[8.97029,46.95919],[8.9723,46.95979],[8.97283,46.96117],[8.97171,46.96087],[8.9707,46.96118],[8.96987,46.96099],[8.96752,46.96167],[8.96662,46.96226],[8.96439,46.96224],[8.96272,46.96283],[8.96185,46.96273],[8.95986,46.96345],[8.95825,46.96365],[8.95507,46.96543],[8.95417,46.96713],[8.95298,46.96745],[8.95223,46.96816],[8.95117,46.96833],[8.95111,46.96898],[8.95027,46.96954],[8.94994,46.97042],[8.94882,46.96948],[8.94688,46.96847],[8.93651,46.98034],[8.93343,46.98362],[8.94021,46.98528],[8.9421,46.98603],[8.94276,46.98836],[8.9419,46.98876],[8.93976,46.98871],[8.93904,46.98773],[8.93757,46.98928],[8.93729,46.99032],[8.93647,46.98999],[8.93506,46.99083],[8.93489,46.99168],[8.93343,46.99239],[8.9332,46.99352],[8.93254,46.9949],[8.93165,46.99595],[8.93143,46.99687],[8.92984,46.99864],[8.92439,47.0017],[8.92394,47.0023],[8.92267,47.00269],[8.92215,47.00134],[8.92041,47.00261],[8.91824,47.00475],[8.91825,47.00675],[8.91662,47.00883],[8.91385,47.00984],[8.91276,47.01114],[8.91187,47.01563],[8.91231,47.01701],[8.91166,47.01836],[8.90658,47.02],[8.90131,47.02235],[8.89931,47.02194],[8.89783,47.02242],[8.89612,47.02222],[8.89428,47.02439],[8.89417,47.02496],[8.89643,47.02529],[8.89654,47.02665],[8.89909,47.02719],[8.90192,47.02746],[8.90479,47.02858],[8.90427,47.03011],[8.90448,47.03067],[8.90201,47.03334],[8.90245,47.03471],[8.90199,47.0354],[8.90171,47.03736],[8.90207,47.03845],[8.90432,47.03986],[8.90518,47.04002],[8.9073,47.03972],[8.9089,47.04059],[8.91058,47.04101],[8.91323,47.04062],[8.91581,47.04124],[8.91653,47.03984],[8.91847,47.03962],[8.91928,47.03923],[8.92319,47.03961],[8.92466,47.04013],[8.92563,47.04102],[8.93174,47.0434],[8.93455,47.04387],[8.93591,47.04442],[8.93811,47.04498],[8.93959,47.04615],[8.93978,47.04699],[8.94211,47.04894],[8.94323,47.04906],[8.94543,47.04972],[8.94665,47.05045],[8.94837,47.05028],[8.94926,47.05068],[8.95014,47.05323],[8.94998,47.05498],[8.95088,47.05633],[8.95079,47.05743],[8.95032,47.05784],[8.95082,47.05896],[8.95144,47.05936],[8.95217,47.06196],[8.95371,47.06273],[8.95372,47.06358],[8.95544,47.06637],[8.95737,47.06716],[8.95917,47.06896],[8.95994,47.07018],[8.96025,47.07121],[8.96115,47.07206],[8.96231,47.07196],[8.96296,47.0727],[8.96276,47.07382],[8.96316,47.07451],[8.9633,47.07606],[8.96202,47.07758],[8.96339,47.07781],[8.96629,47.0795],[8.96646,47.07992],[8.96795,47.08114],[8.96748,47.08216],[8.96923,47.08283],[8.97083,47.08393],[8.97452,47.08588],[8.97617,47.08644],[8.97718,47.08703],[8.97639,47.08765],[8.97533,47.08754],[8.97455,47.08817],[8.97256,47.08838],[8.96979,47.08846],[8.96665,47.08944],[8.96572,47.08955],[8.96199,47.09087],[8.95847,47.09116],[8.95776,47.09201],[8.9558,47.09196],[8.95506,47.09281],[8.95534,47.09558],[8.95633,47.09581],[8.95698,47.09661],[8.95797,47.09714],[8.95842,47.09896],[8.9593,47.09921],[8.9601,47.10068],[8.96088,47.10153],[8.96404,47.10239],[8.96456,47.10235],[8.96543,47.10331],[8.96859,47.10403],[8.97049,47.10482],[8.97184,47.1051],[8.97247,47.10596],[8.97149,47.10831],[8.97044,47.11001],[8.97231,47.11137],[8.97217,47.11376],[8.97305,47.11412],[8.97429,47.11509],[8.97488,47.11643],[8.97414,47.11817],[8.97309,47.11944],[8.97127,47.11956],[8.96898,47.12046],[8.96833,47.12051],[8.96649,47.12281],[8.96636,47.12344],[8.96708,47.12463],[8.96752,47.12634],[8.96885,47.12787],[8.96912,47.12967],[8.9696,47.13099],[8.97029,47.13152],[8.96982,47.13267],[8.96935,47.13487],[8.97057,47.13583],[8.96961,47.1371],[8.96859,47.13796],[8.97182,47.13957],[8.97297,47.13992],[8.97498,47.1417],[8.97598,47.14356],[8.97563,47.14451],[8.9765,47.14524],[8.99041,47.16082],[8.99283,47.1635],[8.99437,47.16501],[9.00592,47.17459],[9.00376,47.17611],[9.00322,47.1756],[8.99755,47.17786],[8.99879,47.17919],[8.99605,47.18052],[8.99205,47.18211],[8.9891,47.18306],[8.98571,47.18394],[8.98146,47.18465],[8.97975,47.18393],[8.97844,47.18392],[8.97826,47.18316],[8.97516,47.18362],[8.97451,47.18163],[8.97224,47.18197],[8.97167,47.18021],[8.9713,47.18015],[8.96334,47.18071],[8.96263,47.18387],[8.96305,47.18487],[8.963,47.18574],[8.96212,47.18672],[8.9615,47.1901],[8.95868,47.20078],[8.95878,47.20084],[8.96653,47.1995],[8.97027,47.21229],[8.97106,47.21283],[8.9755,47.21414],[8.97411,47.21631],[8.9728,47.2176],[8.97095,47.2185],[8.96951,47.21881],[8.96762,47.21884],[8.95827,47.21769],[8.95596,47.21768],[8.94261,47.21948],[8.90945,47.21605],[8.84954,47.20982],[8.84378,47.2095],[8.84089,47.20956],[8.83679,47.20986],[8.83123,47.21075],[8.82854,47.21139],[8.82535,47.21234],[8.82283,47.21326],[8.81982,47.21457],[8.81751,47.21576],[8.81386,47.21804],[8.81195,47.21949],[8.80978,47.22143],[8.79455,47.22391],[8.77836,47.22019],[8.74169,47.21292],[8.71817,47.20488],[8.71426,47.20438],[8.71125,47.20176],[8.70941,47.20229],[8.70628,47.20384],[8.7052,47.20364],[8.70415,47.20298],[8.70396,47.20106],[8.70455,47.20047],[8.70371,47.19944],[8.70077,47.19836],[8.6983,47.19792],[8.69698,47.19805],[8.69534,47.1977],[8.68877,47.18986],[8.68672,47.18788],[8.68468,47.18722],[8.68222,47.18541],[8.68249,47.18294],[8.68156,47.18122],[8.68159,47.18002],[8.68231,47.17927],[8.68386,47.17646],[8.68355,47.17593],[8.68426,47.17483],[8.68703,47.17285],[8.69136,47.17115],[8.69251,47.17035],[8.69238,47.16955],[8.69282,47.16816],[8.69321,47.16805],[8.69315,47.16585],[8.69335,47.16474],[8.69389,47.16482],[8.69698,47.16428],[8.69796,47.16149],[8.698,47.16065],[8.69928,47.16015],[8.69925,47.1581],[8.69985,47.1576],[8.70036,47.15635],[8.69972,47.15507],[8.7001,47.15382],[8.70202,47.15273],[8.70167,47.15229],[8.70022,47.15185],[8.69941,47.15098],[8.69862,47.15166],[8.69702,47.15141],[8.69641,47.15082],[8.69432,47.15011],[8.69344,47.14929],[8.69189,47.14921],[8.69132,47.14846],[8.68966,47.14742],[8.68905,47.14639],[8.68799,47.14542],[8.68672,47.14354],[8.68593,47.14326],[8.68536,47.14157],[8.68574,47.14009],[8.6864,47.13888],[8.68876,47.13826],[8.68758,47.13745],[8.68838,47.13661],[8.68862,47.13579],[8.68698,47.13603],[8.68555,47.13434],[8.6862,47.13357],[8.68633,47.13209],[8.68444,47.13029],[8.68352,47.12886],[8.68356,47.1273],[8.68266,47.12689],[8.68294,47.12635],[8.6797,47.12594],[8.67869,47.12542],[8.67813,47.1236],[8.67712,47.12341],[8.67519,47.12204],[8.67474,47.12223],[8.67315,47.12114],[8.67306,47.12035],[8.67187,47.12039],[8.67282,47.11935],[8.67215,47.11816],[8.67293,47.11742],[8.67234,47.11709],[8.66822,47.117],[8.6665,47.11631],[8.66389,47.11652],[8.66202,47.11637],[8.66095,47.11601],[8.6617,47.11316],[8.66093,47.11225],[8.65926,47.11152],[8.65683,47.10986],[8.65492,47.10919],[8.64663,47.10096],[8.64606,47.09719],[8.64333,47.09629],[8.64249,47.09571],[8.6418,47.09587],[8.63839,47.09466],[8.63578,47.09467],[8.63112,47.09513],[8.62708,47.0952],[8.62413,47.09604],[8.61293,47.0963],[8.60984,47.09578],[8.60859,47.09332],[8.60108,47.09187],[8.59933,47.09191],[8.59729,47.0928],[8.59438,47.09167],[8.59354,47.09092],[8.59206,47.09021],[8.59124,47.08773],[8.58847,47.08701],[8.5863,47.0868],[8.58467,47.08598],[8.58223,47.08532],[8.57978,47.08541],[8.57873,47.08581],[8.57541,47.08358],[8.57463,47.08335],[8.57143,47.08305],[8.57068,47.08254],[8.5668,47.08236],[8.56415,47.08323],[8.56363,47.08423],[8.56427,47.08523],[8.5646,47.0864],[8.56595,47.08806],[8.56502,47.0899],[8.56473,47.09328],[8.5636,47.09508],[8.56267,47.09499],[8.5595,47.09529],[8.55713,47.09476],[8.5538,47.09536],[8.54979,47.09499],[8.54829,47.09504],[8.54703,47.09574],[8.54533,47.09579],[8.54207,47.09398],[8.54191,47.0936],[8.53843,47.09314],[8.53674,47.09343],[8.53204,47.0928],[8.52683,47.09298],[8.52552,47.09176],[8.52437,47.09185],[8.52292,47.0913],[8.49417,47.10151],[8.47739,47.10747],[8.47651,47.10932],[8.47647,47.1127],[8.47452,47.1136],[8.47232,47.11302],[8.47171,47.11411],[8.46746,47.11271],[8.46596,47.11234],[8.46256,47.11272],[8.46233,47.11351],[8.46097,47.11326],[8.46036,47.11442],[8.45838,47.11375],[8.45801,47.11422],[8.45419,47.1153],[8.45112,47.11576],[8.45042,47.11471],[8.44973,47.1127],[8.4484,47.11243],[8.44603,47.1128],[8.44303,47.11276],[8.44259,47.11229],[8.43904,47.11089],[8.43826,47.11027],[8.43788,47.10894],[8.43885,47.10804],[8.43848,47.10759],[8.43727,47.10785],[8.43521,47.10719],[8.43262,47.10711],[8.43224,47.10676],[8.43011,47.10646],[8.42949,47.10606],[8.42746,47.10576],[8.42534,47.10515],[8.42196,47.10329],[8.4198,47.10172],[8.41845,47.10043],[8.41754,47.09925],[8.41579,47.09763],[8.41113,47.09483],[8.41035,47.09319],[8.41125,47.09212],[8.41024,47.09024],[8.4108,47.08985],[8.41116,47.08789],[8.41179,47.08727],[8.41039,47.08616],[8.41044,47.08485],[8.40956,47.08321],[8.4082,47.08205],[8.4082,47.08088],[8.40073,47.07662],[8.39933,47.07661],[8.39684,47.07522],[8.39593,47.07404],[8.39336,47.07344],[8.39002,47.07171],[8.38985,47.07107],[8.39068,47.06907],[8.39119,47.06471],[8.39186,47.06367],[8.39163,47.06266],[8.39335,47.06214],[8.39927,47.0613],[8.40034,47.06078],[8.43135,47.06675],[8.43306,47.0668],[8.43475,47.06614],[8.43519,47.06525],[8.43635,47.06533],[8.43752,47.06478],[8.43879,47.06512],[8.44052,47.06506],[8.4425,47.06441],[8.4471,47.06167],[8.44559,47.06058],[8.44703,47.05959],[8.45095,47.05818],[8.45467,47.05654],[8.46598,47.04975],[8.46947,47.04955],[8.47104,47.04881],[8.47998,47.04137],[8.48271,47.04002],[8.4849,47.03929],[8.48742,47.03641],[8.48935,47.0358],[8.49086,47.03476],[8.49156,47.03316],[8.49284,47.03253],[8.49555,47.03045],[8.49813,47.02996],[8.49854,47.02904],[8.49983,47.02838],[8.50173,47.02601],[8.50237,47.02564],[8.5042,47.02543],[8.50614,47.02577],[8.50921,47.02545],[8.51166,47.02475],[8.51462,47.02301],[8.51508,47.02137],[8.51518,47.01885],[8.51458,47.01745],[8.51453,47.01349],[8.51344,47.01127],[8.51243,47.01035],[8.51164,47.00809],[8.51202,47.00743],[8.51044,47.00674],[8.51017,47.00581],[8.5092,47.00576],[8.50626,47.00513],[8.50463,47.00447],[8.50189,47.00223],[8.50041,47.00221],[8.49599,47.00185],[8.49347,47.0006],[8.49184,47.00052],[8.48424,46.99807],[8.4825,46.99807],[8.48008,46.99754],[8.47655,46.99725],[8.47472,46.99687],[8.46928,46.99784],[8.46635,46.98559],[8.49775,46.97774],[8.52049,46.98113],[8.54382,46.98091],[8.57218,46.99147],[8.58355,46.99472],[8.59828,46.99153],[8.60428,46.98815],[8.60527,46.98365],[8.60232,46.97655],[8.60465,46.96987],[8.60553,46.95328],[8.62191,46.95382],[8.62354,46.95404],[8.62484,46.95382],[8.62839,46.95216],[8.62884,46.95158],[8.63032,46.95151],[8.63452,46.95102],[8.63593,46.9512],[8.63695,46.95093],[8.63781,46.95114],[8.63917,46.95079],[8.64193,46.95093],[8.64275,46.95045],[8.64408,46.9506],[8.64684,46.95028],[8.64946,46.94928],[8.65126,46.94904],[8.65338,46.94833],[8.65397,46.94838],[8.65806,46.94718],[8.65998,46.94773],[8.66313,46.94702],[8.66499,46.94695],[8.66805,46.94606],[8.66914,46.94595],[8.67056,46.94539],[8.67189,46.94542],[8.67477,46.94632],[8.67648,46.94623],[8.67821,46.94697],[8.68231,46.94744],[8.68545,46.94676],[8.68925,46.94773],[8.6912,46.94834],[8.69411,46.94829],[8.69524,46.94573],[8.69593,46.94501],[8.69755,46.94435],[8.69805,46.9435],[8.69772,46.94161],[8.69853,46.94096],[8.69884,46.93996],[8.70095,46.93611],[8.70103,46.93469],[8.70147,46.93396],[8.69768,46.93011],[8.69886,46.92832],[8.69884,46.92754],[8.69945,46.92684],[8.6998,46.92544],[8.70072,46.92428],[8.70201,46.92389],[8.70484,46.9226],[8.70596,46.92144],[8.70706,46.92089],[8.70881,46.91849],[8.70997,46.91844],[8.71043,46.91891],[8.7138,46.91993],[8.71577,46.91974],[8.71665,46.9194],[8.71782,46.91994],[8.71883,46.9198],[8.719,46.92055],[8.72058,46.92092],[8.72172,46.92176],[8.72166,46.92314],[8.723,46.92343],[8.72376,46.92443],[8.72518,46.92528],[8.72573,46.92653],[8.72657,46.92657],[8.72981,46.92824],[8.73062,46.92952],[8.73199,46.92946],[8.73375,46.93105],[8.7349,46.93153],[8.73697,46.93156],[8.73827,46.93348],[8.73898,46.93379],[8.74054,46.93308],[8.74184,46.93389],[8.74327,46.93334],[8.74478,46.93367],[8.74625,46.9348],[8.7463,46.93652],[8.75028,46.93498],[8.75233,46.93575],[8.75746,46.93789],[8.75798,46.93752],[8.75921,46.93827],[8.76251,46.93901],[8.76341,46.93969],[8.76637,46.94004],[8.76777,46.94143],[8.77004,46.94168],[8.77209,46.94281],[8.77564,46.94099],[8.77546,46.93957],[8.779,46.93444],[8.78043,46.93382],[8.78221,46.93373],[8.78319,46.93325],[8.7862,46.93244],[8.78749,46.93226],[8.78891,46.93166],[8.79313,46.93209],[8.79296,46.93302],[8.79555,46.93441],[8.79739,46.936],[8.79718,46.93677],[8.79914,46.93804],[8.80442,46.93965],[8.80535,46.93963],[8.80992,46.94158],[8.81187,46.94276],[8.81536,46.93993],[8.82124,46.93869],[8.82229,46.93755],[8.82523,46.93717],[8.82794,46.93702],[8.8285,46.93541],[8.82834,46.93496],[8.82987,46.93414],[8.83101,46.93292],[8.83125,46.93177],[8.83079,46.92931],[8.82992,46.92781],[8.82961,46.92633],[8.83095,46.92537],[8.83001,46.92417],[8.82867,46.92372],[8.82895,46.92065],[8.82986,46.91924],[8.8313,46.91804],[8.83461,46.91275],[8.83642,46.91104],[8.83729,46.90898],[8.84078,46.90964],[8.84373,46.91073],[8.84537,46.91265],[8.84733,46.91341],[8.8483,46.91447],[8.84998,46.91407],[8.85058,46.91244],[8.85056,46.90996],[8.85005,46.90898],[8.84998,46.90781],[8.84941,46.90653],[8.84976,46.90485],[8.8494,46.90369],[8.85037,46.90141],[8.84966,46.89668],[8.84894,46.89426],[8.84901,46.8923],[8.85077,46.88952],[8.85435,46.88671],[8.85594,46.88705],[8.85566,46.8884],[8.85712,46.88984],[8.85976,46.89051],[8.8616,46.8918],[8.8624,46.89309],[8.8622,46.89436],[8.86301,46.89604],[8.86666,46.8964],[8.86781,46.89624],[8.8697,46.89552],[8.87229,46.89533],[8.87256,46.8958],[8.8756,46.89628],[8.8822,46.89919],[8.88369,46.90039],[8.88467,46.9021],[8.88815,46.90366],[8.8935,46.90431],[8.89449,46.90407],[8.89636,46.90423],[8.8972,46.90582],[8.89843,46.90561],[8.89961,46.90584],[8.90039,46.90708],[8.89997,46.90764],[8.90414,46.90953],[8.90651,46.90975],[8.90863,46.90878],[8.90859,46.91017],[8.91082,46.91001],[8.91152,46.91092],[8.91241,46.91145],[8.9125,46.91203],[8.91526,46.91287],[8.91614,46.91238],[8.91807,46.91338],[8.91839,46.91409],[8.92069,46.91537],[8.92194,46.91525],[8.92318,46.91656],[8.92402,46.91699],[8.92529,46.91681],[8.92768,46.91734],[8.93136,46.91915],[8.93313,46.91959],[8.93466,46.92063],[8.93584,46.92059],[8.93656,46.92116]]]},"properties":{"id":5,"name":"Schwyz"}},
{"type":"Feature","geometry":{"type":"Polygon","coordinates":[[[8.94473,47.37727],[8.94294,47.37912],[8.94233,47.37948],[8.9414,47.38088],[8.94142,47.38149],[8.94283,47.38339],[8.94377,47.38395],[8.94476,47.38515],[8.94475,47.38692],[8.94368,47.38764],[8.94275,47.38868],[8.93944,47.39002],[8.93753,47.3915],[8.93503,47.39203],[8.93306,47.39284],[8.93133,47.39401],[8.93131,47.39447],[8.92895,47.3957],[8.92834,47.39649],[8.92859,47.39721],[8.92722,47.39823],[8.9257,47.39885],[8.92435,47.39977],[8.92193,47.40086],[8.91754,47.40135],[8.91485,47.40178],[8.91462,47.40256],[8.91341,47.40227],[8.91056,47.40264],[8.90819,47.40237],[8.90762,47.40271],[8.90466,47.40342],[8.90561,47.40423],[8.90575,47.40619],[8.90775,47.40834],[8.90853,47.40877],[8.91067,47.41049],[8.91081,47.41179],[8.91199,47.41327],[8.91389,47.41421],[8.91402,47.41615],[8.91355,47.41692],[8.91387,47.41806],[8.91503,47.41944],[8.91438,47.42053],[8.91362,47.42257],[8.91289,47.42341],[8.91235,47.42494],[8.91299,47.42545],[8.91293,47.42661],[8.91504,47.42814],[8.91593,47.42837],[8.91581,47.42909],[8.91352,47.42993],[8.90981,47.43096],[8.90886,47.43165],[8.90894,47.4327],[8.91036,47.43359],[8.91097,47.43438],[8.91226,47.43513],[8.91347,47.43512],[8.91381,47.43414],[8.91481,47.4329],[8.91607,47.43372],[8.9182,47.43454],[8.91927,47.43377],[8.92097,47.43438],[8.92329,47.43436],[8.92584,47.43358],[8.92706,47.43289],[8.92973,47.43287],[8.93037,47.43345],[8.93123,47.43295],[8.93229,47.43347],[8.93295,47.43468],[8.93429,47.43559],[8.93232,47.43667],[8.92818,47.43678],[8.92635,47.43615],[8.9255,47.43644],[8.92285,47.43624],[8.92117,47.43676],[8.92001,47.43763],[8.91816,47.43793],[8.91721,47.43782],[8.91577,47.4381],[8.91464,47.43793],[8.91236,47.43797],[8.90801,47.44016],[8.90823,47.44093],[8.90678,47.44221],[8.90676,47.44292],[8.9041,47.44513],[8.90385,47.44561],[8.9056,47.4466],[8.90678,47.44815],[8.90728,47.44809],[8.91018,47.4491],[8.90866,47.45107],[8.908,47.45226],[8.90688,47.45263],[8.90637,47.4535],[8.90474,47.45482],[8.90154,47.45597],[8.90045,47.45728],[8.8991,47.45927],[8.89943,47.45965],[8.89697,47.46074],[8.89663,47.46131],[8.89753,47.46203],[8.89681,47.46411],[8.89551,47.4644],[8.89524,47.46496],[8.89317,47.46558],[8.89304,47.46593],[8.89489,47.46656],[8.89302,47.46724],[8.89202,47.46915],[8.89179,47.47063],[8.88829,47.47094],[8.8877,47.4714],[8.88596,47.47103],[8.88477,47.47151],[8.8852,47.47213],[8.88451,47.47252],[8.88581,47.47383],[8.88574,47.4751],[8.88296,47.47585],[8.883,47.4763],[8.88585,47.47817],[8.8861,47.47864],[8.88567,47.48033],[8.88676,47.48206],[8.88649,47.48308],[8.8893,47.48386],[8.88982,47.48369],[8.89157,47.48434],[8.89555,47.48549],[8.89803,47.48596],[8.89889,47.48648],[8.89879,47.48734],[8.89798,47.48927],[8.89601,47.48996],[8.894,47.48979],[8.89473,47.49564],[8.89456,47.49878],[8.89378,47.49889],[8.89387,47.50194],[8.89478,47.50203],[8.89621,47.50407],[8.89644,47.50498],[8.89766,47.50553],[8.89827,47.50632],[8.89744,47.50706],[8.89867,47.50916],[8.8985,47.51196],[8.89881,47.51262],[8.89819,47.51312],[8.89757,47.5145],[8.89783,47.51696],[8.89813,47.51743],[8.8978,47.51868],[8.89829,47.51906],[8.8965,47.52062],[8.89774,47.5217],[8.89843,47.52284],[8.89951,47.5254],[8.89896,47.52539],[8.89795,47.52699],[8.89324,47.52816],[8.89109,47.52816],[8.8892,47.52884],[8.88879,47.52977],[8.88755,47.52931],[8.88674,47.52956],[8.88464,47.53077],[8.8825,47.52983],[8.88126,47.529],[8.88159,47.52841],[8.8755,47.53071],[8.87291,47.53131],[8.87001,47.53176],[8.86658,47.53188],[8.85917,47.53173],[8.85861,47.53206],[8.8569,47.53181],[8.85643,47.53271],[8.85198,47.53247],[8.8482,47.5327],[8.84521,47.53325],[8.84211,47.53402],[8.84237,47.53655],[8.84179,47.53724],[8.84235,47.53825],[8.84189,47.53876],[8.84053,47.5386],[8.84117,47.53981],[8.84113,47.54071],[8.83934,47.54076],[8.83974,47.54157],[8.83833,47.54264],[8.83742,47.54425],[8.83566,47.54434],[8.83484,47.54583],[8.83523,47.54641],[8.83391,47.54741],[8.83443,47.54801],[8.83342,47.54877],[8.83325,47.54947],[8.83392,47.55014],[8.83304,47.55046],[8.83291,47.5513],[8.83193,47.55192],[8.83098,47.5531],[8.8319,47.55347],[8.83073,47.55491],[8.82917,47.55733],[8.83087,47.55768],[8.83064,47.55898],[8.83274,47.5592],[8.8392,47.55865],[8.84138,47.55926],[8.84191,47.55983],[8.8418,47.56075],[8.84282,47.5614],[8.84392,47.56168],[8.84742,47.56213],[8.84883,47.56203],[8.85231,47.56225],[8.8521,47.56504],[8.84548,47.56463],[8.84608,47.56748],[8.84335,47.56778],[8.84292,47.56729],[8.84044,47.56679],[8.84044,47.56985],[8.83899,47.56998],[8.84,47.57258],[8.83241,47.57478],[8.83179,47.57413],[8.8312,47.57248],[8.825,47.57387],[8.82367,47.57444],[8.8232,47.57299],[8.82163,47.57379],[8.82085,47.57277],[8.81848,47.57331],[8.81778,47.57155],[8.81495,47.57157],[8.80859,47.57296],[8.80928,47.57571],[8.80597,47.57639],[8.80681,47.57849],[8.80645,47.57866],[8.80739,47.58089],[8.80232,47.58189],[8.80333,47.58403],[8.80369,47.58424],[8.80673,47.58353],[8.80723,47.58453],[8.76873,47.59351],[8.76645,47.59394],[8.76379,47.59421],[8.75754,47.59427],[8.7494,47.5937],[8.74846,47.59651],[8.74845,47.59709],[8.74685,47.59771],[8.74696,47.59807],[8.74853,47.59906],[8.74914,47.59998],[8.7492,47.60101],[8.74996,47.60143],[8.74748,47.60173],[8.74778,47.6023],[8.74589,47.60366],[8.74508,47.6039],[8.74455,47.60479],[8.74328,47.60601],[8.74304,47.60696],[8.74344,47.60763],[8.74314,47.60873],[8.74057,47.60943],[8.74083,47.6099],[8.74128,47.61319],[8.74382,47.61325],[8.74425,47.61437],[8.74699,47.61434],[8.74682,47.61799],[8.74764,47.61938],[8.74711,47.62119],[8.74708,47.62255],[8.7476,47.6233],[8.7493,47.62443],[8.75069,47.62288],[8.75104,47.62195],[8.75204,47.62112],[8.75497,47.6199],[8.75622,47.61915],[8.75639,47.61842],[8.7576,47.61818],[8.75917,47.61934],[8.76006,47.61963],[8.76336,47.61948],[8.76787,47.61794],[8.77074,47.61649],[8.7736,47.61582],[8.77366,47.61641],[8.77572,47.61625],[8.77648,47.61566],[8.77636,47.61499],[8.7778,47.61467],[8.7787,47.61405],[8.78063,47.61409],[8.78076,47.6137],[8.78237,47.6134],[8.78541,47.61216],[8.78794,47.61093],[8.7898,47.61068],[8.79098,47.6108],[8.79145,47.60982],[8.78988,47.60821],[8.78932,47.60554],[8.78997,47.60483],[8.79486,47.60389],[8.79826,47.60393],[8.80007,47.60361],[8.80153,47.603],[8.80387,47.6025],[8.80286,47.60435],[8.80419,47.60598],[8.80421,47.6082],[8.80514,47.60941],[8.80449,47.60988],[8.80531,47.61082],[8.80526,47.61302],[8.80623,47.61512],[8.80793,47.61558],[8.80955,47.61543],[8.80987,47.6165],[8.81163,47.61653],[8.81252,47.61777],[8.81435,47.61792],[8.81458,47.61853],[8.81337,47.61901],[8.81404,47.61959],[8.81273,47.62036],[8.81416,47.62093],[8.81404,47.62202],[8.81547,47.6225],[8.81427,47.62298],[8.81413,47.62344],[8.81289,47.62404],[8.81349,47.62579],[8.8145,47.62551],[8.81471,47.627],[8.81414,47.62699],[8.8143,47.62876],[8.81524,47.62858],[8.81571,47.62932],[8.81662,47.62921],[8.817,47.6301],[8.81878,47.62964],[8.81903,47.63112],[8.82142,47.63069],[8.82258,47.63291],[8.82414,47.6345],[8.82496,47.6346],[8.82587,47.63528],[8.82493,47.63581],[8.82586,47.63671],[8.82656,47.6387],[8.82789,47.63927],[8.82858,47.64045],[8.82893,47.64238],[8.82803,47.64383],[8.82814,47.64477],[8.82705,47.64569],[8.82751,47.6475],[8.82737,47.64834],[8.82633,47.64865],[8.82445,47.64966],[8.82213,47.65032],[8.81956,47.65043],[8.81668,47.65119],[8.81583,47.6511],[8.81257,47.65252],[8.81112,47.65302],[8.80891,47.65317],[8.80604,47.65363],[8.80639,47.65612],[8.80549,47.65638],[8.80617,47.65996],[8.80612,47.6618],[8.8046,47.66203],[8.80522,47.66379],[8.80536,47.66529],[8.80643,47.66559],[8.80644,47.66612],[8.80514,47.66654],[8.80303,47.66664],[8.80086,47.66631],[8.7979,47.66636],[8.79416,47.66607],[8.7924,47.66623],[8.78972,47.66676],[8.78896,47.66452],[8.78777,47.66213],[8.78774,47.6595],[8.78705,47.65908],[8.78719,47.6566],[8.78659,47.65647],[8.78364,47.65389],[8.78224,47.65312],[8.77972,47.65242],[8.77874,47.65173],[8.77842,47.65101],[8.77737,47.65024],[8.77574,47.65015],[8.77378,47.65133],[8.77208,47.65123],[8.76979,47.65156],[8.76788,47.6505],[8.76588,47.64992],[8.76372,47.6477],[8.76102,47.64694],[8.76,47.64536],[8.75902,47.64457],[8.75683,47.64448],[8.75636,47.64341],[8.75329,47.64378],[8.75323,47.64263],[8.75085,47.64285],[8.74936,47.64218],[8.74838,47.64004],[8.74651,47.64083],[8.74454,47.64116],[8.74451,47.64277],[8.74414,47.6438],[8.73925,47.64326],[8.73748,47.64371],[8.7361,47.64257],[8.73182,47.64364],[8.7308,47.64421],[8.72749,47.64426],[8.72583,47.64445],[8.72467,47.64325],[8.72149,47.64329],[8.72086,47.64249],[8.71839,47.6432],[8.71745,47.64456],[8.71591,47.64448],[8.71536,47.64577],[8.71267,47.64517],[8.7117,47.64471],[8.71008,47.64334],[8.70484,47.64547],[8.70409,47.64637],[8.7022,47.6472],[8.70152,47.64842],[8.69983,47.64841],[8.69953,47.64911],[8.69591,47.64945],[8.69432,47.64941],[8.69153,47.65082],[8.68918,47.65142],[8.68938,47.65265],[8.68787,47.65495],[8.68578,47.65479],[8.68578,47.65655],[8.6843,47.65707],[8.68334,47.65883],[8.68161,47.65953],[8.68043,47.66104],[8.68078,47.66218],[8.67886,47.66398],[8.67858,47.66564],[8.67863,47.66724],[8.67987,47.66722],[8.68023,47.66814],[8.67992,47.66994],[8.67878,47.66979],[8.67828,47.67118],[8.67815,47.67289],[8.6769,47.67373],[8.67486,47.67424],[8.67041,47.67619],[8.66914,47.67854],[8.67056,47.68173],[8.67086,47.68301],[8.67056,47.68433],[8.67059,47.68625],[8.66457,47.68718],[8.6643,47.6867],[8.66093,47.68762],[8.65581,47.69008],[8.65215,47.69233],[8.64712,47.69501],[8.64442,47.69575],[8.64243,47.6958],[8.63917,47.69468],[8.63187,47.69343],[8.62917,47.69334],[8.62688,47.69265],[8.62627,47.69307],[8.62529,47.69199],[8.62525,47.6909],[8.62751,47.68425],[8.62839,47.68249],[8.62851,47.68154],[8.62792,47.67988],[8.6273,47.67901],[8.62549,47.67787],[8.62166,47.6766],[8.62047,47.67645],[8.61896,47.67693],[8.61801,47.67829],[8.61689,47.67932],[8.61475,47.67994],[8.61216,47.6774],[8.61147,47.67604],[8.61079,47.67341],[8.60924,47.674],[8.60767,47.67162],[8.60734,47.67006],[8.60806,47.66786],[8.60924,47.66554],[8.60995,47.66481],[8.61398,47.6622],[8.61569,47.66296],[8.61998,47.661],[8.62352,47.65896],[8.62845,47.65547],[8.62945,47.6545],[8.63001,47.65338],[8.63006,47.65136],[8.62971,47.65016],[8.62851,47.64845],[8.62615,47.64412],[8.62512,47.64288],[8.62381,47.64178],[8.62224,47.64084],[8.61958,47.63978],[8.61671,47.6391],[8.61239,47.63863],[8.60818,47.63846],[8.60581,47.63914],[8.6046,47.64012],[8.60447,47.64171],[8.60566,47.64282],[8.60707,47.64302],[8.60888,47.64289],[8.61194,47.64326],[8.61394,47.64428],[8.61495,47.64544],[8.61529,47.64728],[8.61485,47.64927],[8.61353,47.65133],[8.61246,47.65225],[8.61042,47.65332],[8.60885,47.65381],[8.60756,47.65387],[8.60612,47.65324],[8.60511,47.65209],[8.60422,47.65019],[8.60395,47.64887],[8.60314,47.64766],[8.60134,47.64652],[8.59831,47.64548],[8.59737,47.64486],[8.59665,47.64374],[8.59644,47.64273],[8.59662,47.64109],[8.59783,47.63738],[8.5979,47.63399],[8.59806,47.63221],[8.59957,47.62756],[8.60079,47.62517],[8.60258,47.62262],[8.60532,47.61936],[8.60622,47.61775],[8.60639,47.61614],[8.60559,47.61369],[8.6036,47.61158],[8.60021,47.60919],[8.59797,47.60802],[8.59687,47.607],[8.59634,47.6059],[8.59557,47.60317],[8.59558,47.60145],[8.59621,47.59971],[8.59562,47.59803],[8.5943,47.59708],[8.59327,47.59674],[8.58733,47.59548],[8.58393,47.59432],[8.58208,47.59321],[8.5807,47.59211],[8.57959,47.59088],[8.5785,47.58885],[8.57824,47.58698],[8.57842,47.58542],[8.5797,47.58244],[8.58107,47.58022],[8.58135,47.57924],[8.58105,47.57817],[8.5795,47.57744],[8.57633,47.57712],[8.57422,47.57652],[8.57316,47.57576],[8.57158,47.5734],[8.57099,47.57198],[8.57043,47.56806],[8.56898,47.56456],[8.56772,47.5627],[8.56561,47.56044],[8.56259,47.55682],[8.56028,47.55454],[8.55821,47.55377],[8.55694,47.5538],[8.55541,47.55441],[8.55285,47.55663],[8.55199,47.55772],[8.55172,47.56003],[8.55088,47.56322],[8.54961,47.56555],[8.54792,47.56758],[8.54672,47.56872],[8.54273,47.57131],[8.54362,47.57186],[8.54554,47.57255],[8.54736,47.5727],[8.54795,47.57372],[8.54684,47.57433],[8.54753,47.57555],[8.54636,47.57613],[8.54514,47.57629],[8.54434,47.57593],[8.54166,47.57615],[8.5407,47.57577],[8.53623,47.57661],[8.53617,47.57718],[8.53807,47.57819],[8.53791,47.5788],[8.53869,47.57935],[8.541,47.57904],[8.54128,47.5796],[8.54037,47.58011],[8.53838,47.58071],[8.53703,47.58084],[8.53681,47.58222],[8.53568,47.58254],[8.53584,47.58308],[8.5347,47.58355],[8.53548,47.58431],[8.53814,47.58482],[8.53774,47.58603],[8.53649,47.58851],[8.53817,47.58876],[8.53931,47.5897],[8.54051,47.59012],[8.54212,47.59146],[8.54585,47.5929],[8.54874,47.59412],[8.55159,47.59365],[8.55402,47.59434],[8.5564,47.59544],[8.557,47.59602],[8.55692,47.59781],[8.55743,47.59903],[8.55817,47.59893],[8.55959,47.59979],[8.56149,47.60057],[8.56301,47.60054],[8.56422,47.60084],[8.56279,47.60269],[8.56504,47.60425],[8.56618,47.60583],[8.56716,47.60658],[8.56756,47.60748],[8.56772,47.60944],[8.56753,47.61125],[8.57114,47.61221],[8.57391,47.61225],[8.57545,47.61304],[8.57555,47.61368],[8.57237,47.61388],[8.57135,47.61629],[8.5718,47.61665],[8.57048,47.61859],[8.56939,47.61836],[8.567,47.61839],[8.56407,47.61809],[8.56321,47.61984],[8.56313,47.62066],[8.5622,47.62152],[8.56245,47.6222],[8.56103,47.62252],[8.56037,47.62329],[8.55947,47.62537],[8.55904,47.62585],[8.55668,47.62609],[8.55377,47.62616],[8.55166,47.62675],[8.55071,47.62655],[8.54876,47.62686],[8.54547,47.62655],[8.54406,47.62844],[8.53983,47.62768],[8.54044,47.62971],[8.54009,47.63236],[8.53935,47.63258],[8.53795,47.63228],[8.53578,47.63268],[8.5338,47.63283],[8.53287,47.63331],[8.52677,47.6331],[8.52563,47.63376],[8.523,47.63479],[8.5219,47.63571],[8.5184,47.63564],[8.51679,47.63518],[8.51693,47.63395],[8.51767,47.63344],[8.51642,47.63269],[8.51616,47.63092],[8.51692,47.63016],[8.51593,47.6292],[8.51649,47.62852],[8.51398,47.62699],[8.514,47.62631],[8.5162,47.62595],[8.51632,47.62507],[8.51432,47.62469],[8.51202,47.62468],[8.50857,47.62521],[8.50938,47.62345],[8.50918,47.62121],[8.50948,47.62029],[8.50835,47.61966],[8.50948,47.61891],[8.5068,47.6185],[8.50423,47.61866],[8.50321,47.61795],[8.50203,47.61786],[8.49446,47.61583],[8.4896,47.61645],[8.48819,47.61574],[8.48574,47.61614],[8.48526,47.6154],[8.48442,47.61506],[8.4826,47.61571],[8.48119,47.61647],[8.48034,47.6166],[8.47912,47.61495],[8.47979,47.61472],[8.47977,47.61357],[8.47927,47.61237],[8.47616,47.60911],[8.47503,47.60983],[8.47199,47.61003],[8.47128,47.6097],[8.47257,47.6084],[8.47118,47.60682],[8.46927,47.60678],[8.46967,47.60525],[8.46758,47.60434],[8.46477,47.60365],[8.46037,47.60344],[8.45782,47.60371],[8.45767,47.6013],[8.45816,47.59877],[8.45924,47.59838],[8.46038,47.59747],[8.46114,47.59641],[8.46172,47.59472],[8.46236,47.59406],[8.46181,47.59238],[8.46166,47.58977],[8.46374,47.58984],[8.46383,47.5894],[8.46594,47.5894],[8.46799,47.58564],[8.46933,47.5853],[8.47033,47.58542],[8.47147,47.58602],[8.47485,47.5858],[8.47658,47.58592],[8.48068,47.58674],[8.48217,47.58659],[8.48289,47.5874],[8.48441,47.58831],[8.4884,47.58881],[8.48983,47.58922],[8.49149,47.58782],[8.49528,47.58363],[8.49588,47.58242],[8.49333,47.5817],[8.4882,47.57911],[8.48681,47.57862],[8.48448,47.57852],[8.48134,47.57927],[8.47976,47.57947],[8.47817,47.57929],[8.47676,47.57876],[8.47049,47.57539],[8.46682,47.57395],[8.46519,47.57356],[8.46173,47.57346],[8.45816,47.57386],[8.45702,47.57375],[8.45459,47.57301],[8.45051,47.57212],[8.44734,47.57101],[8.44071,47.56896],[8.43824,47.56844],[8.43344,47.56794],[8.43157,47.56803],[8.42887,47.56854],[8.4268,47.56925],[8.4247,47.56782],[8.41987,47.56655],[8.4196,47.5654],[8.41799,47.56232],[8.41898,47.56211],[8.41868,47.56144],[8.4188,47.55984],[8.41743,47.55923],[8.41749,47.55869],[8.41674,47.55708],[8.41557,47.55528],[8.41589,47.55456],[8.41573,47.55338],[8.41806,47.55165],[8.41652,47.55063],[8.41619,47.54989],[8.41665,47.54911],[8.41852,47.54727],[8.41383,47.54763],[8.41367,47.54709],[8.41153,47.54687],[8.40981,47.54526],[8.40862,47.54489],[8.4085,47.54408],[8.40753,47.54337],[8.40622,47.54324],[8.40717,47.54174],[8.40524,47.54061],[8.40543,47.53977],[8.40413,47.53997],[8.40296,47.54118],[8.40243,47.53962],[8.40341,47.53887],[8.40554,47.5357],[8.40496,47.53483],[8.40368,47.53462],[8.40149,47.53461],[8.39678,47.53347],[8.39597,47.53286],[8.39624,47.53054],[8.39684,47.5297],[8.39578,47.52878],[8.39444,47.5271],[8.39319,47.52677],[8.39177,47.52766],[8.39,47.52769],[8.39094,47.52872],[8.3886,47.52969],[8.38776,47.53026],[8.38624,47.53003],[8.38464,47.52907],[8.38327,47.52766],[8.38251,47.5263],[8.38242,47.5244],[8.38205,47.52263],[8.38155,47.52134],[8.3817,47.51987],[8.38148,47.51735],[8.38038,47.51726],[8.38076,47.51629],[8.37991,47.51505],[8.37817,47.51377],[8.37577,47.51356],[8.3749,47.5124],[8.3727,47.51317],[8.37151,47.51288],[8.36977,47.51358],[8.36931,47.51257],[8.36768,47.51293],[8.36732,47.51219],[8.36481,47.51229],[8.36234,47.51148],[8.36196,47.51026],[8.36276,47.50921],[8.36041,47.50772],[8.35994,47.50687],[8.36027,47.50589],[8.35895,47.50385],[8.35998,47.50243],[8.36091,47.5022],[8.36401,47.50254],[8.36391,47.50165],[8.36327,47.50094],[8.36169,47.50022],[8.35955,47.49886],[8.36153,47.49748],[8.36219,47.49656],[8.363,47.49279],[8.36378,47.49194],[8.36318,47.48992],[8.36311,47.48712],[8.36387,47.48461],[8.36438,47.48223],[8.36739,47.48248],[8.3722,47.48267],[8.37437,47.48285],[8.37531,47.48183],[8.37522,47.47953],[8.3747,47.47624],[8.37522,47.47565],[8.37542,47.47439],[8.3764,47.47302],[8.37643,47.47251],[8.37278,47.4715],[8.37089,47.47182],[8.36914,47.47179],[8.36863,47.47079],[8.36917,47.47045],[8.36895,47.46957],[8.36688,47.4689],[8.36679,47.46759],[8.36832,47.46713],[8.36996,47.46718],[8.37056,47.46671],[8.37064,47.46478],[8.37212,47.46317],[8.37326,47.46244],[8.37395,47.46055],[8.3757,47.46075],[8.37897,47.46086],[8.38011,47.46054],[8.38056,47.45859],[8.38143,47.45757],[8.38384,47.4577],[8.38422,47.4565],[8.38554,47.45629],[8.38541,47.45526],[8.38603,47.45503],[8.38672,47.45316],[8.38777,47.45111],[8.38685,47.45062],[8.38287,47.45007],[8.38328,47.44785],[8.38223,47.4476],[8.38279,47.44552],[8.38307,47.44186],[8.38491,47.44128],[8.38558,47.43977],[8.38494,47.43955],[8.38509,47.43871],[8.38615,47.4381],[8.38615,47.43731],[8.38504,47.43632],[8.3851,47.43593],[8.38398,47.43428],[8.38215,47.43468],[8.38196,47.43413],[8.37926,47.43477],[8.3782,47.4352],[8.37729,47.43486],[8.37632,47.43369],[8.37577,47.43362],[8.37619,47.43204],[8.37711,47.43127],[8.37923,47.43059],[8.38125,47.43043],[8.38437,47.42947],[8.38874,47.42933],[8.38906,47.42813],[8.39013,47.42685],[8.39221,47.42506],[8.3933,47.42348],[8.39299,47.42168],[8.39173,47.42037],[8.38866,47.41773],[8.38491,47.4194],[8.38287,47.41763],[8.38637,47.41579],[8.38291,47.41275],[8.38222,47.41145],[8.38285,47.40967],[8.38573,47.40758],[8.3838,47.40615],[8.38311,47.40489],[8.38036,47.40378],[8.37729,47.40617],[8.37491,47.40585],[8.37171,47.40519],[8.37019,47.40468],[8.36915,47.40278],[8.36853,47.40211],[8.36693,47.40388],[8.36601,47.40366],[8.3636,47.40368],[8.36439,47.40237],[8.36536,47.40193],[8.36615,47.40088],[8.36749,47.40019],[8.36856,47.40017],[8.36996,47.40063],[8.37518,47.4004],[8.3764,47.40072],[8.37741,47.40138],[8.37959,47.40142],[8.38102,47.401],[8.38183,47.4],[8.38163,47.39965],[8.38272,47.39859],[8.38375,47.39798],[8.38359,47.39678],[8.38609,47.39654],[8.38759,47.39663],[8.3891,47.397],[8.39087,47.39601],[8.39302,47.39721],[8.39418,47.39624],[8.39501,47.39635],[8.39589,47.39489],[8.39746,47.39519],[8.39756,47.394],[8.39688,47.39291],[8.3952,47.39239],[8.39603,47.39153],[8.396,47.38846],[8.39647,47.38754],[8.39591,47.38687],[8.39619,47.38573],[8.39597,47.38464],[8.39655,47.38306],[8.39608,47.38255],[8.39767,47.38043],[8.3975,47.37841],[8.39946,47.3765],[8.40188,47.37557],[8.40114,47.37463],[8.40167,47.37288],[8.40148,47.37188],[8.40299,47.37201],[8.40409,47.37136],[8.40815,47.37159],[8.40896,47.37113],[8.40821,47.37016],[8.4084,47.36923],[8.40931,47.36801],[8.40746,47.36733],[8.40605,47.36546],[8.4072,47.36427],[8.40797,47.36267],[8.4079,47.36148],[8.40828,47.3612],[8.40789,47.35936],[8.40847,47.35841],[8.40857,47.35682],[8.41038,47.35645],[8.40946,47.35492],[8.40689,47.35245],[8.4067,47.3502],[8.40578,47.34932],[8.40498,47.34793],[8.40603,47.34654],[8.40779,47.34539],[8.40806,47.34365],[8.40843,47.34294],[8.40959,47.34268],[8.41166,47.34158],[8.4125,47.34046],[8.41483,47.3394],[8.41587,47.3382],[8.4175,47.33848],[8.41776,47.33805],[8.41698,47.33707],[8.41788,47.33575],[8.41785,47.33516],[8.41507,47.33206],[8.41451,47.33007],[8.4137,47.32992],[8.41354,47.32848],[8.41432,47.32776],[8.41636,47.32761],[8.41671,47.32642],[8.4174,47.32582],[8.42015,47.32609],[8.42202,47.32679],[8.42599,47.32775],[8.42869,47.32796],[8.43055,47.32872],[8.43236,47.32789],[8.43278,47.32834],[8.43589,47.32668],[8.43784,47.32811],[8.44033,47.32841],[8.44171,47.32901],[8.4432,47.32878],[8.44466,47.33058],[8.44547,47.3303],[8.44736,47.33117],[8.45097,47.33185],[8.452,47.33396],[8.45212,47.33498],[8.45408,47.33461],[8.45524,47.33611],[8.45623,47.33544],[8.45608,47.33477],[8.45485,47.33301],[8.45267,47.3305],[8.45353,47.33006],[8.44963,47.32733],[8.45108,47.32687],[8.44973,47.32563],[8.45029,47.32471],[8.44878,47.32328],[8.44778,47.32297],[8.44691,47.32135],[8.4435,47.31973],[8.4416,47.31894],[8.44244,47.31718],[8.43952,47.31652],[8.43733,47.31655],[8.43708,47.31552],[8.43384,47.31353],[8.43317,47.3129],[8.43331,47.31003],[8.43211,47.30916],[8.43039,47.3086],[8.43096,47.30718],[8.43188,47.30656],[8.43145,47.30507],[8.42966,47.30251],[8.43025,47.30203],[8.42643,47.30067],[8.42269,47.29913],[8.42101,47.29787],[8.42135,47.29706],[8.42001,47.29603],[8.41818,47.29516],[8.41642,47.29521],[8.41392,47.29432],[8.4075,47.29373],[8.4047,47.29312],[8.40518,47.29213],[8.40264,47.29086],[8.39834,47.28926],[8.3962,47.29064],[8.39542,47.29137],[8.39381,47.29227],[8.39234,47.29236],[8.38975,47.29138],[8.39223,47.2888],[8.39419,47.28478],[8.39526,47.28102],[8.39611,47.27944],[8.3976,47.27808],[8.40193,47.27521],[8.4028,47.27447],[8.40355,47.27268],[8.40338,47.27174],[8.40165,47.26711],[8.40197,47.26556],[8.40251,47.26493],[8.40458,47.26353],[8.40513,47.2629],[8.40561,47.26126],[8.40515,47.25992],[8.40378,47.25757],[8.404,47.25596],[8.40531,47.25451],[8.40913,47.25177],[8.41119,47.24972],[8.41305,47.24876],[8.41413,47.24742],[8.41454,47.2457],[8.4156,47.24414],[8.4169,47.24365],[8.41761,47.24244],[8.41675,47.24148],[8.41577,47.2411],[8.41537,47.24029],[8.41628,47.23979],[8.41761,47.23832],[8.41733,47.23745],[8.41786,47.2366],[8.41814,47.23512],[8.41795,47.2334],[8.41848,47.23053],[8.41906,47.22976],[8.41929,47.22797],[8.42097,47.22715],[8.42205,47.22699],[8.4228,47.22467],[8.42675,47.2251],[8.4304,47.22622],[8.43144,47.22622],[8.43343,47.22547],[8.43666,47.22504],[8.44017,47.22525],[8.44224,47.22656],[8.44339,47.22527],[8.44492,47.22398],[8.44573,47.22441],[8.44776,47.22472],[8.44754,47.22364],[8.44889,47.22228],[8.44905,47.22145],[8.45113,47.22141],[8.45167,47.22081],[8.45322,47.22094],[8.45416,47.21998],[8.45407,47.2191],[8.45676,47.21989],[8.4578,47.21992],[8.45838,47.21905],[8.45982,47.21835],[8.46155,47.21667],[8.46253,47.21497],[8.46654,47.21532],[8.4681,47.21562],[8.46944,47.2143],[8.47122,47.21475],[8.47154,47.21327],[8.47359,47.21304],[8.47496,47.21197],[8.47401,47.21153],[8.47375,47.21083],[8.47442,47.20987],[8.47628,47.21027],[8.47735,47.21136],[8.47838,47.21072],[8.48103,47.20996],[8.48454,47.21013],[8.48495,47.20979],[8.48659,47.21039],[8.49043,47.21222],[8.49288,47.21272],[8.49428,47.21328],[8.49577,47.21324],[8.49924,47.21369],[8.49953,47.21341],[8.50295,47.21323],[8.50445,47.21358],[8.50702,47.2152],[8.50623,47.21611],[8.50854,47.21574],[8.51054,47.21631],[8.51154,47.21704],[8.51347,47.21686],[8.51391,47.21843],[8.51356,47.22],[8.51377,47.22074],[8.51802,47.22095],[8.52177,47.22067],[8.5254,47.22007],[8.527,47.22015],[8.52993,47.21991],[8.5321,47.21891],[8.53303,47.21961],[8.53303,47.22144],[8.53365,47.22199],[8.53368,47.22348],[8.53487,47.22282],[8.5375,47.22194],[8.53773,47.22289],[8.54013,47.22404],[8.54047,47.22443],[8.54702,47.22274],[8.54808,47.22331],[8.54978,47.22335],[8.55236,47.22304],[8.55409,47.223],[8.55498,47.22458],[8.55862,47.22304],[8.55949,47.22244],[8.55992,47.22166],[8.56149,47.22089],[8.56526,47.22096],[8.56828,47.21987],[8.57398,47.21973],[8.57538,47.21906],[8.57586,47.21835],[8.57726,47.21865],[8.57793,47.21921],[8.58158,47.21887],[8.58393,47.21924],[8.5846,47.21869],[8.58441,47.21809],[8.5827,47.21677],[8.58219,47.2155],[8.58309,47.21416],[8.58361,47.21208],[8.58464,47.21183],[8.58645,47.21212],[8.58761,47.21275],[8.58862,47.21377],[8.59007,47.2138],[8.59118,47.21315],[8.59252,47.21287],[8.59434,47.21341],[8.59531,47.2134],[8.59648,47.21254],[8.59724,47.21147],[8.59858,47.21063],[8.5987,47.20959],[8.59775,47.20811],[8.5985,47.20706],[8.59752,47.20663],[8.59795,47.20503],[8.59908,47.20405],[8.59973,47.20292],[8.60117,47.20291],[8.60333,47.20421],[8.6042,47.20433],[8.60625,47.20626],[8.60719,47.20658],[8.61004,47.20578],[8.61081,47.20479],[8.61195,47.20402],[8.61409,47.2032],[8.61452,47.2019],[8.6163,47.2007],[8.61694,47.19974],[8.61713,47.1987],[8.61818,47.19706],[8.61935,47.19576],[8.61858,47.19432],[8.61854,47.19363],[8.62008,47.1926],[8.62208,47.19162],[8.62163,47.18952],[8.62309,47.18772],[8.62663,47.18367],[8.62733,47.18196],[8.6292,47.18099],[8.62912,47.18022],[8.62798,47.17904],[8.6264,47.17803],[8.62499,47.17536],[8.62521,47.17459],[8.62691,47.17373],[8.62884,47.17346],[8.63248,47.17349],[8.63472,47.17297],[8.63718,47.17308],[8.63988,47.17295],[8.64092,47.17226],[8.64053,47.17144],[8.64081,47.17076],[8.64306,47.17026],[8.64663,47.17107],[8.64946,47.17152],[8.65159,47.17171],[8.65296,47.17227],[8.65422,47.17224],[8.65588,47.17145],[8.65752,47.17125],[8.65947,47.17191],[8.66189,47.17165],[8.66159,47.17089],[8.66231,47.16953],[8.66196,47.16794],[8.66216,47.16674],[8.66158,47.16527],[8.66254,47.1621],[8.66465,47.16188],[8.66586,47.16127],[8.66729,47.16094],[8.66933,47.16079],[8.67142,47.16104],[8.67614,47.16078],[8.67721,47.1614],[8.67751,47.16204],[8.67863,47.16226],[8.68148,47.16332],[8.68358,47.16348],[8.68642,47.16401],[8.6882,47.16391],[8.69164,47.1643],[8.69335,47.16474],[8.69315,47.16585],[8.69321,47.16805],[8.69282,47.16816],[8.69238,47.16955],[8.69251,47.17035],[8.69136,47.17115],[8.68703,47.17285],[8.68426,47.17483],[8.68355,47.17593],[8.68386,47.17646],[8.68231,47.17927],[8.68159,47.18002],[8.68156,47.18122],[8.68249,47.18294],[8.68222,47.18541],[8.68468,47.18722],[8.68672,47.18788],[8.68877,47.18986],[8.69534,47.1977],[8.69698,47.19805],[8.6983,47.19792],[8.70077,47.19836],[8.70371,47.19944],[8.70455,47.20047],[8.70396,47.20106],[8.70415,47.20298],[8.7052,47.20364],[8.70628,47.20384],[8.70941,47.20229],[8.71125,47.20176],[8.71426,47.20438],[8.71817,47.20488],[8.74169,47.21292],[8.77836,47.22019],[8.79455,47.22391],[8.80978,47.22143],[8.79689,47.24046],[8.79684,47.24137],[8.79744,47.24218],[8.79769,47.24387],[8.80045,47.24346],[8.80022,47.24441],[8.80155,47.24501],[8.80176,47.24581],[8.80396,47.24671],[8.80382,47.24807],[8.80975,47.24908],[8.81304,47.24977],[8.81418,47.25013],[8.81696,47.25031],[8.81787,47.25097],[8.81971,47.25111],[8.82177,47.25161],[8.82274,47.25211],[8.828,47.25281],[8.82909,47.2517],[8.83017,47.25124],[8.83316,47.25139],[8.83467,47.25043],[8.83522,47.25075],[8.83636,47.25035],[8.83667,47.24923],[8.83793,47.24933],[8.83884,47.24837],[8.8459,47.24832],[8.84618,47.24922],[8.84592,47.24997],[8.84887,47.25106],[8.85192,47.25194],[8.85327,47.25211],[8.8531,47.2506],[8.85405,47.25063],[8.85413,47.24916],[8.8537,47.24822],[8.85562,47.24731],[8.85642,47.24573],[8.85843,47.24621],[8.86118,47.24532],[8.86189,47.24461],[8.86331,47.24532],[8.86748,47.24622],[8.86779,47.24531],[8.87093,47.24639],[8.87215,47.24722],[8.87194,47.24831],[8.87438,47.24881],[8.8751,47.24942],[8.87501,47.2512],[8.8746,47.25222],[8.87468,47.25333],[8.87608,47.25357],[8.87931,47.25352],[8.88013,47.25376],[8.88201,47.25378],[8.89047,47.25439],[8.89406,47.25491],[8.89644,47.25554],[8.89841,47.25566],[8.90031,47.256],[8.90192,47.25666],[8.90632,47.25701],[8.90949,47.25809],[8.90995,47.25681],[8.90922,47.25659],[8.9098,47.25576],[8.91251,47.25616],[8.91499,47.25671],[8.91816,47.2576],[8.9217,47.25819],[8.92608,47.25961],[8.92957,47.26022],[8.93028,47.26139],[8.93172,47.26107],[8.93259,47.26053],[8.9343,47.26023],[8.93529,47.2613],[8.93705,47.2617],[8.93827,47.2629],[8.9387,47.26393],[8.93892,47.26563],[8.94135,47.26666],[8.94213,47.26734],[8.94149,47.2687],[8.94413,47.26873],[8.9443,47.26938],[8.94566,47.27084],[8.94387,47.27127],[8.94374,47.27185],[8.94238,47.27289],[8.94232,47.27344],[8.94403,47.27389],[8.94598,47.27528],[8.94834,47.27629],[8.94884,47.2774],[8.94914,47.27911],[8.94893,47.28038],[8.94936,47.28172],[8.95002,47.28229],[8.94865,47.28317],[8.94682,47.28339],[8.94484,47.28094],[8.94316,47.28101],[8.94238,47.28145],[8.94282,47.28203],[8.94315,47.28348],[8.94177,47.28571],[8.93927,47.28681],[8.93778,47.2885],[8.93491,47.28965],[8.93668,47.29054],[8.93905,47.2906],[8.93957,47.29099],[8.94204,47.29135],[8.94427,47.29262],[8.94519,47.29215],[8.94839,47.29291],[8.95004,47.29366],[8.94975,47.29488],[8.95027,47.29581],[8.95206,47.29663],[8.95301,47.29772],[8.95306,47.2991],[8.95375,47.30038],[8.9543,47.30018],[8.95603,47.30316],[8.95651,47.30442],[8.95772,47.30561],[8.95879,47.30611],[8.96198,47.30705],[8.96558,47.3077],[8.96824,47.30712],[8.97616,47.30838],[8.9788,47.31186],[8.97896,47.31238],[8.98145,47.31477],[8.98289,47.31642],[8.98342,47.3179],[8.98545,47.32018],[8.98615,47.32074],[8.98533,47.32193],[8.98207,47.32402],[8.98087,47.32541],[8.98095,47.32686],[8.97853,47.32853],[8.97788,47.33064],[8.97828,47.33187],[8.97852,47.33392],[8.97984,47.33552],[8.98048,47.3393],[8.97914,47.33954],[8.97593,47.34079],[8.9743,47.34122],[8.97523,47.34275],[8.97497,47.34622],[8.97451,47.34757],[8.97562,47.34874],[8.97377,47.35121],[8.97284,47.35328],[8.97069,47.35398],[8.97008,47.35507],[8.96865,47.35561],[8.96581,47.35582],[8.96408,47.35565],[8.96145,47.35505],[8.96103,47.35551],[8.96121,47.3566],[8.96053,47.35905],[8.95943,47.35981],[8.95923,47.36044],[8.95824,47.36103],[8.9563,47.36402],[8.95587,47.36548],[8.95511,47.36612],[8.95364,47.3683],[8.95299,47.3698],[8.95277,47.37201],[8.95243,47.37308],[8.95162,47.37388],[8.95067,47.37423],[8.9495,47.37604],[8.94857,47.37633],[8.94668,47.37606],[8.94473,47.37727]],[[8.43935,47.40893],[8.43909,47.40944],[8.44096,47.41039],[8.44149,47.40989],[8.44049,47.40923],[8.43935,47.40893]]]},"properties":{"id":1,"name":"Zürich"}},
{"type":"Feature","geometry":{"type":"MultiPolygon","coordinates":[[[[8.04799,46.78841],[8.05133,46.78964],[8.05611,46.78973],[8.06087,46.78769],[8.06457,46.78856],[8.06592,46.78847],[8.0683,46.78903],[8.07007,46.78995],[8.0705,46.78949],[8.07358,46.78857],[8.07535,46.78759],[8.07838,46.78723],[8.08384,46.78822],[8.0868,46.78818],[8.08977,46.78886],[8.09109,46.78894],[8.09105,46.78803],[8.09193,46.78626],[8.09183,46.78566],[8.0947,46.78381],[8.09736,46.78082],[8.09851,46.78009],[8.10061,46.77957],[8.10249,46.77748],[8.10291,46.77574],[8.1034,46.7751],[8.10631,46.77424],[8.10792,46.77418],[8.11112,46.77506],[8.11458,46.77469],[8.11557,46.77375],[8.1194,46.77225],[8.12289,46.77167],[8.12942,46.7682],[8.1325,46.76625],[8.13639,46.76394],[8.1383,46.7627],[8.13859,46.76201],[8.13968,46.76142],[8.13975,46.76084],[8.14204,46.75992],[8.14719,46.75675],[8.148,46.75613],[8.14991,46.75782],[8.15073,46.75829],[8.15379,46.75934],[8.15542,46.75941],[8.15659,46.75987],[8.15951,46.76054],[8.16048,46.76124],[8.16051,46.76181],[8.16193,46.76189],[8.16459,46.76295],[8.16532,46.76469],[8.16667,46.76521],[8.16786,46.76531],[8.169,46.76665],[8.17195,46.76564],[8.17317,46.76543],[8.1752,46.76673],[8.18688,46.76988],[8.1888,46.77096],[8.19086,46.77161],[8.19424,46.76972],[8.19737,46.76922],[8.2004,46.77007],[8.2037,46.77034],[8.20431,46.77067],[8.20765,46.77085],[8.20907,46.77075],[8.21037,46.76938],[8.21122,46.76928],[8.21199,46.76842],[8.21316,46.76765],[8.21748,46.76597],[8.21908,46.765],[8.22042,46.76483],[8.2215,46.76279],[8.22304,46.76236],[8.22408,46.76261],[8.22794,46.76277],[8.22903,46.76228],[8.23086,46.7623],[8.23462,46.76302],[8.23499,46.76324],[8.24014,46.7709],[8.24136,46.7708],[8.24347,46.76986],[8.24565,46.76935],[8.2466,46.76881],[8.24825,46.76886],[8.24947,46.76817],[8.25297,46.76738],[8.25589,46.76624],[8.25684,46.76569],[8.25819,46.7657],[8.26046,46.76511],[8.26117,46.76465],[8.26373,46.76195],[8.26545,46.7608],[8.26776,46.7589],[8.26754,46.75837],[8.26977,46.75668],[8.27036,46.7556],[8.27659,46.75638],[8.27837,46.75569],[8.28121,46.75551],[8.28207,46.75562],[8.28457,46.75446],[8.2853,46.75505],[8.28752,46.75583],[8.28809,46.75662],[8.29151,46.7583],[8.29232,46.75915],[8.29412,46.75952],[8.29801,46.76153],[8.29899,46.76329],[8.29951,46.76357],[8.30063,46.76268],[8.30318,46.76333],[8.30771,46.76547],[8.30797,46.76651],[8.31264,46.76957],[8.31697,46.7714],[8.3219,46.77464],[8.32691,46.77688],[8.32788,46.77743],[8.32791,46.77811],[8.32997,46.77925],[8.33211,46.77981],[8.33298,46.78121],[8.33478,46.78189],[8.34397,46.78274],[8.35163,46.78337],[8.35674,46.784],[8.35769,46.78388],[8.36101,46.78426],[8.36231,46.78511],[8.36464,46.78581],[8.36518,46.7864],[8.36489,46.78736],[8.36848,46.78835],[8.36882,46.78886],[8.37003,46.78922],[8.37028,46.79044],[8.36822,46.79131],[8.36759,46.79206],[8.36536,46.79313],[8.36427,46.79385],[8.36221,46.79485],[8.36006,46.79567],[8.35745,46.79605],[8.35633,46.79602],[8.35513,46.79647],[8.35418,46.79732],[8.35221,46.79775],[8.35032,46.79841],[8.34877,46.8001],[8.34669,46.8011],[8.34544,46.80128],[8.3441,46.8037],[8.34505,46.80455],[8.34438,46.80583],[8.34243,46.80588],[8.34032,46.80668],[8.33941,46.80798],[8.33675,46.81018],[8.33495,46.81092],[8.33436,46.81169],[8.33313,46.8124],[8.33277,46.81374],[8.33068,46.8149],[8.329,46.81532],[8.3274,46.81618],[8.32749,46.81696],[8.32494,46.81873],[8.32414,46.82006],[8.3247,46.82109],[8.32323,46.82152],[8.32313,46.82232],[8.32401,46.82346],[8.32504,46.82375],[8.32664,46.82517],[8.32892,46.82603],[8.32998,46.826],[8.33077,46.8265],[8.3333,46.82724],[8.33429,46.82797],[8.33606,46.82885],[8.3363,46.831],[8.33597,46.8325],[8.33697,46.83313],[8.33703,46.83441],[8.33534,46.83508],[8.33335,46.83495],[8.33367,46.83913],[8.33211,46.84246],[8.33025,46.84348],[8.32957,46.84605],[8.3295,46.84716],[8.329,46.84817],[8.32942,46.84956],[8.33177,46.85283],[8.33189,46.8539],[8.33113,46.85506],[8.33193,46.85798],[8.33564,46.86255],[8.33537,46.86337],[8.3356,46.86459],[8.33542,46.86629],[8.33475,46.86811],[8.33533,46.86856],[8.33452,46.86968],[8.33301,46.86991],[8.33265,46.87096],[8.3318,46.8714],[8.33074,46.87273],[8.33046,46.87407],[8.33114,46.87551],[8.32993,46.87745],[8.32947,46.87928],[8.33067,46.88006],[8.33138,46.88094],[8.33413,46.88326],[8.33367,46.88546],[8.33429,46.88748],[8.33616,46.88922],[8.33843,46.89079],[8.33923,46.892],[8.33934,46.89743],[8.33963,46.89835],[8.33942,46.89971],[8.33843,46.90218],[8.33738,46.90434],[8.33827,46.90757],[8.341,46.90905],[8.3422,46.91001],[8.3437,46.91281],[8.3438,46.91377],[8.34457,46.91621],[8.34286,46.91879],[8.34045,46.91972],[8.33949,46.91968],[8.34102,46.92142],[8.34162,46.92287],[8.34128,46.92496],[8.34177,46.92684],[8.34233,46.9275],[8.34132,46.92926],[8.33922,46.93063],[8.33565,46.92933],[8.32918,46.92826],[8.32653,46.92739],[8.32362,46.92661],[8.31848,46.92628],[8.31659,46.92568],[8.31579,46.92618],[8.31406,46.92668],[8.31073,46.92562],[8.30993,46.92653],[8.30646,46.92757],[8.30589,46.92804],[8.30342,46.92923],[8.30198,46.93018],[8.30215,46.93105],[8.30116,46.93155],[8.29813,46.93234],[8.29732,46.93285],[8.29571,46.93305],[8.29205,46.93403],[8.29087,46.93477],[8.28938,46.9352],[8.28966,46.93614],[8.29042,46.93685],[8.29065,46.93763],[8.29136,46.93803],[8.29166,46.93896],[8.29304,46.94108],[8.29404,46.94198],[8.29605,46.94316],[8.29661,46.94409],[8.29821,46.94551],[8.29855,46.94646],[8.3003,46.94799],[8.30285,46.94923],[8.30385,46.95005],[8.30614,46.95104],[8.30655,46.95145],[8.311,46.95354],[8.30936,46.95463],[8.30726,46.95704],[8.31206,46.9703],[8.311,46.97166],[8.3101,46.97367],[8.30799,46.97547],[8.30826,46.97723],[8.30659,46.97793],[8.30379,46.9785],[8.30243,46.97898],[8.30169,46.97874],[8.29853,46.97882],[8.29572,46.97829],[8.29389,46.97851],[8.29338,46.97795],[8.29114,46.97739],[8.28783,46.97718],[8.28651,46.97748],[8.28554,46.97718],[8.28295,46.97713],[8.282,46.97789],[8.28098,46.97782],[8.27719,46.9787],[8.27568,46.97933],[8.2736,46.97992],[8.27057,46.98019],[8.26877,46.97967],[8.26579,46.97967],[8.26479,46.97998],[8.26357,46.97942],[8.26271,46.98034],[8.26276,46.981],[8.26208,46.98166],[8.25751,46.98081],[8.25533,46.98143],[8.24915,46.97747],[8.24787,46.9771],[8.24675,46.97639],[8.24485,46.97565],[8.243,46.97537],[8.24193,46.97496],[8.23984,46.97509],[8.23691,46.97583],[8.23464,46.97569],[8.23323,46.97469],[8.23222,46.97454],[8.23095,46.97505],[8.22996,46.97446],[8.23079,46.97347],[8.23025,46.97264],[8.22998,46.97133],[8.22811,46.97055],[8.22705,46.97038],[8.22372,46.97053],[8.22133,46.97077],[8.21725,46.9704],[8.2151,46.96974],[8.21004,46.96892],[8.2041,46.96825],[8.20087,46.96882],[8.19606,46.97001],[8.18841,46.97307],[8.18386,46.97062],[8.18299,46.96984],[8.17912,46.97005],[8.17774,46.96976],[8.1759,46.96852],[8.17488,46.96849],[8.16958,46.96659],[8.16844,46.96656],[8.16676,46.96605],[8.1656,46.96599],[8.16212,46.96407],[8.16006,46.96245],[8.15914,46.96211],[8.15767,46.96223],[8.15582,46.96141],[8.15665,46.96088],[8.15597,46.96037],[8.15412,46.96003],[8.15173,46.95923],[8.15111,46.95874],[8.15148,46.95763],[8.15254,46.95713],[8.15216,46.95419],[8.15456,46.95127],[8.1619,46.94478],[8.16276,46.94492],[8.16422,46.94338],[8.16591,46.94092],[8.16581,46.94016],[8.16482,46.93898],[8.16302,46.93778],[8.16109,46.93708],[8.16029,46.93715],[8.15846,46.93505],[8.15517,46.93422],[8.15276,46.93225],[8.15061,46.93119],[8.14908,46.93099],[8.14643,46.92901],[8.14466,46.92855],[8.14215,46.92688],[8.14192,46.92631],[8.14023,46.92465],[8.13791,46.92397],[8.13665,46.9241],[8.13503,46.92285],[8.13417,46.92135],[8.13335,46.92089],[8.13165,46.91934],[8.13022,46.91772],[8.12951,46.91619],[8.12737,46.91473],[8.12512,46.912],[8.12331,46.91048],[8.12284,46.90974],[8.12247,46.90816],[8.11909,46.90501],[8.11803,46.90254],[8.1173,46.90146],[8.11686,46.90014],[8.11578,46.89834],[8.11465,46.89702],[8.1138,46.89508],[8.11232,46.89404],[8.11132,46.89446],[8.10866,46.8962],[8.10749,46.89975],[8.10731,46.90266],[8.10836,46.90627],[8.1092,46.9076],[8.1096,46.90959],[8.10729,46.90971],[8.10496,46.91045],[8.10309,46.91015],[8.10176,46.9104],[8.09942,46.91192],[8.09584,46.91329],[8.09577,46.91238],[8.09493,46.91165],[8.09253,46.91074],[8.09017,46.91046],[8.0869,46.90738],[8.08715,46.90557],[8.08533,46.90367],[8.08463,46.90163],[8.08365,46.90049],[8.08066,46.89918],[8.07905,46.89871],[8.07706,46.89848],[8.07418,46.89843],[8.07292,46.89776],[8.07088,46.89704],[8.07073,46.89208],[8.0699,46.89043],[8.06805,46.88914],[8.06862,46.88713],[8.06948,46.88596],[8.0704,46.88334],[8.07206,46.88287],[8.07187,46.88152],[8.07118,46.88161],[8.0713,46.87943],[8.07154,46.87887],[8.07131,46.87747],[8.07265,46.87503],[8.07145,46.87391],[8.0707,46.87284],[8.07101,46.87107],[8.07075,46.8701],[8.0688,46.86872],[8.06703,46.86828],[8.06717,46.86586],[8.06832,46.86373],[8.06748,46.86297],[8.06673,46.86091],[8.06601,46.86004],[8.06382,46.86017],[8.06316,46.85924],[8.06059,46.85996],[8.05956,46.85827],[8.05838,46.85732],[8.05888,46.85685],[8.05951,46.855],[8.05999,46.85474],[8.05877,46.85357],[8.05802,46.85229],[8.05703,46.85154],[8.05703,46.85061],[8.05525,46.84984],[8.0531,46.84864],[8.05274,46.84787],[8.05178,46.84742],[8.05084,46.84638],[8.04912,46.84621],[8.04681,46.84548],[8.04584,46.84368],[8.04576,46.84273],[8.04336,46.83787],[8.04448,46.83648],[8.04764,46.83334],[8.04878,46.83293],[8.04885,46.83162],[8.04785,46.8307],[8.04812,46.83026],[8.05149,46.82708],[8.05255,46.82648],[8.05391,46.82437],[8.05574,46.82256],[8.05635,46.82119],[8.05708,46.82058],[8.05767,46.81947],[8.05944,46.8176],[8.06025,46.81612],[8.06333,46.81237],[8.06523,46.80974],[8.06556,46.80737],[8.06491,46.80428],[8.06204,46.8041],[8.06174,46.80291],[8.05958,46.80197],[8.05941,46.80241],[8.05635,46.80046],[8.05593,46.79994],[8.0566,46.79923],[8.05618,46.79856],[8.05758,46.79779],[8.0579,46.79677],[8.05774,46.79551],[8.05714,46.79425],[8.0549,46.79318],[8.05446,46.79256],[8.05201,46.79077],[8.05085,46.79021],[8.05039,46.78953],[8.04799,46.78841]]],[[[8.39632,46.77281],[8.39749,46.76679],[8.39874,46.76718],[8.40189,46.76774],[8.4037,46.76877],[8.40481,46.76963],[8.40721,46.77057],[8.40861,46.77084],[8.41055,46.77237],[8.41172,46.77278],[8.41363,46.77442],[8.41574,46.77561],[8.41799,46.77558],[8.41912,46.77535],[8.42219,46.77408],[8.42298,46.77316],[8.42294,46.77238],[8.42378,46.77172],[8.42622,46.77158],[8.42755,46.77197],[8.42764,46.77267],[8.4296,46.7732],[8.43166,46.77344],[8.4366,46.7738],[8.43954,46.77332],[8.44103,46.77233],[8.44224,46.77213],[8.44326,46.77118],[8.44519,46.77117],[8.44773,46.77156],[8.44822,46.76998],[8.44751,46.76877],[8.44758,46.76742],[8.44949,46.76646],[8.44902,46.76555],[8.44943,46.76471],[8.4516,46.7658],[8.4525,46.76598],[8.45542,46.76736],[8.45707,46.7678],[8.45721,46.76857],[8.46146,46.77039],[8.4639,46.76986],[8.46569,46.77087],[8.46751,46.7709],[8.47003,46.77049],[8.47149,46.76975],[8.47178,46.76917],[8.4752,46.769],[8.47689,46.76918],[8.4772,46.76949],[8.47997,46.77005],[8.48124,46.76987],[8.48404,46.77061],[8.48556,46.77185],[8.48758,46.77223],[8.48976,46.77242],[8.49255,46.77382],[8.48972,46.78224],[8.4894,46.78276],[8.48797,46.78335],[8.48651,46.78458],[8.48582,46.7861],[8.48473,46.78759],[8.48225,46.78891],[8.48178,46.78937],[8.47967,46.79057],[8.47948,46.79142],[8.48037,46.79311],[8.4817,46.79396],[8.48305,46.79519],[8.48301,46.79625],[8.48225,46.79972],[8.47892,46.79848],[8.47815,46.79858],[8.4766,46.79813],[8.47469,46.79705],[8.4737,46.79674],[8.47247,46.79718],[8.46941,46.79899],[8.46798,46.79901],[8.46691,46.8],[8.46538,46.80183],[8.47121,46.80069],[8.47343,46.80067],[8.47743,46.80212],[8.47978,46.80264],[8.48309,46.80455],[8.48441,46.80599],[8.48453,46.80701],[8.48382,46.80801],[8.48441,46.80894],[8.48435,46.81005],[8.48178,46.81204],[8.48181,46.81266],[8.47933,46.81393],[8.47924,46.81501],[8.48084,46.81566],[8.48239,46.81754],[8.48227,46.81887],[8.48433,46.82028],[8.4848,46.82117],[8.48445,46.82166],[8.48483,46.82302],[8.48495,46.82531],[8.48453,46.82831],[8.48651,46.83047],[8.48671,46.8314],[8.48743,46.83228],[8.48743,46.83334],[8.48873,46.83437],[8.49008,46.83696],[8.49148,46.8371],[8.49225,46.83804],[8.49482,46.83899],[8.49821,46.83979],[8.50043,46.84054],[8.50183,46.84064],[8.50462,46.84193],[8.50603,46.8429],[8.50691,46.84408],[8.50663,46.84619],[8.50793,46.84678],[8.50648,46.84731],[8.50574,46.84798],[8.50435,46.84861],[8.50367,46.84929],[8.50326,46.8508],[8.50146,46.85244],[8.49961,46.85354],[8.49963,46.8544],[8.49899,46.85503],[8.49761,46.8548],[8.49624,46.85423],[8.49439,46.85404],[8.49131,46.85434],[8.48778,46.85529],[8.48668,46.85624],[8.48347,46.85671],[8.48116,46.85855],[8.47957,46.85833],[8.47858,46.85788],[8.47766,46.85701],[8.47743,46.85634],[8.47568,46.85584],[8.47195,46.85615],[8.4704,46.85623],[8.46852,46.85675],[8.46594,46.85667],[8.46502,46.85629],[8.46422,46.8566],[8.46287,46.85652],[8.45859,46.85589],[8.45668,46.85529],[8.45527,46.85506],[8.45098,46.85543],[8.44681,46.85491],[8.44595,46.85494],[8.44447,46.85433],[8.44211,46.85438],[8.44022,46.85483],[8.43781,46.85429],[8.4369,46.85318],[8.43607,46.85308],[8.43397,46.85213],[8.43174,46.85186],[8.4311,46.85153],[8.42873,46.85191],[8.42768,46.85258],[8.42193,46.85316],[8.42059,46.85353],[8.41981,46.85469],[8.41998,46.85563],[8.42153,46.85714],[8.421,46.85773],[8.42031,46.85946],[8.42047,46.86086],[8.41952,46.86254],[8.4199,46.86406],[8.41856,46.86559],[8.41683,46.86674],[8.41591,46.86711],[8.41485,46.86906],[8.41393,46.87115],[8.4125,46.8697],[8.41049,46.86997],[8.40848,46.86849],[8.40699,46.86762],[8.40711,46.86673],[8.40274,46.8654],[8.40091,46.86562],[8.39981,46.86604],[8.39639,46.86378],[8.39486,46.86225],[8.39435,46.86134],[8.39288,46.8598],[8.39084,46.85909],[8.38848,46.85854],[8.38769,46.85779],[8.38741,46.85678],[8.38537,46.85573],[8.38243,46.85789],[8.37955,46.85472],[8.37587,46.84921],[8.37507,46.8498],[8.37499,46.85076],[8.37595,46.85326],[8.37657,46.85444],[8.37642,46.85676],[8.37594,46.85791],[8.37616,46.8593],[8.37847,46.86232],[8.37946,46.86387],[8.38119,46.86521],[8.38334,46.86544],[8.38576,46.86735],[8.38289,46.86938],[8.38291,46.87033],[8.38133,46.87168],[8.38218,46.87369],[8.38184,46.87486],[8.3812,46.87533],[8.37604,46.87589],[8.37451,46.8758],[8.37255,46.87444],[8.37126,46.87306],[8.3704,46.87084],[8.37045,46.86892],[8.36945,46.86848],[8.3667,46.86865],[8.36523,46.86823],[8.36488,46.8668],[8.3643,46.86566],[8.36241,46.86382],[8.36501,46.86079],[8.36699,46.86064],[8.36902,46.86073],[8.37065,46.86053],[8.37192,46.86081],[8.37216,46.85851],[8.37193,46.85779],[8.37204,46.85408],[8.37177,46.85295],[8.36943,46.85121],[8.36992,46.84965],[8.37042,46.84896],[8.37004,46.84768],[8.37136,46.84614],[8.37138,46.84264],[8.37187,46.84024],[8.37265,46.83911],[8.37171,46.83732],[8.37196,46.83606],[8.37272,46.83535],[8.37298,46.83433],[8.37362,46.83346],[8.37524,46.83232],[8.3764,46.83012],[8.37672,46.82912],[8.37789,46.82848],[8.37748,46.82732],[8.37807,46.82618],[8.37857,46.82431],[8.37849,46.82332],[8.37662,46.82134],[8.37682,46.81956],[8.37495,46.81751],[8.3771,46.81789],[8.37887,46.81759],[8.38135,46.8157],[8.38301,46.81553],[8.38391,46.81502],[8.38603,46.81477],[8.38914,46.81353],[8.38969,46.81075],[8.38834,46.80799],[8.38632,46.80611],[8.38591,46.80499],[8.38873,46.80426],[8.39018,46.8034],[8.39167,46.80176],[8.39764,46.79675],[8.39913,46.79645],[8.40275,46.79687],[8.4038,46.79632],[8.40463,46.79536],[8.40663,46.79439],[8.40783,46.79288],[8.40912,46.79207],[8.41257,46.79116],[8.41624,46.79116],[8.41841,46.79065],[8.42065,46.79036],[8.42077,46.7878],[8.42168,46.78685],[8.42259,46.78658],[8.42416,46.78502],[8.42501,46.78298],[8.42563,46.78282],[8.42616,46.78193],[8.42638,46.77924],[8.42748,46.77844],[8.42751,46.77574],[8.41768,46.77969],[8.39632,46.77281]]]]},"properties":{"id":6,"name":"Obwalden"}},
{"type":"Feature","geometry":{"type":"MultiPolygon","coordinates":[[[[7.04105,46.98117],[7.04124,46.98085],[7.05012,46.97913],[7.05326,46.97837],[7.05694,46.97627],[7.06117,46.97457],[7.06394,46.97244],[7.06113,46.97007],[7.06165,46.96958],[7.06219,46.96809],[7.0588,46.96674],[7.06053,46.96441],[7.05844,46.96347],[7.0599,46.96152],[7.05831,46.96089],[7.05954,46.9596],[7.06051,46.95714],[7.05748,46.95662],[7.05782,46.95588],[7.05954,46.9552],[7.06034,46.95303],[7.06133,46.95099],[7.06155,46.94857],[7.06197,46.94751],[7.06228,46.94532],[7.06219,46.9436],[7.05983,46.94058],[7.05877,46.93993],[7.06033,46.93831],[7.08505,46.91448],[7.08763,46.91165],[7.08917,46.91024],[7.09179,46.90853],[7.093,46.90885],[7.09431,46.90711],[7.0917,46.9058],[7.09174,46.90518],[7.08727,46.90319],[7.08974,46.90104],[7.08771,46.90028],[7.08846,46.89962],[7.08799,46.89842],[7.08558,46.8976],[7.08243,46.89734],[7.08,46.89749],[7.0798,46.89714],[7.07766,46.89677],[7.07594,46.89683],[7.07521,46.89592],[7.07579,46.89525],[7.0772,46.89573],[7.07817,46.89531],[7.08001,46.89605],[7.08073,46.89544],[7.07884,46.89446],[7.07864,46.89402],[7.07684,46.89305],[7.0748,46.89234],[7.0718,46.89108],[7.07297,46.89004],[7.06925,46.88848],[7.06937,46.88926],[7.06515,46.88842],[7.06569,46.8871],[7.06492,46.88614],[7.06285,46.88509],[7.06257,46.88094],[7.06527,46.88137],[7.06507,46.88179],[7.06819,46.88226],[7.06859,46.8813],[7.06756,46.88107],[7.06807,46.88005],[7.06811,46.87876],[7.06908,46.87841],[7.06983,46.87758],[7.07068,46.87609],[7.07189,46.87467],[7.07032,46.87231],[7.06874,46.87195],[7.06712,46.87064],[7.06737,46.86956],[7.06671,46.86947],[7.06443,46.86834],[7.06351,46.86846],[7.06252,46.86638],[7.06119,46.86569],[7.06093,46.8647],[7.06025,46.86468],[7.05931,46.86335],[7.05742,46.8617],[7.05699,46.86052],[7.05633,46.86029],[7.05622,46.8593],[7.05393,46.85689],[7.05305,46.85713],[7.05202,46.85675],[7.0512,46.85586],[7.04997,46.85618],[7.04818,46.85293],[7.04743,46.85204],[7.04592,46.85087],[7.04629,46.85046],[7.04529,46.84927],[7.0438,46.8482],[7.04048,46.84962],[7.03834,46.84685],[7.03631,46.84782],[7.03408,46.85005],[7.03278,46.84912],[7.03139,46.85035],[7.03071,46.85155],[7.0306,46.85399],[7.03238,46.85484],[7.03498,46.85663],[7.03422,46.85837],[7.03574,46.85934],[7.03794,46.85957],[7.03994,46.86058],[7.04055,46.86192],[7.03755,46.86291],[7.032,46.86641],[7.03078,46.86749],[7.03196,46.86836],[7.03255,46.86994],[7.03322,46.87048],[7.03433,46.87229],[7.03559,46.87364],[7.03667,46.87431],[7.03546,46.87557],[7.03311,46.87715],[7.03132,46.8766],[7.02943,46.87702],[7.02637,46.87801],[7.02607,46.87911],[7.02217,46.878],[7.01908,46.88077],[7.01858,46.88143],[7.01708,46.8821],[7.0167,46.88025],[7.01618,46.87957],[7.01639,46.87835],[7.01472,46.87867],[7.01394,46.87788],[7.01272,46.87763],[7.01302,46.87702],[7.01245,46.8765],[7.01063,46.87661],[7.00959,46.8756],[7.0093,46.87447],[7.00819,46.87432],[7.00456,46.87512],[7.00326,46.87501],[7.00022,46.87565],[6.99806,46.8776],[6.99468,46.88028],[7.00023,46.88358],[7.00079,46.8832],[7.00564,46.88692],[7.00674,46.88706],[7.00811,46.88817],[7.01039,46.89036],[7.00328,46.89526],[6.99717,46.89923],[6.99395,46.9015],[6.99222,46.90305],[6.9909,46.90378],[6.99017,46.90451],[6.9888,46.90512],[6.98781,46.90592],[6.98576,46.90837],[6.98214,46.91077],[6.98535,46.91331],[6.98265,46.91491],[6.98837,46.9195],[6.98781,46.92062],[6.98639,46.92179],[6.98391,46.92264],[6.98195,46.92349],[6.97982,46.92393],[6.97899,46.92473],[6.9776,46.92418],[6.9751,46.92245],[6.97421,46.92318],[6.97241,46.92251],[6.97013,46.92454],[6.96796,46.92484],[6.96636,46.92574],[6.96578,46.92571],[6.9626,46.92881],[6.92907,46.95472],[6.8971,46.92681],[6.92229,46.90689],[6.92764,46.90238],[6.9294,46.902],[6.93068,46.90116],[6.93089,46.90041],[6.92988,46.89923],[6.92481,46.89681],[6.92455,46.89631],[6.92545,46.89477],[6.92675,46.89398],[6.92919,46.89413],[6.93015,46.89466],[6.9323,46.8937],[6.93401,46.89386],[6.93688,46.89011],[6.93924,46.89129],[6.94046,46.88922],[6.93996,46.88849],[6.94233,46.8874],[6.94293,46.88627],[6.94241,46.88593],[6.94334,46.88505],[6.94659,46.88437],[6.94733,46.88321],[6.94883,46.88145],[6.94947,46.88029],[6.95209,46.87923],[6.95247,46.87803],[6.9533,46.87756],[6.95138,46.87707],[6.95196,46.87613],[6.953,46.87596],[6.95483,46.87671],[6.95536,46.8758],[6.95743,46.8733],[6.95878,46.8721],[6.96111,46.87276],[6.96384,46.8694],[6.96364,46.86931],[6.96576,46.86671],[6.97032,46.86866],[6.96798,46.87123],[6.96525,46.87451],[6.96581,46.87504],[6.96304,46.87861],[6.96204,46.87852],[6.95996,46.87998],[6.96057,46.88047],[6.95899,46.88277],[6.96147,46.88381],[6.96301,46.88541],[6.96421,46.88412],[6.96682,46.88505],[6.96725,46.88472],[6.97196,46.88642],[6.97123,46.88779],[6.97463,46.88863],[6.97573,46.88743],[6.97656,46.88602],[6.97728,46.88539],[6.97862,46.88554],[6.98151,46.88314],[6.98571,46.87877],[6.98862,46.87607],[6.98978,46.87478],[6.98683,46.87238],[6.98736,46.87206],[6.98363,46.86918],[6.98011,46.86708],[6.97782,46.86184],[6.98146,46.85933],[6.97869,46.85627],[6.9802,46.85458],[6.97869,46.85319],[6.97844,46.85256],[6.97877,46.85128],[6.98132,46.84954],[6.98035,46.84826],[6.98236,46.84703],[6.98377,46.84735],[6.9853,46.84803],[6.98786,46.84587],[6.98854,46.84573],[6.98954,46.84481],[6.98827,46.8441],[6.98933,46.8434],[6.98687,46.84138],[6.98524,46.84235],[6.98395,46.84114],[6.98711,46.83915],[6.98787,46.83849],[6.98757,46.83727],[6.98687,46.83648],[6.98897,46.83537],[6.99324,46.83448],[6.99372,46.83322],[6.99282,46.83234],[6.99325,46.83171],[6.9919,46.83083],[6.99056,46.82947],[6.99058,46.82772],[6.98966,46.82722],[6.98801,46.82577],[6.98627,46.82482],[6.98563,46.82324],[6.98432,46.82328],[6.98259,46.82382],[6.98018,46.82426],[6.9776,46.82417],[6.9757,46.82433],[6.9748,46.82538],[6.97385,46.82599],[6.97277,46.82523],[6.97165,46.82593],[6.97071,46.82606],[6.97017,46.82714],[6.96892,46.82832],[6.96632,46.82897],[6.96602,46.82955],[6.96167,46.82486],[6.96086,46.82334],[6.95982,46.82194],[6.95873,46.82005],[6.96044,46.81889],[6.95842,46.81738],[6.95738,46.81625],[6.95743,46.81571],[6.95832,46.81463],[6.96016,46.81353],[6.95866,46.81252],[6.95969,46.81178],[6.9621,46.80936],[6.96345,46.80869],[6.96405,46.80775],[6.96557,46.80676],[6.96434,46.80583],[6.96595,46.80478],[6.96754,46.80401],[6.96638,46.80307],[6.96683,46.8024],[6.96382,46.80102],[6.96278,46.79998],[6.96117,46.79892],[6.95977,46.79759],[6.95891,46.79616],[6.9578,46.79597],[6.95687,46.79473],[6.95731,46.79407],[6.95732,46.79183],[6.95951,46.79161],[6.95808,46.79103],[6.95844,46.78961],[6.95754,46.78861],[6.95521,46.78797],[6.95242,46.78651],[6.9521,46.78559],[6.95099,46.78408],[6.94845,46.78433],[6.94658,46.78585],[6.94479,46.78519],[6.94433,46.78549],[6.94269,46.78485],[6.94088,46.78304],[6.94023,46.78214],[6.93898,46.78255],[6.9385,46.7808],[6.93774,46.78],[6.93494,46.7779],[6.93446,46.77824],[6.93243,46.77663],[6.93394,46.776],[6.93212,46.77382],[6.93409,46.77329],[6.93486,46.77394],[6.93619,46.77292],[6.93287,46.7714],[6.9317,46.77054],[6.92817,46.76753],[6.92692,46.76615],[6.92499,46.76453],[6.92384,46.76331],[6.92098,46.76116],[6.91795,46.76244],[6.91899,46.76303],[6.9183,46.76387],[6.91739,46.76329],[6.9153,46.76403],[6.91245,46.76234],[6.91006,46.76007],[6.90911,46.75852],[6.9115,46.75734],[6.90996,46.75612],[6.91105,46.75535],[6.91142,46.75457],[6.91268,46.75589],[6.91562,46.75457],[6.91755,46.75592],[6.92043,46.7535],[6.92089,46.75261],[6.92297,46.75329],[6.92515,46.75353],[6.92749,46.75458],[6.93107,46.75553],[6.93378,46.75328],[6.9349,46.75271],[6.93586,46.75182],[6.93643,46.75184],[6.93883,46.75077],[6.9389,46.7498],[6.94037,46.74737],[6.94198,46.74644],[6.94148,46.74501],[6.94076,46.74414],[6.9404,46.74291],[6.93861,46.74126],[6.93722,46.73968],[6.93681,46.73797],[6.93588,46.7372],[6.93747,46.73571],[6.93646,46.73452],[6.93127,46.73148],[6.92565,46.72684],[6.92301,46.72485],[6.92087,46.72188],[6.92026,46.7221],[6.91892,46.7204],[6.91734,46.72134],[6.91616,46.71991],[6.91225,46.71921],[6.90997,46.7175],[6.90953,46.71746],[6.9082,46.71633],[6.90465,46.71469],[6.9019,46.71271],[6.89991,46.71093],[6.89744,46.70765],[6.89697,46.70781],[6.89529,46.70685],[6.89317,46.70388],[6.89524,46.70263],[6.89432,46.70112],[6.89243,46.69875],[6.89203,46.69775],[6.89247,46.69737],[6.89119,46.69623],[6.89046,46.69518],[6.88876,46.69562],[6.88736,46.69412],[6.88699,46.69308],[6.88593,46.69302],[6.88455,46.69131],[6.88175,46.69123],[6.87617,46.68614],[6.87398,46.68462],[6.87157,46.68617],[6.86926,46.68702],[6.86739,46.68594],[6.86655,46.68503],[6.86595,46.68352],[6.86619,46.68257],[6.86362,46.68232],[6.86458,46.67952],[6.86486,46.67821],[6.86571,46.6776],[6.86884,46.67624],[6.86983,46.67633],[6.87052,46.67572],[6.87257,46.67455],[6.87086,46.67321],[6.86925,46.67164],[6.86805,46.67022],[6.8676,46.6692],[6.86525,46.66606],[6.86919,46.66426],[6.86811,46.66341],[6.86887,46.66206],[6.86673,46.66023],[6.86557,46.65974],[6.86464,46.66005],[6.86388,46.65968],[6.86024,46.66124],[6.85951,46.66023],[6.85767,46.65933],[6.85753,46.65866],[6.85559,46.65731],[6.85438,46.65675],[6.84892,46.65875],[6.84864,46.6586],[6.84607,46.65968],[6.84511,46.65897],[6.84302,46.66013],[6.84497,46.66214],[6.84302,46.66213],[6.84266,46.6629],[6.83923,46.66387],[6.83712,46.66277],[6.83424,46.66352],[6.83224,46.66112],[6.82976,46.66185],[6.82826,46.66112],[6.82676,46.65961],[6.82405,46.65599],[6.82173,46.65309],[6.81996,46.65199],[6.81813,46.65053],[6.81936,46.64909],[6.81696,46.64879],[6.81543,46.64877],[6.81507,46.64992],[6.81429,46.65083],[6.81279,46.6505],[6.81192,46.65131],[6.8088,46.65159],[6.80793,46.65188],[6.80579,46.65143],[6.80288,46.65019],[6.79979,46.65047],[6.7994,46.6499],[6.79963,46.6491],[6.80091,46.64861],[6.80147,46.64786],[6.80364,46.64739],[6.80452,46.64697],[6.80405,46.64506],[6.80256,46.6455],[6.80107,46.64261],[6.79979,46.64089],[6.79967,46.63915],[6.79904,46.63694],[6.79848,46.63685],[6.79796,46.63578],[6.79777,46.63443],[6.79922,46.63145],[6.80039,46.63154],[6.80128,46.63121],[6.8015,46.62972],[6.80256,46.62983],[6.8031,46.62879],[6.80264,46.62744],[6.80281,46.62636],[6.80431,46.62366],[6.80328,46.62006],[6.80382,46.61759],[6.80269,46.61684],[6.80388,46.61405],[6.80422,46.61139],[6.80474,46.61069],[6.8043,46.60824],[6.80325,46.60382],[6.80323,46.60271],[6.80279,46.60203],[6.79918,46.60115],[6.80104,46.59491],[6.80208,46.59379],[6.80189,46.59292],[6.80075,46.59193],[6.80077,46.58998],[6.79936,46.58733],[6.80032,46.58688],[6.79978,46.58334],[6.79843,46.5816],[6.79698,46.58064],[6.79667,46.57967],[6.7971,46.57857],[6.79575,46.5766],[6.79811,46.57574],[6.79859,46.57587],[6.80033,46.57535],[6.80341,46.5762],[6.80389,46.57686],[6.8042,46.57816],[6.80511,46.57792],[6.80574,46.57921],[6.80879,46.57889],[6.81024,46.58013],[6.81168,46.58025],[6.81406,46.5797],[6.81351,46.5808],[6.8124,46.58193],[6.81239,46.5824],[6.8135,46.58348],[6.81393,46.58465],[6.81494,46.58513],[6.81495,46.58695],[6.8171,46.5861],[6.81842,46.58595],[6.82182,46.58461],[6.82234,46.5834],[6.82224,46.58283],[6.82297,46.58136],[6.82355,46.58131],[6.82465,46.57873],[6.82651,46.57922],[6.82769,46.57925],[6.82959,46.57846],[6.83012,46.57766],[6.83147,46.5773],[6.8357,46.57662],[6.83832,46.57812],[6.8378,46.57881],[6.84067,46.58025],[6.84276,46.58274],[6.84313,46.58362],[6.8447,46.5837],[6.8463,46.58412],[6.84719,46.5852],[6.84917,46.58473],[6.85014,46.58327],[6.85229,46.58235],[6.85347,46.58326],[6.85637,46.58199],[6.85834,46.58138],[6.86082,46.58115],[6.86125,46.58061],[6.86363,46.57946],[6.86639,46.57853],[6.86592,46.57751],[6.86851,46.57636],[6.87112,46.57339],[6.87532,46.56625],[6.88029,46.56841],[6.88536,46.56323],[6.88721,46.56411],[6.88771,46.5647],[6.88776,46.56572],[6.88731,46.56631],[6.88812,46.56719],[6.8884,46.56837],[6.88902,46.56898],[6.89131,46.56876],[6.893,46.56918],[6.8949,46.57012],[6.89624,46.57045],[6.89884,46.57188],[6.90251,46.57101],[6.90118,46.56982],[6.90134,46.56896],[6.90004,46.56799],[6.90094,46.567],[6.89975,46.5664],[6.90052,46.56477],[6.90314,46.56267],[6.90157,46.56158],[6.90003,46.56096],[6.89858,46.56092],[6.89793,46.56182],[6.89651,46.56135],[6.89539,46.56034],[6.89489,46.56093],[6.89354,46.55994],[6.89157,46.55912],[6.89039,46.559],[6.88971,46.55963],[6.88784,46.55835],[6.88572,46.556],[6.88322,46.554],[6.88147,46.55282],[6.88139,46.55221],[6.88028,46.55195],[6.88034,46.55141],[6.87925,46.55096],[6.87895,46.54985],[6.87642,46.54884],[6.87646,46.54833],[6.8751,46.54738],[6.87372,46.54704],[6.8732,46.54611],[6.87009,46.54462],[6.86992,46.54376],[6.86878,46.54253],[6.86768,46.5421],[6.86708,46.54096],[6.86584,46.54024],[6.86528,46.5394],[6.86571,46.53896],[6.86471,46.53788],[6.86461,46.53623],[6.86331,46.53645],[6.86281,46.53256],[6.86193,46.53196],[6.85971,46.53226],[6.85953,46.53308],[6.86008,46.53407],[6.85935,46.53465],[6.86085,46.53736],[6.85909,46.53761],[6.85866,46.53829],[6.8575,46.53813],[6.85716,46.53859],[6.85764,46.53957],[6.85673,46.54088],[6.85602,46.54126],[6.85646,46.54229],[6.85586,46.54272],[6.85356,46.54281],[6.85307,46.5421],[6.85172,46.5424],[6.8453,46.54024],[6.84155,46.53947],[6.83972,46.53967],[6.83708,46.53902],[6.83325,46.53909],[6.83127,46.53873],[6.83023,46.53907],[6.82603,46.5393],[6.82561,46.54065],[6.82869,46.54423],[6.82705,46.54489],[6.82565,46.54288],[6.82456,46.54227],[6.8223,46.54039],[6.82182,46.53927],[6.82052,46.53885],[6.81939,46.53793],[6.81966,46.53687],[6.8188,46.53621],[6.81853,46.53389],[6.81711,46.53215],[6.81704,46.53174],[6.81527,46.53007],[6.81506,46.52947],[6.81362,46.5283],[6.81362,46.52743],[6.81172,46.52641],[6.81298,46.5253],[6.81384,46.525],[6.81417,46.52409],[6.81513,46.52387],[6.81618,46.52267],[6.81895,46.51778],[6.82001,46.51742],[6.82347,46.51539],[6.82402,46.51438],[6.82561,46.51346],[6.82875,46.51335],[6.83119,46.51374],[6.83165,46.51332],[6.83193,46.51179],[6.83305,46.50868],[6.83324,46.50672],[6.83588,46.50359],[6.83869,46.50076],[6.84023,46.49986],[6.8421,46.49834],[6.84379,46.4976],[6.84545,46.49811],[6.84639,46.49794],[6.84829,46.49592],[6.8486,46.49497],[6.84976,46.49465],[6.85477,46.49455],[6.85814,46.49433],[6.86,46.49467],[6.86256,46.49485],[6.86362,46.49512],[6.8656,46.49979],[6.86719,46.50207],[6.87033,46.50354],[6.87329,46.50558],[6.87517,46.50763],[6.87888,46.51071],[6.88047,46.51154],[6.88253,46.51385],[6.88413,46.51475],[6.88733,46.5162],[6.89617,46.52056],[6.8974,46.52154],[6.89859,46.52133],[6.89804,46.52047],[6.89798,46.51722],[6.89848,46.51622],[6.89688,46.51424],[6.89586,46.5105],[6.89658,46.50902],[6.89733,46.50929],[6.89771,46.51015],[6.89892,46.51094],[6.9006,46.51167],[6.90127,46.51293],[6.90228,46.51361],[6.90228,46.51458],[6.90502,46.51447],[6.90623,46.51382],[6.90725,46.51411],[6.90915,46.51368],[6.91093,46.51362],[6.91225,46.51452],[6.91346,46.51395],[6.91362,46.51292],[6.9143,46.51235],[6.91643,46.51154],[6.91756,46.51183],[6.91908,46.51084],[6.91964,46.51089],[6.92071,46.51006],[6.92272,46.50943],[6.92352,46.50986],[6.92423,46.50927],[6.92587,46.50895],[6.92663,46.50841],[6.92736,46.50716],[6.92845,46.50595],[6.92915,46.50578],[6.93038,46.50614],[6.93163,46.506],[6.93283,46.50445],[6.93383,46.50455],[6.93416,46.50317],[6.93708,46.5023],[6.93944,46.50227],[6.94141,46.50254],[6.94296,46.50315],[6.94687,46.50255],[6.94873,46.50258],[6.94996,46.50329],[6.95083,46.50326],[6.95157,46.50388],[6.95244,46.50332],[6.95507,46.50318],[6.95505,46.50251],[6.95655,46.50181],[6.95677,46.50101],[6.96067,46.4994],[6.96171,46.49862],[6.9625,46.49846],[6.96428,46.49752],[6.96426,46.49695],[6.96533,46.49644],[6.96646,46.49443],[6.96739,46.49421],[6.96926,46.49325],[6.96991,46.49323],[6.97114,46.4924],[6.97249,46.49279],[6.97371,46.49107],[6.97433,46.49062],[6.97348,46.48896],[6.97397,46.48858],[6.97328,46.48678],[6.97353,46.48573],[6.97479,46.48398],[6.97461,46.4827],[6.97535,46.48194],[6.97598,46.48036],[6.97668,46.47967],[6.98059,46.47721],[6.98219,46.47666],[6.98118,46.47573],[6.97931,46.475],[6.9787,46.47416],[6.97979,46.47163],[6.97927,46.47088],[6.97907,46.46872],[6.97982,46.468],[6.97951,46.46566],[6.97989,46.46369],[6.97984,46.46265],[6.98089,46.46093],[6.98103,46.46023],[6.98357,46.46017],[6.98524,46.45808],[6.98659,46.45699],[6.99028,46.4544],[6.99094,46.45356],[6.99112,46.45271],[6.99193,46.45202],[6.99299,46.45006],[6.99099,46.44797],[6.98983,46.44652],[6.9891,46.44523],[6.9868,46.44316],[6.98557,46.4418],[6.98448,46.44],[6.98481,46.43926],[6.98833,46.4392],[6.99369,46.44015],[6.99609,46.44101],[6.99706,46.44185],[6.99994,46.4428],[7.00059,46.44337],[7.00182,46.44369],[7.00338,46.4447],[7.00673,46.44566],[7.009,46.44615],[7.01013,46.44678],[7.01117,46.44694],[7.01302,46.44783],[7.01808,46.44919],[7.01873,46.44833],[7.02068,46.45383],[7.02207,46.45986],[7.02111,46.46071],[7.02357,46.46302],[7.02574,46.4646],[7.02765,46.46544],[7.02933,46.46808],[7.0394,46.47559],[7.04292,46.47733],[7.04494,46.47785],[7.04863,46.48025],[7.04948,46.48149],[7.0518,46.48309],[7.05531,46.48402],[7.05997,46.4865],[7.06197,46.48855],[7.06671,46.49031],[7.07091,46.48826],[7.07328,46.48767],[7.07847,46.4901],[7.08331,46.48905],[7.08784,46.48906],[7.08979,46.4882],[7.09362,46.48874],[7.0959,46.48934],[7.09891,46.48968],[7.10125,46.48826],[7.10389,46.48913],[7.10625,46.49059],[7.10705,46.49151],[7.10757,46.49349],[7.10937,46.49413],[7.11056,46.49561],[7.11229,46.49645],[7.11352,46.49659],[7.11901,46.49879],[7.12368,46.49997],[7.1257,46.50203],[7.12744,46.50405],[7.12724,46.50443],[7.13008,46.50553],[7.13186,46.50593],[7.13626,46.50889],[7.13715,46.50988],[7.13732,46.51129],[7.13798,46.51438],[7.14457,46.52339],[7.14591,46.52814],[7.14793,46.52877],[7.14925,46.52974],[7.15058,46.52961],[7.15159,46.52917],[7.15378,46.52859],[7.1568,46.5287],[7.15865,46.5281],[7.16,46.52826],[7.16433,46.52981],[7.16585,46.53108],[7.16801,46.53236],[7.17293,46.53449],[7.17374,46.53461],[7.1751,46.53536],[7.17776,46.53718],[7.18053,46.53849],[7.18172,46.53928],[7.18324,46.53965],[7.18823,46.54387],[7.19155,46.54616],[7.19308,46.54783],[7.19432,46.54741],[7.20172,46.54297],[7.20198,46.54128],[7.20459,46.53835],[7.20856,46.53418],[7.21083,46.53543],[7.21327,46.53765],[7.21323,46.53805],[7.21566,46.53977],[7.21779,46.54177],[7.21861,46.54296],[7.22071,46.54483],[7.22261,46.54608],[7.22346,46.54824],[7.22434,46.54915],[7.22528,46.54953],[7.22625,46.55043],[7.22918,46.55158],[7.23101,46.55201],[7.23168,46.55251],[7.23278,46.55237],[7.23736,46.55536],[7.23799,46.55507],[7.24138,46.55552],[7.24499,46.55648],[7.24796,46.55751],[7.25072,46.559],[7.25402,46.56014],[7.256,46.56116],[7.25951,46.56357],[7.26476,46.56879],[7.26614,46.57094],[7.26757,46.57284],[7.26852,46.57359],[7.26901,46.57497],[7.26962,46.57504],[7.27168,46.57707],[7.27214,46.57774],[7.27484,46.57996],[7.27739,46.58112],[7.27805,46.58224],[7.27912,46.58296],[7.28086,46.58452],[7.28228,46.58539],[7.28459,46.58506],[7.28847,46.58378],[7.28987,46.58299],[7.29921,46.58049],[7.30012,46.58038],[7.30445,46.58102],[7.30897,46.5826],[7.31173,46.58678],[7.31343,46.59046],[7.31604,46.59167],[7.32166,46.59314],[7.31576,46.6017],[7.31714,46.61061],[7.31911,46.61742],[7.31879,46.61985],[7.31303,46.62299],[7.31308,46.62558],[7.31339,46.63176],[7.31419,46.63791],[7.31747,46.63835],[7.32144,46.63808],[7.32325,46.6383],[7.32549,46.63902],[7.32683,46.63968],[7.3291,46.64161],[7.33062,46.64312],[7.32867,46.64762],[7.32511,46.65179],[7.3242,46.65321],[7.32207,46.65591],[7.32418,46.65663],[7.32685,46.65606],[7.32828,46.6563],[7.33069,46.6559],[7.33196,46.65659],[7.33501,46.65599],[7.34129,46.65691],[7.34297,46.65644],[7.34506,46.65678],[7.34651,46.65663],[7.3471,46.65567],[7.34809,46.65515],[7.34913,46.65413],[7.35058,46.65365],[7.35166,46.65292],[7.35125,46.65034],[7.3517,46.64925],[7.35353,46.64817],[7.35553,46.64794],[7.35676,46.64665],[7.35632,46.64551],[7.35668,46.64374],[7.35628,46.64341],[7.35723,46.64136],[7.35822,46.64057],[7.35887,46.64219],[7.35883,46.64306],[7.35934,46.64516],[7.36064,46.64576],[7.36056,46.64638],[7.36208,46.64704],[7.36309,46.64813],[7.36301,46.64919],[7.367,46.65025],[7.37782,46.65713],[7.3782,46.65755],[7.37021,46.65687],[7.37046,46.6587],[7.372,46.66031],[7.37179,46.6621],[7.37283,46.66395],[7.37213,46.66495],[7.37285,46.66653],[7.37344,46.66883],[7.37208,46.67068],[7.37443,46.67324],[7.37451,46.67371],[7.37582,46.67479],[7.37689,46.67614],[7.37739,46.67632],[7.3761,46.67887],[7.37413,46.6804],[7.37383,46.6811],[7.37415,46.68193],[7.37593,46.68325],[7.37868,46.68484],[7.37676,46.68769],[7.37686,46.68906],[7.37873,46.6906],[7.37999,46.69132],[7.38115,46.69148],[7.37788,46.694],[7.37494,46.69344],[7.36955,46.69391],[7.36796,46.69541],[7.3658,46.69626],[7.3635,46.70048],[7.36095,46.69925],[7.35669,46.69957],[7.3533,46.69967],[7.34766,46.70011],[7.34639,46.70053],[7.34653,46.70163],[7.34718,46.7035],[7.34857,46.70454],[7.35001,46.70619],[7.3503,46.70824],[7.35155,46.70984],[7.35122,46.71154],[7.35044,46.7135],[7.34832,46.71418],[7.34482,46.71477],[7.34238,46.71551],[7.34025,46.71576],[7.33784,46.71559],[7.33481,46.71582],[7.32912,46.71792],[7.32713,46.71782],[7.32202,46.71829],[7.31787,46.71899],[7.31331,46.71887],[7.31085,46.71939],[7.30884,46.71848],[7.30542,46.72088],[7.30369,46.72166],[7.3005,46.7243],[7.29957,46.72532],[7.29797,46.7282],[7.29768,46.72911],[7.29744,46.7314],[7.29749,46.73398],[7.29779,46.73515],[7.29778,46.73841],[7.29854,46.74011],[7.30099,46.7434],[7.30228,46.74449],[7.30413,46.7468],[7.30514,46.74908],[7.3053,46.75114],[7.30443,46.75348],[7.30413,46.75489],[7.30434,46.75645],[7.30408,46.75746],[7.30452,46.76049],[7.30402,46.76139],[7.30267,46.76212],[7.30229,46.76364],[7.30079,46.76506],[7.29912,46.7654],[7.29973,46.76644],[7.29883,46.76684],[7.29748,46.76652],[7.29686,46.76676],[7.29491,46.76899],[7.29412,46.76956],[7.29387,46.77086],[7.29399,46.77267],[7.2924,46.77282],[7.29139,46.77335],[7.29221,46.77464],[7.29624,46.77668],[7.29684,46.77728],[7.29732,46.77859],[7.29851,46.77884],[7.30174,46.78036],[7.30145,46.78194],[7.30206,46.78265],[7.3054,46.78451],[7.3054,46.78545],[7.30323,46.78696],[7.303,46.78769],[7.30444,46.79017],[7.30294,46.7921],[7.30252,46.79413],[7.30398,46.79562],[7.30575,46.79682],[7.30841,46.80006],[7.30888,46.80284],[7.31013,46.80422],[7.30994,46.80615],[7.31071,46.80756],[7.31125,46.80933],[7.31272,46.81079],[7.31458,46.81167],[7.31568,46.81326],[7.31839,46.81513],[7.32113,46.81611],[7.32139,46.81698],[7.31991,46.81833],[7.32163,46.82147],[7.32188,46.82316],[7.32074,46.82646],[7.32118,46.82805],[7.32234,46.82844],[7.32642,46.82921],[7.32985,46.83031],[7.33114,46.83099],[7.33216,46.83308],[7.33197,46.83411],[7.33027,46.83525],[7.33068,46.83623],[7.33019,46.83694],[7.32895,46.83732],[7.3277,46.83844],[7.32514,46.83987],[7.32496,46.84076],[7.32426,46.84172],[7.32282,46.84243],[7.31996,46.84329],[7.31877,46.84428],[7.31689,46.84498],[7.31405,46.84552],[7.3136,46.84594],[7.31126,46.84687],[7.30848,46.84835],[7.30868,46.84939],[7.30771,46.85009],[7.30706,46.8513],[7.30626,46.85182],[7.30466,46.85222],[7.30308,46.85335],[7.30498,46.85386],[7.30739,46.85506],[7.30825,46.85502],[7.31039,46.85629],[7.313,46.85688],[7.31269,46.85885],[7.31298,46.85999],[7.31428,46.86052],[7.31351,46.86204],[7.31472,46.86191],[7.31546,46.86225],[7.31554,46.86323],[7.31734,46.86391],[7.31871,46.86358],[7.31832,46.86191],[7.31988,46.8622],[7.3218,46.86285],[7.3244,46.86227],[7.32646,46.86141],[7.32859,46.86088],[7.32822,46.86055],[7.33099,46.85951],[7.33163,46.85894],[7.32892,46.85764],[7.32872,46.85725],[7.32669,46.85812],[7.32449,46.85674],[7.32394,46.85608],[7.32624,46.85397],[7.32621,46.85337],[7.32756,46.85282],[7.33138,46.85241],[7.33544,46.85292],[7.33674,46.85173],[7.33809,46.85092],[7.33914,46.85077],[7.34093,46.85201],[7.34357,46.85299],[7.34615,46.8537],[7.3482,46.85507],[7.35028,46.85462],[7.35261,46.85634],[7.35432,46.85835],[7.35537,46.86007],[7.35866,46.86197],[7.36005,46.86374],[7.36019,46.86442],[7.35888,46.86644],[7.35932,46.87011],[7.35832,46.87142],[7.35739,46.8719],[7.35543,46.87205],[7.3548,46.87261],[7.35333,46.87753],[7.35401,46.8822],[7.35444,46.88763],[7.35397,46.88851],[7.35245,46.88949],[7.35035,46.89034],[7.34791,46.89102],[7.34113,46.89213],[7.32758,46.89497],[7.32485,46.89494],[7.31327,46.89308],[7.31028,46.89284],[7.30837,46.89292],[7.30274,46.89368],[7.29795,46.89491],[7.29623,46.89517],[7.29144,46.89518],[7.29031,46.89509],[7.28821,46.89449],[7.28732,46.89401],[7.28453,46.89177],[7.28338,46.89111],[7.28195,46.89086],[7.28032,46.89107],[7.27888,46.89158],[7.27426,46.89353],[7.2727,46.89399],[7.2683,46.89459],[7.26632,46.89539],[7.26315,46.89793],[7.26132,46.89896],[7.25907,46.89947],[7.25288,46.90004],[7.25074,46.90039],[7.24526,46.90169],[7.24406,46.89924],[7.24288,46.89944],[7.24089,46.89918],[7.23725,46.89941],[7.23587,46.90061],[7.23295,46.90161],[7.23242,46.90212],[7.23181,46.90372],[7.23005,46.90362],[7.22983,46.90453],[7.23141,46.90482],[7.23124,46.90526],[7.22956,46.90493],[7.22625,46.90464],[7.225,46.90431],[7.223,46.90315],[7.21847,46.89866],[7.21481,46.90191],[7.21336,46.90305],[7.21117,46.90374],[7.20867,46.90396],[7.20484,46.9033],[7.20248,46.9034],[7.20087,46.90378],[7.2,46.90319],[7.19779,46.90227],[7.19623,46.90032],[7.19059,46.90162],[7.19005,46.90236],[7.19641,46.90445],[7.19971,46.90508],[7.2026,46.90656],[7.20525,46.90763],[7.20619,46.90958],[7.20872,46.91045],[7.2088,46.91114],[7.20802,46.91146],[7.20691,46.91398],[7.2072,46.9158],[7.20669,46.91609],[7.20791,46.91749],[7.20775,46.91918],[7.20654,46.92125],[7.20688,46.92209],[7.20598,46.92301],[7.20775,46.92331],[7.20759,46.92493],[7.20784,46.92613],[7.20952,46.92617],[7.21005,46.92657],[7.21202,46.92659],[7.21226,46.9292],[7.2136,46.92978],[7.21263,46.93256],[7.21135,46.93237],[7.21022,46.93466],[7.20919,46.93466],[7.20717,46.93709],[7.20514,46.93875],[7.20392,46.93867],[7.2053,46.94042],[7.20471,46.94085],[7.20451,46.94186],[7.20671,46.94155],[7.20642,46.94244],[7.20836,46.94288],[7.20874,46.94339],[7.21042,46.9432],[7.21118,46.94435],[7.21098,46.94551],[7.21043,46.94616],[7.21136,46.94711],[7.21103,46.94913],[7.21,46.94987],[7.2093,46.94976],[7.20863,46.95049],[7.20908,46.95106],[7.20888,46.95203],[7.20964,46.95373],[7.2092,46.95416],[7.20978,46.95489],[7.20977,46.95567],[7.21163,46.95693],[7.21194,46.95785],[7.21151,46.95822],[7.20922,46.95913],[7.209,46.96067],[7.20721,46.96117],[7.20266,46.96085],[7.20092,46.96041],[7.19976,46.96094],[7.19855,46.96198],[7.19551,46.96268],[7.19519,46.96338],[7.19646,46.96544],[7.1973,46.96499],[7.19886,46.96577],[7.20021,46.96513],[7.20738,46.96545],[7.20801,46.96683],[7.20837,46.96884],[7.21514,46.96825],[7.21558,46.97048],[7.21502,46.97063],[7.21559,46.97266],[7.21696,46.97255],[7.21835,46.97325],[7.21778,46.97404],[7.22339,46.97587],[7.22255,46.97689],[7.2289,46.97956],[7.23041,46.98068],[7.23159,46.98185],[7.23231,46.98306],[7.23442,46.98499],[7.23549,46.98567],[7.23654,46.98593],[7.23579,46.98809],[7.23253,46.99042],[7.22955,46.99134],[7.23009,46.99201],[7.22687,46.99373],[7.22503,46.99431],[7.22314,46.99449],[7.22448,46.99571],[7.22554,46.99707],[7.22734,46.9983],[7.22717,46.99991],[7.22667,47.00048],[7.22413,46.99947],[7.22415,47.0006],[7.22285,47.00165],[7.22235,47.00241],[7.22245,47.00344],[7.22165,47.00397],[7.22019,47.00574],[7.21836,47.00761],[7.21648,47.00659],[7.21391,47.00814],[7.21116,47.00528],[7.20601,47.0076],[7.20159,47.00299],[7.2003,47.00254],[7.19722,47.00346],[7.19759,47.00147],[7.19483,47.00087],[7.17953,46.99537],[7.16585,46.9905],[7.15933,46.98812],[7.15699,46.98736],[7.15505,46.98783],[7.15298,46.98712],[7.15264,46.98755],[7.14983,46.98661],[7.1137,46.98075],[7.0932,46.97745],[7.09156,46.97792],[7.08825,46.97781],[7.08695,46.97762],[7.05867,46.9782],[7.05257,46.9789],[7.04105,46.98117]],[[7.11962,46.90371],[7.11985,46.90447],[7.11859,46.90638],[7.12006,46.90694],[7.11795,46.90927],[7.11748,46.90908],[7.11519,46.91066],[7.11419,46.91196],[7.11503,46.9142],[7.11575,46.91716],[7.11837,46.91815],[7.12309,46.91916],[7.12618,46.92029],[7.1286,46.9195],[7.13079,46.91963],[7.13105,46.92007],[7.13285,46.92063],[7.13557,46.92069],[7.13621,46.91988],[7.1368,46.9177],[7.137,46.91428],[7.13639,46.91328],[7.13695,46.9129],[7.13746,46.91157],[7.13863,46.91048],[7.13935,46.90886],[7.13575,46.90885],[7.13362,46.90833],[7.1337,46.90779],[7.13067,46.90696],[7.12816,46.90578],[7.12537,46.90408],[7.12418,46.90307],[7.12481,46.90261],[7.12394,46.90152],[7.12226,46.90183],[7.1206,46.90187],[7.11962,46.90371]]],[[[6.86655,46.9109],[6.8362,46.89091],[6.78067,46.85428],[6.74271,46.82919],[6.76816,46.8101],[6.77309,46.80697],[6.77409,46.80604],[6.7778,46.80374],[6.77966,46.80188],[6.7817,46.80264],[6.7844,46.80397],[6.78606,46.80283],[6.78813,46.80091],[6.78698,46.80003],[6.78753,46.79971],[6.78535,46.79862],[6.78126,46.79636],[6.77943,46.7952],[6.77842,46.79393],[6.7775,46.79187],[6.77683,46.79106],[6.77798,46.79042],[6.7796,46.79144],[6.78217,46.79356],[6.78386,46.79469],[6.78459,46.7936],[6.7862,46.79247],[6.78667,46.79249],[6.79145,46.78894],[6.79393,46.78698],[6.79691,46.78516],[6.79879,46.78418],[6.8007,46.78586],[6.80192,46.78514],[6.80551,46.78695],[6.80954,46.78488],[6.81007,46.78504],[6.81214,46.78313],[6.81429,46.78158],[6.81327,46.78024],[6.81388,46.77964],[6.81513,46.77992],[6.81627,46.77918],[6.81754,46.77906],[6.81835,46.7798],[6.81926,46.77902],[6.82195,46.77792],[6.82374,46.77682],[6.82469,46.776],[6.82531,46.77489],[6.82649,46.77422],[6.82708,46.77557],[6.82892,46.77793],[6.83074,46.7771],[6.83394,46.77585],[6.83495,46.77651],[6.83719,46.7774],[6.83803,46.77948],[6.83885,46.77946],[6.83954,46.78137],[6.84053,46.78226],[6.84407,46.78003],[6.84497,46.78017],[6.84674,46.78114],[6.84805,46.78253],[6.84938,46.78222],[6.85015,46.78331],[6.85135,46.78366],[6.85128,46.78482],[6.85008,46.78536],[6.85246,46.78718],[6.85355,46.78668],[6.85532,46.78724],[6.85995,46.78931],[6.8622,46.78771],[6.86466,46.78659],[6.86475,46.78571],[6.86275,46.78448],[6.86329,46.78352],[6.86572,46.78187],[6.86686,46.78176],[6.86875,46.78091],[6.8702,46.78093],[6.87113,46.77997],[6.87267,46.77945],[6.87349,46.78004],[6.87527,46.77862],[6.8781,46.77723],[6.87944,46.77766],[6.88042,46.77764],[6.88041,46.77661],[6.88368,46.77801],[6.88399,46.77796],[6.88899,46.77958],[6.89096,46.77945],[6.89507,46.7786],[6.89588,46.78041],[6.89867,46.78071],[6.90069,46.78137],[6.89999,46.7829],[6.90436,46.78322],[6.90592,46.78285],[6.90678,46.78397],[6.90821,46.78513],[6.91085,46.78449],[6.9091,46.78332],[6.91186,46.78102],[6.91306,46.78266],[6.91422,46.78351],[6.91649,46.78456],[6.91798,46.78602],[6.91804,46.78681],[6.91738,46.78873],[6.91761,46.79042],[6.91946,46.79224],[6.92022,46.79397],[6.92183,46.79644],[6.92184,46.79777],[6.92266,46.7985],[6.92632,46.79955],[6.92732,46.80024],[6.92765,46.80173],[6.92852,46.80295],[6.93139,46.80433],[6.93246,46.8062],[6.93223,46.80716],[6.9316,46.80774],[6.92973,46.80844],[6.92871,46.80915],[6.92829,46.81036],[6.92703,46.81013],[6.92334,46.81],[6.92194,46.81082],[6.92087,46.81188],[6.91917,46.81116],[6.91567,46.80872],[6.91667,46.80797],[6.91425,46.80627],[6.91456,46.80608],[6.91221,46.80444],[6.90806,46.80633],[6.90575,46.80692],[6.9058,46.80779],[6.90744,46.80891],[6.90777,46.80947],[6.9102,46.81203],[6.91172,46.81384],[6.91038,46.81544],[6.90937,46.81755],[6.91048,46.81875],[6.90844,46.81895],[6.91019,46.82024],[6.90854,46.82121],[6.90726,46.82368],[6.906,46.82556],[6.90574,46.82643],[6.9063,46.8283],[6.90735,46.82976],[6.90784,46.82988],[6.90802,46.83134],[6.90827,46.83551],[6.91143,46.83988],[6.91104,46.84008],[6.92127,46.84939],[6.9315,46.85456],[6.92972,46.85626],[6.92802,46.85586],[6.92614,46.85923],[6.92503,46.86078],[6.92324,46.86038],[6.92236,46.86208],[6.9208,46.86175],[6.91865,46.86451],[6.91768,46.86471],[6.91655,46.86436],[6.91374,46.86725],[6.90528,46.86475],[6.90522,46.86483],[6.89733,46.86255],[6.89674,46.86406],[6.89522,46.86349],[6.89497,46.86438],[6.89274,46.86628],[6.89493,46.86662],[6.89744,46.86722],[6.89933,46.86836],[6.90162,46.86769],[6.90443,46.86879],[6.90584,46.86973],[6.90834,46.87015],[6.91048,46.87081],[6.91263,46.86847],[6.91742,46.8701],[6.9167,46.87084],[6.92188,46.87265],[6.91382,46.88001],[6.91287,46.88063],[6.91167,46.88194],[6.90782,46.87994],[6.9062,46.88165],[6.90453,46.88075],[6.90194,46.88345],[6.90151,46.88323],[6.90009,46.88471],[6.89923,46.88416],[6.89817,46.88526],[6.89729,46.88436],[6.89552,46.88632],[6.89258,46.88805],[6.86655,46.9109]]],[[[6.80706,46.72824],[6.81044,46.72868],[6.81213,46.7292],[6.81767,46.73372],[6.81834,46.73459],[6.82252,46.73563],[6.8256,46.73603],[6.82813,46.73605],[6.82924,46.73681],[6.83114,46.73598],[6.83263,46.7364],[6.83354,46.73628],[6.83458,46.73534],[6.83603,46.73465],[6.83695,46.73481],[6.83873,46.7341],[6.84504,46.73052],[6.84719,46.72878],[6.84809,46.7292],[6.85289,46.72771],[6.85806,46.72732],[6.86052,46.72665],[6.86273,46.72589],[6.86357,46.72709],[6.86539,46.72651],[6.86655,46.72758],[6.86803,46.72843],[6.86879,46.72972],[6.86627,46.73063],[6.86771,46.73217],[6.86638,46.73298],[6.86702,46.73432],[6.87931,46.74731],[6.88295,46.75111],[6.88096,46.75313],[6.87661,46.7552],[6.87786,46.75718],[6.87536,46.75861],[6.87338,46.75889],[6.87048,46.75982],[6.86855,46.76144],[6.86625,46.76387],[6.86489,46.76396],[6.86428,46.76483],[6.86297,46.7639],[6.8614,46.76417],[6.86108,46.7636],[6.86002,46.76352],[6.85969,46.76276],[6.85854,46.76405],[6.86045,46.76507],[6.86103,46.7677],[6.85808,46.76906],[6.8572,46.77005],[6.85702,46.77193],[6.8545,46.77348],[6.85278,46.77346],[6.85264,46.77538],[6.85127,46.77444],[6.8485,46.77452],[6.84964,46.77625],[6.84848,46.77624],[6.84736,46.77365],[6.8465,46.77301],[6.84705,46.77257],[6.84909,46.77282],[6.84967,46.77243],[6.84679,46.76933],[6.84446,46.76787],[6.84633,46.76716],[6.84461,46.76583],[6.8415,46.76395],[6.8375,46.76234],[6.83269,46.75856],[6.83018,46.75738],[6.82907,46.75578],[6.83116,46.75527],[6.82987,46.75432],[6.82941,46.75313],[6.8273,46.75352],[6.82712,46.75257],[6.82811,46.75191],[6.82768,46.75148],[6.82447,46.74939],[6.82519,46.7487],[6.82345,46.74817],[6.82229,46.7471],[6.82212,46.74608],[6.82066,46.74468],[6.81855,46.74352],[6.81633,46.7417],[6.81725,46.73979],[6.81544,46.73858],[6.81241,46.73896],[6.81135,46.73875],[6.80977,46.73767],[6.8068,46.7367],[6.80486,46.73817],[6.8021,46.73644],[6.80116,46.7363],[6.79896,46.73536],[6.79797,46.73578],[6.7975,46.73764],[6.79643,46.73763],[6.79585,46.73629],[6.79436,46.73704],[6.79373,46.73525],[6.79178,46.73403],[6.79256,46.73371],[6.79134,46.73262],[6.79191,46.73229],[6.79031,46.73111],[6.78876,46.73066],[6.78931,46.72926],[6.79207,46.72841],[6.79383,46.72686],[6.79503,46.72737],[6.79631,46.72717],[6.79665,46.7276],[6.80006,46.72757],[6.80075,46.7281],[6.80269,46.72749],[6.80534,46.72871],[6.80706,46.72824]]],[[[6.77386,46.75267],[6.77102,46.74865],[6.77027,46.74691],[6.76904,46.74573],[6.76598,46.74424],[6.76055,46.74039],[6.75968,46.73871],[6.75497,46.73827],[6.75349,46.73787],[6.75248,46.73696],[6.75219,46.73605],[6.75122,46.7348],[6.74954,46.73311],[6.75033,46.73141],[6.75145,46.73028],[6.75257,46.72953],[6.7567,46.7282],[6.75867,46.72737],[6.7601,46.72625],[6.7611,46.7244],[6.7594,46.72328],[6.76106,46.72188],[6.76146,46.72078],[6.76261,46.72008],[6.76325,46.71867],[6.76715,46.72038],[6.76744,46.72014],[6.77151,46.72196],[6.77824,46.72742],[6.77714,46.72798],[6.77819,46.7289],[6.77765,46.73],[6.77853,46.73123],[6.78123,46.73314],[6.78281,46.73368],[6.78355,46.73429],[6.78366,46.73528],[6.78529,46.73673],[6.78416,46.73726],[6.78536,46.73894],[6.78497,46.74013],[6.78555,46.74277],[6.78535,46.74356],[6.78577,46.7471],[6.78658,46.74864],[6.78709,46.74892],[6.78536,46.74989],[6.78373,46.75009],[6.77967,46.75245],[6.77928,46.75184],[6.77695,46.7507],[6.77386,46.75267]]],[[[7.23527,46.93434],[7.23546,46.93871],[7.23569,46.9396],[7.23473,46.93963],[7.23186,46.94048],[7.23113,46.94128],[7.22912,46.94014],[7.2303,46.93822],[7.22972,46.93816],[7.22704,46.9369],[7.22647,46.93765],[7.22398,46.93649],[7.22172,46.93577],[7.21837,46.93443],[7.21835,46.93375],[7.2195,46.93315],[7.21873,46.93249],[7.2178,46.93319],[7.21628,46.93207],[7.21777,46.92812],[7.21946,46.92566],[7.22227,46.92702],[7.22642,46.92857],[7.22938,46.92906],[7.23029,46.93007],[7.23149,46.93013],[7.23178,46.93084],[7.23499,46.93078],[7.23527,46.93434]]]]},"properties":{"id":10,"name":"Fribourg"}},
{"type":"Feature","geometry":{"type":"Polygon","coordinates":[[[8.93656,46.92116],[8.93885,46.91742],[8.9398,46.91557],[8.94106,46.91356],[8.94353,46.91102],[8.94475,46.90746],[8.94693,46.90625],[8.94808,46.90399],[8.94977,46.90291],[8.95299,46.90292],[8.95343,46.9024],[8.9546,46.90199],[8.954,46.89966],[8.95534,46.8983],[8.95516,46.8978],[8.95577,46.89578],[8.95742,46.89167],[8.95738,46.89129],[8.95847,46.8892],[8.95797,46.88762],[8.95899,46.8808],[8.9571,46.87663],[8.95156,46.87448],[8.94971,46.87426],[8.94866,46.87362],[8.94706,46.87343],[8.94651,46.87269],[8.9429,46.87219],[8.94182,46.87127],[8.93873,46.86943],[8.93709,46.86885],[8.93456,46.86664],[8.93272,46.86673],[8.93204,46.8663],[8.92785,46.86552],[8.92431,46.86459],[8.91944,46.86214],[8.91899,46.86177],[8.91707,46.86147],[8.91488,46.86143],[8.91399,46.86167],[8.91245,46.86159],[8.91061,46.86228],[8.90877,46.86152],[8.90722,46.85997],[8.90491,46.85845],[8.90395,46.85741],[8.90266,46.8568],[8.90134,46.85578],[8.90153,46.85539],[8.90054,46.85446],[8.90036,46.8538],[8.89801,46.85227],[8.89691,46.85134],[8.89684,46.85086],[8.89429,46.85033],[8.89311,46.84981],[8.89002,46.84955],[8.88739,46.84858],[8.88516,46.8475],[8.88202,46.84648],[8.88078,46.84632],[8.87891,46.8454],[8.87646,46.84498],[8.87467,46.84368],[8.87331,46.84301],[8.87416,46.84266],[8.87524,46.84094],[8.87484,46.83992],[8.87577,46.83804],[8.87554,46.8365],[8.87827,46.83477],[8.88281,46.83036],[8.88134,46.82137],[8.87742,46.81823],[8.87674,46.81726],[8.87822,46.81421],[8.88515,46.81542],[8.88633,46.81517],[8.88964,46.81571],[8.89155,46.81539],[8.89251,46.81469],[8.89612,46.81509],[8.89818,46.81547],[8.89956,46.81552],[8.9015,46.81478],[8.90118,46.81376],[8.90223,46.81305],[8.90557,46.81214],[8.90736,46.81199],[8.90858,46.81154],[8.91378,46.81263],[8.91604,46.81244],[8.91581,46.81043],[8.91525,46.8099],[8.91583,46.80934],[8.91624,46.80722],[8.91589,46.80628],[8.91564,46.80434],[8.91468,46.80348],[8.91458,46.80279],[8.91524,46.8019],[8.91652,46.80114],[8.91703,46.80045],[8.91928,46.79961],[8.92118,46.79941],[8.92483,46.7996],[8.92786,46.79906],[8.92926,46.79778],[8.93096,46.79862],[8.93409,46.79905],[8.93598,46.79996],[8.94136,46.80071],[8.94262,46.80195],[8.94422,46.80286],[8.94608,46.80358],[8.94882,46.80364],[8.95191,46.80399],[8.95273,46.80491],[8.9545,46.80627],[8.95719,46.80614],[8.95894,46.80573],[8.96214,46.80681],[8.96503,46.80715],[8.96684,46.80781],[8.97009,46.80767],[8.97237,46.80824],[8.97531,46.80846],[8.97852,46.80895],[8.98189,46.80849],[8.98496,46.80936],[8.9869,46.80973],[8.98908,46.8096],[8.99217,46.81011],[8.99715,46.81159],[9.00008,46.81211],[9.01021,46.81247],[9.02117,46.81862],[9.02259,46.82303],[9.02663,46.82698],[9.02859,46.83122],[9.03056,46.83325],[9.03119,46.83432],[9.03299,46.83553],[9.0356,46.83664],[9.03493,46.84034],[9.03739,46.84404],[9.03808,46.84477],[9.03878,46.84641],[9.03998,46.84777],[9.04187,46.8491],[9.04377,46.84998],[9.04662,46.85094],[9.04728,46.85191],[9.04625,46.85472],[9.04599,46.85624],[9.04539,46.85681],[9.04576,46.8601],[9.04629,46.86131],[9.04637,46.86627],[9.04958,46.86834],[9.05267,46.8688],[9.05374,46.8693],[9.05563,46.86958],[9.05657,46.87054],[9.05837,46.87142],[9.05923,46.87267],[9.06235,46.87511],[9.06592,46.8765],[9.06696,46.8761],[9.06809,46.87628],[9.06943,46.876],[9.07307,46.87668],[9.07458,46.87638],[9.07637,46.87657],[9.07826,46.87637],[9.0803,46.87539],[9.0827,46.87487],[9.08529,46.87412],[9.08588,46.87355],[9.08853,46.87365],[9.09088,46.87305],[9.09208,46.87299],[9.09418,46.87235],[9.09615,46.87217],[9.09553,46.8705],[9.09588,46.86888],[9.09791,46.86749],[9.10229,46.86303],[9.10482,46.86099],[9.10512,46.85722],[9.10563,46.85485],[9.10607,46.85377],[9.11057,46.85212],[9.11253,46.85167],[9.11378,46.85194],[9.11403,46.85259],[9.11524,46.85353],[9.1183,46.85435],[9.11839,46.85463],[9.12119,46.85615],[9.12361,46.85612],[9.12498,46.85664],[9.12661,46.85675],[9.12813,46.85789],[9.12952,46.86009],[9.13201,46.86097],[9.13363,46.8609],[9.13491,46.86119],[9.13731,46.86251],[9.13914,46.86302],[9.14177,46.86313],[9.14173,46.86482],[9.14278,46.86537],[9.14313,46.86699],[9.14549,46.8686],[9.14583,46.86973],[9.14571,46.87067],[9.14782,46.87247],[9.15019,46.87362],[9.15168,46.8738],[9.15348,46.87346],[9.15588,46.8743],[9.15802,46.87523],[9.15423,46.88113],[9.15594,46.88076],[9.15739,46.88069],[9.15884,46.88097],[9.16245,46.88065],[9.17868,46.8804],[9.18321,46.87989],[9.18748,46.87881],[9.18946,46.87773],[9.18997,46.87876],[9.19271,46.88003],[9.19651,46.88098],[9.19689,46.88136],[9.19909,46.88191],[9.20114,46.88194],[9.20245,46.88322],[9.20402,46.8844],[9.20536,46.88439],[9.20657,46.88686],[9.20733,46.88804],[9.20828,46.88869],[9.20989,46.88927],[9.21232,46.8906],[9.21426,46.89325],[9.21532,46.89302],[9.21603,46.89364],[9.21589,46.89421],[9.21922,46.89644],[9.22058,46.89808],[9.22253,46.89944],[9.22358,46.90087],[9.2258,46.90284],[9.22646,46.90482],[9.22752,46.90586],[9.22783,46.9069],[9.22974,46.90751],[9.23217,46.90798],[9.23443,46.90885],[9.23579,46.90959],[9.23772,46.90977],[9.24092,46.90921],[9.24215,46.91036],[9.24288,46.91229],[9.24492,46.91386],[9.24608,46.91579],[9.2487,46.91663],[9.25013,46.91757],[9.25006,46.9181],[9.25072,46.92026],[9.25261,46.9229],[9.25272,46.92425],[9.25146,46.92547],[9.25292,46.9269],[9.25382,46.92833],[9.25374,46.92922],[9.25249,46.93065],[9.2527,46.93103],[9.25257,46.93296],[9.25214,46.93323],[9.25149,46.93593],[9.25005,46.93695],[9.24729,46.93798],[9.2464,46.93847],[9.2425,46.93973],[9.24037,46.94069],[9.24056,46.94185],[9.2391,46.9444],[9.23893,46.94514],[9.23754,46.94615],[9.23764,46.94745],[9.23829,46.94876],[9.23834,46.94984],[9.23792,46.95053],[9.23823,46.95198],[9.23814,46.95349],[9.23779,46.95414],[9.23799,46.95587],[9.23877,46.95625],[9.24461,46.95735],[9.24594,46.95777],[9.24703,46.95949],[9.2471,46.96107],[9.24581,46.9628],[9.24397,46.96709],[9.24473,46.97003],[9.24512,46.97051],[9.24528,46.97247],[9.2463,46.97299],[9.24639,46.97451],[9.24725,46.97532],[9.24801,46.97675],[9.24763,46.98021],[9.24656,46.98075],[9.24517,46.98218],[9.24487,46.98368],[9.24614,46.98494],[9.24644,46.98635],[9.24781,46.98834],[9.24783,46.98903],[9.24697,46.98989],[9.24698,46.992],[9.2465,46.9923],[9.24679,46.99351],[9.2481,46.9947],[9.24877,46.99595],[9.25111,46.99652],[9.25074,46.99733],[9.25091,46.99927],[9.24983,47.00064],[9.24945,47.00151],[9.24868,47.0021],[9.24704,47.00442],[9.2461,47.00489],[9.2458,47.00624],[9.24458,47.00727],[9.24415,47.00926],[9.24357,47.01006],[9.24344,47.01144],[9.24364,47.01264],[9.24347,47.01379],[9.24401,47.01563],[9.24389,47.01657],[9.2423,47.01909],[9.2417,47.01914],[9.24104,47.0203],[9.24016,47.02097],[9.24021,47.02147],[9.23788,47.02311],[9.23759,47.02529],[9.23568,47.02551],[9.23329,47.02654],[9.23128,47.02713],[9.22985,47.02811],[9.22949,47.02953],[9.22893,47.03001],[9.22662,47.03108],[9.22565,47.03212],[9.2238,47.03308],[9.22317,47.0339],[9.22125,47.03443],[9.21905,47.03445],[9.21652,47.03421],[9.21409,47.03487],[9.21383,47.0355],[9.21271,47.03614],[9.21133,47.03631],[9.2102,47.03704],[9.20794,47.03691],[9.20566,47.03598],[9.20289,47.03644],[9.19808,47.03453],[9.19652,47.0342],[9.19601,47.0335],[9.19309,47.03247],[9.18952,47.03038],[9.18821,47.03009],[9.18482,47.02833],[9.18175,47.02723],[9.1798,47.02759],[9.17853,47.02821],[9.17644,47.03012],[9.17529,47.02985],[9.17344,47.02887],[9.17082,47.02794],[9.16952,47.02789],[9.16839,47.02818],[9.16689,47.02819],[9.16573,47.02871],[9.16541,47.02944],[9.15917,47.03194],[9.15807,47.0313],[9.15752,47.0315],[9.14982,47.03522],[9.13928,47.04045],[9.15059,47.04618],[9.15119,47.04695],[9.1524,47.04759],[9.15399,47.04799],[9.15458,47.04859],[9.15719,47.04918],[9.15989,47.04951],[9.16091,47.05038],[9.16215,47.05063],[9.16673,47.05124],[9.16862,47.05071],[9.16998,47.0512],[9.17072,47.05183],[9.17081,47.05251],[9.17256,47.05388],[9.1747,47.05389],[9.17576,47.05424],[9.17781,47.05603],[9.1804,47.05767],[9.18156,47.05876],[9.18343,47.05952],[9.18346,47.06012],[9.18471,47.06068],[9.18543,47.06183],[9.18547,47.06252],[9.18626,47.06359],[9.18588,47.06394],[9.18648,47.06555],[9.18838,47.06674],[9.19152,47.07121],[9.19216,47.0735],[9.19313,47.07406],[9.19291,47.07463],[9.19186,47.07526],[9.19205,47.07888],[9.19046,47.08438],[9.19001,47.0868],[9.19088,47.08894],[9.19082,47.08966],[9.19145,47.09138],[9.19246,47.09228],[9.19066,47.09221],[9.18988,47.09401],[9.1889,47.09544],[9.18844,47.09733],[9.18753,47.09886],[9.18749,47.10138],[9.18806,47.10208],[9.18814,47.10361],[9.18916,47.10424],[9.18983,47.1054],[9.1902,47.1073],[9.18948,47.10848],[9.19113,47.11089],[9.19126,47.1116],[9.19018,47.11321],[9.19047,47.1134],[9.19002,47.11711],[9.1911,47.12502],[9.14892,47.13024],[9.13714,47.13331],[9.11664,47.13408],[9.11044,47.13268],[9.10797,47.13279],[9.10519,47.1336],[9.10313,47.13449],[9.09515,47.13308],[9.09395,47.13304],[9.07095,47.13116],[9.06966,47.13121],[9.06836,47.1317],[9.06685,47.13274],[9.06538,47.13433],[9.05996,47.13762],[9.05795,47.13873],[9.05501,47.14055],[9.05186,47.14292],[9.02991,47.15872],[9.0068,47.17532],[9.00592,47.17459],[8.99437,47.16501],[8.99283,47.1635],[8.99041,47.16082],[8.9765,47.14524],[8.97563,47.14451],[8.97598,47.14356],[8.97498,47.1417],[8.97297,47.13992],[8.97182,47.13957],[8.96859,47.13796],[8.96961,47.1371],[8.97057,47.13583],[8.96935,47.13487],[8.96982,47.13267],[8.97029,47.13152],[8.9696,47.13099],[8.96912,47.12967],[8.96885,47.12787],[8.96752,47.12634],[8.96708,47.12463],[8.96636,47.12344],[8.96649,47.12281],[8.96833,47.12051],[8.96898,47.12046],[8.97127,47.11956],[8.97309,47.11944],[8.97414,47.11817],[8.97488,47.11643],[8.97429,47.11509],[8.97305,47.11412],[8.97217,47.11376],[8.97231,47.11137],[8.97044,47.11001],[8.97149,47.10831],[8.97247,47.10596],[8.97184,47.1051],[8.97049,47.10482],[8.96859,47.10403],[8.96543,47.10331],[8.96456,47.10235],[8.96404,47.10239],[8.96088,47.10153],[8.9601,47.10068],[8.9593,47.09921],[8.95842,47.09896],[8.95797,47.09714],[8.95698,47.09661],[8.95633,47.09581],[8.95534,47.09558],[8.95506,47.09281],[8.9558,47.09196],[8.95776,47.09201],[8.95847,47.09116],[8.96199,47.09087],[8.96572,47.08955],[8.96665,47.08944],[8.96979,47.08846],[8.97256,47.08838],[8.97455,47.08817],[8.97533,47.08754],[8.97639,47.08765],[8.97718,47.08703],[8.97617,47.08644],[8.97452,47.08588],[8.97083,47.08393],[8.96923,47.08283],[8.96748,47.08216],[8.96795,47.08114],[8.96646,47.07992],[8.96629,47.0795],[8.96339,47.07781],[8.96202,47.07758],[8.9633,47.07606],[8.96316,47.07451],[8.96276,47.07382],[8.96296,47.0727],[8.96231,47.07196],[8.96115,47.07206],[8.96025,47.07121],[8.95994,47.07018],[8.95917,47.06896],[8.95737,47.06716],[8.95544,47.06637],[8.95372,47.06358],[8.95371,47.06273],[8.95217,47.06196],[8.95144,47.05936],[8.95082,47.05896],[8.95032,47.05784],[8.95079,47.05743],[8.95088,47.05633],[8.94998,47.05498],[8.95014,47.05323],[8.94926,47.05068],[8.94837,47.05028],[8.94665,47.05045],[8.94543,47.04972],[8.94323,47.04906],[8.94211,47.04894],[8.93978,47.04699],[8.93959,47.04615],[8.93811,47.04498],[8.93591,47.04442],[8.93455,47.04387],[8.93174,47.0434],[8.92563,47.04102],[8.92466,47.04013],[8.92319,47.03961],[8.91928,47.03923],[8.91847,47.03962],[8.91653,47.03984],[8.91581,47.04124],[8.91323,47.04062],[8.91058,47.04101],[8.9089,47.04059],[8.9073,47.03972],[8.90518,47.04002],[8.90432,47.03986],[8.90207,47.03845],[8.90171,47.03736],[8.90199,47.0354],[8.90245,47.03471],[8.90201,47.03334],[8.90448,47.03067],[8.90427,47.03011],[8.90479,47.02858],[8.90192,47.02746],[8.89909,47.02719],[8.89654,47.02665],[8.89643,47.02529],[8.89417,47.02496],[8.89428,47.02439],[8.89612,47.02222],[8.89783,47.02242],[8.89931,47.02194],[8.90131,47.02235],[8.90658,47.02],[8.91166,47.01836],[8.91231,47.01701],[8.91187,47.01563],[8.91276,47.01114],[8.91385,47.00984],[8.91662,47.00883],[8.91825,47.00675],[8.91824,47.00475],[8.92041,47.00261],[8.92215,47.00134],[8.92267,47.00269],[8.92394,47.0023],[8.92439,47.0017],[8.92984,46.99864],[8.93143,46.99687],[8.93165,46.99595],[8.93254,46.9949],[8.9332,46.99352],[8.93343,46.99239],[8.93489,46.99168],[8.93506,46.99083],[8.93647,46.98999],[8.93729,46.99032],[8.93757,46.98928],[8.93904,46.98773],[8.93976,46.98871],[8.9419,46.98876],[8.94276,46.98836],[8.9421,46.98603],[8.94021,46.98528],[8.93343,46.98362],[8.93651,46.98034],[8.94688,46.96847],[8.94882,46.96948],[8.94994,46.97042],[8.95027,46.96954],[8.95111,46.96898],[8.95117,46.96833],[8.95223,46.96816],[8.95298,46.96745],[8.95417,46.96713],[8.95507,46.96543],[8.95825,46.96365],[8.95986,46.96345],[8.96185,46.96273],[8.96272,46.96283],[8.96439,46.96224],[8.96662,46.96226],[8.96752,46.96167],[8.96987,46.96099],[8.9707,46.96118],[8.97171,46.96087],[8.97283,46.96117],[8.9723,46.95979],[8.97029,46.95919],[8.96939,46.95862],[8.96853,46.95892],[8.96745,46.95772],[8.96604,46.95733],[8.96554,46.95644],[8.96355,46.95512],[8.96308,46.95328],[8.96316,46.95175],[8.96245,46.94856],[8.96104,46.94814],[8.96068,46.94679],[8.95929,46.94545],[8.95856,46.94422],[8.95882,46.94391],[8.95775,46.94207],[8.95787,46.94157],[8.95651,46.94023],[8.95706,46.93937],[8.95716,46.93813],[8.95892,46.93712],[8.95961,46.93583],[8.95796,46.93589],[8.95868,46.93485],[8.96111,46.93252],[8.96225,46.93297],[8.96386,46.93231],[8.96519,46.93032],[8.96531,46.9296],[8.96438,46.92803],[8.96302,46.92761],[8.96221,46.9278],[8.95905,46.92719],[8.95849,46.92685],[8.95699,46.92736],[8.9555,46.92725],[8.95439,46.92647],[8.95269,46.92632],[8.95168,46.92671],[8.94938,46.92669],[8.94883,46.92538],[8.94698,46.92498],[8.94551,46.92437],[8.94394,46.92335],[8.94152,46.92368],[8.93909,46.92247],[8.93883,46.92165],[8.93723,46.92159],[8.93656,46.92116]]]},"properties":{"id":8,"name":"Glarus"}},
{"type":"Feature","geometry":{"type":"Polygon","coordinates":[[[8.47874,46.52888],[8.48109,46.53033],[8.48183,46.53056],[8.48305,46.53283],[8.48374,46.53366],[8.48617,46.53358],[8.48765,46.53402],[8.4914,46.53411],[8.49246,46.53431],[8.49461,46.53535],[8.49616,46.53582],[8.49864,46.53547],[8.50139,46.53566],[8.50244,46.53638],[8.50653,46.53644],[8.50864,46.53709],[8.50903,46.53755],[8.51076,46.53805],[8.51247,46.53889],[8.51287,46.53875],[8.51493,46.53944],[8.51673,46.53975],[8.51719,46.54011],[8.52058,46.54018],[8.52072,46.54187],[8.52038,46.54243],[8.52155,46.54376],[8.52091,46.5447],[8.52,46.545],[8.51882,46.54646],[8.51918,46.548],[8.51767,46.54877],[8.51683,46.54987],[8.51631,46.55151],[8.51557,46.55279],[8.51597,46.55408],[8.51698,46.55574],[8.51643,46.55682],[8.51466,46.5579],[8.51423,46.55935],[8.51469,46.5605],[8.51632,46.56245],[8.51691,46.56352],[8.51789,46.56418],[8.51925,46.5667],[8.52089,46.56778],[8.52212,46.56818],[8.52213,46.57133],[8.52108,46.57393],[8.52302,46.57585],[8.52298,46.57725],[8.5223,46.57852],[8.52387,46.57889],[8.52613,46.5791],[8.52599,46.58049],[8.52724,46.58156],[8.52745,46.5828],[8.52883,46.5838],[8.53129,46.58497],[8.5325,46.58584],[8.53342,46.58602],[8.53536,46.58581],[8.5376,46.58617],[8.54005,46.58769],[8.54191,46.58728],[8.54236,46.58681],[8.54613,46.58528],[8.5477,46.58373],[8.54916,46.58301],[8.55204,46.58196],[8.55578,46.58191],[8.5598,46.58284],[8.56145,46.58247],[8.56269,46.58291],[8.56506,46.5826],[8.56632,46.5826],[8.56856,46.58312],[8.57356,46.58501],[8.57482,46.58498],[8.57699,46.58349],[8.57852,46.58289],[8.57886,46.58192],[8.57957,46.58195],[8.58162,46.57966],[8.58251,46.57832],[8.58485,46.57837],[8.58685,46.5775],[8.58893,46.57607],[8.59166,46.57467],[8.59305,46.57489],[8.59448,46.57474],[8.59766,46.57518],[8.59969,46.57526],[8.60091,46.57478],[8.60255,46.57486],[8.60365,46.57543],[8.60572,46.57541],[8.60885,46.57594],[8.61164,46.57614],[8.61455,46.57752],[8.61582,46.57829],[8.61609,46.57942],[8.61887,46.57881],[8.62153,46.57936],[8.62509,46.57837],[8.62647,46.57821],[8.62768,46.57763],[8.62794,46.57644],[8.62904,46.57544],[8.63068,46.575],[8.62996,46.5728],[8.63004,46.57204],[8.63088,46.57014],[8.63139,46.56836],[8.63201,46.56707],[8.63258,46.56668],[8.63504,46.56662],[8.63579,46.56564],[8.6391,46.56555],[8.64009,46.56573],[8.64188,46.56539],[8.64428,46.56599],[8.64457,46.56663],[8.64646,46.56641],[8.64908,46.56718],[8.64948,46.56746],[8.65242,46.56795],[8.65573,46.56953],[8.6572,46.56968],[8.65907,46.57101],[8.65998,46.57277],[8.6608,46.57364],[8.66109,46.57492],[8.66273,46.57484],[8.66398,46.5751],[8.66604,46.57604],[8.66657,46.57698],[8.668,46.57785],[8.67008,46.5784],[8.67217,46.57875],[8.67351,46.57927],[8.67377,46.57976],[8.67832,46.5799],[8.67988,46.58046],[8.68306,46.5898],[8.6817,46.59431],[8.68175,46.59632],[8.67841,46.59954],[8.67786,46.60064],[8.67842,46.6013],[8.6783,46.60285],[8.67868,46.6032],[8.67885,46.60448],[8.68064,46.60622],[8.68077,46.60689],[8.67961,46.61015],[8.67889,46.61063],[8.67944,46.61578],[8.67988,46.61726],[8.67782,46.62124],[8.67658,46.62099],[8.67517,46.6213],[8.67248,46.62088],[8.66892,46.62137],[8.66516,46.62295],[8.66502,46.6244],[8.66369,46.6247],[8.66211,46.62578],[8.66039,46.6262],[8.65909,46.62743],[8.65931,46.62825],[8.65914,46.62982],[8.65758,46.6311],[8.65772,46.6326],[8.6548,46.63397],[8.65267,46.63529],[8.6522,46.63586],[8.65301,46.63921],[8.6546,46.64005],[8.65493,46.64058],[8.65684,46.641],[8.65761,46.64212],[8.65861,46.6429],[8.65753,46.64448],[8.65757,46.64501],[8.65868,46.64626],[8.65955,46.64843],[8.65934,46.64904],[8.6572,46.64977],[8.65602,46.65124],[8.66253,46.6573],[8.66735,46.65724],[8.67268,46.66018],[8.67527,46.6627],[8.67656,46.66415],[8.67975,46.66554],[8.67828,46.66936],[8.67516,46.67197],[8.67474,46.67269],[8.67461,46.67391],[8.6753,46.67707],[8.6748,46.678],[8.67536,46.67961],[8.67398,46.6825],[8.67437,46.68359],[8.67513,46.68455],[8.67617,46.68533],[8.67621,46.68656],[8.67492,46.68952],[8.6751,46.6902],[8.67479,46.69219],[8.6755,46.69342],[8.67747,46.69549],[8.67944,46.69623],[8.68173,46.69633],[8.68361,46.69566],[8.68501,46.69593],[8.68743,46.69546],[8.69044,46.69745],[8.69179,46.69984],[8.69274,46.70226],[8.69373,46.70313],[8.69668,46.70411],[8.69785,46.70416],[8.69971,46.70476],[8.7023,46.70467],[8.70518,46.70337],[8.70608,46.70222],[8.71013,46.70024],[8.71123,46.70147],[8.71243,46.70153],[8.71628,46.70283],[8.71834,46.70387],[8.71882,46.70532],[8.71853,46.70659],[8.71885,46.70736],[8.72061,46.70779],[8.72128,46.7082],[8.72557,46.70796],[8.72725,46.70815],[8.72877,46.70872],[8.73083,46.70997],[8.73262,46.71181],[8.73434,46.71313],[8.73562,46.71365],[8.73643,46.71432],[8.73864,46.71534],[8.74195,46.71589],[8.74417,46.71741],[8.74685,46.7184],[8.74868,46.71966],[8.75022,46.72202],[8.75024,46.72321],[8.74955,46.72377],[8.74555,46.73016],[8.74576,46.73112],[8.74663,46.7328],[8.74626,46.733],[8.74837,46.73458],[8.74905,46.73647],[8.74879,46.73719],[8.7508,46.7377],[8.75218,46.73881],[8.75413,46.73942],[8.75731,46.74199],[8.75893,46.74284],[8.76005,46.7431],[8.76217,46.74422],[8.76488,46.7451],[8.76727,46.74607],[8.77075,46.74563],[8.77061,46.74436],[8.77092,46.74306],[8.77056,46.74223],[8.77132,46.7416],[8.7726,46.74149],[8.77394,46.74104],[8.77446,46.74015],[8.77468,46.73899],[8.77682,46.73718],[8.77666,46.73632],[8.77769,46.73572],[8.77751,46.73512],[8.77852,46.73351],[8.78169,46.7325],[8.78314,46.72959],[8.78653,46.73067],[8.78813,46.73134],[8.79039,46.73165],[8.79328,46.73265],[8.79591,46.733],[8.79871,46.73291],[8.80015,46.73302],[8.80068,46.73273],[8.80269,46.73387],[8.80473,46.73527],[8.80794,46.73634],[8.80973,46.73638],[8.81165,46.73762],[8.81337,46.73849],[8.81414,46.7386],[8.8123,46.74292],[8.81159,46.74621],[8.81319,46.74849],[8.81408,46.74891],[8.81414,46.7495],[8.81531,46.75127],[8.81487,46.75411],[8.81539,46.7546],[8.81513,46.75533],[8.81569,46.75655],[8.81726,46.75842],[8.81846,46.75933],[8.81973,46.75969],[8.82011,46.7612],[8.81939,46.76303],[8.81971,46.76377],[8.82168,46.76445],[8.82375,46.76489],[8.82416,46.76593],[8.82658,46.76732],[8.83174,46.76575],[8.83288,46.76562],[8.83398,46.76682],[8.83574,46.76814],[8.83407,46.77003],[8.83264,46.77082],[8.83152,46.77244],[8.83161,46.7746],[8.83116,46.77523],[8.83103,46.77699],[8.83043,46.77845],[8.82932,46.77988],[8.82916,46.78145],[8.83026,46.78312],[8.82996,46.7836],[8.83012,46.78483],[8.82911,46.78667],[8.82902,46.78748],[8.82777,46.78853],[8.82747,46.78964],[8.82836,46.79081],[8.82885,46.79293],[8.82931,46.79343],[8.83186,46.79389],[8.83425,46.79528],[8.83518,46.79633],[8.83744,46.79655],[8.83983,46.79641],[8.84226,46.79502],[8.84783,46.79474],[8.84888,46.79481],[8.84904,46.79575],[8.84816,46.79776],[8.84847,46.7993],[8.85048,46.8001],[8.85371,46.80098],[8.85398,46.80146],[8.85598,46.80262],[8.85641,46.80325],[8.8587,46.80453],[8.85863,46.80526],[8.86105,46.80699],[8.86409,46.80729],[8.86724,46.80802],[8.87063,46.80794],[8.87085,46.8084],[8.87252,46.80923],[8.87406,46.80953],[8.8754,46.81018],[8.87667,46.81262],[8.87822,46.81421],[8.87674,46.81726],[8.87742,46.81823],[8.88134,46.82137],[8.88281,46.83036],[8.87827,46.83477],[8.87554,46.8365],[8.87577,46.83804],[8.87484,46.83992],[8.87524,46.84094],[8.87416,46.84266],[8.87331,46.84301],[8.87467,46.84368],[8.87646,46.84498],[8.87891,46.8454],[8.88078,46.84632],[8.88202,46.84648],[8.88516,46.8475],[8.88739,46.84858],[8.89002,46.84955],[8.89311,46.84981],[8.89429,46.85033],[8.89684,46.85086],[8.89691,46.85134],[8.89801,46.85227],[8.90036,46.8538],[8.90054,46.85446],[8.90153,46.85539],[8.90134,46.85578],[8.90266,46.8568],[8.90395,46.85741],[8.90491,46.85845],[8.90722,46.85997],[8.90877,46.86152],[8.91061,46.86228],[8.91245,46.86159],[8.91399,46.86167],[8.91488,46.86143],[8.91707,46.86147],[8.91899,46.86177],[8.91944,46.86214],[8.92431,46.86459],[8.92785,46.86552],[8.93204,46.8663],[8.93272,46.86673],[8.93456,46.86664],[8.93709,46.86885],[8.93873,46.86943],[8.94182,46.87127],[8.9429,46.87219],[8.94651,46.87269],[8.94706,46.87343],[8.94866,46.87362],[8.94971,46.87426],[8.95156,46.87448],[8.9571,46.87663],[8.95899,46.8808],[8.95797,46.88762],[8.95847,46.8892],[8.95738,46.89129],[8.95742,46.89167],[8.95577,46.89578],[8.95516,46.8978],[8.95534,46.8983],[8.954,46.89966],[8.9546,46.90199],[8.95343,46.9024],[8.95299,46.90292],[8.94977,46.90291],[8.94808,46.90399],[8.94693,46.90625],[8.94475,46.90746],[8.94353,46.91102],[8.94106,46.91356],[8.9398,46.91557],[8.93885,46.91742],[8.93656,46.92116],[8.93584,46.92059],[8.93466,46.92063],[8.93313,46.91959],[8.93136,46.91915],[8.92768,46.91734],[8.92529,46.91681],[8.92402,46.91699],[8.92318,46.91656],[8.92194,46.91525],[8.92069,46.91537],[8.91839,46.91409],[8.91807,46.91338],[8.91614,46.91238],[8.91526,46.91287],[8.9125,46.91203],[8.91241,46.91145],[8.91152,46.91092],[8.91082,46.91001],[8.90859,46.91017],[8.90863,46.90878],[8.90651,46.90975],[8.90414,46.90953],[8.89997,46.90764],[8.90039,46.90708],[8.89961,46.90584],[8.89843,46.90561],[8.8972,46.90582],[8.89636,46.90423],[8.89449,46.90407],[8.8935,46.90431],[8.88815,46.90366],[8.88467,46.9021],[8.88369,46.90039],[8.8822,46.89919],[8.8756,46.89628],[8.87256,46.8958],[8.87229,46.89533],[8.8697,46.89552],[8.86781,46.89624],[8.86666,46.8964],[8.86301,46.89604],[8.8622,46.89436],[8.8624,46.89309],[8.8616,46.8918],[8.85976,46.89051],[8.85712,46.88984],[8.85566,46.8884],[8.85594,46.88705],[8.85435,46.88671],[8.85077,46.88952],[8.84901,46.8923],[8.84894,46.89426],[8.84966,46.89668],[8.85037,46.90141],[8.8494,46.90369],[8.84976,46.90485],[8.84941,46.90653],[8.84998,46.90781],[8.85005,46.90898],[8.85056,46.90996],[8.85058,46.91244],[8.84998,46.91407],[8.8483,46.91447],[8.84733,46.91341],[8.84537,46.91265],[8.84373,46.91073],[8.84078,46.90964],[8.83729,46.90898],[8.83642,46.91104],[8.83461,46.91275],[8.8313,46.91804],[8.82986,46.91924],[8.82895,46.92065],[8.82867,46.92372],[8.83001,46.92417],[8.83095,46.92537],[8.82961,46.92633],[8.82992,46.92781],[8.83079,46.92931],[8.83125,46.93177],[8.83101,46.93292],[8.82987,46.93414],[8.82834,46.93496],[8.8285,46.93541],[8.82794,46.93702],[8.82523,46.93717],[8.82229,46.93755],[8.82124,46.93869],[8.81536,46.93993],[8.81187,46.94276],[8.80992,46.94158],[8.80535,46.93963],[8.80442,46.93965],[8.79914,46.93804],[8.79718,46.93677],[8.79739,46.936],[8.79555,46.93441],[8.79296,46.93302],[8.79313,46.93209],[8.78891,46.93166],[8.78749,46.93226],[8.7862,46.93244],[8.78319,46.93325],[8.78221,46.93373],[8.78043,46.93382],[8.779,46.93444],[8.77546,46.93957],[8.77564,46.94099],[8.77209,46.94281],[8.77004,46.94168],[8.76777,46.94143],[8.76637,46.94004],[8.76341,46.93969],[8.76251,46.93901],[8.75921,46.93827],[8.75798,46.93752],[8.75746,46.93789],[8.75233,46.93575],[8.75028,46.93498],[8.7463,46.93652],[8.74625,46.9348],[8.74478,46.93367],[8.74327,46.93334],[8.74184,46.93389],[8.74054,46.93308],[8.73898,46.93379],[8.73827,46.93348],[8.73697,46.93156],[8.7349,46.93153],[8.73375,46.93105],[8.73199,46.92946],[8.73062,46.92952],[8.72981,46.92824],[8.72657,46.92657],[8.72573,46.92653],[8.72518,46.92528],[8.72376,46.92443],[8.723,46.92343],[8.72166,46.92314],[8.72172,46.92176],[8.72058,46.92092],[8.719,46.92055],[8.71883,46.9198],[8.71782,46.91994],[8.71665,46.9194],[8.71577,46.91974],[8.7138,46.91993],[8.71043,46.91891],[8.70997,46.91844],[8.70881,46.91849],[8.70706,46.92089],[8.70596,46.92144],[8.70484,46.9226],[8.70201,46.92389],[8.70072,46.92428],[8.6998,46.92544],[8.69945,46.92684],[8.69884,46.92754],[8.69886,46.92832],[8.69768,46.93011],[8.70147,46.93396],[8.70103,46.93469],[8.70095,46.93611],[8.69884,46.93996],[8.69853,46.94096],[8.69772,46.94161],[8.69805,46.9435],[8.69755,46.94435],[8.69593,46.94501],[8.69524,46.94573],[8.69411,46.94829],[8.6912,46.94834],[8.68925,46.94773],[8.68545,46.94676],[8.68231,46.94744],[8.67821,46.94697],[8.67648,46.94623],[8.67477,46.94632],[8.67189,46.94542],[8.67056,46.94539],[8.66914,46.94595],[8.66805,46.94606],[8.66499,46.94695],[8.66313,46.94702],[8.65998,46.94773],[8.65806,46.94718],[8.65397,46.94838],[8.65338,46.94833],[8.65126,46.94904],[8.64946,46.94928],[8.64684,46.95028],[8.64408,46.9506],[8.64275,46.95045],[8.64193,46.95093],[8.63917,46.95079],[8.63781,46.95114],[8.63695,46.95093],[8.63593,46.9512],[8.63452,46.95102],[8.63032,46.95151],[8.62884,46.95158],[8.62839,46.95216],[8.62484,46.95382],[8.62354,46.95404],[8.62191,46.95382],[8.60553,46.95328],[8.60465,46.96987],[8.60232,46.97655],[8.60527,46.98365],[8.60428,46.98815],[8.59828,46.99153],[8.58355,46.99472],[8.57218,46.99147],[8.5754,46.98514],[8.57607,46.98438],[8.57442,46.98237],[8.57386,46.98138],[8.57302,46.98104],[8.57166,46.97961],[8.57087,46.97833],[8.56962,46.97687],[8.56819,46.97595],[8.56707,46.97566],[8.56334,46.97424],[8.56419,46.97153],[8.5633,46.97003],[8.56262,46.9694],[8.56137,46.9669],[8.56027,46.96663],[8.55961,46.96548],[8.55756,46.96474],[8.5561,46.96453],[8.55631,46.96254],[8.55729,46.96121],[8.557,46.96053],[8.55678,46.95784],[8.55698,46.95531],[8.55677,46.95275],[8.55846,46.94883],[8.55689,46.94692],[8.55821,46.94668],[8.55727,46.94565],[8.55757,46.94508],[8.55719,46.94375],[8.55673,46.94345],[8.55701,46.94209],[8.55931,46.94226],[8.55959,46.94124],[8.557,46.94054],[8.55673,46.94113],[8.55552,46.94057],[8.55095,46.94065],[8.55002,46.93994],[8.5455,46.94077],[8.54556,46.93999],[8.54657,46.93772],[8.54721,46.937],[8.54832,46.93719],[8.5488,46.93613],[8.54803,46.93468],[8.54803,46.93339],[8.54668,46.93175],[8.54548,46.93101],[8.54496,46.93025],[8.54518,46.92917],[8.54333,46.9285],[8.54221,46.92772],[8.53977,46.92712],[8.5383,46.92694],[8.53708,46.92629],[8.53556,46.9262],[8.53284,46.92485],[8.53055,46.92498],[8.53004,46.92459],[8.52659,46.92454],[8.52476,46.92405],[8.52288,46.92423],[8.52096,46.92415],[8.51996,46.92133],[8.51714,46.92032],[8.51645,46.91929],[8.51508,46.91919],[8.51201,46.91802],[8.51011,46.917],[8.50699,46.91653],[8.5039,46.91573],[8.5031,46.91593],[8.50208,46.91718],[8.50089,46.91787],[8.49923,46.92006],[8.49709,46.9192],[8.49553,46.9192],[8.49471,46.91985],[8.49353,46.91969],[8.48721,46.91978],[8.4861,46.91847],[8.48573,46.91503],[8.48524,46.91327],[8.48306,46.91121],[8.48238,46.90984],[8.48114,46.90962],[8.47858,46.90878],[8.4758,46.90848],[8.47541,46.90818],[8.47179,46.90725],[8.46886,46.90618],[8.46768,46.9066],[8.46538,46.90604],[8.4644,46.90402],[8.46306,46.90316],[8.4625,46.90245],[8.4617,46.90225],[8.46086,46.90115],[8.45941,46.90008],[8.46059,46.89892],[8.46239,46.8985],[8.46392,46.89852],[8.468,46.89901],[8.46947,46.89848],[8.46974,46.89798],[8.47141,46.8966],[8.47161,46.89597],[8.47263,46.89584],[8.47305,46.89524],[8.47468,46.89477],[8.47408,46.89278],[8.47554,46.89129],[8.47594,46.89054],[8.47779,46.8896],[8.47784,46.88776],[8.48021,46.88383],[8.47501,46.88101],[8.47376,46.8797],[8.47295,46.8792],[8.46901,46.87844],[8.46831,46.87755],[8.46832,46.8757],[8.46891,46.8747],[8.47089,46.87286],[8.47132,46.87222],[8.47132,46.87052],[8.47246,46.86943],[8.47121,46.86686],[8.47026,46.86541],[8.47015,46.86429],[8.47043,46.86331],[8.46901,46.86194],[8.47028,46.8605],[8.47018,46.85933],[8.472,46.85764],[8.47195,46.85615],[8.47568,46.85584],[8.47743,46.85634],[8.47766,46.85701],[8.47858,46.85788],[8.47957,46.85833],[8.48116,46.85855],[8.48347,46.85671],[8.48668,46.85624],[8.48778,46.85529],[8.49131,46.85434],[8.49439,46.85404],[8.49624,46.85423],[8.49761,46.8548],[8.49899,46.85503],[8.49963,46.8544],[8.49961,46.85354],[8.50146,46.85244],[8.50326,46.8508],[8.50367,46.84929],[8.50435,46.84861],[8.50574,46.84798],[8.50648,46.84731],[8.50793,46.84678],[8.50663,46.84619],[8.50691,46.84408],[8.50603,46.8429],[8.50462,46.84193],[8.50183,46.84064],[8.50043,46.84054],[8.49821,46.83979],[8.49482,46.83899],[8.49225,46.83804],[8.49148,46.8371],[8.49008,46.83696],[8.48873,46.83437],[8.48743,46.83334],[8.48743,46.83228],[8.48671,46.8314],[8.48651,46.83047],[8.48453,46.82831],[8.48495,46.82531],[8.48483,46.82302],[8.48445,46.82166],[8.4848,46.82117],[8.48433,46.82028],[8.48227,46.81887],[8.48239,46.81754],[8.48084,46.81566],[8.47924,46.81501],[8.47933,46.81393],[8.48181,46.81266],[8.48178,46.81204],[8.48435,46.81005],[8.48441,46.80894],[8.48382,46.80801],[8.48453,46.80701],[8.48441,46.80599],[8.48309,46.80455],[8.47978,46.80264],[8.47743,46.80212],[8.47343,46.80067],[8.47121,46.80069],[8.46538,46.80183],[8.46691,46.8],[8.46798,46.79901],[8.46941,46.79899],[8.47247,46.79718],[8.4737,46.79674],[8.47469,46.79705],[8.4766,46.79813],[8.47815,46.79858],[8.47892,46.79848],[8.48225,46.79972],[8.48301,46.79625],[8.48305,46.79519],[8.4817,46.79396],[8.48037,46.79311],[8.47948,46.79142],[8.47967,46.79057],[8.48178,46.78937],[8.48225,46.78891],[8.48473,46.78759],[8.48582,46.7861],[8.48651,46.78458],[8.48797,46.78335],[8.4894,46.78276],[8.48972,46.78224],[8.49255,46.77382],[8.48976,46.77242],[8.48758,46.77223],[8.48556,46.77185],[8.48404,46.77061],[8.48124,46.76987],[8.47997,46.77005],[8.4772,46.76949],[8.47689,46.76918],[8.4752,46.769],[8.47178,46.76917],[8.47149,46.76975],[8.47003,46.77049],[8.46751,46.7709],[8.46569,46.77087],[8.4639,46.76986],[8.46146,46.77039],[8.45721,46.76857],[8.45707,46.7678],[8.45542,46.76736],[8.4525,46.76598],[8.4516,46.7658],[8.44943,46.76471],[8.44866,46.76265],[8.44809,46.76015],[8.4486,46.75966],[8.44735,46.75827],[8.44641,46.75787],[8.44466,46.75517],[8.44363,46.75551],[8.4423,46.75553],[8.44028,46.75441],[8.44014,46.75371],[8.44079,46.75265],[8.44294,46.75131],[8.44387,46.75024],[8.44487,46.74839],[8.44368,46.74768],[8.44341,46.7471],[8.44187,46.74585],[8.44134,46.74393],[8.44229,46.74359],[8.4426,46.74268],[8.44195,46.74136],[8.44197,46.73916],[8.4431,46.73697],[8.44483,46.73557],[8.44638,46.73508],[8.44687,46.73452],[8.448,46.73428],[8.44979,46.73266],[8.45082,46.73112],[8.45042,46.73009],[8.44856,46.72955],[8.44818,46.72834],[8.4483,46.71904],[8.44868,46.71774],[8.44837,46.7162],[8.44923,46.71422],[8.45007,46.71349],[8.45213,46.7127],[8.45474,46.71216],[8.45465,46.71053],[8.45494,46.7097],[8.45474,46.70883],[8.45392,46.70767],[8.45325,46.70549],[8.45366,46.7049],[8.4534,46.70415],[8.45464,46.70303],[8.45495,46.70127],[8.45627,46.70018],[8.45556,46.69964],[8.45618,46.6988],[8.45499,46.69601],[8.45413,46.69523],[8.45381,46.69422],[8.45422,46.69269],[8.45363,46.69182],[8.45339,46.69002],[8.45108,46.68936],[8.44992,46.68927],[8.44803,46.68866],[8.44565,46.68832],[8.44167,46.68681],[8.43884,46.68759],[8.43753,46.68765],[8.43439,46.68818],[8.43274,46.68817],[8.42929,46.68734],[8.42478,46.68799],[8.42104,46.68867],[8.41917,46.68839],[8.41846,46.68866],[8.41639,46.68876],[8.41556,46.69083],[8.41333,46.69199],[8.41161,46.69178],[8.40943,46.69179],[8.40071,46.69416],[8.39982,46.69293],[8.3998,46.69021],[8.40069,46.68952],[8.3998,46.6869],[8.39846,46.68553],[8.39878,46.68499],[8.39869,46.68375],[8.39997,46.68297],[8.39958,46.68226],[8.40001,46.68161],[8.40012,46.67975],[8.399,46.67629],[8.39925,46.67537],[8.40163,46.67381],[8.40224,46.67176],[8.40329,46.67009],[8.40406,46.66943],[8.40675,46.66869],[8.40825,46.66807],[8.40953,46.6669],[8.40961,46.6655],[8.41016,46.66453],[8.41007,46.66278],[8.41029,46.66184],[8.41006,46.66072],[8.41065,46.65921],[8.41039,46.65804],[8.41137,46.65422],[8.41932,46.65347],[8.41991,46.65196],[8.42156,46.64993],[8.42309,46.64916],[8.42181,46.64786],[8.42247,46.64578],[8.42192,46.64345],[8.42196,46.6411],[8.42104,46.63973],[8.42141,46.63845],[8.4199,46.63719],[8.42044,46.63643],[8.42028,46.63533],[8.42109,46.63439],[8.4209,46.63279],[8.42136,46.63136],[8.42202,46.63078],[8.42215,46.62908],[8.42345,46.62854],[8.42326,46.62814],[8.42184,46.62757],[8.42145,46.62633],[8.42174,46.6253],[8.42159,46.62296],[8.42211,46.62217],[8.42209,46.62095],[8.42149,46.62029],[8.42175,46.61885],[8.4215,46.61762],[8.42058,46.61656],[8.41958,46.61599],[8.41808,46.61384],[8.41828,46.61077],[8.41723,46.6081],[8.41622,46.60769],[8.41523,46.60601],[8.41439,46.60604],[8.41212,46.60441],[8.41159,46.60347],[8.40929,46.60265],[8.40957,46.60237],[8.40873,46.60079],[8.4104,46.59879],[8.41143,46.59816],[8.4101,46.59666],[8.40964,46.59502],[8.40987,46.59441],[8.40918,46.59288],[8.40894,46.59059],[8.4085,46.58897],[8.40724,46.58723],[8.40832,46.58661],[8.40907,46.58579],[8.40875,46.58429],[8.41158,46.58095],[8.41092,46.58002],[8.41105,46.57875],[8.41346,46.57676],[8.41623,46.57399],[8.41813,46.57236],[8.42031,46.56806],[8.42085,46.56743],[8.42028,46.56638],[8.42072,46.56484],[8.42275,46.56201],[8.42412,46.56165],[8.42452,46.56093],[8.42413,46.55727],[8.425,46.55491],[8.42495,46.55387],[8.42575,46.55233],[8.42658,46.55203],[8.42767,46.54986],[8.42742,46.54859],[8.42957,46.5467],[8.42958,46.54555],[8.43036,46.54458],[8.43202,46.54455],[8.43396,46.5442],[8.43536,46.54302],[8.43667,46.5414],[8.43931,46.54092],[8.44028,46.54141],[8.44219,46.54098],[8.44452,46.53936],[8.44482,46.53882],[8.44595,46.53883],[8.44639,46.5381],[8.45289,46.5364],[8.45397,46.53623],[8.4559,46.53549],[8.45798,46.53528],[8.45926,46.53482],[8.46134,46.53511],[8.46244,46.53552],[8.46479,46.5371],[8.46664,46.53675],[8.46768,46.53531],[8.46913,46.53513],[8.46968,46.53438],[8.47051,46.53411],[8.47334,46.53167],[8.47461,46.52982],[8.4772,46.52909],[8.47874,46.52888]]]},"properties":{"id":4,"name":"Uri"}},
{"type":"Feature","geometry":{"type":"Polygon","coordinates":[[[8.57218,46.99147],[8.54382,46.98091],[8.52049,46.98113],[8.49775,46.97774],[8.46635,46.98559],[8.46928,46.99784],[8.47018,47.01061],[8.42909,47.01853],[8.42787,47.00357],[8.42808,47.00302],[8.42784,47.00076],[8.42855,47.00012],[8.42712,46.99946],[8.42352,46.99932],[8.42079,46.99965],[8.41804,46.99973],[8.41573,46.99952],[8.41265,47.00014],[8.4114,47.00077],[8.41088,47.00057],[8.40671,47.00151],[8.40505,47.00105],[8.40418,47.00131],[8.40284,47.0011],[8.40032,47.00123],[8.39857,47.00198],[8.39745,47.00219],[8.39537,47.0014],[8.39148,47.0009],[8.38902,47.00011],[8.38668,46.99964],[8.38393,47.00187],[8.3838,47.0027],[8.38529,47.00349],[8.3858,47.00424],[8.3849,47.01904],[8.36961,47.02128],[8.33555,46.99033],[8.31994,47.00089],[8.31175,46.99938],[8.3081,46.9995],[8.30684,46.9992],[8.30429,46.99972],[8.3016,46.99943],[8.29967,46.99963],[8.29805,46.99912],[8.29588,46.99947],[8.29488,46.99827],[8.29507,46.99753],[8.29359,46.9972],[8.29204,46.9973],[8.29029,46.99639],[8.28995,46.99591],[8.28768,46.99601],[8.28483,46.99638],[8.28243,46.99703],[8.28105,46.99759],[8.27908,46.9993],[8.27489,46.99876],[8.27414,46.99898],[8.27247,46.99884],[8.27105,46.99941],[8.26899,46.99952],[8.26791,46.99927],[8.26658,46.9995],[8.26112,46.99759],[8.25952,46.99671],[8.25634,46.99546],[8.25568,46.99412],[8.25449,46.99307],[8.25145,46.99143],[8.24939,46.98953],[8.24945,46.98875],[8.24505,46.98733],[8.24317,46.98846],[8.2406,46.99081],[8.24039,46.99167],[8.23879,46.99315],[8.23655,46.99241],[8.23477,46.99334],[8.23215,46.99388],[8.22914,46.99394],[8.22905,46.99325],[8.22763,46.99106],[8.22583,46.98971],[8.22584,46.98921],[8.22489,46.98858],[8.22453,46.98758],[8.22237,46.98548],[8.22207,46.98446],[8.21917,46.98241],[8.22019,46.9805],[8.22145,46.97988],[8.22164,46.97925],[8.223,46.97854],[8.22414,46.97705],[8.22694,46.97616],[8.22996,46.97446],[8.23095,46.97505],[8.23222,46.97454],[8.23323,46.97469],[8.23464,46.97569],[8.23691,46.97583],[8.23984,46.97509],[8.24193,46.97496],[8.243,46.97537],[8.24485,46.97565],[8.24675,46.97639],[8.24787,46.9771],[8.24915,46.97747],[8.25533,46.98143],[8.25751,46.98081],[8.26208,46.98166],[8.26276,46.981],[8.26271,46.98034],[8.26357,46.97942],[8.26479,46.97998],[8.26579,46.97967],[8.26877,46.97967],[8.27057,46.98019],[8.2736,46.97992],[8.27568,46.97933],[8.27719,46.9787],[8.28098,46.97782],[8.282,46.97789],[8.28295,46.97713],[8.28554,46.97718],[8.28651,46.97748],[8.28783,46.97718],[8.29114,46.97739],[8.29338,46.97795],[8.29389,46.97851],[8.29572,46.97829],[8.29853,46.97882],[8.30169,46.97874],[8.30243,46.97898],[8.30379,46.9785],[8.30659,46.97793],[8.30826,46.97723],[8.30799,46.97547],[8.3101,46.97367],[8.311,46.97166],[8.31206,46.9703],[8.30726,46.95704],[8.30936,46.95463],[8.311,46.95354],[8.30655,46.95145],[8.30614,46.95104],[8.30385,46.95005],[8.30285,46.94923],[8.3003,46.94799],[8.29855,46.94646],[8.29821,46.94551],[8.29661,46.94409],[8.29605,46.94316],[8.29404,46.94198],[8.29304,46.94108],[8.29166,46.93896],[8.29136,46.93803],[8.29065,46.93763],[8.29042,46.93685],[8.28966,46.93614],[8.28938,46.9352],[8.29087,46.93477],[8.29205,46.93403],[8.29571,46.93305],[8.29732,46.93285],[8.29813,46.93234],[8.30116,46.93155],[8.30215,46.93105],[8.30198,46.93018],[8.30342,46.92923],[8.30589,46.92804],[8.30646,46.92757],[8.30993,46.92653],[8.31073,46.92562],[8.31406,46.92668],[8.31579,46.92618],[8.31659,46.92568],[8.31848,46.92628],[8.32362,46.92661],[8.32653,46.92739],[8.32918,46.92826],[8.33565,46.92933],[8.33922,46.93063],[8.34132,46.92926],[8.34233,46.9275],[8.34177,46.92684],[8.34128,46.92496],[8.34162,46.92287],[8.34102,46.92142],[8.33949,46.91968],[8.34045,46.91972],[8.34286,46.91879],[8.34457,46.91621],[8.3438,46.91377],[8.3437,46.91281],[8.3422,46.91001],[8.341,46.90905],[8.33827,46.90757],[8.33738,46.90434],[8.33843,46.90218],[8.33942,46.89971],[8.33963,46.89835],[8.33934,46.89743],[8.33923,46.892],[8.33843,46.89079],[8.33616,46.88922],[8.33429,46.88748],[8.33367,46.88546],[8.33413,46.88326],[8.33138,46.88094],[8.33067,46.88006],[8.32947,46.87928],[8.32993,46.87745],[8.33114,46.87551],[8.33046,46.87407],[8.33074,46.87273],[8.3318,46.8714],[8.33265,46.87096],[8.33301,46.86991],[8.33452,46.86968],[8.33533,46.86856],[8.33475,46.86811],[8.33542,46.86629],[8.3356,46.86459],[8.33537,46.86337],[8.33564,46.86255],[8.33193,46.85798],[8.33113,46.85506],[8.33189,46.8539],[8.33177,46.85283],[8.32942,46.84956],[8.329,46.84817],[8.3295,46.84716],[8.32957,46.84605],[8.33025,46.84348],[8.33211,46.84246],[8.33367,46.83913],[8.33335,46.83495],[8.33534,46.83508],[8.33703,46.83441],[8.33697,46.83313],[8.33597,46.8325],[8.3363,46.831],[8.33606,46.82885],[8.33429,46.82797],[8.3333,46.82724],[8.33077,46.8265],[8.32998,46.826],[8.32892,46.82603],[8.32664,46.82517],[8.32504,46.82375],[8.32401,46.82346],[8.32313,46.82232],[8.32323,46.82152],[8.3247,46.82109],[8.32414,46.82006],[8.32494,46.81873],[8.32749,46.81696],[8.3274,46.81618],[8.329,46.81532],[8.33068,46.8149],[8.33277,46.81374],[8.33313,46.8124],[8.33436,46.81169],[8.33495,46.81092],[8.33675,46.81018],[8.33941,46.80798],[8.34032,46.80668],[8.34243,46.80588],[8.34438,46.80583],[8.34505,46.80455],[8.3441,46.8037],[8.34544,46.80128],[8.34669,46.8011],[8.34877,46.8001],[8.35032,46.79841],[8.35221,46.79775],[8.35418,46.79732],[8.35513,46.79647],[8.35633,46.79602],[8.35745,46.79605],[8.36006,46.79567],[8.36221,46.79485],[8.36427,46.79385],[8.36536,46.79313],[8.36759,46.79206],[8.36822,46.79131],[8.37028,46.79044],[8.37003,46.78922],[8.3719,46.78957],[8.37409,46.78869],[8.37604,46.78766],[8.37845,46.78712],[8.38004,46.78581],[8.37999,46.78482],[8.38108,46.78428],[8.38225,46.78332],[8.38342,46.78148],[8.38687,46.77995],[8.38805,46.77968],[8.38892,46.77985],[8.38971,46.77932],[8.39226,46.77909],[8.39632,46.77281],[8.41768,46.77969],[8.42751,46.77574],[8.42748,46.77844],[8.42638,46.77924],[8.42616,46.78193],[8.42563,46.78282],[8.42501,46.78298],[8.42416,46.78502],[8.42259,46.78658],[8.42168,46.78685],[8.42077,46.7878],[8.42065,46.79036],[8.41841,46.79065],[8.41624,46.79116],[8.41257,46.79116],[8.40912,46.79207],[8.40783,46.79288],[8.40663,46.79439],[8.40463,46.79536],[8.4038,46.79632],[8.40275,46.79687],[8.39913,46.79645],[8.39764,46.79675],[8.39167,46.80176],[8.39018,46.8034],[8.38873,46.80426],[8.38591,46.80499],[8.38632,46.80611],[8.38834,46.80799],[8.38969,46.81075],[8.38914,46.81353],[8.38603,46.81477],[8.38391,46.81502],[8.38301,46.81553],[8.38135,46.8157],[8.37887,46.81759],[8.3771,46.81789],[8.37495,46.81751],[8.37682,46.81956],[8.37662,46.82134],[8.37849,46.82332],[8.37857,46.82431],[8.37807,46.82618],[8.37748,46.82732],[8.37789,46.82848],[8.37672,46.82912],[8.3764,46.83012],[8.37524,46.83232],[8.37362,46.83346],[8.37298,46.83433],[8.37272,46.83535],[8.37196,46.83606],[8.37171,46.83732],[8.37265,46.83911],[8.37187,46.84024],[8.37138,46.84264],[8.37136,46.84614],[8.37004,46.84768],[8.37042,46.84896],[8.36992,46.84965],[8.36943,46.85121],[8.37177,46.85295],[8.37204,46.85408],[8.37193,46.85779],[8.37216,46.85851],[8.37192,46.86081],[8.37065,46.86053],[8.36902,46.86073],[8.36699,46.86064],[8.36501,46.86079],[8.36241,46.86382],[8.3643,46.86566],[8.36488,46.8668],[8.36523,46.86823],[8.3667,46.86865],[8.36945,46.86848],[8.37045,46.86892],[8.3704,46.87084],[8.37126,46.87306],[8.37255,46.87444],[8.37451,46.8758],[8.37604,46.87589],[8.3812,46.87533],[8.38184,46.87486],[8.38218,46.87369],[8.38133,46.87168],[8.38291,46.87033],[8.38289,46.86938],[8.38576,46.86735],[8.38334,46.86544],[8.38119,46.86521],[8.37946,46.86387],[8.37847,46.86232],[8.37616,46.8593],[8.37594,46.85791],[8.37642,46.85676],[8.37657,46.85444],[8.37595,46.85326],[8.37499,46.85076],[8.37507,46.8498],[8.37587,46.84921],[8.37955,46.85472],[8.38243,46.85789],[8.38537,46.85573],[8.38741,46.85678],[8.38769,46.85779],[8.38848,46.85854],[8.39084,46.85909],[8.39288,46.8598],[8.39435,46.86134],[8.39486,46.86225],[8.39639,46.86378],[8.39981,46.86604],[8.40091,46.86562],[8.40274,46.8654],[8.40711,46.86673],[8.40699,46.86762],[8.40848,46.86849],[8.41049,46.86997],[8.4125,46.8697],[8.41393,46.87115],[8.41485,46.86906],[8.41591,46.86711],[8.41683,46.86674],[8.41856,46.86559],[8.4199,46.86406],[8.41952,46.86254],[8.42047,46.86086],[8.42031,46.85946],[8.421,46.85773],[8.42153,46.85714],[8.41998,46.85563],[8.41981,46.85469],[8.42059,46.85353],[8.42193,46.85316],[8.42768,46.85258],[8.42873,46.85191],[8.4311,46.85153],[8.43174,46.85186],[8.43397,46.85213],[8.43607,46.85308],[8.4369,46.85318],[8.43781,46.85429],[8.44022,46.85483],[8.44211,46.85438],[8.44447,46.85433],[8.44595,46.85494],[8.44681,46.85491],[8.45098,46.85543],[8.45527,46.85506],[8.45668,46.85529],[8.45859,46.85589],[8.46287,46.85652],[8.46422,46.8566],[8.46502,46.85629],[8.46594,46.85667],[8.46852,46.85675],[8.4704,46.85623],[8.47195,46.85615],[8.472,46.85764],[8.47018,46.85933],[8.47028,46.8605],[8.46901,46.86194],[8.47043,46.86331],[8.47015,46.86429],[8.47026,46.86541],[8.47121,46.86686],[8.47246,46.86943],[8.47132,46.87052],[8.47132,46.87222],[8.47089,46.87286],[8.46891,46.8747],[8.46832,46.8757],[8.46831,46.87755],[8.46901,46.87844],[8.47295,46.8792],[8.47376,46.8797],[8.47501,46.88101],[8.48021,46.88383],[8.47784,46.88776],[8.47779,46.8896],[8.47594,46.89054],[8.47554,46.89129],[8.47408,46.89278],[8.47468,46.89477],[8.47305,46.89524],[8.47263,46.89584],[8.47161,46.89597],[8.47141,46.8966],[8.46974,46.89798],[8.46947,46.89848],[8.468,46.89901],[8.46392,46.89852],[8.46239,46.8985],[8.46059,46.89892],[8.45941,46.90008],[8.46086,46.90115],[8.4617,46.90225],[8.4625,46.90245],[8.46306,46.90316],[8.4644,46.90402],[8.46538,46.90604],[8.46768,46.9066],[8.46886,46.90618],[8.47179,46.90725],[8.47541,46.90818],[8.4758,46.90848],[8.47858,46.90878],[8.48114,46.90962],[8.48238,46.90984],[8.48306,46.91121],[8.48524,46.91327],[8.48573,46.91503],[8.4861,46.91847],[8.48721,46.91978],[8.49353,46.91969],[8.49471,46.91985],[8.49553,46.9192],[8.49709,46.9192],[8.49923,46.92006],[8.50089,46.91787],[8.50208,46.91718],[8.5031,46.91593],[8.5039,46.91573],[8.50699,46.91653],[8.51011,46.917],[8.51201,46.91802],[8.51508,46.91919],[8.51645,46.91929],[8.51714,46.92032],[8.51996,46.92133],[8.52096,46.92415],[8.52288,46.92423],[8.52476,46.92405],[8.52659,46.92454],[8.53004,46.92459],[8.53055,46.92498],[8.53284,46.92485],[8.53556,46.9262],[8.53708,46.92629],[8.5383,46.92694],[8.53977,46.92712],[8.54221,46.92772],[8.54333,46.9285],[8.54518,46.92917],[8.54496,46.93025],[8.54548,46.93101],[8.54668,46.93175],[8.54803,46.93339],[8.54803,46.93468],[8.5488,46.93613],[8.54832,46.93719],[8.54721,46.937],[8.54657,46.93772],[8.54556,46.93999],[8.5455,46.94077],[8.55002,46.93994],[8.55095,46.94065],[8.55552,46.94057],[8.55673,46.94113],[8.557,46.94054],[8.55959,46.94124],[8.55931,46.94226],[8.55701,46.94209],[8.55673,46.94345],[8.55719,46.94375],[8.55757,46.94508],[8.55727,46.94565],[8.55821,46.94668],[8.55689,46.94692],[8.55846,46.94883],[8.55677,46.95275],[8.55698,46.95531],[8.55678,46.95784],[8.557,46.96053],[8.55729,46.96121],[8.55631,46.96254],[8.5561,46.96453],[8.55756,46.96474],[8.55961,46.96548],[8.56027,46.96663],[8.56137,46.9669],[8.56262,46.9694],[8.5633,46.97003],[8.56419,46.97153],[8.56334,46.97424],[8.56707,46.97566],[8.56819,46.97595],[8.56962,46.97687],[8.57087,46.97833],[8.57166,46.97961],[8.57302,46.98104],[8.57386,46.98138],[8.57442,46.98237],[8.57607,46.98438],[8.5754,46.98514],[8.57218,46.99147]]]},"properties":{"id":7,"name":"Nidwalden"}},
{"type":"Feature","geometry":{"type":"MultiPolygon","coordinates":[[[[7.55932,47.32373],[7.54931,47.31772],[7.54834,47.31048],[7.5478,47.30896],[7.54722,47.30875],[7.54792,47.30745],[7.54715,47.30713],[7.54382,47.30501],[7.54005,47.30335],[7.54083,47.30128],[7.54051,47.29997],[7.53957,47.29894],[7.53797,47.29795],[7.53384,47.2959],[7.53262,47.29566],[7.52893,47.29558],[7.52556,47.29512],[7.52343,47.29536],[7.52187,47.29534],[7.51551,47.29388],[7.51473,47.29382],[7.50692,47.29142],[7.5064,47.29223],[7.50302,47.29119],[7.4993,47.28973],[7.49766,47.28979],[7.49634,47.28924],[7.49627,47.28822],[7.49533,47.28776],[7.48951,47.28587],[7.48817,47.28522],[7.48632,47.28564],[7.48401,47.28347],[7.48087,47.28104],[7.47927,47.28004],[7.47808,47.2787],[7.47684,47.27768],[7.47473,47.27407],[7.47454,47.27314],[7.47381,47.27266],[7.47299,47.27098],[7.47258,47.27077],[7.47041,47.26828],[7.46911,47.2673],[7.46726,47.26646],[7.46681,47.26602],[7.4643,47.26594],[7.45791,47.26528],[7.45691,47.26505],[7.45288,47.26475],[7.45201,47.26433],[7.44819,47.26429],[7.44668,47.26445],[7.44197,47.26428],[7.44028,47.26371],[7.43842,47.26273],[7.43693,47.26161],[7.4337,47.25993],[7.42775,47.25744],[7.42488,47.25696],[7.41974,47.25592],[7.41911,47.25523],[7.41832,47.25516],[7.41729,47.25353],[7.41714,47.25196],[7.41816,47.24892],[7.4191,47.24674],[7.42093,47.24523],[7.42183,47.24425],[7.41644,47.24157],[7.41513,47.24191],[7.41278,47.24192],[7.4089,47.24049],[7.40704,47.23904],[7.40433,47.23721],[7.40265,47.23625],[7.40003,47.23536],[7.39904,47.23484],[7.39652,47.23407],[7.3936,47.23342],[7.39222,47.23281],[7.3894,47.23214],[7.38843,47.2321],[7.3859,47.2312],[7.38284,47.23061],[7.38125,47.23016],[7.37914,47.229],[7.37723,47.22872],[7.37544,47.22821],[7.37417,47.22739],[7.37147,47.22526],[7.36817,47.22368],[7.36668,47.22265],[7.36318,47.22097],[7.36027,47.22095],[7.35864,47.22154],[7.35819,47.22241],[7.35576,47.22223],[7.35426,47.22161],[7.35242,47.22138],[7.35,47.22079],[7.34728,47.22052],[7.34415,47.21929],[7.34136,47.21893],[7.34291,47.21376],[7.34577,47.20857],[7.34778,47.20858],[7.35543,47.19289],[7.35882,47.19357],[7.36381,47.1948],[7.36641,47.19581],[7.36739,47.19436],[7.36812,47.19286],[7.36914,47.19212],[7.37211,47.19155],[7.37609,47.18992],[7.3782,47.18855],[7.37971,47.18697],[7.38048,47.18645],[7.38447,47.18166],[7.38573,47.17933],[7.38744,47.17681],[7.39064,47.17173],[7.39286,47.16763],[7.39178,47.16755],[7.39179,47.16693],[7.39035,47.16713],[7.38562,47.16746],[7.38313,47.16647],[7.38272,47.16499],[7.38365,47.16248],[7.38462,47.1617],[7.38788,47.16087],[7.38827,47.16147],[7.39126,47.16217],[7.39303,47.16246],[7.39408,47.16171],[7.398,47.16326],[7.39989,47.16385],[7.40189,47.1642],[7.40398,47.16418],[7.40952,47.16344],[7.41277,47.16377],[7.4144,47.16452],[7.41691,47.16673],[7.41747,47.16862],[7.41764,47.17042],[7.41832,47.1716],[7.41935,47.17251],[7.42277,47.17365],[7.42701,47.17433],[7.42899,47.17489],[7.43103,47.17593],[7.43254,47.17741],[7.43275,47.18007],[7.43186,47.18254],[7.43187,47.18381],[7.43266,47.18494],[7.43424,47.18608],[7.43555,47.18652],[7.43699,47.18665],[7.43839,47.18639],[7.43944,47.1857],[7.44088,47.18199],[7.44159,47.18114],[7.44278,47.18059],[7.44421,47.1806],[7.44654,47.1814],[7.44859,47.18244],[7.44972,47.18326],[7.45053,47.18424],[7.4509,47.18533],[7.4507,47.1865],[7.44937,47.18923],[7.44978,47.19075],[7.45073,47.19092],[7.45208,47.1904],[7.45671,47.19018],[7.46052,47.19042],[7.46753,47.19146],[7.47025,47.19169],[7.47516,47.19177],[7.47669,47.192],[7.47708,47.19035],[7.47755,47.18945],[7.47628,47.18844],[7.47648,47.18801],[7.47457,47.18754],[7.47357,47.1869],[7.47396,47.18638],[7.47545,47.18601],[7.47596,47.1844],[7.47183,47.18277],[7.47423,47.18126],[7.47588,47.18152],[7.47618,47.18061],[7.47683,47.18036],[7.47786,47.17925],[7.47723,47.17826],[7.47778,47.17795],[7.47911,47.1788],[7.47912,47.17751],[7.48003,47.17645],[7.48146,47.17309],[7.48525,47.17406],[7.48504,47.17443],[7.48738,47.17495],[7.48728,47.17441],[7.48997,47.17402],[7.49279,47.17319],[7.49406,47.17248],[7.49665,47.17282],[7.49801,47.17144],[7.49382,47.16854],[7.49116,47.16712],[7.49322,47.16533],[7.49366,47.16462],[7.49073,47.16264],[7.48946,47.16202],[7.48568,47.16097],[7.48476,47.16015],[7.48302,47.15952],[7.48135,47.15765],[7.48147,47.15722],[7.47959,47.1558],[7.47821,47.15535],[7.47488,47.1548],[7.47377,47.15391],[7.47145,47.1533],[7.47,47.15311],[7.4686,47.15263],[7.46689,47.15318],[7.46578,47.15408],[7.46408,47.15431],[7.46398,47.15504],[7.46089,47.1547],[7.45978,47.15626],[7.45559,47.15768],[7.45299,47.15743],[7.44874,47.15643],[7.44216,47.15283],[7.44091,47.15185],[7.44212,47.14723],[7.44057,47.14534],[7.4376,47.14488],[7.43546,47.14509],[7.43149,47.14421],[7.42759,47.14245],[7.42682,47.1414],[7.42764,47.13982],[7.42524,47.1387],[7.42275,47.13721],[7.42471,47.13633],[7.42538,47.13567],[7.42611,47.13416],[7.42742,47.13269],[7.43067,47.13299],[7.43185,47.1322],[7.43118,47.13083],[7.43217,47.13044],[7.43636,47.13262],[7.43731,47.13091],[7.43617,47.12885],[7.43381,47.12893],[7.43422,47.12752],[7.44058,47.12591],[7.44114,47.12507],[7.43833,47.12407],[7.43569,47.1252],[7.42998,47.12572],[7.42934,47.12501],[7.42732,47.12434],[7.42566,47.12336],[7.42133,47.12249],[7.42075,47.12317],[7.41558,47.12278],[7.41602,47.12232],[7.41284,47.12188],[7.41084,47.1211],[7.41044,47.12154],[7.40766,47.11979],[7.4047,47.11902],[7.40003,47.12143],[7.39595,47.12304],[7.39199,47.12155],[7.39092,47.12086],[7.38992,47.12318],[7.38988,47.12476],[7.38852,47.12665],[7.38769,47.12724],[7.38605,47.12664],[7.38557,47.1255],[7.38463,47.12468],[7.3818,47.12408],[7.38103,47.12515],[7.37987,47.12544],[7.3779,47.12476],[7.37649,47.12467],[7.37658,47.12364],[7.37495,47.12316],[7.37235,47.12388],[7.37144,47.12228],[7.37292,47.11869],[7.37187,47.11767],[7.37065,47.1173],[7.37139,47.11673],[7.37241,47.11511],[7.37457,47.11421],[7.37534,47.11322],[7.37683,47.10971],[7.37819,47.10959],[7.38018,47.10755],[7.38014,47.10548],[7.38229,47.1025],[7.38315,47.10054],[7.38358,47.09805],[7.38298,47.09708],[7.38528,47.09682],[7.38534,47.09763],[7.38731,47.09752],[7.38859,47.09673],[7.3904,47.09648],[7.391,47.09364],[7.39638,47.09436],[7.40038,47.0952],[7.40061,47.09497],[7.4029,47.09514],[7.40977,47.09614],[7.41315,47.09701],[7.41537,47.09818],[7.42123,47.10101],[7.42195,47.09982],[7.42335,47.10023],[7.42422,47.0988],[7.43496,47.10184],[7.43634,47.09909],[7.43735,47.09762],[7.43838,47.09555],[7.436,47.095],[7.43671,47.09325],[7.43462,47.09268],[7.43548,47.09106],[7.4342,47.0909],[7.43383,47.08932],[7.43447,47.08813],[7.43531,47.0875],[7.43519,47.08695],[7.43563,47.08435],[7.43624,47.08331],[7.43603,47.08267],[7.43637,47.08151],[7.43718,47.08117],[7.43843,47.0793],[7.44013,47.07807],[7.4412,47.07763],[7.44141,47.07584],[7.44415,47.0759],[7.44682,47.07572],[7.45212,47.07665],[7.45495,47.07731],[7.45542,47.07627],[7.45668,47.07706],[7.45927,47.07908],[7.46161,47.07975],[7.46307,47.07967],[7.46543,47.08029],[7.46752,47.08],[7.46936,47.08113],[7.47157,47.08426],[7.47201,47.08517],[7.47388,47.08596],[7.4759,47.08771],[7.47604,47.08842],[7.47473,47.0907],[7.47179,47.09181],[7.46802,47.09687],[7.4652,47.10039],[7.46625,47.10067],[7.46277,47.10475],[7.46376,47.10501],[7.46291,47.10726],[7.46317,47.10733],[7.46229,47.10958],[7.49211,47.11802],[7.49328,47.11843],[7.49941,47.12268],[7.49993,47.1229],[7.50545,47.124],[7.51061,47.12683],[7.51469,47.13126],[7.51482,47.13163],[7.51473,47.13466],[7.51679,47.13811],[7.52006,47.14173],[7.52362,47.14364],[7.52397,47.14407],[7.5243,47.14696],[7.52649,47.149],[7.53072,47.15009],[7.53056,47.15207],[7.52948,47.15299],[7.5267,47.15444],[7.5267,47.15509],[7.52528,47.15494],[7.52286,47.15979],[7.52131,47.16024],[7.52153,47.16112],[7.5239,47.16134],[7.52374,47.16206],[7.52702,47.16241],[7.52677,47.16349],[7.53237,47.16435],[7.53365,47.16508],[7.53548,47.16552],[7.53621,47.16381],[7.54147,47.16491],[7.54267,47.16372],[7.54531,47.16171],[7.54729,47.16208],[7.54981,47.16347],[7.55102,47.16498],[7.55357,47.16615],[7.55525,47.16664],[7.55694,47.16747],[7.55841,47.16853],[7.55881,47.16938],[7.56445,47.1697],[7.56557,47.16764],[7.56537,47.16711],[7.56694,47.16688],[7.56648,47.1659],[7.56785,47.16479],[7.57023,47.16382],[7.57063,47.16424],[7.57589,47.1658],[7.57847,47.16313],[7.58065,47.16137],[7.58171,47.16171],[7.58288,47.16025],[7.58307,47.15963],[7.58221,47.15724],[7.58382,47.15731],[7.58438,47.15613],[7.58712,47.14889],[7.58934,47.15223],[7.59342,47.15402],[7.59888,47.15295],[7.60525,47.15399],[7.60884,47.1542],[7.61186,47.15507],[7.61553,47.15588],[7.61557,47.15678],[7.61707,47.15765],[7.61832,47.15676],[7.62294,47.15441],[7.62331,47.15475],[7.62557,47.1538],[7.62847,47.15428],[7.63007,47.15373],[7.6324,47.15519],[7.63332,47.15434],[7.63501,47.15486],[7.63582,47.15466],[7.63659,47.15344],[7.64095,47.15491],[7.64177,47.15403],[7.64177,47.15284],[7.6443,47.15156],[7.64417,47.15119],[7.64603,47.15032],[7.648,47.1509],[7.65184,47.1512],[7.6536,47.15285],[7.65295,47.15738],[7.65191,47.15745],[7.65174,47.1587],[7.65226,47.15882],[7.65453,47.16212],[7.65278,47.16295],[7.65531,47.16462],[7.66108,47.16975],[7.662,47.16901],[7.66628,47.17025],[7.66663,47.16972],[7.67386,47.16974],[7.6748,47.17557],[7.67678,47.17696],[7.67749,47.17818],[7.67859,47.18355],[7.6788,47.18403],[7.67601,47.1845],[7.67667,47.18506],[7.67542,47.18558],[7.67428,47.1857],[7.67338,47.18471],[7.6721,47.18587],[7.67262,47.18808],[7.6747,47.18926],[7.67563,47.19225],[7.67229,47.19435],[7.67275,47.19569],[7.67253,47.19632],[7.67013,47.19545],[7.66952,47.19733],[7.66767,47.19724],[7.66681,47.19938],[7.66518,47.19885],[7.66374,47.20001],[7.66336,47.20111],[7.66333,47.20231],[7.65881,47.20204],[7.65619,47.20254],[7.64822,47.20314],[7.65043,47.20545],[7.65222,47.20806],[7.65061,47.21132],[7.64913,47.21282],[7.6479,47.2153],[7.64705,47.21606],[7.64699,47.21732],[7.64764,47.21893],[7.64946,47.22031],[7.64854,47.22082],[7.6465,47.22076],[7.64647,47.22144],[7.6457,47.2218],[7.64204,47.22249],[7.64017,47.22474],[7.64494,47.2268],[7.64489,47.22699],[7.64155,47.23115],[7.63628,47.22859],[7.63493,47.22999],[7.63188,47.22805],[7.6305,47.22963],[7.62717,47.22767],[7.6245,47.23072],[7.62248,47.23025],[7.6201,47.23041],[7.61931,47.23278],[7.61754,47.23408],[7.61769,47.23531],[7.61587,47.23557],[7.61495,47.23786],[7.61192,47.23961],[7.61025,47.23957],[7.60999,47.24027],[7.61049,47.2409],[7.60737,47.24041],[7.60609,47.24167],[7.60645,47.2432],[7.60557,47.24403],[7.6034,47.24344],[7.59976,47.24656],[7.59816,47.24636],[7.59693,47.24693],[7.59871,47.25549],[7.59712,47.26211],[7.59564,47.26571],[7.59468,47.26758],[7.58791,47.27106],[7.58109,47.27771],[7.59032,47.27903],[7.60147,47.28071],[7.61345,47.28225],[7.61519,47.28251],[7.61957,47.28269],[7.62155,47.28288],[7.62627,47.28299],[7.62856,47.28292],[7.62929,47.28309],[7.63216,47.28289],[7.63558,47.28316],[7.63889,47.28323],[7.64267,47.28311],[7.64927,47.28335],[7.65191,47.28407],[7.65422,47.28492],[7.65499,47.285],[7.65898,47.28651],[7.65918,47.28683],[7.6615,47.28801],[7.66721,47.28902],[7.66978,47.29014],[7.67152,47.28893],[7.6738,47.28967],[7.675,47.28966],[7.67818,47.29048],[7.68082,47.29149],[7.68209,47.29251],[7.6839,47.29448],[7.68577,47.29536],[7.68596,47.29486],[7.68819,47.29263],[7.68943,47.29232],[7.68956,47.29181],[7.69869,47.28858],[7.70046,47.28764],[7.70185,47.28791],[7.70491,47.28512],[7.70397,47.28438],[7.70657,47.28182],[7.70758,47.28271],[7.70991,47.28081],[7.70943,47.28001],[7.71093,47.27908],[7.71019,47.27853],[7.71146,47.27774],[7.71043,47.27695],[7.71334,47.27513],[7.71371,47.27519],[7.71662,47.27776],[7.71852,47.27648],[7.72614,47.27067],[7.72527,47.26907],[7.72605,47.26737],[7.72936,47.26458],[7.73368,47.26047],[7.73933,47.26126],[7.74386,47.25888],[7.74567,47.25838],[7.7503,47.26012],[7.75422,47.26011],[7.75783,47.25945],[7.75981,47.26058],[7.76056,47.2623],[7.7617,47.26393],[7.76585,47.26805],[7.77562,47.26923],[7.77632,47.2673],[7.77682,47.2628],[7.78554,47.25862],[7.78716,47.25746],[7.7887,47.25928],[7.79357,47.26201],[7.7948,47.26284],[7.79904,47.26744],[7.80169,47.26913],[7.80317,47.26963],[7.8056,47.26976],[7.80642,47.26897],[7.8062,47.2672],[7.80637,47.26639],[7.80732,47.26518],[7.80918,47.26425],[7.81579,47.26267],[7.81921,47.2635],[7.82105,47.26478],[7.82613,47.26693],[7.82743,47.26745],[7.83029,47.26794],[7.8342,47.26923],[7.84283,47.27583],[7.84461,47.27794],[7.84517,47.27927],[7.84539,47.28182],[7.84581,47.28338],[7.84759,47.28518],[7.84893,47.28696],[7.84929,47.28828],[7.85057,47.28973],[7.85259,47.2913],[7.85347,47.29227],[7.85469,47.29413],[7.85554,47.29663],[7.8572,47.29927],[7.85854,47.30079],[7.85951,47.30228],[7.86053,47.30532],[7.86162,47.30708],[7.86385,47.30854],[7.86589,47.30926],[7.86826,47.30983],[7.87036,47.31073],[7.87343,47.31257],[7.87517,47.31318],[7.87693,47.31331],[7.88049,47.31308],[7.88485,47.31239],[7.88878,47.31248],[7.8897,47.31263],[7.89086,47.31369],[7.89173,47.3161],[7.89279,47.31711],[7.89463,47.31821],[7.89628,47.31956],[7.89894,47.32099],[7.89893,47.32201],[7.89762,47.32328],[7.89712,47.32529],[7.89752,47.32782],[7.89789,47.32902],[7.89994,47.33188],[7.90319,47.33584],[7.90555,47.3383],[7.90834,47.34024],[7.90922,47.34132],[7.90884,47.34309],[7.91021,47.34302],[7.91038,47.34233],[7.91224,47.34056],[7.91923,47.33668],[7.92025,47.33532],[7.92696,47.33485],[7.93876,47.33385],[7.94816,47.3337],[7.94888,47.33388],[7.94986,47.33094],[7.94908,47.32808],[7.94835,47.32654],[7.94813,47.32361],[7.94859,47.32127],[7.94937,47.31947],[7.94902,47.31851],[7.95294,47.31981],[7.95685,47.32097],[7.95967,47.32163],[7.96454,47.32251],[7.97152,47.32359],[7.97142,47.32389],[7.97442,47.32442],[7.97755,47.32481],[7.97713,47.32604],[7.97913,47.3269],[7.97887,47.32735],[7.98561,47.32986],[7.98638,47.32893],[7.98846,47.33003],[7.98836,47.33094],[7.99042,47.33211],[7.992,47.33417],[7.99289,47.33397],[7.99734,47.3348],[8.00155,47.33619],[8.00213,47.33612],[8.00391,47.33733],[8.00625,47.33812],[8.00841,47.34067],[8.00532,47.34481],[8.00489,47.34668],[8.01287,47.35118],[8.01366,47.35332],[8.01388,47.3557],[8.01153,47.35832],[8.01218,47.3585],[8.01527,47.36086],[8.01779,47.36197],[8.01759,47.36256],[8.01846,47.36386],[8.02049,47.36517],[8.02503,47.3666],[8.02582,47.36822],[8.02721,47.37003],[8.02777,47.37005],[8.02839,47.37158],[8.02815,47.37203],[8.02872,47.37397],[8.02938,47.37456],[8.0288,47.37561],[8.03019,47.37697],[8.03029,47.37801],[8.0309,47.37909],[8.0306,47.38069],[8.03192,47.38272],[8.03187,47.38378],[8.03243,47.38506],[8.03087,47.38782],[8.02762,47.39699],[8.02139,47.39718],[8.02103,47.39536],[8.01837,47.39623],[8.01696,47.39637],[8.01463,47.39576],[8.01151,47.3965],[8.01086,47.39715],[8.01121,47.39965],[8.01111,47.40255],[8.01019,47.4031],[8.00988,47.4043],[8.00912,47.40551],[8.00832,47.40796],[8.0064,47.40852],[8.00475,47.40996],[8.00261,47.41088],[7.99784,47.41155],[7.99507,47.41245],[7.99362,47.41233],[7.99252,47.41257],[7.9914,47.41344],[7.99053,47.41552],[7.98877,47.41472],[7.98703,47.41524],[7.98531,47.41549],[7.98332,47.41493],[7.98098,47.41597],[7.98041,47.41663],[7.97831,47.41744],[7.97527,47.42084],[7.97333,47.42032],[7.97039,47.42158],[7.96425,47.42373],[7.96857,47.42487],[7.97189,47.42608],[7.97512,47.42705],[7.9784,47.42771],[7.9812,47.42893],[7.98376,47.42971],[7.9849,47.42969],[7.98529,47.42427],[7.98652,47.42414],[7.98833,47.43012],[7.98769,47.43069],[7.98813,47.43125],[7.98724,47.43201],[7.98647,47.43314],[7.9873,47.43412],[7.9861,47.43562],[7.98473,47.43882],[7.98468,47.43958],[7.98522,47.4417],[7.98516,47.44319],[7.98482,47.44461],[7.9836,47.4461],[7.98317,47.44733],[7.98166,47.45029],[7.97982,47.45114],[7.97593,47.45338],[7.97648,47.45441],[7.97766,47.45558],[7.97701,47.458],[7.97604,47.46006],[7.97534,47.46093],[7.97426,47.46123],[7.96979,47.46356],[7.9696,47.46419],[7.96821,47.4637],[7.96664,47.4617],[7.96524,47.46093],[7.96396,47.46102],[7.96157,47.45904],[7.96185,47.45691],[7.96041,47.45617],[7.95943,47.45671],[7.95789,47.45659],[7.95897,47.4558],[7.95956,47.45425],[7.95799,47.45342],[7.95889,47.45299],[7.95672,47.45209],[7.95532,47.45044],[7.95392,47.45015],[7.95321,47.44926],[7.95156,47.44828],[7.95113,47.44712],[7.94857,47.44694],[7.94783,47.44457],[7.94911,47.44139],[7.95299,47.43416],[7.95217,47.43393],[7.95108,47.43309],[7.95675,47.42795],[7.96173,47.42447],[7.96288,47.42321],[7.96156,47.42258],[7.95947,47.42192],[7.95736,47.42078],[7.95778,47.42021],[7.95531,47.41867],[7.95705,47.41805],[7.95609,47.41698],[7.95512,47.41734],[7.95204,47.4178],[7.94944,47.41764],[7.94746,47.41691],[7.94667,47.41697],[7.94606,47.4159],[7.94402,47.41585],[7.94167,47.41547],[7.938,47.41428],[7.93597,47.41314],[7.93683,47.41199],[7.93777,47.40943],[7.93473,47.40723],[7.93371,47.40665],[7.9319,47.40624],[7.92882,47.40498],[7.92648,47.40435],[7.92525,47.40341],[7.9221,47.40374],[7.92094,47.40331],[7.9166,47.40215],[7.91414,47.40162],[7.91201,47.40077],[7.91078,47.39989],[7.90966,47.40022],[7.90763,47.40122],[7.90636,47.40221],[7.90488,47.40384],[7.90295,47.40341],[7.90187,47.40212],[7.89992,47.40305],[7.89535,47.40583],[7.89126,47.40852],[7.8896,47.40864],[7.88625,47.40769],[7.88437,47.40747],[7.88514,47.40625],[7.88449,47.4052],[7.88532,47.40456],[7.88427,47.4036],[7.88448,47.40258],[7.88285,47.4021],[7.88084,47.40309],[7.87874,47.40263],[7.87631,47.39897],[7.87304,47.39817],[7.87017,47.39689],[7.87298,47.39262],[7.87493,47.3914],[7.87714,47.39175],[7.8781,47.3914],[7.87838,47.39042],[7.88047,47.38937],[7.88077,47.38873],[7.8799,47.38737],[7.88066,47.38586],[7.87985,47.38488],[7.87714,47.38585],[7.87504,47.38513],[7.87143,47.38361],[7.8696,47.38265],[7.8686,47.38291],[7.86409,47.38336],[7.86087,47.38251],[7.86102,47.3816],[7.85975,47.38112],[7.851,47.37972],[7.85,47.37871],[7.84838,47.3781],[7.84409,47.37723],[7.84115,47.37614],[7.84051,47.37552],[7.83815,47.37414],[7.83753,47.37271],[7.83596,47.37128],[7.83465,47.36885],[7.83363,47.36777],[7.83157,47.36649],[7.82851,47.36592],[7.82661,47.36544],[7.82472,47.36534],[7.82309,47.36475],[7.82063,47.36436],[7.81805,47.36429],[7.81651,47.36409],[7.81154,47.36426],[7.81026,47.36376],[7.80641,47.36376],[7.80319,47.36247],[7.79868,47.35716],[7.79739,47.35484],[7.79603,47.35114],[7.79639,47.34782],[7.7945,47.3409],[7.79458,47.34042],[7.78631,47.33925],[7.78626,47.3403],[7.7834,47.34094],[7.78072,47.34057],[7.77862,47.34056],[7.77739,47.3408],[7.77391,47.34076],[7.77134,47.34013],[7.76998,47.34028],[7.77024,47.34282],[7.76744,47.3441],[7.76506,47.34401],[7.75521,47.34454],[7.75253,47.3457],[7.74383,47.35108],[7.74119,47.35347],[7.73516,47.35913],[7.73002,47.3682],[7.72892,47.37023],[7.72783,47.37028],[7.71939,47.37154],[7.71498,47.37228],[7.71359,47.37228],[7.70956,47.37297],[7.70764,47.37314],[7.70296,47.37382],[7.68855,47.37255],[7.67994,47.37187],[7.67537,47.37124],[7.66723,47.37041],[7.65669,47.36945],[7.6452,47.36858],[7.64451,47.37171],[7.64431,47.37332],[7.64387,47.37469],[7.64418,47.37684],[7.64305,47.37813],[7.64293,47.37916],[7.64204,47.37966],[7.64264,47.38074],[7.64276,47.38184],[7.6377,47.38208],[7.63658,47.38197],[7.63431,47.38429],[7.6339,47.38602],[7.6343,47.38672],[7.63725,47.38715],[7.63825,47.38744],[7.63773,47.389],[7.63649,47.3967],[7.63608,47.40169],[7.63489,47.40738],[7.63372,47.41141],[7.64068,47.4114],[7.65854,47.41045],[7.66251,47.41115],[7.66506,47.4114],[7.67485,47.41644],[7.68081,47.41889],[7.68402,47.42654],[7.6857,47.43005],[7.68559,47.43186],[7.68758,47.43505],[7.68661,47.43778],[7.68398,47.4401],[7.68405,47.44108],[7.68468,47.44214],[7.68449,47.44363],[7.68601,47.44896],[7.68766,47.45113],[7.69173,47.45362],[7.69297,47.45537],[7.69523,47.45619],[7.69669,47.45622],[7.69767,47.45669],[7.69925,47.45673],[7.6999,47.4573],[7.70023,47.45877],[7.69965,47.46081],[7.70099,47.46259],[7.70111,47.46347],[7.70401,47.4654],[7.70436,47.46621],[7.70533,47.46706],[7.70709,47.46907],[7.70727,47.46966],[7.71007,47.471],[7.71088,47.47078],[7.70892,47.47399],[7.70612,47.47752],[7.70342,47.47928],[7.70077,47.48202],[7.69722,47.48317],[7.69203,47.48299],[7.68502,47.4843],[7.67799,47.48643],[7.67273,47.48591],[7.66933,47.48774],[7.66772,47.48998],[7.66642,47.49288],[7.66736,47.49616],[7.66713,47.49826],[7.66389,47.49746],[7.66265,47.49767],[7.66157,47.4975],[7.66043,47.49677],[7.65918,47.49669],[7.65437,47.49746],[7.65317,47.4972],[7.65169,47.49597],[7.64965,47.49322],[7.65088,47.49322],[7.65119,47.4924],[7.65369,47.49188],[7.6546,47.49236],[7.65639,47.4916],[7.65344,47.49013],[7.65152,47.48965],[7.65422,47.48937],[7.65693,47.48878],[7.65467,47.48776],[7.65198,47.48711],[7.65069,47.4866],[7.64828,47.4862],[7.64542,47.48703],[7.64314,47.48467],[7.64197,47.48412],[7.63718,47.48542],[7.6336,47.48583],[7.63064,47.48571],[7.6282,47.48629],[7.62514,47.48806],[7.62154,47.48885],[7.61772,47.49026],[7.61593,47.49063],[7.615,47.49057],[7.61388,47.49],[7.61326,47.49033],[7.61177,47.49024],[7.60829,47.49079],[7.60839,47.48972],[7.60904,47.48692],[7.60984,47.48507],[7.60931,47.48347],[7.60704,47.48199],[7.60663,47.4808],[7.60732,47.47845],[7.60719,47.47695],[7.60914,47.4766],[7.60809,47.47487],[7.60552,47.47192],[7.60684,47.47151],[7.61237,47.47132],[7.6134,47.47063],[7.61784,47.46896],[7.61987,47.46884],[7.62101,47.46828],[7.62182,47.46746],[7.6235,47.4666],[7.62582,47.46458],[7.62707,47.4643],[7.62523,47.46293],[7.62317,47.46334],[7.62305,47.46061],[7.6236,47.45853],[7.62302,47.45705],[7.62218,47.45571],[7.62089,47.45261],[7.62097,47.45202],[7.61985,47.45039],[7.6195,47.44904],[7.61827,47.44818],[7.61746,47.44662],[7.61747,47.44321],[7.61626,47.44096],[7.61713,47.439],[7.61679,47.43413],[7.61501,47.43474],[7.61239,47.43417],[7.60842,47.43405],[7.60315,47.43263],[7.59956,47.43351],[7.59499,47.43375],[7.59306,47.43409],[7.5859,47.43001],[7.5822,47.43016],[7.58029,47.43157],[7.58109,47.43343],[7.57864,47.43382],[7.5793,47.43517],[7.57941,47.43629],[7.57669,47.43784],[7.57258,47.43785],[7.56987,47.43828],[7.56952,47.43794],[7.57016,47.4365],[7.56976,47.43352],[7.57012,47.43288],[7.56989,47.43073],[7.56932,47.42959],[7.56918,47.42838],[7.56845,47.42723],[7.56949,47.42466],[7.56921,47.42376],[7.57014,47.4233],[7.57045,47.42213],[7.57132,47.42176],[7.57266,47.42071],[7.57382,47.42058],[7.57535,47.42086],[7.57689,47.42022],[7.57813,47.41939],[7.58001,47.41848],[7.58048,47.41734],[7.58165,47.41607],[7.57779,47.41553],[7.56706,47.41479],[7.56024,47.41526],[7.5573,47.41563],[7.55213,47.41573],[7.54406,47.41541],[7.53572,47.41469],[7.52712,47.41323],[7.52622,47.41301],[7.52805,47.4114],[7.52829,47.40989],[7.52973,47.40898],[7.53218,47.40629],[7.53141,47.40347],[7.53,47.40251],[7.52728,47.39978],[7.52234,47.39258],[7.51959,47.3896],[7.51726,47.39003],[7.51448,47.39075],[7.51169,47.39094],[7.51098,47.39038],[7.50403,47.3864],[7.50179,47.38597],[7.49872,47.38591],[7.49439,47.38655],[7.4933,47.38661],[7.4893,47.38761],[7.48587,47.38881],[7.48571,47.39027],[7.48442,47.39057],[7.48214,47.39017],[7.4811,47.39098],[7.48007,47.39112],[7.47935,47.3919],[7.4791,47.39288],[7.47844,47.39372],[7.47869,47.39421],[7.47825,47.39529],[7.47843,47.3964],[7.47774,47.3975],[7.47816,47.39819],[7.478,47.39915],[7.47847,47.3998],[7.47835,47.40258],[7.47739,47.40222],[7.47444,47.40171],[7.47178,47.40184],[7.46561,47.40393],[7.46446,47.40348],[7.46409,47.40255],[7.46326,47.40217],[7.45797,47.40289],[7.45732,47.40457],[7.45586,47.40553],[7.45398,47.40527],[7.45122,47.40519],[7.45059,47.4049],[7.4507,47.4039],[7.45165,47.40317],[7.45177,47.4023],[7.4508,47.40125],[7.44879,47.40092],[7.44707,47.40139],[7.44601,47.40197],[7.44495,47.40358],[7.44429,47.40368],[7.44228,47.40156],[7.44296,47.40099],[7.44232,47.39926],[7.4441,47.39774],[7.44337,47.39621],[7.44388,47.39469],[7.44393,47.39176],[7.4442,47.39063],[7.44303,47.38983],[7.44,47.38739],[7.4398,47.38602],[7.43881,47.38463],[7.43891,47.38314],[7.43829,47.38227],[7.43709,47.37949],[7.44114,47.38165],[7.44241,47.38119],[7.44457,47.38005],[7.44594,47.3797],[7.44775,47.37798],[7.44948,47.37723],[7.4538,47.37595],[7.4548,47.37452],[7.45579,47.37359],[7.45779,47.37287],[7.46069,47.37237],[7.46262,47.37188],[7.46535,47.37167],[7.46723,47.37191],[7.46845,47.37149],[7.47197,47.37163],[7.47341,47.37202],[7.47524,47.37201],[7.47802,47.37256],[7.48039,47.37278],[7.48245,47.37216],[7.48856,47.37108],[7.49535,47.37201],[7.49811,47.37266],[7.49927,47.37309],[7.50169,47.3734],[7.50305,47.37329],[7.50697,47.37351],[7.50782,47.37341],[7.51137,47.37361],[7.51546,47.37355],[7.51821,47.37368],[7.52148,47.37334],[7.5247,47.37345],[7.52532,47.373],[7.52547,47.37111],[7.52269,47.3676],[7.52272,47.36652],[7.52423,47.36563],[7.52871,47.36411],[7.53132,47.3643],[7.53269,47.36373],[7.53327,47.36399],[7.53421,47.36333],[7.53374,47.3627],[7.5348,47.36103],[7.53738,47.36134],[7.54046,47.36145],[7.54184,47.358],[7.54243,47.35711],[7.54108,47.35563],[7.54041,47.35457],[7.53981,47.35428],[7.53854,47.35297],[7.53784,47.35156],[7.53911,47.35065],[7.54004,47.34893],[7.54164,47.34875],[7.54283,47.34915],[7.54592,47.34881],[7.54819,47.34795],[7.5493,47.34781],[7.55237,47.34674],[7.55318,47.34668],[7.55746,47.34523],[7.55762,47.34346],[7.56078,47.34403],[7.56165,47.34321],[7.56268,47.34284],[7.56366,47.34188],[7.5637,47.34082],[7.56841,47.33536],[7.57214,47.33164],[7.57313,47.33032],[7.57262,47.3285],[7.57127,47.32706],[7.56971,47.32571],[7.56268,47.3228],[7.55932,47.32373]]],[[[7.51143,47.50402],[7.50973,47.50374],[7.51027,47.50215],[7.51205,47.49842],[7.50939,47.49784],[7.50621,47.49679],[7.50212,47.49491],[7.50343,47.49216],[7.50214,47.49193],[7.50092,47.49241],[7.49944,47.49118],[7.49907,47.49033],[7.49782,47.49037],[7.49444,47.48947],[7.49316,47.48686],[7.49259,47.48606],[7.49062,47.4846],[7.4886,47.48353],[7.48425,47.48277],[7.48191,47.48249],[7.47805,47.48146],[7.47677,47.48149],[7.4745,47.48203],[7.47298,47.48177],[7.47173,47.48212],[7.47092,47.48276],[7.46978,47.48437],[7.46793,47.4854],[7.46706,47.48615],[7.46517,47.48888],[7.46483,47.48877],[7.46335,47.49044],[7.46219,47.49015],[7.46165,47.49066],[7.46008,47.49014],[7.45737,47.48989],[7.457,47.49051],[7.45606,47.49087],[7.4518,47.4917],[7.44976,47.49306],[7.45011,47.49324],[7.44805,47.49479],[7.44206,47.4965],[7.44063,47.49752],[7.43789,47.49847],[7.43595,47.49949],[7.43411,47.49856],[7.43244,47.49702],[7.43072,47.49497],[7.42996,47.49247],[7.42794,47.49109],[7.42672,47.48985],[7.42545,47.48752],[7.42328,47.48531],[7.42303,47.48395],[7.42247,47.48261],[7.42302,47.48221],[7.42505,47.48258],[7.42672,47.48268],[7.42806,47.48311],[7.42909,47.48385],[7.43036,47.48433],[7.43309,47.4824],[7.43356,47.48276],[7.43538,47.48192],[7.43718,47.48205],[7.44257,47.47949],[7.4435,47.48022],[7.44458,47.4799],[7.4454,47.47898],[7.44731,47.47782],[7.44749,47.47667],[7.44937,47.47518],[7.45114,47.47672],[7.45238,47.47652],[7.45529,47.47517],[7.45671,47.47477],[7.45731,47.47413],[7.45679,47.47209],[7.45486,47.47153],[7.45117,47.46891],[7.44998,47.46751],[7.44895,47.46585],[7.44687,47.46454],[7.44618,47.46377],[7.44673,47.46336],[7.44708,47.46036],[7.44814,47.45835],[7.45444,47.45272],[7.45578,47.45062],[7.45748,47.45064],[7.46372,47.45294],[7.46752,47.45419],[7.46911,47.45529],[7.47188,47.45586],[7.47783,47.45681],[7.48148,47.45688],[7.4855,47.4586],[7.48771,47.45928],[7.49333,47.46036],[7.49919,47.46107],[7.50401,47.46052],[7.50621,47.4601],[7.51025,47.46003],[7.51146,47.46016],[7.51607,47.46194],[7.51843,47.46241],[7.52882,47.46242],[7.53166,47.46258],[7.53046,47.46676],[7.52889,47.47299],[7.52843,47.4753],[7.53009,47.47934],[7.5313,47.47971],[7.5341,47.47968],[7.53524,47.48208],[7.53724,47.48523],[7.53768,47.48644],[7.53695,47.48663],[7.5373,47.49004],[7.53721,47.49244],[7.53359,47.49236],[7.53367,47.49455],[7.53351,47.49683],[7.53277,47.49879],[7.52819,47.49859],[7.52486,47.49828],[7.52091,47.49818],[7.51574,47.49916],[7.51508,47.50039],[7.5132,47.50031],[7.51264,47.50409],[7.51143,47.50402]]],[[[7.3769,47.41548],[7.37828,47.41546],[7.38118,47.41509],[7.38322,47.41468],[7.38786,47.41518],[7.38856,47.41543],[7.39045,47.41503],[7.39253,47.41487],[7.39478,47.41442],[7.39791,47.41425],[7.40242,47.41327],[7.40555,47.41309],[7.40861,47.41257],[7.41132,47.41273],[7.41467,47.41231],[7.4194,47.41251],[7.42171,47.41248],[7.42427,47.41444],[7.42624,47.41466],[7.42786,47.41527],[7.42845,47.41586],[7.43226,47.41552],[7.43561,47.41461],[7.43765,47.41419],[7.43907,47.41412],[7.44273,47.41481],[7.4446,47.41481],[7.44846,47.41587],[7.44937,47.41645],[7.4499,47.41761],[7.45133,47.41917],[7.4513,47.4209],[7.45276,47.42413],[7.45562,47.42684],[7.45656,47.4293],[7.45595,47.43048],[7.45453,47.43131],[7.45335,47.43241],[7.45301,47.43387],[7.45212,47.43511],[7.45214,47.43601],[7.44938,47.43912],[7.44669,47.44056],[7.44414,47.44254],[7.44313,47.44371],[7.43965,47.44558],[7.44003,47.44652],[7.43881,47.44771],[7.43728,47.44715],[7.43026,47.44544],[7.42639,47.44467],[7.42441,47.44499],[7.42187,47.44733],[7.42151,47.44696],[7.41822,47.4455],[7.41598,47.44422],[7.41226,47.44313],[7.41127,47.44301],[7.40927,47.44214],[7.40765,47.44179],[7.40699,47.44123],[7.40416,47.44006],[7.404,47.43854],[7.40431,47.438],[7.40401,47.43687],[7.40138,47.43688],[7.3997,47.43652],[7.39739,47.43684],[7.39488,47.43655],[7.3894,47.43444],[7.38736,47.43382],[7.38654,47.43324],[7.38306,47.43443],[7.3821,47.43334],[7.38382,47.43244],[7.38397,47.43136],[7.38225,47.4296],[7.38059,47.42898],[7.38043,47.42538],[7.37997,47.42264],[7.37807,47.41943],[7.37698,47.41648],[7.3769,47.41548]]],[[[7.7018,47.16312],[7.69542,47.16335],[7.6954,47.16393],[7.69316,47.16555],[7.69195,47.16615],[7.6889,47.1666],[7.68994,47.16768],[7.68951,47.16808],[7.68637,47.16765],[7.68554,47.167],[7.68606,47.16644],[7.68325,47.16502],[7.68216,47.16374],[7.68053,47.1645],[7.67908,47.1629],[7.6788,47.16144],[7.67753,47.15946],[7.67609,47.15781],[7.67705,47.15739],[7.67684,47.15658],[7.67542,47.15532],[7.67626,47.15459],[7.6811,47.15567],[7.68362,47.15549],[7.68929,47.15416],[7.69115,47.1539],[7.69247,47.15582],[7.69397,47.15849],[7.69482,47.15951],[7.69666,47.15885],[7.70033,47.16216],[7.70122,47.16232],[7.7018,47.16312]]]]},"properties":{"id":11,"name":"Solothurn"}},
{"type":"Feature","geometry":{"type":"Polygon","coordinates":[[[9.61913,47.43903],[9.62439,47.43962],[9.62925,47.44069],[9.63104,47.4412],[9.63138,47.44261],[9.6322,47.44302],[9.63201,47.44399],[9.63101,47.44572],[9.62864,47.44639],[9.62636,47.44743],[9.62461,47.44768],[9.62285,47.4484],[9.62186,47.44926],[9.61966,47.44916],[9.61572,47.44969],[9.61428,47.45014],[9.61018,47.45216],[9.61003,47.45293],[9.60856,47.45296],[9.60723,47.45369],[9.60558,47.45392],[9.60453,47.45465],[9.60129,47.45643],[9.60049,47.45712],[9.59884,47.45756],[9.59792,47.45824],[9.59748,47.4599],[9.59631,47.46013],[9.59426,47.45986],[9.59159,47.45907],[9.59051,47.45959],[9.59008,47.46102],[9.58893,47.46079],[9.58868,47.46139],[9.58662,47.46182],[9.58433,47.4628],[9.58265,47.46314],[9.58185,47.4639],[9.57808,47.46389],[9.57792,47.46425],[9.5755,47.46409],[9.57384,47.46455],[9.57144,47.46487],[9.56937,47.46489],[9.566,47.46462],[9.56472,47.46431],[9.55933,47.46614],[9.55791,47.46615],[9.55537,47.46517],[9.55435,47.4652],[9.55413,47.4659],[9.55155,47.46561],[9.54975,47.46481],[9.54784,47.46426],[9.54698,47.46512],[9.54861,47.4668],[9.54798,47.46726],[9.54811,47.46886],[9.54572,47.46865],[9.54465,47.46978],[9.54369,47.4704],[9.54081,47.46961],[9.53873,47.46983],[9.53377,47.4692],[9.53163,47.46762],[9.53238,47.46699],[9.52945,47.46527],[9.52866,47.46409],[9.52702,47.46271],[9.52724,47.46179],[9.52812,47.46076],[9.52803,47.45921],[9.52875,47.45784],[9.52978,47.45695],[9.53153,47.45592],[9.53232,47.4557],[9.53181,47.45481],[9.52909,47.45526],[9.52671,47.4543],[9.52655,47.45359],[9.52523,47.45273],[9.52394,47.45271],[9.52082,47.4532],[9.51924,47.45282],[9.51872,47.45196],[9.51748,47.45183],[9.51544,47.45069],[9.51377,47.451],[9.51094,47.45091],[9.50922,47.45022],[9.50815,47.44919],[9.50587,47.44794],[9.50488,47.44678],[9.49978,47.44467],[9.49913,47.44503],[9.49638,47.44366],[9.49437,47.4435],[9.49289,47.44312],[9.48807,47.44269],[9.48673,47.44198],[9.48532,47.4418],[9.48329,47.44071],[9.48176,47.44035],[9.47922,47.44081],[9.47691,47.44006],[9.47511,47.44029],[9.47225,47.4403],[9.46972,47.43963],[9.46881,47.43886],[9.46686,47.43806],[9.46622,47.43711],[9.45996,47.43531],[9.4586,47.43529],[9.45775,47.4347],[9.45583,47.43418],[9.45438,47.43404],[9.45387,47.43348],[9.45391,47.43246],[9.45189,47.43221],[9.45064,47.43273],[9.44962,47.43407],[9.44795,47.43482],[9.4472,47.43467],[9.44524,47.43543],[9.44277,47.43464],[9.44049,47.43506],[9.43895,47.43585],[9.43628,47.43565],[9.43646,47.43502],[9.43604,47.43349],[9.43485,47.43268],[9.43405,47.43174],[9.43383,47.43081],[9.43598,47.42772],[9.43639,47.42596],[9.4359,47.42545],[9.4358,47.42366],[9.43631,47.42219],[9.43505,47.42205],[9.43521,47.4214],[9.43413,47.42076],[9.43457,47.42007],[9.43153,47.41955],[9.43164,47.41846],[9.43325,47.41658],[9.43329,47.41558],[9.43424,47.41533],[9.43314,47.4138],[9.43181,47.41285],[9.43045,47.4135],[9.42919,47.41283],[9.42917,47.41186],[9.43099,47.41145],[9.43116,47.41097],[9.42921,47.41028],[9.42776,47.40887],[9.42589,47.40819],[9.42252,47.40732],[9.42099,47.40731],[9.4179,47.40643],[9.41538,47.4063],[9.41242,47.40545],[9.41193,47.40449],[9.41049,47.40456],[9.4105,47.40391],[9.40822,47.4035],[9.40636,47.40351],[9.40526,47.40262],[9.40335,47.40222],[9.40106,47.40212],[9.40009,47.4028],[9.39911,47.40278],[9.39923,47.40203],[9.39632,47.4026],[9.39397,47.40238],[9.39203,47.40337],[9.39163,47.40465],[9.39065,47.40579],[9.38891,47.4067],[9.38679,47.40698],[9.38447,47.40767],[9.3828,47.40758],[9.38108,47.40816],[9.38041,47.40801],[9.3796,47.40868],[9.37848,47.40888],[9.37748,47.40864],[9.37641,47.40903],[9.37396,47.40847],[9.37294,47.40907],[9.37037,47.40816],[9.36861,47.40664],[9.36727,47.40596],[9.36492,47.40594],[9.36109,47.40475],[9.36006,47.40349],[9.35757,47.40368],[9.35603,47.40476],[9.35329,47.40376],[9.34796,47.40222],[9.34374,47.40137],[9.34143,47.40134],[9.34094,47.40095],[9.33908,47.40151],[9.3379,47.40069],[9.33661,47.40054],[9.33522,47.40128],[9.3342,47.40083],[9.33355,47.40181],[9.3316,47.40217],[9.33059,47.40266],[9.32862,47.40256],[9.32667,47.40197],[9.32598,47.40201],[9.32421,47.40094],[9.32277,47.40052],[9.32153,47.39954],[9.31892,47.3991],[9.31609,47.39899],[9.31155,47.39787],[9.30987,47.39794],[9.3042,47.39658],[9.3019,47.39666],[9.29955,47.39749],[9.29753,47.39779],[9.2954,47.39776],[9.29496,47.39858],[9.28848,47.39943],[9.28693,47.3993],[9.28454,47.40005],[9.28328,47.39973],[9.28181,47.3999],[9.28066,47.3996],[9.28019,47.40099],[9.27808,47.40103],[9.27599,47.40192],[9.27315,47.40237],[9.27061,47.40067],[9.26825,47.40119],[9.2682,47.40164],[9.26705,47.40252],[9.26613,47.40256],[9.26323,47.40175],[9.26077,47.40083],[9.26014,47.40025],[9.25879,47.40009],[9.25767,47.40194],[9.2562,47.40172],[9.25473,47.40205],[9.25191,47.40172],[9.24993,47.40051],[9.248,47.3999],[9.24602,47.40068],[9.24397,47.39981],[9.24282,47.3997],[9.24239,47.39922],[9.23888,47.39777],[9.2374,47.39751],[9.2366,47.3982],[9.23542,47.39841],[9.23527,47.39773],[9.2339,47.39843],[9.23394,47.39896],[9.23179,47.39844],[9.23195,47.39801],[9.23353,47.39735],[9.23307,47.39551],[9.23399,47.39408],[9.23383,47.3924],[9.2344,47.39171],[9.23362,47.3909],[9.23373,47.38977],[9.23217,47.38873],[9.2303,47.38831],[9.22898,47.38895],[9.22781,47.38898],[9.22694,47.38836],[9.22543,47.38817],[9.22406,47.38884],[9.22189,47.38705],[9.22018,47.38637],[9.22006,47.3843],[9.22172,47.38363],[9.22117,47.38302],[9.22134,47.38196],[9.22285,47.3804],[9.22302,47.37926],[9.22102,47.37814],[9.22103,47.37736],[9.22212,47.3759],[9.22224,47.3746],[9.2217,47.37419],[9.21991,47.37434],[9.21918,47.37218],[9.21774,47.37102],[9.21654,47.37103],[9.2159,47.37033],[9.21425,47.36921],[9.21504,47.36814],[9.21427,47.36648],[9.21211,47.36546],[9.21141,47.36441],[9.20349,47.36328],[9.20151,47.36321],[9.20036,47.3628],[9.19792,47.36353],[9.19391,47.364],[9.19315,47.36378],[9.19386,47.36296],[9.1939,47.36177],[9.19563,47.36031],[9.19679,47.35676],[9.1978,47.35498],[9.19855,47.35546],[9.20063,47.3556],[9.20246,47.35645],[9.2035,47.35743],[9.20472,47.35729],[9.20547,47.35767],[9.20631,47.35881],[9.20859,47.35704],[9.20651,47.35599],[9.20564,47.35594],[9.20389,47.35328],[9.20319,47.35188],[9.20173,47.35102],[9.20166,47.35042],[9.19988,47.34913],[9.20056,47.34812],[9.20156,47.34796],[9.20374,47.34665],[9.20563,47.34384],[9.20686,47.34369],[9.20724,47.34292],[9.20699,47.34199],[9.20752,47.34048],[9.2093,47.34091],[9.21059,47.34181],[9.21234,47.34241],[9.21417,47.34178],[9.21544,47.34213],[9.21595,47.34281],[9.21876,47.34337],[9.22129,47.34365],[9.22165,47.34422],[9.22326,47.34469],[9.22434,47.34415],[9.22585,47.3439],[9.2267,47.34248],[9.22875,47.3399],[9.23018,47.339],[9.23073,47.338],[9.23146,47.33792],[9.23345,47.33583],[9.23455,47.33355],[9.23396,47.33225],[9.23124,47.33096],[9.22988,47.33058],[9.22905,47.33072],[9.22831,47.32974],[9.2269,47.32961],[9.22567,47.32878],[9.22444,47.32843],[9.22399,47.3274],[9.22093,47.32694],[9.22021,47.32704],[9.21831,47.32574],[9.21737,47.32622],[9.21618,47.32543],[9.21609,47.32422],[9.21497,47.32428],[9.21353,47.32394],[9.21193,47.32262],[9.21166,47.32181],[9.2138,47.32125],[9.21445,47.3205],[9.21424,47.31984],[9.21508,47.31868],[9.21518,47.31696],[9.21595,47.31576],[9.2155,47.31462],[9.21621,47.31355],[9.21626,47.31284],[9.21747,47.31184],[9.21899,47.30936],[9.21913,47.30807],[9.21855,47.30591],[9.21773,47.30429],[9.21723,47.30386],[9.21805,47.30317],[9.21855,47.30165],[9.22032,47.30001],[9.22095,47.29992],[9.22181,47.29825],[9.22319,47.29774],[9.22295,47.29731],[9.22395,47.29612],[9.22533,47.29494],[9.22556,47.29422],[9.2245,47.29313],[9.22311,47.293],[9.22285,47.29246],[9.2236,47.29083],[9.22239,47.28963],[9.2204,47.28862],[9.2188,47.28684],[9.21834,47.28585],[9.21458,47.28472],[9.21478,47.28409],[9.21321,47.28344],[9.2121,47.2833],[9.21131,47.2825],[9.20945,47.28149],[9.20822,47.28024],[9.20749,47.27774],[9.20987,47.277],[9.21152,47.27577],[9.21295,47.27543],[9.21524,47.27388],[9.21614,47.2738],[9.21761,47.27298],[9.21858,47.27202],[9.21936,47.27238],[9.2233,47.27034],[9.22504,47.26979],[9.22646,47.26961],[9.228,47.26869],[9.22885,47.26891],[9.23114,47.26836],[9.23256,47.26746],[9.23396,47.26691],[9.23779,47.26649],[9.24003,47.26599],[9.24266,47.26601],[9.24642,47.26681],[9.24874,47.26742],[9.25091,47.26686],[9.25276,47.26692],[9.25526,47.2658],[9.25617,47.26608],[9.25768,47.26468],[9.25857,47.26457],[9.25969,47.26521],[9.26126,47.26554],[9.26153,47.26618],[9.26434,47.26698],[9.26475,47.26834],[9.26693,47.26912],[9.26841,47.26984],[9.27056,47.27022],[9.27259,47.26984],[9.27371,47.27002],[9.27483,47.27133],[9.27674,47.26989],[9.27986,47.26854],[9.28034,47.26802],[9.27635,47.26708],[9.27743,47.26667],[9.2806,47.26634],[9.28274,47.26648],[9.28534,47.267],[9.28794,47.26397],[9.28933,47.26371],[9.28995,47.26262],[9.29096,47.26167],[9.29291,47.26149],[9.29439,47.26173],[9.2971,47.25984],[9.29842,47.25875],[9.3049,47.26094],[9.30683,47.26086],[9.30888,47.261],[9.31005,47.26024],[9.30995,47.25907],[9.3091,47.25664],[9.31166,47.25462],[9.31564,47.25349],[9.31906,47.2498],[9.31989,47.24922],[9.32505,47.24836],[9.32596,47.24895],[9.32769,47.24915],[9.32836,47.24991],[9.33025,47.25008],[9.33361,47.25095],[9.342,47.25034],[9.34452,47.25074],[9.34325,47.25166],[9.34339,47.25203],[9.34255,47.2534],[9.3375,47.26088],[9.33619,47.26265],[9.33589,47.26361],[9.33517,47.26456],[9.33518,47.2652],[9.33439,47.26661],[9.33468,47.26725],[9.334,47.2713],[9.32488,47.28425],[9.32209,47.28563],[9.3201,47.28712],[9.32015,47.28846],[9.31978,47.28968],[9.31862,47.29056],[9.31671,47.29065],[9.31562,47.29172],[9.31571,47.29225],[9.31481,47.29279],[9.31492,47.29421],[9.31404,47.29499],[9.31427,47.29749],[9.31594,47.29924],[9.31597,47.30027],[9.31708,47.30154],[9.31732,47.3026],[9.31836,47.30309],[9.31661,47.30611],[9.31621,47.3076],[9.31719,47.30912],[9.31957,47.31087],[9.31875,47.31154],[9.3177,47.31292],[9.31672,47.31489],[9.3177,47.31519],[9.31671,47.31666],[9.31828,47.31732],[9.31737,47.31819],[9.31704,47.31939],[9.31565,47.32057],[9.31484,47.32293],[9.31348,47.32266],[9.31104,47.32283],[9.31113,47.32407],[9.31216,47.32541],[9.31253,47.32646],[9.31564,47.32759],[9.31731,47.32868],[9.31918,47.3288],[9.32047,47.32938],[9.32831,47.3313],[9.33022,47.33216],[9.33465,47.34213],[9.33592,47.34291],[9.33863,47.34402],[9.34064,47.34521],[9.34424,47.34602],[9.3475,47.34628],[9.34685,47.34727],[9.34643,47.34883],[9.34565,47.35059],[9.34447,47.35155],[9.34493,47.35353],[9.346,47.35371],[9.34827,47.35539],[9.3518,47.35573],[9.35261,47.35631],[9.35502,47.35643],[9.35833,47.35687],[9.36087,47.35837],[9.36218,47.35832],[9.36349,47.3589],[9.36469,47.35886],[9.36662,47.35972],[9.36527,47.36145],[9.36353,47.36257],[9.36296,47.36405],[9.36163,47.36534],[9.3615,47.366],[9.36266,47.36747],[9.36061,47.3683],[9.36,47.36984],[9.35926,47.3704],[9.35967,47.37155],[9.35812,47.37266],[9.3581,47.37306],[9.36061,47.37454],[9.3602,47.37568],[9.36045,47.37764],[9.35958,47.37979],[9.3584,47.38007],[9.35559,47.38186],[9.35487,47.38273],[9.35391,47.38326],[9.35241,47.38347],[9.35199,47.38451],[9.35592,47.38557],[9.3578,47.38474],[9.35908,47.38624],[9.36026,47.38645],[9.36552,47.38571],[9.36675,47.38623],[9.3686,47.38596],[9.36965,47.38641],[9.37229,47.38539],[9.37418,47.38585],[9.37462,47.38647],[9.37402,47.38751],[9.37644,47.38823],[9.37829,47.38853],[9.37894,47.38769],[9.38007,47.3881],[9.38067,47.38779],[9.38064,47.3855],[9.38008,47.38526],[9.38047,47.38381],[9.37916,47.38261],[9.37994,47.38188],[9.38162,47.3817],[9.38448,47.38084],[9.38604,47.38081],[9.38707,47.38005],[9.3868,47.3794],[9.3872,47.37852],[9.38932,47.37926],[9.39099,47.37887],[9.39194,47.37928],[9.39253,47.38039],[9.39489,47.3816],[9.39694,47.38126],[9.39789,47.38065],[9.39934,47.38027],[9.39911,47.37936],[9.40015,47.37872],[9.40159,47.37876],[9.40276,47.37802],[9.40404,47.37807],[9.40478,47.37747],[9.4035,47.37719],[9.40332,47.37625],[9.40451,47.37473],[9.40558,47.37454],[9.40669,47.37391],[9.4073,47.37261],[9.40838,47.37249],[9.40988,47.37157],[9.41316,47.37012],[9.4167,47.37021],[9.41922,47.37096],[9.42056,47.37099],[9.42202,47.37062],[9.42281,47.3694],[9.42428,47.36983],[9.42947,47.37179],[9.43133,47.37238],[9.43237,47.37095],[9.4327,47.36967],[9.43186,47.36905],[9.4325,47.36738],[9.43362,47.36689],[9.43351,47.36607],[9.43441,47.36516],[9.43921,47.35785],[9.44136,47.35863],[9.44368,47.35735],[9.44409,47.35775],[9.44605,47.35832],[9.44691,47.35756],[9.44831,47.35734],[9.4495,47.3564],[9.45051,47.35617],[9.45127,47.3555],[9.45716,47.35288],[9.46103,47.35143],[9.46703,47.34777],[9.47319,47.3484],[9.48051,47.34856],[9.48843,47.3516],[9.50419,47.34878],[9.50428,47.35224],[9.50345,47.35335],[9.50392,47.35517],[9.50274,47.35589],[9.50129,47.36141],[9.50231,47.36221],[9.50088,47.36246],[9.50038,47.36294],[9.50176,47.36405],[9.50023,47.36496],[9.5022,47.36931],[9.50028,47.37068],[9.50201,47.37167],[9.50257,47.37252],[9.50199,47.37296],[9.50304,47.37379],[9.50541,47.37492],[9.50669,47.37581],[9.50619,47.37631],[9.50431,47.37634],[9.50458,47.38225],[9.50542,47.38397],[9.50471,47.38513],[9.50541,47.38592],[9.50585,47.38768],[9.50647,47.38899],[9.50548,47.38975],[9.50704,47.39058],[9.50688,47.3916],[9.50832,47.39202],[9.50921,47.39431],[9.51035,47.39594],[9.51084,47.39605],[9.50999,47.39619],[9.50955,47.39698],[9.51279,47.39828],[9.51359,47.39884],[9.51244,47.39991],[9.51329,47.40028],[9.51346,47.40143],[9.51247,47.40266],[9.51277,47.40351],[9.512,47.40382],[9.51374,47.40454],[9.51648,47.40634],[9.51788,47.40703],[9.52019,47.40698],[9.52306,47.40781],[9.52443,47.40782],[9.52565,47.40838],[9.52746,47.40883],[9.53087,47.41032],[9.53185,47.41044],[9.53402,47.41168],[9.53305,47.41256],[9.53161,47.41284],[9.52916,47.41236],[9.52888,47.41332],[9.52756,47.41311],[9.52659,47.41352],[9.52637,47.41454],[9.5254,47.41447],[9.52503,47.41554],[9.52616,47.4164],[9.52821,47.41627],[9.52831,47.41732],[9.52685,47.41888],[9.52564,47.41966],[9.52661,47.42097],[9.52598,47.42141],[9.52539,47.42257],[9.52847,47.42471],[9.52986,47.42483],[9.53108,47.42544],[9.53331,47.42514],[9.53371,47.42573],[9.53487,47.42553],[9.53549,47.42608],[9.53871,47.42714],[9.53838,47.42818],[9.54036,47.42929],[9.54,47.43053],[9.54047,47.43198],[9.54022,47.4331],[9.54235,47.4332],[9.54519,47.43215],[9.54697,47.43205],[9.54841,47.43005],[9.54996,47.42956],[9.54983,47.42911],[9.55183,47.42846],[9.55403,47.42875],[9.55478,47.42766],[9.5563,47.42773],[9.55586,47.4268],[9.55551,47.42496],[9.55708,47.42397],[9.5569,47.42317],[9.55757,47.42161],[9.55732,47.4209],[9.55824,47.42044],[9.5602,47.42034],[9.56013,47.41963],[9.56193,47.41949],[9.56254,47.41908],[9.56434,47.41963],[9.56494,47.41919],[9.56511,47.41814],[9.56808,47.41765],[9.57239,47.41791],[9.57611,47.41726],[9.57754,47.41718],[9.57762,47.41674],[9.57675,47.41585],[9.57529,47.41534],[9.57412,47.41453],[9.5737,47.41372],[9.5748,47.41346],[9.57478,47.40985],[9.57511,47.40897],[9.57396,47.40909],[9.57287,47.40813],[9.57171,47.40774],[9.56929,47.40734],[9.568,47.40741],[9.56742,47.40691],[9.56621,47.40666],[9.5653,47.40778],[9.56498,47.40935],[9.56152,47.41015],[9.56071,47.40983],[9.55973,47.41045],[9.55942,47.40957],[9.55798,47.40959],[9.55636,47.40915],[9.55452,47.40909],[9.55369,47.40945],[9.55398,47.41011],[9.55243,47.41098],[9.55006,47.41137],[9.54758,47.41063],[9.54686,47.4107],[9.54368,47.40956],[9.54491,47.40836],[9.54714,47.40765],[9.54822,47.40569],[9.54875,47.4054],[9.54954,47.40408],[9.55028,47.40342],[9.55109,47.40205],[9.55184,47.40179],[9.55242,47.40045],[9.55395,47.39993],[9.5548,47.39876],[9.55657,47.3978],[9.55724,47.39824],[9.55825,47.39809],[9.55937,47.39846],[9.56002,47.39923],[9.56154,47.39973],[9.56249,47.40037],[9.56546,47.40007],[9.56582,47.40107],[9.56694,47.40178],[9.56857,47.40182],[9.57027,47.40328],[9.57237,47.40399],[9.57461,47.40547],[9.5752,47.4053],[9.57736,47.40564],[9.57654,47.40704],[9.5789,47.40832],[9.58011,47.40843],[9.58102,47.40899],[9.584,47.41012],[9.58431,47.411],[9.58328,47.41215],[9.58355,47.41286],[9.58509,47.41295],[9.58655,47.41412],[9.58676,47.41609],[9.58597,47.41628],[9.58377,47.41624],[9.58295,47.41649],[9.58269,47.41766],[9.58422,47.41771],[9.58457,47.41952],[9.58418,47.41984],[9.58404,47.42127],[9.58168,47.42143],[9.5791,47.42228],[9.57835,47.42215],[9.57749,47.42279],[9.57472,47.42253],[9.57361,47.42212],[9.57169,47.42259],[9.56967,47.42243],[9.56859,47.42365],[9.57043,47.42405],[9.57078,47.42498],[9.57489,47.42548],[9.57447,47.42672],[9.5759,47.42704],[9.57539,47.42776],[9.57328,47.42794],[9.57238,47.4286],[9.57184,47.42997],[9.57064,47.43004],[9.5709,47.42909],[9.56903,47.42931],[9.56895,47.4302],[9.56783,47.43041],[9.56502,47.43027],[9.56229,47.43154],[9.5627,47.43233],[9.5621,47.4327],[9.56102,47.43218],[9.55983,47.4331],[9.55941,47.43418],[9.56005,47.43436],[9.56008,47.43522],[9.56137,47.43555],[9.56311,47.43636],[9.56316,47.43766],[9.5648,47.43835],[9.56626,47.43846],[9.56586,47.4395],[9.56769,47.44003],[9.56799,47.43977],[9.57005,47.43987],[9.5702,47.43867],[9.57195,47.43728],[9.57125,47.43632],[9.57192,47.4357],[9.57332,47.43568],[9.57487,47.4353],[9.57654,47.43521],[9.5768,47.43563],[9.57879,47.43569],[9.57967,47.43511],[9.58067,47.43574],[9.58287,47.43576],[9.58775,47.43609],[9.58993,47.43595],[9.59216,47.43661],[9.59444,47.43698],[9.59396,47.43615],[9.59451,47.43532],[9.59714,47.43568],[9.60153,47.43679],[9.60371,47.43777],[9.60755,47.43818],[9.60855,47.43781],[9.61212,47.43802],[9.61546,47.43861],[9.61682,47.43861],[9.61913,47.43903]]]},"properties":{"id":15,"name":"Appenzell Ausserrhoden"}},
{"type":"Feature","geometry":{"type":"Polygon","coordinates":[[[7.55318,47.34668],[7.55237,47.34674],[7.5493,47.34781],[7.54819,47.34795],[7.54592,47.34881],[7.54283,47.34915],[7.54164,47.34875],[7.54004,47.34893],[7.53911,47.35065],[7.53784,47.35156],[7.53854,47.35297],[7.53981,47.35428],[7.54041,47.35457],[7.54108,47.35563],[7.54243,47.35711],[7.54184,47.358],[7.54046,47.36145],[7.53738,47.36134],[7.5348,47.36103],[7.53374,47.3627],[7.53421,47.36333],[7.53327,47.36399],[7.53269,47.36373],[7.53132,47.3643],[7.52871,47.36411],[7.52423,47.36563],[7.52272,47.36652],[7.52269,47.3676],[7.52547,47.37111],[7.52532,47.373],[7.5247,47.37345],[7.52148,47.37334],[7.51821,47.37368],[7.51546,47.37355],[7.51137,47.37361],[7.50782,47.37341],[7.50697,47.37351],[7.50305,47.37329],[7.50169,47.3734],[7.49927,47.37309],[7.49811,47.37266],[7.49535,47.37201],[7.48856,47.37108],[7.48245,47.37216],[7.48039,47.37278],[7.47802,47.37256],[7.47524,47.37201],[7.47341,47.37202],[7.47197,47.37163],[7.46845,47.37149],[7.46723,47.37191],[7.46535,47.37167],[7.46262,47.37188],[7.46069,47.37237],[7.45779,47.37287],[7.45579,47.37359],[7.4548,47.37452],[7.4538,47.37595],[7.44948,47.37723],[7.44775,47.37798],[7.44594,47.3797],[7.44457,47.38005],[7.44241,47.38119],[7.44114,47.38165],[7.43709,47.37949],[7.43829,47.38227],[7.43464,47.3808],[7.42591,47.38092],[7.42096,47.38124],[7.41262,47.38196],[7.41724,47.38619],[7.41478,47.39004],[7.41461,47.39081],[7.41485,47.39474],[7.41546,47.39567],[7.41378,47.39618],[7.41135,47.39613],[7.40964,47.39645],[7.40729,47.39648],[7.40612,47.3967],[7.40456,47.39745],[7.40236,47.39814],[7.39989,47.39822],[7.39695,47.40443],[7.39622,47.40482],[7.39275,47.4044],[7.38965,47.4044],[7.38867,47.40556],[7.38715,47.40873],[7.38553,47.41172],[7.38501,47.41374],[7.38043,47.41416],[7.37898,47.41452],[7.3769,47.41548],[7.37487,47.41549],[7.37263,47.41522],[7.36911,47.41538],[7.36403,47.41607],[7.35965,47.41655],[7.35825,47.41639],[7.35885,47.41796],[7.35895,47.41954],[7.35634,47.42013],[7.35444,47.42106],[7.35309,47.42208],[7.3504,47.42268],[7.34937,47.42409],[7.3476,47.42467],[7.34513,47.4258],[7.34454,47.42728],[7.34226,47.42793],[7.3419,47.43049],[7.34095,47.43116],[7.33909,47.431],[7.33882,47.43148],[7.33311,47.43158],[7.33005,47.43281],[7.32715,47.43344],[7.32712,47.434],[7.32622,47.43643],[7.32809,47.43793],[7.3291,47.43939],[7.3282,47.44143],[7.3268,47.44081],[7.32605,47.44093],[7.32439,47.44005],[7.32365,47.4403],[7.32132,47.43976],[7.32021,47.44022],[7.31865,47.44004],[7.31737,47.44017],[7.31511,47.43993],[7.31354,47.43938],[7.3112,47.43954],[7.30905,47.44023],[7.30786,47.44037],[7.30334,47.44003],[7.30147,47.43788],[7.30045,47.43746],[7.2967,47.43705],[7.29574,47.43576],[7.2936,47.43475],[7.29252,47.43497],[7.2894,47.4362],[7.28787,47.43654],[7.2847,47.43652],[7.28237,47.43599],[7.2818,47.4349],[7.2806,47.43409],[7.27886,47.43386],[7.27842,47.43316],[7.27736,47.43277],[7.2749,47.4314],[7.2737,47.43015],[7.27238,47.42913],[7.2705,47.42835],[7.26653,47.42801],[7.26373,47.42727],[7.26053,47.42679],[7.25638,47.42591],[7.2515,47.42407],[7.25035,47.4228],[7.24748,47.42172],[7.24634,47.42243],[7.24724,47.42356],[7.24715,47.42476],[7.24645,47.42611],[7.24671,47.42791],[7.24474,47.4292],[7.23996,47.4299],[7.23847,47.43197],[7.23944,47.43358],[7.23981,47.43467],[7.23654,47.43844],[7.23437,47.44001],[7.22996,47.44127],[7.22651,47.44141],[7.22404,47.44112],[7.22111,47.43989],[7.21825,47.43911],[7.21584,47.43879],[7.21296,47.43805],[7.21186,47.43738],[7.21041,47.43723],[7.20761,47.43623],[7.20653,47.43696],[7.2008,47.43657],[7.19672,47.43681],[7.19603,47.43879],[7.19478,47.4398],[7.19344,47.44039],[7.18848,47.44148],[7.18165,47.44318],[7.17864,47.44372],[7.17653,47.44434],[7.17476,47.44452],[7.17112,47.44437],[7.17085,47.44513],[7.17302,47.44728],[7.17398,47.44887],[7.17432,47.45018],[7.17545,47.45153],[7.17593,47.453],[7.17717,47.45525],[7.17775,47.45692],[7.17926,47.45994],[7.17843,47.46032],[7.17829,47.46122],[7.17973,47.4623],[7.1796,47.46321],[7.17995,47.46457],[7.17989,47.46687],[7.17918,47.46776],[7.17842,47.46944],[7.17976,47.47066],[7.18148,47.47287],[7.18213,47.47434],[7.18291,47.47489],[7.18383,47.47666],[7.18558,47.47862],[7.18731,47.4823],[7.18785,47.4839],[7.19038,47.48645],[7.19129,47.48755],[7.19185,47.48875],[7.19178,47.4899],[7.19373,47.49038],[7.19506,47.49029],[7.1964,47.49074],[7.19948,47.49137],[7.20391,47.49279],[7.20245,47.49404],[7.20235,47.49519],[7.20189,47.49567],[7.19792,47.495],[7.19625,47.49491],[7.19379,47.49426],[7.19056,47.49366],[7.18899,47.49319],[7.18599,47.49257],[7.18311,47.49226],[7.17673,47.49178],[7.17402,47.49115],[7.1714,47.49087],[7.16832,47.49078],[7.16699,47.49149],[7.1632,47.49139],[7.16025,47.49211],[7.15639,47.49453],[7.1534,47.4977],[7.15134,47.49871],[7.1462,47.50056],[7.14011,47.50318],[7.13659,47.50383],[7.13464,47.50387],[7.13117,47.50434],[7.12892,47.50527],[7.12747,47.50397],[7.12452,47.50239],[7.12374,47.50181],[7.12004,47.49976],[7.1166,47.49769],[7.11344,47.4965],[7.10595,47.49611],[7.1035,47.49577],[7.10095,47.49571],[7.09782,47.49657],[7.09514,47.49683],[7.09233,47.49611],[7.08968,47.49469],[7.08586,47.493],[7.08226,47.49111],[7.07907,47.4901],[7.07576,47.48958],[7.07345,47.49113],[7.07297,47.49377],[7.06375,47.49597],[7.06167,47.49678],[7.05906,47.4968],[7.05663,47.4964],[7.05333,47.4965],[7.05024,47.49746],[7.04657,47.49937],[7.04543,47.49984],[7.04408,47.49955],[7.03784,47.49891],[7.03755,47.5006],[7.0351,47.50058],[7.03174,47.50181],[7.02999,47.50293],[7.02855,47.50271],[7.02731,47.50379],[7.02583,47.50569],[7.02241,47.50586],[7.02105,47.50579],[7.01857,47.50509],[7.01763,47.50509],[7.00763,47.50277],[7.00463,47.50214],[7.00127,47.50112],[7.00124,47.50047],[6.99676,47.4987],[6.99173,47.49723],[6.98917,47.49624],[6.98692,47.49473],[6.98386,47.49594],[6.98353,47.49505],[6.98655,47.49394],[6.98665,47.49304],[6.98783,47.49163],[6.98867,47.48969],[6.98954,47.48829],[6.98941,47.48447],[6.98948,47.48241],[6.98733,47.47772],[6.98874,47.47632],[6.98933,47.47522],[6.98919,47.47449],[6.99343,47.47303],[6.99405,47.47211],[6.99225,47.47015],[6.99173,47.46899],[6.9926,47.46779],[6.99864,47.46842],[7.00138,47.46859],[7.00069,47.46636],[7.00218,47.46331],[7.00041,47.46246],[6.99914,47.46112],[6.99843,47.45782],[7.00233,47.45736],[7.00308,47.45555],[7.00001,47.45386],[6.99677,47.45103],[6.99403,47.45011],[6.99108,47.44937],[6.9887,47.44915],[6.98496,47.44958],[6.98187,47.45062],[6.97615,47.44915],[6.97478,47.44913],[6.97431,47.44856],[6.97117,47.4485],[6.96966,47.44516],[6.96879,47.44257],[6.96717,47.43904],[6.9646,47.43718],[6.95846,47.4352],[6.95584,47.43665],[6.95074,47.43577],[6.94795,47.43539],[6.94528,47.43524],[6.9428,47.4353],[6.94119,47.43471],[6.94099,47.43249],[6.9413,47.43172],[6.94215,47.42199],[6.94243,47.41709],[6.94175,47.41396],[6.94175,47.41298],[6.93932,47.40746],[6.93511,47.40715],[6.92923,47.40707],[6.92807,47.40719],[6.925,47.40716],[6.92305,47.40701],[6.92151,47.40645],[6.92059,47.40801],[6.91806,47.40673],[6.91413,47.40596],[6.91591,47.40544],[6.91762,47.40526],[6.91865,47.40456],[6.91819,47.40405],[6.91767,47.40214],[6.91643,47.40052],[6.91637,47.39854],[6.91424,47.39838],[6.91121,47.39791],[6.91063,47.39717],[6.91133,47.39579],[6.91246,47.39515],[6.91192,47.39299],[6.9123,47.39205],[6.91475,47.3907],[6.91439,47.38947],[6.91295,47.38757],[6.91107,47.38643],[6.90611,47.38475],[6.906,47.3839],[6.90474,47.38401],[6.90166,47.38371],[6.89762,47.38359],[6.89597,47.38309],[6.89669,47.38128],[6.89443,47.38045],[6.88938,47.37788],[6.88624,47.37578],[6.88447,47.37424],[6.88445,47.37357],[6.88507,47.37047],[6.8858,47.36881],[6.88465,47.36705],[6.88416,47.36439],[6.8834,47.36258],[6.88243,47.36166],[6.88134,47.3611],[6.88024,47.35916],[6.8803,47.35666],[6.87993,47.35504],[6.88017,47.35395],[6.88387,47.35379],[6.88606,47.35445],[6.88784,47.35467],[6.88814,47.35533],[6.89396,47.3576],[6.895,47.35758],[6.89573,47.35803],[6.89578,47.35903],[6.89714,47.35989],[6.89886,47.35984],[6.90052,47.35909],[6.90284,47.36082],[6.90463,47.36091],[6.90775,47.36024],[6.90954,47.36006],[6.9127,47.35936],[6.91622,47.35899],[6.91675,47.35878],[6.91796,47.35746],[6.9205,47.35668],[6.92456,47.35681],[6.92496,47.35656],[6.9302,47.35857],[6.9317,47.35926],[6.93399,47.35982],[6.936,47.35893],[6.94047,47.35921],[6.94366,47.35905],[6.94728,47.36065],[6.94926,47.36071],[6.95216,47.3611],[6.95298,47.36135],[6.95327,47.36042],[6.95479,47.36071],[6.95733,47.36049],[6.9595,47.36085],[6.96191,47.36068],[6.9634,47.36138],[6.96504,47.36167],[6.96534,47.36113],[6.96678,47.36062],[6.96898,47.36098],[6.97275,47.36213],[6.97548,47.36152],[6.97644,47.36237],[6.97801,47.36273],[6.98335,47.36465],[6.98517,47.36504],[6.98837,47.36518],[6.99524,47.3646],[6.99727,47.36499],[6.99968,47.36588],[7.00282,47.36751],[7.00527,47.36856],[7.0083,47.3695],[7.01025,47.37185],[7.01274,47.37406],[7.01401,47.37281],[7.01513,47.3732],[7.01646,47.3743],[7.01908,47.374],[7.01919,47.37273],[7.02103,47.37171],[7.02534,47.37124],[7.03028,47.3705],[7.03144,47.37085],[7.03342,47.37108],[7.03498,47.37104],[7.03528,47.36838],[7.03528,47.36604],[7.03574,47.36472],[7.03865,47.3651],[7.03914,47.36535],[7.04403,47.36564],[7.0454,47.36522],[7.04717,47.36436],[7.04768,47.36382],[7.04945,47.36371],[7.05084,47.36281],[7.05097,47.36035],[7.05155,47.35926],[7.05284,47.35797],[7.05247,47.35718],[7.05253,47.35615],[7.05337,47.35424],[7.05369,47.35271],[7.05206,47.35204],[7.05142,47.35131],[7.05078,47.34908],[7.05562,47.34888],[7.05678,47.34862],[7.0621,47.34593],[7.06329,47.34548],[7.0607,47.34111],[7.05526,47.33964],[7.05612,47.33897],[7.05383,47.33806],[7.05456,47.33679],[7.05448,47.33628],[7.05786,47.33577],[7.05244,47.33189],[7.04654,47.32787],[7.04418,47.32782],[7.03796,47.32931],[7.03474,47.32968],[7.0339,47.32913],[7.03153,47.32882],[7.03164,47.3283],[7.02704,47.32754],[7.02146,47.32705],[7.01968,47.3268],[7.01714,47.32674],[7.01371,47.32615],[7.01088,47.3259],[7.01055,47.32294],[7.01019,47.32168],[7.01133,47.32176],[7.01389,47.32157],[7.01521,47.31951],[7.01589,47.31894],[7.01708,47.31605],[7.01666,47.31468],[7.01566,47.31275],[7.01431,47.3106],[7.01294,47.31024],[7.01189,47.30944],[7.01156,47.30868],[7.01138,47.3069],[7.01066,47.30412],[7.00846,47.30238],[7.00581,47.30302],[7.00429,47.30276],[7.00193,47.30103],[7.00046,47.29919],[6.99883,47.29799],[6.99687,47.29709],[6.99519,47.29701],[6.9918,47.29803],[6.98886,47.29801],[6.98837,47.29771],[6.98458,47.29679],[6.98228,47.29678],[6.98015,47.29776],[6.97747,47.29772],[6.97691,47.29703],[6.97716,47.29491],[6.97611,47.29336],[6.97457,47.29268],[6.97332,47.29272],[6.97024,47.2939],[6.96935,47.29405],[6.96349,47.29282],[6.96077,47.29279],[6.95779,47.29364],[6.95432,47.29361],[6.95177,47.29335],[6.94967,47.29291],[6.94797,47.29194],[6.94495,47.28954],[6.9419,47.28806],[6.94153,47.2875],[6.94201,47.28619],[6.94379,47.28462],[6.94521,47.28369],[6.94636,47.28228],[6.94595,47.2806],[6.94695,47.27905],[6.94752,47.27863],[6.94931,47.27628],[6.95086,47.27369],[6.95289,47.27127],[6.9529,47.27039],[6.9513,47.26834],[6.95101,47.26729],[6.95166,47.2655],[6.95233,47.26443],[6.95258,47.26337],[6.95186,47.2608],[6.95107,47.25959],[6.95047,47.25783],[6.94761,47.25564],[6.94842,47.25164],[6.94978,47.25044],[6.95299,47.24873],[6.95489,47.24646],[6.95638,47.2455],[6.95672,47.2449],[6.95602,47.24405],[6.95475,47.24358],[6.9526,47.24311],[6.94931,47.24073],[6.94401,47.23927],[6.94359,47.23872],[6.94395,47.23766],[6.94364,47.23582],[6.94264,47.23391],[6.94172,47.23289],[6.93986,47.23202],[6.93382,47.23202],[6.93183,47.23148],[6.92853,47.22985],[6.92784,47.22839],[6.9282,47.22721],[6.92476,47.2235],[6.922,47.22193],[6.92037,47.22168],[6.91718,47.22053],[6.91387,47.21967],[6.913,47.22005],[6.91063,47.21939],[6.90897,47.21746],[6.90801,47.21605],[6.90227,47.21348],[6.90081,47.21222],[6.89928,47.21124],[6.89683,47.21004],[6.89475,47.20942],[6.8929,47.20853],[6.89022,47.20606],[6.88889,47.20554],[6.88763,47.20539],[6.88609,47.20459],[6.88551,47.20385],[6.88377,47.2025],[6.88157,47.20191],[6.8808,47.20006],[6.87952,47.19761],[6.8796,47.1973],[6.87828,47.19594],[6.87607,47.19406],[6.87557,47.19293],[6.87493,47.19235],[6.87447,47.18982],[6.87498,47.18855],[6.8752,47.18719],[6.87474,47.18666],[6.87267,47.18621],[6.86815,47.1867],[6.86689,47.18562],[6.86636,47.18342],[6.86537,47.18219],[6.86361,47.18121],[6.86229,47.18093],[6.85763,47.179],[6.85397,47.17793],[6.85323,47.17742],[6.8506,47.17631],[6.84948,47.17602],[6.84635,47.17455],[6.84403,47.17389],[6.84193,47.17278],[6.84159,47.17216],[6.84361,47.16959],[6.84421,47.16858],[6.84851,47.16731],[6.84977,47.16726],[6.85433,47.1681],[6.85644,47.16764],[6.85726,47.16714],[6.85905,47.16709],[6.85927,47.16674],[6.8608,47.16708],[6.86236,47.16699],[6.86419,47.1698],[6.87284,47.17547],[6.87774,47.16222],[6.88075,47.15982],[6.88049,47.15562],[6.88334,47.1545],[6.88373,47.15303],[6.88459,47.15176],[6.88626,47.15255],[6.8885,47.15276],[6.88986,47.15367],[6.89326,47.15516],[6.89666,47.15555],[6.89916,47.15664],[6.90093,47.15687],[6.90697,47.1585],[6.90659,47.15897],[6.90903,47.15971],[6.90837,47.16053],[6.9092,47.16102],[6.90979,47.16025],[6.91066,47.16075],[6.91475,47.16403],[6.91807,47.16513],[6.91755,47.16569],[6.91996,47.16626],[6.93076,47.17071],[6.93596,47.17436],[6.93815,47.17541],[6.93908,47.17651],[6.94067,47.1813],[6.94196,47.18227],[6.94103,47.18299],[6.94163,47.18514],[6.9423,47.18589],[6.94624,47.18673],[6.95304,47.18871],[6.95397,47.18771],[6.95351,47.18706],[6.9563,47.18525],[6.95424,47.18412],[6.95531,47.18385],[6.957,47.18201],[6.96127,47.1834],[6.96267,47.18345],[6.96745,47.18274],[6.97045,47.18282],[6.9714,47.18269],[6.97303,47.18124],[6.97468,47.17936],[6.97791,47.17629],[6.97989,47.17606],[6.98076,47.17549],[6.98166,47.17564],[6.9841,47.17696],[6.98645,47.17791],[6.9876,47.17884],[6.98711,47.17929],[6.98935,47.18139],[6.99128,47.18394],[6.99064,47.18435],[6.99391,47.18758],[6.99539,47.18834],[6.99542,47.18917],[6.99732,47.19469],[7.01007,47.19521],[7.02434,47.19706],[7.03118,47.20364],[7.03336,47.20734],[7.03583,47.21118],[7.03773,47.21477],[7.04518,47.22322],[7.04457,47.22438],[7.04736,47.22705],[7.04824,47.22842],[7.05106,47.22932],[7.05398,47.22994],[7.05614,47.23072],[7.05732,47.23147],[7.05957,47.23255],[7.05891,47.23337],[7.0584,47.23591],[7.05723,47.23829],[7.05719,47.23918],[7.05843,47.23997],[7.05761,47.24082],[7.05812,47.2424],[7.05963,47.24361],[7.06073,47.24416],[7.06255,47.24461],[7.06501,47.24477],[7.06553,47.24506],[7.06945,47.24544],[7.07509,47.24728],[7.08043,47.24913],[7.08085,47.24611],[7.0805,47.24477],[7.08274,47.24478],[7.08538,47.24665],[7.08609,47.24674],[7.08812,47.24483],[7.08801,47.24377],[7.08972,47.24293],[7.08878,47.24217],[7.08663,47.24133],[7.08931,47.23838],[7.09712,47.23839],[7.09733,47.23997],[7.09817,47.24091],[7.0999,47.24232],[7.1018,47.24361],[7.10427,47.24447],[7.10611,47.24425],[7.10853,47.24365],[7.11099,47.24382],[7.11239,47.24326],[7.11473,47.2439],[7.11613,47.24405],[7.12052,47.24538],[7.12257,47.2457],[7.12839,47.24636],[7.13074,47.24633],[7.13333,47.24582],[7.13437,47.24582],[7.13715,47.24534],[7.13861,47.2449],[7.14067,47.24454],[7.14113,47.24554],[7.14471,47.24593],[7.148,47.2467],[7.15196,47.24792],[7.15447,47.24902],[7.1567,47.24891],[7.15416,47.25235],[7.15012,47.25522],[7.15183,47.25557],[7.15268,47.25614],[7.15238,47.25687],[7.15076,47.2575],[7.14915,47.25761],[7.14481,47.25713],[7.14368,47.25711],[7.14396,47.25817],[7.14402,47.26084],[7.14712,47.26124],[7.14729,47.262],[7.14839,47.26301],[7.14988,47.26355],[7.14993,47.26458],[7.14818,47.26399],[7.14658,47.26668],[7.14698,47.26728],[7.14862,47.26857],[7.14856,47.26917],[7.14965,47.2704],[7.15137,47.27123],[7.15353,47.27173],[7.15647,47.27282],[7.15802,47.27285],[7.16132,47.27342],[7.16289,47.27411],[7.16616,47.2749],[7.16959,47.27609],[7.16938,47.27697],[7.16965,47.27833],[7.1689,47.28114],[7.1688,47.28272],[7.16941,47.28454],[7.17115,47.28532],[7.17021,47.2864],[7.16993,47.28736],[7.16739,47.28717],[7.16612,47.28772],[7.16565,47.29033],[7.16943,47.29208],[7.16902,47.29301],[7.1659,47.29409],[7.1643,47.29445],[7.1647,47.29542],[7.16881,47.29564],[7.16974,47.29587],[7.17509,47.29542],[7.17719,47.29557],[7.17731,47.29587],[7.18143,47.29627],[7.1863,47.29659],[7.18869,47.29616],[7.19549,47.29718],[7.19847,47.29728],[7.20121,47.29708],[7.20692,47.29684],[7.2101,47.29607],[7.20816,47.29456],[7.20713,47.29335],[7.2079,47.29246],[7.20935,47.29131],[7.21111,47.2902],[7.21434,47.29115],[7.2158,47.29134],[7.22438,47.28951],[7.23321,47.28956],[7.23463,47.28898],[7.23845,47.28783],[7.24044,47.28709],[7.24351,47.28659],[7.24712,47.28662],[7.2503,47.28679],[7.25387,47.28653],[7.25919,47.28696],[7.25924,47.28815],[7.26191,47.2886],[7.26391,47.28847],[7.26884,47.28717],[7.27471,47.28605],[7.27872,47.28553],[7.28016,47.28559],[7.28515,47.28645],[7.28695,47.28655],[7.28712,47.28726],[7.28928,47.28698],[7.29283,47.28716],[7.29567,47.28773],[7.29694,47.28782],[7.29882,47.28832],[7.30261,47.28889],[7.31016,47.28949],[7.31167,47.28983],[7.31581,47.28954],[7.31743,47.28962],[7.31994,47.2894],[7.31972,47.28838],[7.32205,47.28869],[7.3244,47.28874],[7.32764,47.28936],[7.33012,47.29025],[7.33088,47.28867],[7.3364,47.28964],[7.33684,47.28879],[7.33778,47.28804],[7.33812,47.28645],[7.34017,47.28363],[7.34074,47.28345],[7.3458,47.28322],[7.34652,47.28245],[7.34881,47.28189],[7.34859,47.28079],[7.34952,47.27944],[7.35063,47.27987],[7.35128,47.27945],[7.35107,47.27847],[7.35178,47.2779],[7.35341,47.27572],[7.35377,47.27444],[7.35496,47.27403],[7.35521,47.27265],[7.35371,47.27236],[7.35154,47.27242],[7.34821,47.2719],[7.34709,47.27143],[7.34427,47.27152],[7.34067,47.2708],[7.33972,47.27001],[7.33815,47.26942],[7.33796,47.26862],[7.33825,47.26676],[7.33738,47.26639],[7.3382,47.26541],[7.33833,47.26386],[7.34241,47.26422],[7.34214,47.26267],[7.34082,47.26147],[7.33974,47.2612],[7.33838,47.25961],[7.33935,47.2566],[7.34151,47.25639],[7.3442,47.25329],[7.34442,47.25177],[7.34528,47.25089],[7.3463,47.24912],[7.34976,47.25129],[7.35138,47.25175],[7.35416,47.25309],[7.35583,47.25416],[7.35711,47.25468],[7.35744,47.25516],[7.36495,47.2575],[7.36602,47.25897],[7.36716,47.25894],[7.36882,47.25933],[7.36967,47.2599],[7.3717,47.2584],[7.37442,47.25806],[7.37728,47.25746],[7.38247,47.25725],[7.38555,47.25769],[7.38772,47.25736],[7.39004,47.25735],[7.39125,47.25658],[7.39272,47.25726],[7.39341,47.25843],[7.39334,47.25979],[7.39384,47.26123],[7.39438,47.26534],[7.39403,47.26761],[7.39451,47.26846],[7.39437,47.2692],[7.39312,47.27025],[7.39194,47.27301],[7.391,47.27365],[7.39085,47.27522],[7.39032,47.27617],[7.39344,47.27931],[7.39305,47.27984],[7.39342,47.28166],[7.3935,47.28546],[7.39335,47.28735],[7.39075,47.29076],[7.3907,47.29334],[7.3926,47.29485],[7.39569,47.29683],[7.39736,47.29818],[7.39788,47.29904],[7.39684,47.29955],[7.39229,47.29857],[7.39136,47.29821],[7.38528,47.29712],[7.38304,47.29663],[7.38213,47.29724],[7.38004,47.29666],[7.37809,47.29704],[7.37708,47.297],[7.37568,47.29651],[7.37534,47.29592],[7.36646,47.29518],[7.36392,47.29467],[7.36101,47.29432],[7.35893,47.29438],[7.35807,47.29414],[7.3571,47.29568],[7.35425,47.2949],[7.35218,47.2945],[7.35145,47.29412],[7.34901,47.29368],[7.34693,47.29496],[7.34716,47.29607],[7.3452,47.29574],[7.34352,47.29489],[7.34279,47.29571],[7.34234,47.2969],[7.34324,47.29747],[7.34318,47.29885],[7.34496,47.2993],[7.34844,47.29963],[7.35049,47.3003],[7.35123,47.30099],[7.34965,47.30434],[7.34915,47.30704],[7.35068,47.30731],[7.35306,47.30813],[7.3563,47.30885],[7.35692,47.30885],[7.36127,47.31002],[7.36258,47.30994],[7.36642,47.31078],[7.37018,47.31229],[7.37253,47.31353],[7.37559,47.31488],[7.37959,47.31634],[7.38133,47.31539],[7.38384,47.3154],[7.38549,47.31482],[7.38765,47.31503],[7.38953,47.31473],[7.391,47.31484],[7.39149,47.31446],[7.39432,47.31487],[7.39716,47.31476],[7.39888,47.31449],[7.40056,47.31455],[7.40323,47.3141],[7.4068,47.314],[7.40976,47.31461],[7.41267,47.31468],[7.41351,47.31298],[7.41396,47.31135],[7.41738,47.31058],[7.41826,47.31071],[7.4208,47.31],[7.42264,47.30842],[7.42686,47.30914],[7.42976,47.30861],[7.43288,47.30879],[7.43503,47.30913],[7.43995,47.30964],[7.44273,47.31003],[7.44563,47.30997],[7.44894,47.30968],[7.45567,47.30857],[7.45896,47.30831],[7.46048,47.308],[7.46422,47.30821],[7.46777,47.30868],[7.47042,47.30839],[7.47526,47.30833],[7.47701,47.30844],[7.47879,47.30761],[7.47896,47.30656],[7.48154,47.30574],[7.48263,47.30556],[7.48734,47.3035],[7.48861,47.30335],[7.49122,47.30339],[7.49597,47.30407],[7.49701,47.30348],[7.49839,47.30368],[7.4988,47.30443],[7.50386,47.30657],[7.50614,47.30695],[7.5077,47.30762],[7.50881,47.30837],[7.5109,47.30868],[7.51288,47.30979],[7.51585,47.31097],[7.5177,47.31215],[7.5197,47.31306],[7.52299,47.31505],[7.52443,47.31561],[7.52854,47.31674],[7.53094,47.31768],[7.54223,47.31963],[7.54608,47.32035],[7.55162,47.32122],[7.55932,47.32373],[7.55514,47.32462],[7.55146,47.32352],[7.55006,47.32353],[7.54859,47.32295],[7.54315,47.32274],[7.53887,47.32273],[7.53701,47.32249],[7.53506,47.32259],[7.53245,47.32247],[7.53083,47.32311],[7.52944,47.32405],[7.52873,47.32404],[7.53132,47.32892],[7.53304,47.33149],[7.53442,47.33257],[7.53557,47.33556],[7.53545,47.33592],[7.54096,47.3385],[7.54345,47.33948],[7.54625,47.34096],[7.54898,47.34193],[7.55094,47.34223],[7.55095,47.34432],[7.55206,47.34509],[7.55318,47.34668]]]},"properties":{"id":26,"name":"Jura"}},
{"type":"Feature","geometry":{"type":"Polygon","coordinates":[[[8.67988,46.58046],[8.68156,46.57965],[8.68317,46.57982],[8.68452,46.58115],[8.68678,46.58172],[8.68844,46.58158],[8.68977,46.5818],[8.69171,46.58167],[8.69233,46.58121],[8.69371,46.58093],[8.6978,46.58234],[8.69954,46.58232],[8.69981,46.58103],[8.70039,46.58071],[8.70281,46.58038],[8.70409,46.58],[8.7059,46.57839],[8.70644,46.57506],[8.71079,46.57465],[8.71292,46.57346],[8.71652,46.57251],[8.71865,46.57237],[8.72058,46.57308],[8.72336,46.57439],[8.72532,46.57614],[8.72756,46.57694],[8.72896,46.57793],[8.73027,46.57714],[8.73273,46.57657],[8.73681,46.57513],[8.73826,46.57479],[8.73913,46.57385],[8.74019,46.57345],[8.74193,46.57361],[8.74508,46.57349],[8.74733,46.57489],[8.7487,46.57596],[8.75048,46.57658],[8.75174,46.57732],[8.75339,46.57718],[8.75436,46.57627],[8.75631,46.57543],[8.76003,46.57474],[8.76083,46.57477],[8.76311,46.57552],[8.80189,46.56454],[8.83083,46.57263],[8.8307,46.57045],[8.83087,46.56899],[8.83158,46.5677],[8.83192,46.566],[8.83291,46.56519],[8.83455,46.56469],[8.83529,46.56486],[8.83795,46.5646],[8.83925,46.56466],[8.8409,46.56442],[8.84249,46.56463],[8.84439,46.56462],[8.84606,46.56538],[8.85058,46.56785],[8.85202,46.56903],[8.85394,46.56989],[8.85514,46.57082],[8.85684,46.5715],[8.85865,46.57119],[8.86282,46.5724],[8.86367,46.57299],[8.86411,46.57431],[8.86597,46.57423],[8.87108,46.57481],[8.87373,46.5754],[8.87591,46.57543],[8.87812,46.57593],[8.88012,46.57779],[8.88061,46.57889],[8.89047,46.58042],[8.89511,46.58323],[8.90104,46.58435],[8.90485,46.58537],[8.90626,46.58617],[8.90796,46.58742],[8.91242,46.58997],[8.91374,46.59093],[8.91498,46.59247],[8.91741,46.59411],[8.91637,46.59593],[8.91654,46.59709],[8.91754,46.59735],[8.91793,46.59814],[8.9176,46.59919],[8.91629,46.60067],[8.91407,46.60162],[8.91375,46.60224],[8.91094,46.60433],[8.91029,46.60549],[8.90858,46.60717],[8.9083,46.60877],[8.90708,46.61066],[8.90678,46.61172],[8.90693,46.61352],[8.90759,46.61469],[8.9081,46.61653],[8.90893,46.61729],[8.91096,46.61761],[8.91178,46.61801],[8.91233,46.6195],[8.91286,46.62006],[8.91706,46.62083],[8.91858,46.62079],[8.9198,46.62108],[8.9214,46.62205],[8.92199,46.6232],[8.92419,46.62431],[8.92579,46.62442],[8.927,46.62287],[8.9281,46.62256],[8.93085,46.62274],[8.93431,46.6222],[8.93616,46.62166],[8.94064,46.62007],[8.94263,46.61976],[8.94469,46.6209],[8.94563,46.62182],[8.94651,46.62195],[8.94823,46.62357],[8.94986,46.62457],[8.95156,46.62524],[8.95248,46.62703],[8.95214,46.62837],[8.9527,46.62944],[8.95205,46.62989],[8.95203,46.63119],[8.95361,46.63356],[8.95651,46.63289],[8.9582,46.63192],[8.95901,46.63114],[8.96418,46.61941],[8.96087,46.61197],[8.96339,46.60391],[8.9654,46.60477],[8.96786,46.60499],[8.97099,46.6045],[8.97324,46.60368],[8.97428,46.60393],[8.98493,46.61008],[8.99654,46.613],[9.0054,46.6126],[9.00817,46.61189],[9.00878,46.61099],[9.01024,46.61056],[9.01089,46.60998],[9.0129,46.60922],[9.01256,46.60891],[9.01567,46.60656],[9.01607,46.60578],[9.01742,46.60448],[9.02199,46.60452],[9.02411,46.6031],[9.02525,46.60314],[9.02644,46.60274],[9.02838,46.60068],[9.03046,46.60058],[9.03393,46.60125],[9.03529,46.60129],[9.035,46.59932],[9.03509,46.59691],[9.03531,46.59621],[9.03473,46.59536],[9.03535,46.59507],[9.03655,46.59323],[9.03859,46.59273],[9.04227,46.59143],[9.044,46.59006],[9.04495,46.58851],[9.04469,46.58771],[9.04342,46.58662],[9.04361,46.58479],[9.04122,46.58447],[9.03924,46.58382],[9.03852,46.58329],[9.03749,46.58167],[9.03727,46.58048],[9.03671,46.57991],[9.03643,46.57851],[9.03684,46.57717],[9.03618,46.57613],[9.03486,46.57575],[9.03269,46.57363],[9.0311,46.5726],[9.03079,46.57133],[9.02951,46.56878],[9.02789,46.56724],[9.02767,46.56566],[9.02819,46.5648],[9.02788,46.56307],[9.02633,46.56088],[9.02524,46.56035],[9.02443,46.55934],[9.02563,46.55834],[9.02517,46.55766],[9.02581,46.55727],[9.02536,46.55589],[9.02442,46.5552],[9.02401,46.55349],[9.02215,46.55136],[9.02216,46.55089],[9.02053,46.54906],[9.02067,46.5477],[9.02189,46.54586],[9.02271,46.5427],[9.02241,46.54089],[9.02337,46.53948],[9.02414,46.53914],[9.02336,46.53726],[9.02264,46.53617],[9.02276,46.53513],[9.02103,46.53467],[9.01782,46.5333],[9.01837,46.53029],[9.02113,46.52985],[9.02211,46.52832],[9.02152,46.52667],[9.02196,46.52601],[9.02184,46.52479],[9.02323,46.52301],[9.02435,46.52034],[9.02332,46.51915],[9.02385,46.51641],[9.02331,46.51558],[9.02319,46.51378],[9.02394,46.51246],[9.02427,46.51095],[9.02535,46.50917],[9.02678,46.50823],[9.02761,46.50715],[9.02866,46.50667],[9.02948,46.5059],[9.02959,46.50484],[9.03016,46.50446],[9.03288,46.5038],[9.03588,46.50204],[9.0369,46.50079],[9.03834,46.4995],[9.03911,46.49752],[9.04007,46.49603],[9.04128,46.49526],[9.04133,46.49442],[9.04016,46.49282],[9.04047,46.49193],[9.04144,46.49081],[9.04313,46.49016],[9.04626,46.48941],[9.04757,46.48789],[9.0487,46.48607],[9.04907,46.4849],[9.04817,46.48372],[9.0468,46.4827],[9.04788,46.4818],[9.04952,46.48109],[9.05223,46.48057],[9.05319,46.47993],[9.05374,46.47908],[9.05548,46.47802],[9.06015,46.47786],[9.06174,46.47755],[9.06643,46.47955],[9.06778,46.4796],[9.06939,46.48016],[9.07332,46.48123],[9.07476,46.48152],[9.07799,46.48004],[9.0787,46.47957],[9.08378,46.47829],[9.08663,46.47665],[9.08697,46.47531],[9.08685,46.47371],[9.08626,46.4722],[9.08819,46.47079],[9.08857,46.47003],[9.09103,46.46837],[9.09294,46.46633],[9.09325,46.46578],[9.09477,46.46449],[9.09475,46.46417],[9.09628,46.46163],[9.09545,46.4601],[9.09523,46.45841],[9.09325,46.45451],[9.09284,46.45242],[9.09292,46.45],[9.0911,46.44827],[9.08993,46.44667],[9.08876,46.44575],[9.08821,46.44493],[9.08878,46.44421],[9.08968,46.44089],[9.09017,46.44011],[9.09078,46.43818],[9.08958,46.43785],[9.09029,46.43654],[9.09021,46.4334],[9.09204,46.43213],[9.09253,46.43121],[9.09326,46.43082],[9.0941,46.42963],[9.0939,46.42916],[9.0966,46.42657],[9.09745,46.42457],[9.09961,46.421],[9.10043,46.42049],[9.10212,46.41878],[9.10412,46.41479],[9.10429,46.41291],[9.10346,46.41201],[9.10133,46.41124],[9.10032,46.41119],[9.09869,46.41014],[9.09459,46.40874],[9.09343,46.40887],[9.09198,46.40811],[9.09114,46.40638],[9.09273,46.40494],[9.09304,46.40406],[9.0951,46.40335],[9.0968,46.40189],[9.09742,46.40111],[9.09707,46.40001],[9.09502,46.39909],[9.09391,46.39795],[9.09258,46.39711],[9.09194,46.39561],[9.09055,46.39393],[9.08972,46.3914],[9.08845,46.39007],[9.09057,46.38835],[9.09087,46.38724],[9.09231,46.385],[9.0934,46.3828],[9.09332,46.38219],[9.09433,46.38094],[9.09427,46.37824],[9.09537,46.37746],[9.09654,46.37577],[9.09683,46.37424],[9.09523,46.37329],[9.09415,46.37206],[9.09439,46.37087],[9.09387,46.36887],[9.09475,46.36609],[9.09564,46.36531],[9.09494,46.36396],[9.09455,46.36124],[9.09397,46.35994],[9.09382,46.35874],[9.0928,46.35671],[9.09159,46.35603],[9.09019,46.35457],[9.08964,46.35357],[9.08943,46.35219],[9.08947,46.35043],[9.08591,46.34989],[9.08312,46.35025],[9.08136,46.34868],[9.08028,46.34832],[9.07756,46.34796],[9.07445,46.34592],[9.07342,46.34504],[9.07191,46.34476],[9.07051,46.3448],[9.07013,46.34354],[9.07077,46.34241],[9.07016,46.34163],[9.06903,46.33915],[9.06763,46.33759],[9.06887,46.33536],[9.07036,46.33434],[9.0708,46.33372],[9.06917,46.33252],[9.068,46.33114],[9.06564,46.3291],[9.06552,46.3266],[9.06695,46.32528],[9.06855,46.32497],[9.06989,46.32324],[9.07159,46.32206],[9.07377,46.32007],[9.07505,46.31844],[9.07521,46.31745],[9.0763,46.31583],[9.07588,46.31406],[9.07424,46.31215],[9.07341,46.31055],[9.07337,46.30979],[9.07204,46.30904],[9.06953,46.30863],[9.06712,46.30497],[9.06595,46.30443],[9.06541,46.30334],[9.06466,46.3029],[9.06403,46.30134],[9.06315,46.30066],[9.06236,46.29945],[9.0612,46.29828],[9.05929,46.29772],[9.05681,46.29726],[9.05579,46.29619],[9.05572,46.29509],[9.0549,46.29427],[9.05567,46.29162],[9.05673,46.2903],[9.05677,46.28898],[9.0575,46.28751],[9.05875,46.28431],[9.05931,46.28252],[9.06015,46.28154],[9.06342,46.27894],[9.06439,46.27506],[9.06483,46.27428],[9.06706,46.27265],[9.06923,46.27181],[9.07341,46.26893],[9.07398,46.26758],[9.07504,46.26645],[9.07575,46.26526],[9.07896,46.26152],[9.07841,46.25988],[9.07722,46.23909],[9.0726,46.23729],[9.07254,46.23647],[9.07345,46.23578],[9.07576,46.23294],[9.07779,46.2342],[9.0808,46.2345],[9.08404,46.22652],[9.08466,46.22553],[9.08421,46.22394],[9.08514,46.22107],[9.08585,46.2207],[9.08598,46.21944],[9.08685,46.2182],[9.08808,46.2155],[9.09025,46.21359],[9.09808,46.21083],[9.10953,46.20687],[9.11013,46.20696],[9.11243,46.2062],[9.11435,46.20469],[9.11742,46.20337],[9.11874,46.2023],[9.12102,46.20093],[9.12193,46.1996],[9.12223,46.1987],[9.12384,46.19725],[9.12405,46.1968],[9.12624,46.19625],[9.12726,46.19519],[9.12766,46.19432],[9.12946,46.19264],[9.13093,46.19055],[9.13228,46.18961],[9.1326,46.18807],[9.13237,46.1875],[9.1325,46.18602],[9.1331,46.18498],[9.13488,46.18374],[9.13674,46.18158],[9.13951,46.18048],[9.14055,46.17986],[9.14306,46.17914],[9.1478,46.17561],[9.14859,46.17487],[9.15105,46.1733],[9.1546,46.17139],[9.15764,46.17103],[9.15942,46.17112],[9.16058,46.17082],[9.16298,46.17175],[9.16585,46.1724],[9.16855,46.17229],[9.17115,46.17307],[9.1739,46.17219],[9.1756,46.17236],[9.17726,46.17197],[9.17822,46.1721],[9.17993,46.17136],[9.18107,46.17054],[9.18311,46.17058],[9.18462,46.17141],[9.18556,46.17226],[9.18562,46.17305],[9.18823,46.17574],[9.18966,46.17677],[9.19197,46.17785],[9.19258,46.17884],[9.19528,46.17971],[9.19585,46.18041],[9.19586,46.18159],[9.19655,46.18281],[9.1966,46.18355],[9.19598,46.18517],[9.1974,46.18621],[9.19832,46.18739],[9.19917,46.18799],[9.19864,46.18886],[9.19679,46.19013],[9.19647,46.19297],[9.196,46.19364],[9.19629,46.19476],[9.19739,46.19525],[9.19767,46.19631],[9.19833,46.19648],[9.19893,46.19737],[9.19846,46.19876],[9.19882,46.20028],[9.19965,46.20184],[9.20081,46.20257],[9.2012,46.20394],[9.20209,46.20519],[9.20246,46.20784],[9.20323,46.20873],[9.20341,46.20963],[9.20442,46.20987],[9.20805,46.21163],[9.20939,46.21128],[9.21157,46.2116],[9.21256,46.21197],[9.2155,46.212],[9.21661,46.21321],[9.21799,46.21418],[9.21876,46.21512],[9.22011,46.21565],[9.21959,46.21776],[9.22102,46.22069],[9.22112,46.22179],[9.22161,46.22274],[9.22286,46.22373],[9.22414,46.22518],[9.22326,46.22603],[9.22226,46.22771],[9.22183,46.22977],[9.22273,46.23031],[9.22465,46.23085],[9.22608,46.23082],[9.22658,46.23124],[9.23175,46.23299],[9.23281,46.23393],[9.23455,46.23381],[9.236,46.23455],[9.23855,46.23461],[9.24044,46.2336],[9.24215,46.23351],[9.24352,46.23387],[9.24403,46.23358],[9.2475,46.23341],[9.24827,46.23443],[9.24964,46.23499],[9.24957,46.23743],[9.24994,46.23892],[9.25091,46.24062],[9.25058,46.24159],[9.25058,46.24296],[9.25018,46.2444],[9.25085,46.24546],[9.25064,46.24698],[9.24957,46.24799],[9.24961,46.24894],[9.25062,46.25005],[9.25158,46.25033],[9.25173,46.25131],[9.2526,46.25224],[9.25232,46.25342],[9.25128,46.25438],[9.25063,46.25542],[9.25021,46.2571],[9.25095,46.25772],[9.25141,46.25895],[9.25254,46.2601],[9.25268,46.26097],[9.25371,46.26175],[9.25432,46.2632],[9.25294,46.26764],[9.25504,46.26929],[9.25515,46.2699],[9.2569,46.27008],[9.2582,46.2706],[9.25885,46.27208],[9.25941,46.27236],[9.2605,46.27418],[9.26011,46.27566],[9.26078,46.27715],[9.26058,46.27866],[9.26004,46.27971],[9.26195,46.28069],[9.26436,46.2812],[9.26632,46.28249],[9.26783,46.28277],[9.26953,46.2834],[9.27066,46.28612],[9.27124,46.28718],[9.27289,46.28877],[9.27304,46.2905],[9.27631,46.29308],[9.27837,46.29409],[9.2799,46.29508],[9.28134,46.29629],[9.28382,46.29749],[9.2861,46.29827],[9.28573,46.29998],[9.2862,46.30105],[9.28579,46.3016],[9.28506,46.30378],[9.28522,46.30502],[9.28473,46.30596],[9.28482,46.30708],[9.28395,46.30892],[9.28279,46.31059],[9.28519,46.31339],[9.28661,46.31583],[9.28875,46.31614],[9.29402,46.31736],[9.29553,46.31821],[9.29631,46.31898],[9.2963,46.32111],[9.29666,46.32194],[9.29641,46.3227],[9.29728,46.3236],[9.29653,46.32448],[9.29804,46.32525],[9.2997,46.32695],[9.30049,46.32883],[9.29901,46.32918],[9.29738,46.33003],[9.29488,46.33305],[9.29441,46.33513],[9.29378,46.33607],[9.29334,46.33743],[9.29395,46.33916],[9.29545,46.34052],[9.2971,46.34126],[9.29852,46.34252],[9.29995,46.34299],[9.30089,46.34538],[9.2996,46.34668],[9.29965,46.34775],[9.29874,46.34957],[9.29731,46.35034],[9.29844,46.35164],[9.29898,46.3531],[9.29893,46.35375],[9.2978,46.35526],[9.29734,46.35624],[9.29651,46.35682],[9.29461,46.35696],[9.29326,46.35728],[9.29256,46.35777],[9.29124,46.35793],[9.29023,46.3577],[9.28785,46.35867],[9.287,46.35853],[9.28381,46.35928],[9.28259,46.36085],[9.28195,46.36302],[9.28077,46.36582],[9.2798,46.36714],[9.2796,46.36816],[9.27791,46.36858],[9.27729,46.369],[9.27829,46.37008],[9.27812,46.37134],[9.27841,46.37246],[9.27822,46.37335],[9.27635,46.37497],[9.2776,46.37526],[9.27894,46.3762],[9.27922,46.37756],[9.2797,46.37844],[9.2797,46.38064],[9.28091,46.3805],[9.28164,46.38095],[9.28213,46.38274],[9.28336,46.38346],[9.2852,46.38523],[9.2856,46.38699],[9.28516,46.38762],[9.28309,46.3882],[9.2813,46.38912],[9.27961,46.39077],[9.27886,46.39219],[9.27895,46.39318],[9.27781,46.39442],[9.27761,46.39549],[9.27706,46.39613],[9.27851,46.39744],[9.27838,46.39767],[9.28055,46.39905],[9.28195,46.40046],[9.28304,46.40243],[9.28294,46.40297],[9.28114,46.40432],[9.2801,46.40463],[9.28294,46.4055],[9.28377,46.40651],[9.2834,46.40812],[9.28263,46.40903],[9.28255,46.40988],[9.2829,46.41165],[9.28246,46.41318],[9.28127,46.4142],[9.28155,46.41522],[9.28115,46.41588],[9.28,46.41583],[9.27823,46.41624],[9.2779,46.41696],[9.27752,46.41944],[9.27671,46.41987],[9.27659,46.42076],[9.27415,46.42135],[9.27254,46.42056],[9.26988,46.42025],[9.2689,46.42107],[9.26701,46.42108],[9.26485,46.42174],[9.26464,46.42249],[9.26362,46.42392],[9.26292,46.42546],[9.26162,46.42639],[9.26041,46.42652],[9.25942,46.4272],[9.25822,46.42846],[9.25721,46.42853],[9.2551,46.4295],[9.25466,46.43025],[9.25254,46.43161],[9.25071,46.43251],[9.24947,46.43453],[9.24919,46.43731],[9.25,46.4394],[9.24937,46.44201],[9.24822,46.44804],[9.25098,46.44847],[9.25191,46.45008],[9.25351,46.45062],[9.25694,46.45074],[9.2592,46.45116],[9.26106,46.45103],[9.26274,46.45135],[9.26347,46.45123],[9.26586,46.45223],[9.267,46.45241],[9.26837,46.45316],[9.26928,46.45402],[9.27132,46.45469],[9.27197,46.45526],[9.27192,46.45609],[9.27289,46.45616],[9.27392,46.45731],[9.27501,46.45782],[9.27515,46.45854],[9.27619,46.4596],[9.27623,46.46072],[9.27811,46.46178],[9.27941,46.46295],[9.27809,46.46352],[9.27652,46.46387],[9.27578,46.46437],[9.27534,46.46679],[9.27466,46.46726],[9.27526,46.46851],[9.27506,46.47103],[9.27648,46.47215],[9.27751,46.47353],[9.27783,46.47499],[9.27723,46.47628],[9.27777,46.47752],[9.2776,46.47796],[9.27862,46.48045],[9.27788,46.4813],[9.27652,46.48194],[9.27564,46.48357],[9.27544,46.48494],[9.27775,46.48651],[9.27883,46.48815],[9.27995,46.48889],[9.27923,46.48956],[9.28046,46.49058],[9.28008,46.49285],[9.28112,46.49431],[9.28268,46.49558],[9.28301,46.49725],[9.28461,46.49827],[9.28507,46.49804],[9.2881,46.4987],[9.28862,46.49843],[9.29178,46.49848],[9.29361,46.49957],[9.29467,46.49957],[9.29588,46.50002],[9.29829,46.50022],[9.30011,46.50075],[9.30256,46.50197],[9.30522,46.50194],[9.30629,46.50221],[9.30816,46.50344],[9.30956,46.50396],[9.31223,46.50536],[9.3146,46.50515],[9.31783,46.50563],[9.31832,46.50584],[9.32176,46.50616],[9.3332,46.50688],[9.33831,46.50725],[9.33993,46.50677],[9.34046,46.50589],[9.34031,46.50505],[9.3433,46.50511],[9.34563,46.50583],[9.34635,46.5058],[9.34926,46.50632],[9.34953,46.50662],[9.35247,46.50668],[9.35348,46.50624],[9.35627,46.50552],[9.3591,46.50699],[9.35966,46.5079],[9.35963,46.50866],[9.36181,46.50943],[9.36364,46.51074],[9.36559,46.51036],[9.36631,46.50905],[9.36739,46.50857],[9.36956,46.50639],[9.37141,46.50615],[9.3746,46.50519],[9.3746,46.5017],[9.37436,46.50042],[9.37239,46.50015],[9.37093,46.49893],[9.36976,46.49633],[9.36973,46.49534],[9.37129,46.49308],[9.37155,46.49199],[9.37234,46.49077],[9.37386,46.49052],[9.37554,46.48984],[9.37663,46.4885],[9.37664,46.48767],[9.3776,46.48591],[9.37895,46.48508],[9.38139,46.48557],[9.38305,46.48465],[9.38337,46.48385],[9.38507,46.48391],[9.38654,46.48355],[9.38708,46.482],[9.38935,46.48023],[9.38955,46.47861],[9.3892,46.47802],[9.38989,46.47689],[9.39151,46.47576],[9.39093,46.47468],[9.39425,46.47386],[9.39552,46.47369],[9.39693,46.47292],[9.39756,46.47191],[9.39891,46.47095],[9.40022,46.47117],[9.40324,46.47059],[9.40481,46.46978],[9.40638,46.46975],[9.40719,46.46931],[9.41055,46.46808],[9.4129,46.46817],[9.41437,46.46847],[9.41457,46.4691],[9.41555,46.46982],[9.41783,46.47197],[9.41925,46.47367],[9.42052,46.47416],[9.42399,46.47628],[9.42536,46.47737],[9.42576,46.4787],[9.42544,46.48046],[9.4258,46.48173],[9.42535,46.48333],[9.4259,46.48396],[9.42591,46.48503],[9.42753,46.48698],[9.42584,46.48874],[9.42594,46.48999],[9.42657,46.49084],[9.42876,46.49282],[9.43034,46.49334],[9.43119,46.49393],[9.43307,46.49677],[9.43513,46.49789],[9.43544,46.49916],[9.45632,46.50657],[9.45626,46.50729],[9.45738,46.50774],[9.45788,46.5087],[9.4598,46.5096],[9.46086,46.50956],[9.46396,46.51011],[9.4648,46.50983],[9.46558,46.50903],[9.46261,46.50716],[9.46232,46.50674],[9.46295,46.50486],[9.46268,46.50401],[9.46341,46.50362],[9.46329,46.5018],[9.46351,46.50029],[9.46388,46.49976],[9.46395,46.49836],[9.4632,46.49628],[9.46301,46.49505],[9.4634,46.49318],[9.46334,46.49137],[9.46291,46.49065],[9.46275,46.48905],[9.46221,46.48814],[9.46229,46.48609],[9.45035,46.48562],[9.45085,46.48354],[9.45095,46.48123],[9.46412,46.48174],[9.4652,46.4798],[9.46482,46.47811],[9.46485,46.47661],[9.4656,46.4744],[9.46536,46.47403],[9.4659,46.47226],[9.46684,46.47075],[9.46647,46.46975],[9.46563,46.46875],[9.46598,46.46788],[9.46483,46.46761],[9.46472,46.46705],[9.46312,46.46598],[9.46138,46.46578],[9.46043,46.46433],[9.46116,46.46285],[9.46098,46.46181],[9.46031,46.46063],[9.46033,46.4596],[9.45989,46.45846],[9.4604,46.45502],[9.46159,46.45251],[9.46109,46.45168],[9.46115,46.45015],[9.46072,46.44762],[9.46194,46.44365],[9.46052,46.44225],[9.46074,46.44103],[9.45938,46.43991],[9.45833,46.43776],[9.45918,46.43608],[9.4592,46.43459],[9.45856,46.43306],[9.45862,46.43244],[9.45808,46.43106],[9.45749,46.43063],[9.45678,46.42699],[9.45656,46.42394],[9.45575,46.42264],[9.45585,46.42018],[9.45628,46.41908],[9.45754,46.41713],[9.45879,46.41625],[9.46138,46.41509],[9.46246,46.41385],[9.46312,46.4119],[9.46248,46.411],[9.46397,46.40912],[9.46457,46.40756],[9.4651,46.40711],[9.46548,46.40596],[9.46498,46.40536],[9.46618,46.40396],[9.46611,46.40324],[9.4667,46.40189],[9.46688,46.40052],[9.46804,46.39959],[9.46776,46.39876],[9.46752,46.39543],[9.46778,46.39471],[9.46773,46.39308],[9.46901,46.39121],[9.47026,46.38987],[9.46938,46.38912],[9.46708,46.38765],[9.4673,46.38615],[9.46624,46.38497],[9.46485,46.38509],[9.46243,46.38465],[9.46253,46.38362],[9.46444,46.38144],[9.46436,46.38055],[9.46232,46.3776],[9.46251,46.37697],[9.46459,46.37555],[9.46589,46.37502],[9.46707,46.37505],[9.46962,46.37455],[9.47227,46.37326],[9.47382,46.37353],[9.47553,46.37271],[9.47567,46.37231],[9.47768,46.37174],[9.47901,46.37244],[9.48032,46.37244],[9.48132,46.37205],[9.48173,46.37094],[9.48328,46.36886],[9.48538,46.36814],[9.48901,46.36815],[9.48857,46.3674],[9.49366,46.36691],[9.49547,46.36652],[9.49767,46.36556],[9.49925,46.36386],[9.50128,46.36063],[9.50076,46.359],[9.50173,46.3573],[9.50268,46.35647],[9.50434,46.3558],[9.50492,46.35498],[9.50625,46.35379],[9.50735,46.35374],[9.50784,46.35328],[9.50946,46.35289],[9.50996,46.35158],[9.50955,46.3491],[9.51076,46.34714],[9.51016,46.34624],[9.51077,46.3457],[9.51188,46.34324],[9.51197,46.34191],[9.51264,46.3413],[9.51214,46.34073],[9.51275,46.33972],[9.51252,46.33913],[9.51308,46.33855],[9.51288,46.33773],[9.51432,46.33689],[9.51504,46.33676],[9.51479,46.33436],[9.51549,46.33357],[9.51798,46.33383],[9.5194,46.33153],[9.5192,46.32986],[9.51959,46.32853],[9.5213,46.32678],[9.52244,46.32621],[9.52528,46.32364],[9.52577,46.32257],[9.52679,46.32118],[9.52851,46.31934],[9.5319,46.31677],[9.5331,46.31516],[9.53526,46.31335],[9.5377,46.31207],[9.53793,46.31123],[9.53998,46.31],[9.54027,46.30951],[9.54149,46.30894],[9.54387,46.30721],[9.54896,46.30436],[9.55084,46.30356],[9.55279,46.30458],[9.55366,46.30477],[9.55533,46.30618],[9.55617,46.30726],[9.55863,46.30776],[9.56142,46.30739],[9.56225,46.30604],[9.56267,46.3046],[9.56415,46.30355],[9.56839,46.30253],[9.56932,46.30148],[9.57226,46.3002],[9.57466,46.30022],[9.57528,46.29945],[9.57855,46.2977],[9.57944,46.29667],[9.58081,46.29631],[9.5831,46.29666],[9.58473,46.29557],[9.58673,46.29599],[9.58759,46.29653],[9.58916,46.29599],[9.59116,46.2963],[9.59392,46.29478],[9.59596,46.29517],[9.59638,46.29577],[9.59879,46.29618],[9.6004,46.297],[9.6042,46.29583],[9.60508,46.29609],[9.60703,46.29589],[9.60787,46.29543],[9.61163,46.2958],[9.61326,46.29355],[9.61559,46.29221],[9.61626,46.29143],[9.61899,46.29009],[9.61965,46.28895],[9.62356,46.28902],[9.62656,46.28933],[9.62764,46.28878],[9.62935,46.289],[9.63082,46.28837],[9.63385,46.28759],[9.63626,46.28734],[9.63791,46.28738],[9.63971,46.28772],[9.64017,46.28731],[9.64174,46.28798],[9.64358,46.28812],[9.6466,46.2901],[9.6484,46.29004],[9.64914,46.29075],[9.6511,46.29093],[9.65115,46.29293],[9.65308,46.29409],[9.65464,46.29431],[9.6565,46.29427],[9.65762,46.29509],[9.66099,46.29715],[9.66297,46.29724],[9.66327,46.29782],[9.66568,46.29823],[9.66812,46.29778],[9.66892,46.29712],[9.67022,46.29725],[9.67112,46.29804],[9.67052,46.29885],[9.67179,46.30033],[9.67178,46.30115],[9.67511,46.30306],[9.67602,46.30391],[9.67825,46.30435],[9.67859,46.30323],[9.68006,46.30291],[9.68138,46.30172],[9.68252,46.30105],[9.68286,46.29985],[9.68287,46.29825],[9.68579,46.29711],[9.68844,46.29548],[9.68867,46.29515],[9.69052,46.29461],[9.6917,46.29464],[9.69345,46.29508],[9.69508,46.29497],[9.69672,46.29421],[9.69742,46.29439],[9.69846,46.2935],[9.69991,46.29296],[9.70186,46.29292],[9.703,46.29212],[9.70428,46.29213],[9.70802,46.29324],[9.71104,46.29313],[9.7124,46.29379],[9.71411,46.29422],[9.71579,46.29414],[9.71607,46.29555],[9.71689,46.29678],[9.71617,46.29758],[9.71607,46.29885],[9.71711,46.30261],[9.71841,46.30476],[9.71875,46.30577],[9.71943,46.30658],[9.71944,46.3075],[9.72115,46.30822],[9.72163,46.30896],[9.72271,46.30953],[9.72329,46.3104],[9.72545,46.31088],[9.72603,46.31147],[9.72626,46.31266],[9.72729,46.31473],[9.7269,46.31756],[9.72685,46.31898],[9.72751,46.31998],[9.72719,46.3209],[9.7263,46.32111],[9.72478,46.32216],[9.72348,46.32247],[9.72174,46.3223],[9.71926,46.32292],[9.71863,46.3254],[9.71986,46.32779],[9.72077,46.3285],[9.72312,46.32901],[9.7247,46.33024],[9.72455,46.33189],[9.72881,46.33391],[9.72824,46.33449],[9.72697,46.33695],[9.72672,46.33891],[9.726,46.33948],[9.72438,46.34164],[9.72569,46.34319],[9.72593,46.34393],[9.72763,46.34506],[9.72825,46.34572],[9.73022,46.34615],[9.73213,46.34733],[9.73354,46.34844],[9.73465,46.34877],[9.73498,46.35003],[9.73832,46.35216],[9.7398,46.35177],[9.74058,46.35114],[9.7447,46.35277],[9.74605,46.35144],[9.74725,46.35103],[9.7477,46.35004],[9.74868,46.34898],[9.75005,46.34876],[9.75306,46.34756],[9.75461,46.34708],[9.75676,46.34669],[9.75889,46.34575],[9.75921,46.34481],[9.76059,46.34349],[9.76166,46.34284],[9.76294,46.34098],[9.76507,46.33983],[9.76646,46.33865],[9.768,46.33848],[9.77031,46.33718],[9.77118,46.33695],[9.77487,46.33666],[9.77617,46.33622],[9.77785,46.33602],[9.77994,46.33653],[9.78136,46.33815],[9.78322,46.33956],[9.78389,46.33967],[9.78542,46.34108],[9.78582,46.34184],[9.7873,46.34172],[9.78886,46.34189],[9.79109,46.34273],[9.79248,46.34388],[9.7947,46.34432],[9.7971,46.34452],[9.79862,46.345],[9.80013,46.34483],[9.80357,46.34512],[9.80435,46.34577],[9.80574,46.34638],[9.8059,46.34727],[9.80722,46.3476],[9.80766,46.34823],[9.80905,46.34836],[9.81005,46.34879],[9.8107,46.34969],[9.81196,46.3497],[9.81509,46.35065],[9.81651,46.35141],[9.81813,46.35089],[9.81962,46.3509],[9.82203,46.35228],[9.82253,46.35297],[9.82556,46.35451],[9.82716,46.35585],[9.82814,46.35604],[9.82998,46.35724],[9.83302,46.36041],[9.83293,46.36163],[9.83397,46.3622],[9.83712,46.3619],[9.83885,46.36223],[9.84032,46.36343],[9.84174,46.36347],[9.84326,46.36274],[9.84733,46.36309],[9.84774,46.36393],[9.84996,46.36471],[9.85007,46.36539],[9.85248,46.3656],[9.85397,46.36518],[9.85522,46.36429],[9.85632,46.36456],[9.85793,46.36445],[9.85836,46.36528],[9.85942,46.3653],[9.86126,46.36462],[9.8626,46.36569],[9.86488,46.36542],[9.86691,46.36585],[9.86822,46.36457],[9.86927,46.36428],[9.86952,46.36359],[9.8724,46.36461],[9.87344,46.36571],[9.8767,46.36702],[9.87786,46.36784],[9.87893,46.36814],[9.88026,46.36908],[9.8819,46.36958],[9.88367,46.37132],[9.8848,46.37284],[9.88553,46.37487],[9.88759,46.37441],[9.88808,46.37477],[9.89029,46.37512],[9.89064,46.37541],[9.89286,46.37607],[9.89321,46.3765],[9.89521,46.37687],[9.89606,46.37747],[9.89776,46.37803],[9.89983,46.37797],[9.90035,46.37846],[9.90145,46.37862],[9.90219,46.37991],[9.90516,46.38086],[9.90811,46.38211],[9.90868,46.3821],[9.90995,46.38115],[9.91106,46.38067],[9.91257,46.37837],[9.91615,46.37534],[9.91675,46.37468],[9.9172,46.37333],[9.91822,46.37156],[9.91963,46.37204],[9.92083,46.37277],[9.92231,46.37264],[9.92439,46.37177],[9.9247,46.37083],[9.92576,46.36999],[9.92547,46.36799],[9.9265,46.36721],[9.92844,46.36772],[9.93052,46.36798],[9.93242,46.36923],[9.9324,46.36996],[9.93114,46.37179],[9.93131,46.37281],[9.93357,46.37492],[9.93443,46.37514],[9.93579,46.37602],[9.93762,46.37643],[9.93966,46.37734],[9.94121,46.37741],[9.9431,46.37798],[9.94502,46.37883],[9.94702,46.3787],[9.95024,46.37964],[9.95216,46.37987],[9.95414,46.38054],[9.95654,46.38012],[9.95928,46.38017],[9.95977,46.37924],[9.95843,46.37709],[9.95746,46.37619],[9.95704,46.37485],[9.95809,46.37338],[9.96041,46.37085],[9.96341,46.36801],[9.96395,46.36668],[9.96584,46.36499],[9.97059,46.36287],[9.97147,46.36226],[9.97236,46.36218],[9.97257,46.36149],[9.97452,46.3603],[9.97533,46.3593],[9.97671,46.35928],[9.97747,46.35855],[9.97854,46.3585],[9.97994,46.35731],[9.98183,46.35657],[9.9837,46.3551],[9.98576,46.35437],[9.98614,46.35314],[9.98887,46.35291],[9.9906,46.35355],[9.99265,46.35341],[9.99516,46.35366],[9.99603,46.35342],[9.99766,46.35227],[9.99712,46.35188],[9.99631,46.35044],[9.99606,46.34918],[9.99638,46.34865],[9.99592,46.34779],[9.99667,46.3474],[9.99649,46.34661],[9.99747,46.34382],[9.99713,46.3433],[9.99558,46.34258],[9.99404,46.34227],[9.99374,46.34137],[9.99233,46.34087],[9.99241,46.33893],[9.99165,46.33807],[9.98969,46.33724],[9.98866,46.33585],[9.98679,46.3353],[9.9865,46.33473],[9.98708,46.33308],[9.98646,46.33289],[9.98531,46.33113],[9.98558,46.32982],[9.98524,46.32922],[9.98383,46.32814],[9.98333,46.32746],[9.98334,46.3265],[9.9826,46.32587],[9.9822,46.32417],[9.98406,46.32307],[9.98719,46.3217],[9.9878,46.32049],[9.98949,46.31973],[9.99074,46.31884],[9.99153,46.31869],[9.99291,46.31784],[9.99452,46.31635],[9.99529,46.31642],[9.99602,46.3151],[9.99899,46.31524],[10.00033,46.31499],[10.0014,46.31441],[10.00163,46.31364],[10.00095,46.31255],[10.00144,46.31193],[10.00091,46.31085],[9.99897,46.30986],[9.99758,46.30853],[9.9983,46.30769],[9.99923,46.30722],[9.99987,46.30574],[10.00214,46.30498],[10.00233,46.30425],[10.00158,46.30235],[10.00014,46.30229],[9.99927,46.30037],[9.99792,46.29959],[9.99791,46.29917],[9.99517,46.29812],[9.99402,46.29852],[9.99317,46.29779],[9.993,46.29685],[9.99414,46.29391],[9.99556,46.29274],[9.99546,46.29221],[9.99617,46.29024],[9.99601,46.2891],[9.99624,46.28803],[9.99726,46.28614],[9.99825,46.28557],[10.00176,46.28414],[10.00421,46.28382],[10.00556,46.28315],[10.00764,46.28295],[10.01052,46.28184],[10.01184,46.28221],[10.01316,46.28176],[10.01563,46.28132],[10.01781,46.28062],[10.01953,46.28065],[10.02232,46.28017],[10.02446,46.27944],[10.02742,46.27896],[10.02882,46.27906],[10.03116,46.27824],[10.03257,46.27825],[10.03317,46.27747],[10.0341,46.27698],[10.03645,46.2765],[10.03761,46.27563],[10.03931,46.27525],[10.04059,46.27457],[10.04102,46.27376],[10.04279,46.27326],[10.04413,46.27227],[10.0451,46.27122],[10.04699,46.27111],[10.04964,46.26937],[10.05139,46.26902],[10.05222,46.26835],[10.05495,46.2683],[10.05687,46.26705],[10.05735,46.26525],[10.05682,46.26401],[10.05761,46.26218],[10.05897,46.2608],[10.05936,46.25943],[10.05771,46.25825],[10.0601,46.25695],[10.05982,46.25538],[10.06007,46.25415],[10.06204,46.25136],[10.06162,46.25048],[10.06189,46.24922],[10.06021,46.24826],[10.05887,46.24839],[10.05846,46.24802],[10.05841,46.24527],[10.05762,46.24442],[10.05583,46.24393],[10.05474,46.24247],[10.05578,46.23935],[10.05504,46.23704],[10.05437,46.23643],[10.05293,46.23583],[10.05083,46.234],[10.04932,46.23379],[10.04661,46.23282],[10.04565,46.2322],[10.04514,46.23093],[10.04669,46.23075],[10.04987,46.22974],[10.05071,46.22839],[10.05261,46.22893],[10.05375,46.22866],[10.05507,46.22786],[10.05643,46.2275],[10.05712,46.22643],[10.05995,46.22618],[10.06327,46.22312],[10.06442,46.2214],[10.06755,46.22086],[10.06827,46.2192],[10.07066,46.21856],[10.07219,46.21836],[10.07274,46.2192],[10.07781,46.22275],[10.08243,46.22666],[10.0833,46.22676],[10.08474,46.22763],[10.08646,46.22789],[10.08873,46.22851],[10.08984,46.22902],[10.09076,46.22898],[10.09339,46.2294],[10.09457,46.229],[10.09579,46.22975],[10.09911,46.22934],[10.10044,46.22883],[10.10277,46.22899],[10.10483,46.22978],[10.11052,46.22693],[10.11749,46.22677],[10.12029,46.22657],[10.12225,46.22565],[10.12463,46.225],[10.12659,46.22592],[10.12748,46.22602],[10.12996,46.2268],[10.13367,46.22609],[10.13377,46.22659],[10.1473,46.23169],[10.15222,46.24085],[10.15846,46.24472],[10.17629,46.25582],[10.17788,46.25949],[10.17683,46.26035],[10.17532,46.26289],[10.17462,46.26471],[10.17487,46.26553],[10.17337,46.26782],[10.1716,46.26896],[10.17146,46.26947],[10.16936,46.2711],[10.16722,46.2722],[10.16484,46.27251],[10.16453,46.27358],[10.16469,46.27598],[10.1636,46.27612],[10.16348,46.27693],[10.16267,46.27807],[10.16312,46.2792],[10.16316,46.2822],[10.16384,46.28354],[10.16199,46.28486],[10.15725,46.28595],[10.15586,46.28658],[10.15534,46.2875],[10.15728,46.28906],[10.15799,46.2905],[10.15731,46.29188],[10.15614,46.29304],[10.15563,46.294],[10.1548,46.29417],[10.15398,46.29531],[10.1526,46.29531],[10.14987,46.29591],[10.14879,46.29596],[10.14697,46.29676],[10.14573,46.29774],[10.14362,46.29895],[10.1427,46.29924],[10.14132,46.30041],[10.14027,46.30079],[10.13947,46.3023],[10.1399,46.30381],[10.14043,46.30447],[10.13988,46.30589],[10.13742,46.30692],[10.13491,46.30726],[10.1331,46.30883],[10.13161,46.30906],[10.1298,46.31],[10.1292,46.31105],[10.12782,46.31179],[10.12649,46.31216],[10.12481,46.3133],[10.12253,46.31355],[10.12065,46.31409],[10.11871,46.31509],[10.1178,46.31679],[10.11725,46.31712],[10.11635,46.31883],[10.11527,46.32027],[10.1154,46.32227],[10.11453,46.32302],[10.11368,46.32504],[10.11262,46.32697],[10.11169,46.32771],[10.11116,46.32911],[10.10949,46.33091],[10.10832,46.33161],[10.10698,46.3328],[10.10575,46.33484],[10.10673,46.33576],[10.10653,46.33841],[10.10703,46.33953],[10.10685,46.34038],[10.10754,46.34098],[10.10809,46.34205],[10.10731,46.3434],[10.10828,46.34446],[10.10996,46.34544],[10.11019,46.34708],[10.11062,46.34763],[10.11012,46.34899],[10.11042,46.34958],[10.10982,46.35027],[10.10922,46.35185],[10.10979,46.35355],[10.11105,46.35439],[10.1136,46.35378],[10.1145,46.35382],[10.11518,46.35441],[10.11665,46.35508],[10.11732,46.35593],[10.11963,46.35767],[10.12026,46.3584],[10.12202,46.35921],[10.12303,46.35908],[10.12495,46.3602],[10.12521,46.36066],[10.12696,46.36091],[10.12796,46.36149],[10.12883,46.36155],[10.13052,46.36221],[10.13055,46.36419],[10.12894,46.36793],[10.12901,46.36898],[10.12867,46.37037],[10.12797,46.37116],[10.12757,46.37255],[10.1282,46.37383],[10.12977,46.37521],[10.12875,46.37824],[10.12901,46.37897],[10.13052,46.38009],[10.13218,46.38088],[10.13372,46.3813],[10.13694,46.38373],[10.13857,46.38476],[10.14098,46.38566],[10.14244,46.38686],[10.14392,46.38745],[10.14562,46.38726],[10.1467,46.38779],[10.14892,46.38815],[10.15098,46.38679],[10.15259,46.38683],[10.15582,46.38653],[10.15713,46.38614],[10.15901,46.38686],[10.16103,46.38739],[10.16219,46.38872],[10.16338,46.38874],[10.16342,46.3898],[10.16507,46.39137],[10.16535,46.39191],[10.16496,46.39401],[10.16428,46.39459],[10.16432,46.39673],[10.16471,46.39756],[10.16364,46.40037],[10.16336,46.40193],[10.16366,46.4028],[10.16321,46.40434],[10.164,46.40633],[10.16813,46.4086],[10.16649,46.41019],[10.16589,46.41145],[10.16508,46.41178],[10.16382,46.41422],[10.16294,46.41483],[10.1633,46.41575],[10.16249,46.41662],[10.15856,46.41712],[10.15528,46.41574],[10.15369,46.41531],[10.15218,46.4153],[10.15074,46.41405],[10.14902,46.41546],[10.15005,46.41638],[10.14989,46.41789],[10.14921,46.41898],[10.14956,46.42027],[10.14878,46.42154],[10.14904,46.42236],[10.14856,46.42434],[10.14719,46.42558],[10.14563,46.42572],[10.14482,46.42723],[10.14355,46.42883],[10.14362,46.42967],[10.14247,46.42944],[10.14067,46.43006],[10.13923,46.42991],[10.13719,46.43018],[10.13627,46.42998],[10.13386,46.43055],[10.13288,46.43163],[10.13223,46.43284],[10.13046,46.43299],[10.12955,46.43203],[10.12826,46.43156],[10.12624,46.43179],[10.12516,46.4312],[10.12361,46.43139],[10.12243,46.43079],[10.12057,46.43046],[10.12002,46.43005],[10.1193,46.42864],[10.11934,46.42778],[10.11878,46.4273],[10.11716,46.42726],[10.11468,46.42777],[10.11331,46.42833],[10.11123,46.42883],[10.10926,46.42952],[10.1093,46.42839],[10.10796,46.42692],[10.10736,46.42658],[10.10411,46.42618],[10.10318,46.42471],[10.10345,46.42377],[10.10208,46.42258],[10.09962,46.42275],[10.09859,46.42242],[10.09742,46.42271],[10.09598,46.42355],[10.0945,46.42387],[10.09206,46.42388],[10.0884,46.42256],[10.0873,46.42247],[10.08372,46.42287],[10.08285,46.42242],[10.08152,46.42232],[10.08052,46.42436],[10.08114,46.42518],[10.08156,46.42661],[10.08082,46.42779],[10.07914,46.42857],[10.07856,46.42928],[10.07657,46.42926],[10.07557,46.42974],[10.07187,46.42857],[10.06689,46.42746],[10.06496,46.42792],[10.06284,46.42867],[10.06228,46.42961],[10.06156,46.42975],[10.06113,46.43065],[10.06015,46.43129],[10.05996,46.43275],[10.05935,46.43326],[10.05991,46.43381],[10.05933,46.43623],[10.05885,46.4374],[10.0596,46.43949],[10.05827,46.4407],[10.05762,46.4421],[10.05671,46.4419],[10.05528,46.44083],[10.05392,46.44093],[10.05207,46.44238],[10.04852,46.44324],[10.04485,46.44319],[10.04325,46.4441],[10.04178,46.44578],[10.04134,46.44697],[10.04051,46.44826],[10.0424,46.44887],[10.04381,46.45023],[10.04339,46.45081],[10.04318,46.45347],[10.04424,46.4548],[10.04491,46.45487],[10.04551,46.4557],[10.04533,46.45631],[10.04666,46.45675],[10.04769,46.45674],[10.04837,46.45726],[10.04793,46.45873],[10.05014,46.46022],[10.05383,46.46164],[10.05375,46.46258],[10.05511,46.46507],[10.05581,46.4659],[10.05526,46.46665],[10.0536,46.46721],[10.05369,46.46821],[10.05286,46.4691],[10.05324,46.47044],[10.05268,46.4718],[10.05309,46.47269],[10.0528,46.47345],[10.05181,46.47402],[10.05084,46.47533],[10.0491,46.4759],[10.04847,46.47712],[10.04613,46.478],[10.04594,46.47859],[10.04468,46.47927],[10.04417,46.48127],[10.04452,46.48292],[10.04586,46.48514],[10.04779,46.48672],[10.04922,46.48762],[10.04849,46.49],[10.0466,46.49154],[10.04623,46.49252],[10.04625,46.49492],[10.04716,46.49682],[10.04693,46.49753],[10.0479,46.4987],[10.04895,46.49938],[10.05043,46.50084],[10.04897,46.50222],[10.04652,46.50323],[10.04646,46.50399],[10.04536,46.50503],[10.04496,46.5066],[10.0442,46.50774],[10.04411,46.50914],[10.04361,46.51129],[10.04547,46.51151],[10.04578,46.51183],[10.04817,46.51179],[10.05098,46.51382],[10.05278,46.51453],[10.05365,46.51617],[10.05437,46.51836],[10.05505,46.51953],[10.0549,46.52236],[10.05533,46.52391],[10.05463,46.52565],[10.05395,46.52638],[10.05365,46.52787],[10.05245,46.52885],[10.05178,46.53021],[10.05311,46.5314],[10.05477,46.53192],[10.05488,46.53293],[10.054,46.53382],[10.05325,46.53401],[10.05037,46.53552],[10.04944,46.53557],[10.04697,46.53688],[10.04655,46.53758],[10.04531,46.53865],[10.04523,46.54171],[10.04621,46.54213],[10.0478,46.54364],[10.0482,46.54504],[10.05156,46.54529],[10.05275,46.54619],[10.05517,46.54582],[10.05766,46.54579],[10.05964,46.54635],[10.06276,46.54695],[10.06391,46.54916],[10.06583,46.5506],[10.06817,46.55146],[10.06918,46.5515],[10.07075,46.55363],[10.07023,46.55539],[10.07117,46.55704],[10.07221,46.55755],[10.07255,46.5584],[10.07213,46.55921],[10.07306,46.56028],[10.07483,46.56142],[10.07573,46.56138],[10.07919,46.56192],[10.08161,46.56412],[10.08254,46.56464],[10.08368,46.56474],[10.08457,46.56671],[10.08532,46.56705],[10.08674,46.56837],[10.08425,46.57093],[10.08109,46.57256],[10.08001,46.57427],[10.08002,46.57637],[10.08314,46.57676],[10.08399,46.57651],[10.08629,46.57701],[10.08948,46.57731],[10.09389,46.57824],[10.09513,46.57813],[10.09704,46.5786],[10.09854,46.58161],[10.10033,46.58336],[10.10203,46.58397],[10.10212,46.58492],[10.10286,46.58633],[10.10161,46.58731],[10.10137,46.58806],[10.10175,46.58929],[10.10251,46.59045],[10.10141,46.59164],[10.10045,46.59209],[10.09907,46.59335],[10.09838,46.59474],[10.09853,46.59584],[10.09937,46.59765],[10.09899,46.59903],[10.10126,46.60024],[10.10264,46.60227],[10.10181,46.60299],[10.10121,46.60429],[10.10072,46.60463],[10.10017,46.60606],[10.10021,46.60712],[10.10193,46.60817],[10.10274,46.60948],[10.1027,46.6107],[10.10371,46.61199],[10.10546,46.61209],[10.10803,46.61195],[10.10922,46.61086],[10.11051,46.61004],[10.11343,46.60919],[10.11461,46.60839],[10.11737,46.60809],[10.11858,46.60766],[10.12118,46.60711],[10.12355,46.6075],[10.12519,46.60737],[10.12607,46.60693],[10.1273,46.60691],[10.12898,46.60636],[10.13144,46.60728],[10.13292,46.60731],[10.13456,46.60809],[10.13593,46.60918],[10.13726,46.60883],[10.13803,46.60911],[10.13837,46.61158],[10.1387,46.61191],[10.1424,46.61219],[10.14498,46.61197],[10.14727,46.61323],[10.14913,46.61369],[10.15118,46.61468],[10.15272,46.61583],[10.15469,46.61626],[10.15725,46.61639],[10.15813,46.61605],[10.15991,46.61633],[10.16101,46.61728],[10.16167,46.61742],[10.16378,46.61696],[10.1752,46.62129],[10.18443,46.62523],[10.18935,46.62684],[10.19413,46.62719],[10.19508,46.62686],[10.1943,46.62614],[10.19425,46.6254],[10.19477,46.62439],[10.20774,46.62202],[10.21669,46.61819],[10.22016,46.62162],[10.22051,46.62247],[10.22139,46.62292],[10.22102,46.62523],[10.22218,46.62654],[10.22328,46.62727],[10.22348,46.62855],[10.22503,46.62967],[10.2255,46.63039],[10.22795,46.63134],[10.22891,46.63122],[10.23059,46.6329],[10.2343,46.63421],[10.23657,46.63476],[10.23738,46.63568],[10.24006,46.63653],[10.24161,46.63632],[10.24145,46.63525],[10.24169,46.63261],[10.24256,46.6283],[10.24616,46.62342],[10.2555,46.61524],[10.26027,46.6117],[10.2603,46.61104],[10.25845,46.60991],[10.25708,46.60963],[10.25643,46.60855],[10.25516,46.60753],[10.25371,46.60603],[10.2539,46.60531],[10.2525,46.60355],[10.25076,46.60276],[10.24976,46.60192],[10.24812,46.59928],[10.24772,46.59793],[10.24681,46.59664],[10.24376,46.59405],[10.24321,46.59285],[10.24289,46.59029],[10.24404,46.58882],[10.24436,46.58696],[10.24423,46.58639],[10.24546,46.58521],[10.24519,46.584],[10.24591,46.58185],[10.24608,46.58051],[10.24553,46.5793],[10.24676,46.57823],[10.24745,46.57626],[10.24784,46.57584],[10.25211,46.574],[10.25409,46.5728],[10.25551,46.57249],[10.25771,46.57431],[10.25944,46.57529],[10.26049,46.57536],[10.2621,46.57677],[10.26333,46.57699],[10.26519,46.5784],[10.26779,46.57804],[10.27022,46.57863],[10.27071,46.57894],[10.27342,46.5772],[10.2738,46.5757],[10.27569,46.57488],[10.27763,46.57449],[10.27808,46.57384],[10.27997,46.57315],[10.28146,46.57331],[10.28352,46.57224],[10.28483,46.57198],[10.28635,46.57222],[10.28886,46.57159],[10.29045,46.56973],[10.29056,46.56684],[10.29168,46.56501],[10.29363,46.56336],[10.29619,46.56078],[10.29737,46.56012],[10.29736,46.55927],[10.29788,46.55834],[10.29769,46.55744],[10.29789,46.55616],[10.29629,46.55446],[10.29581,46.5532],[10.29698,46.55221],[10.29745,46.55122],[10.30013,46.551],[10.30154,46.55039],[10.30352,46.55022],[10.30605,46.55045],[10.3079,46.55034],[10.30953,46.55067],[10.31172,46.54855],[10.31281,46.54793],[10.31481,46.54854],[10.31551,46.54916],[10.31733,46.54971],[10.31937,46.54943],[10.32107,46.55016],[10.32152,46.55073],[10.32329,46.55145],[10.32627,46.55202],[10.32685,46.55298],[10.32963,46.55143],[10.33193,46.55067],[10.33298,46.54929],[10.3353,46.54789],[10.33822,46.54448],[10.33958,46.54397],[10.34063,46.54406],[10.34197,46.5447],[10.34316,46.54491],[10.34509,46.54634],[10.34569,46.54742],[10.34971,46.55029],[10.35162,46.55067],[10.35178,46.55108],[10.35118,46.55304],[10.35123,46.55398],[10.35225,46.55515],[10.35242,46.55602],[10.35316,46.55688],[10.35845,46.5566],[10.36008,46.5569],[10.36527,46.55675],[10.36769,46.55609],[10.36897,46.5553],[10.37187,46.55518],[10.37293,46.55437],[10.37457,46.55378],[10.37749,46.5536],[10.37804,46.55289],[10.37976,46.55226],[10.37995,46.55165],[10.38122,46.55104],[10.38375,46.55101],[10.38566,46.55129],[10.38643,46.55049],[10.38957,46.54841],[10.39164,46.54778],[10.39262,46.54715],[10.39343,46.54707],[10.39531,46.54627],[10.39706,46.54582],[10.39784,46.54526],[10.39924,46.54524],[10.40134,46.54603],[10.40267,46.54689],[10.40389,46.54718],[10.4068,46.54878],[10.40796,46.54881],[10.40927,46.54935],[10.41019,46.55038],[10.41208,46.55067],[10.41379,46.55165],[10.41532,46.55213],[10.41796,46.55217],[10.4186,46.55251],[10.42052,46.55232],[10.42153,46.55169],[10.42258,46.55019],[10.42422,46.5493],[10.42633,46.54765],[10.43034,46.5456],[10.43502,46.54256],[10.43809,46.53863],[10.44185,46.53719],[10.44728,46.53494],[10.44946,46.53464],[10.4542,46.53192],[10.45539,46.53416],[10.4576,46.53648],[10.45998,46.53779],[10.46066,46.53908],[10.46082,46.54048],[10.46025,46.54171],[10.46071,46.54213],[10.46275,46.54252],[10.46441,46.54263],[10.46719,46.5425],[10.46925,46.54348],[10.47193,46.5435],[10.47287,46.54394],[10.4737,46.54478],[10.47329,46.54696],[10.4725,46.54963],[10.47428,46.55109],[10.47516,46.55227],[10.4759,46.55267],[10.47733,46.55552],[10.4775,46.55662],[10.47933,46.55866],[10.47884,46.55975],[10.47722,46.5614],[10.47629,46.56352],[10.47547,46.56396],[10.47583,46.56521],[10.47643,46.56607],[10.47653,46.56728],[10.47608,46.56792],[10.47791,46.56878],[10.47865,46.56991],[10.47877,46.57241],[10.47934,46.57304],[10.48064,46.57352],[10.48073,46.57418],[10.48195,46.57604],[10.48312,46.57681],[10.48521,46.57777],[10.4862,46.57878],[10.48537,46.58126],[10.4848,46.58218],[10.48581,46.58405],[10.48708,46.58498],[10.48671,46.58589],[10.48715,46.58621],[10.48832,46.58839],[10.48817,46.58944],[10.48903,46.59079],[10.48753,46.59191],[10.4864,46.59166],[10.48587,46.59292],[10.4853,46.5935],[10.4854,46.59442],[10.48633,46.5949],[10.48599,46.59598],[10.48749,46.59699],[10.48859,46.59812],[10.48877,46.59962],[10.48833,46.60095],[10.48845,46.6018],[10.48687,46.60291],[10.48664,46.60398],[10.48581,46.60505],[10.48591,46.60648],[10.48805,46.60838],[10.48866,46.60978],[10.49081,46.61087],[10.49133,46.61166],[10.49256,46.61232],[10.49357,46.61411],[10.49345,46.61593],[10.49227,46.61634],[10.48973,46.61652],[10.48568,46.61867],[10.4833,46.62112],[10.4815,46.62221],[10.47973,46.62351],[10.46904,46.63082],[10.46664,46.63204],[10.46397,46.6343],[10.45961,46.63689],[10.45615,46.63868],[10.44748,46.64253],[10.44485,46.64063],[10.44213,46.64052],[10.43617,46.64061],[10.43187,46.63996],[10.4279,46.63959],[10.42686,46.6397],[10.4235,46.63941],[10.42161,46.63957],[10.41676,46.63804],[10.41524,46.63746],[10.41193,46.63652],[10.41053,46.63631],[10.40805,46.6366],[10.40369,46.63807],[10.40126,46.63984],[10.40259,46.64083],[10.40315,46.64196],[10.40273,46.64288],[10.40302,46.64345],[10.40214,46.64416],[10.4018,46.64702],[10.40026,46.64915],[10.3987,46.65046],[10.3979,46.65076],[10.39757,46.65181],[10.39802,46.65305],[10.39762,46.65419],[10.39569,46.65482],[10.39549,46.65589],[10.39346,46.65637],[10.39326,46.65843],[10.39238,46.66025],[10.39398,46.66176],[10.39417,46.66319],[10.39337,46.66476],[10.39333,46.66631],[10.39359,46.6673],[10.39229,46.66937],[10.39349,46.67142],[10.39391,46.67286],[10.39298,46.67301],[10.39283,46.67382],[10.39175,46.67499],[10.39133,46.67597],[10.3911,46.67769],[10.39033,46.67845],[10.38939,46.67883],[10.38898,46.68007],[10.38782,46.68091],[10.3871,46.6829],[10.38493,46.68476],[10.38372,46.6852],[10.38324,46.68591],[10.38428,46.68799],[10.38497,46.68854],[10.38946,46.68856],[10.38932,46.68921],[10.39073,46.68984],[10.39216,46.68947],[10.39331,46.69016],[10.39472,46.69047],[10.39521,46.69189],[10.39717,46.69422],[10.39797,46.69704],[10.39857,46.69721],[10.3996,46.69945],[10.40473,46.70676],[10.40566,46.70621],[10.40771,46.70641],[10.40907,46.70625],[10.41141,46.70674],[10.41249,46.70714],[10.41537,46.70878],[10.41593,46.70973],[10.41698,46.70976],[10.41669,46.71064],[10.41702,46.71185],[10.41673,46.71349],[10.41749,46.71475],[10.41944,46.71578],[10.41888,46.71693],[10.41934,46.7181],[10.419,46.71854],[10.4203,46.71979],[10.42003,46.72052],[10.41668,46.72132],[10.41588,46.72183],[10.41537,46.7228],[10.41344,46.72456],[10.41245,46.725],[10.41236,46.72567],[10.41133,46.72606],[10.41073,46.7268],[10.41091,46.72867],[10.4106,46.72929],[10.40922,46.73038],[10.40749,46.7312],[10.4054,46.73176],[10.40376,46.73283],[10.40248,46.73336],[10.40148,46.73421],[10.40268,46.7356],[10.40479,46.73622],[10.40665,46.73707],[10.40789,46.73718],[10.40883,46.73823],[10.40975,46.73868],[10.41116,46.73882],[10.41338,46.74009],[10.41306,46.7406],[10.41432,46.74206],[10.42448,46.74654],[10.43338,46.75173],[10.43687,46.75388],[10.44024,46.75411],[10.44263,46.75343],[10.4432,46.7535],[10.44409,46.75514],[10.4445,46.75743],[10.44495,46.75796],[10.44534,46.76137],[10.44506,46.76258],[10.44543,46.76364],[10.44518,46.76467],[10.44373,46.76647],[10.444,46.76677],[10.44309,46.76853],[10.44339,46.76939],[10.44293,46.77019],[10.44322,46.77244],[10.44237,46.77384],[10.44189,46.77528],[10.44114,46.77551],[10.44092,46.77637],[10.43951,46.7773],[10.43846,46.77762],[10.43655,46.77881],[10.43581,46.77951],[10.4352,46.78119],[10.43542,46.7828],[10.43421,46.78361],[10.43256,46.78398],[10.43115,46.78519],[10.43066,46.78645],[10.42837,46.78706],[10.42584,46.78811],[10.42499,46.78823],[10.42412,46.78952],[10.42802,46.79105],[10.42934,46.79261],[10.42874,46.79331],[10.42819,46.79496],[10.42912,46.79514],[10.43089,46.79653],[10.43096,46.79805],[10.43374,46.79847],[10.4404,46.79891],[10.44409,46.80025],[10.44666,46.80189],[10.44804,46.80217],[10.44892,46.80201],[10.45019,46.8039],[10.45219,46.80562],[10.45232,46.80714],[10.45346,46.80772],[10.45495,46.80996],[10.45565,46.81159],[10.45578,46.81367],[10.4578,46.81518],[10.45921,46.81801],[10.45826,46.81854],[10.45745,46.8197],[10.45784,46.82143],[10.45725,46.82226],[10.45739,46.82339],[10.45893,46.82432],[10.46184,46.82582],[10.46123,46.82637],[10.46046,46.8284],[10.45923,46.82935],[10.45801,46.83147],[10.45929,46.83199],[10.46043,46.83284],[10.46134,46.83441],[10.46151,46.83602],[10.4645,46.83571],[10.4669,46.83641],[10.46792,46.83714],[10.4675,46.83842],[10.46788,46.84064],[10.4663,46.84116],[10.46526,46.84248],[10.46587,46.84351],[10.4669,46.84407],[10.46794,46.84516],[10.46779,46.84566],[10.46945,46.84739],[10.47028,46.84905],[10.47184,46.8497],[10.47324,46.84998],[10.47292,46.85059],[10.47107,46.85619],[10.46984,46.86119],[10.46942,46.86339],[10.47171,46.86798],[10.47268,46.87424],[10.47116,46.87845],[10.47065,46.88238],[10.46868,46.88413],[10.4683,46.88474],[10.46611,46.88556],[10.4706,46.8906],[10.47363,46.89247],[10.47354,46.89341],[10.47435,46.89419],[10.47651,46.89557],[10.47661,46.89693],[10.47708,46.89863],[10.4765,46.89982],[10.47668,46.90261],[10.47838,46.9038],[10.47915,46.90473],[10.47898,46.90628],[10.48011,46.90884],[10.48015,46.91021],[10.47975,46.91102],[10.48009,46.91207],[10.48337,46.91317],[10.48489,46.91388],[10.48543,46.91477],[10.48664,46.91565],[10.48764,46.91674],[10.48746,46.91867],[10.4867,46.91991],[10.48692,46.92046],[10.48826,46.92173],[10.4878,46.92329],[10.48836,46.92402],[10.48853,46.92543],[10.48931,46.92644],[10.48972,46.92757],[10.48947,46.92931],[10.48838,46.93047],[10.48693,46.93111],[10.48671,46.93273],[10.48736,46.93431],[10.48944,46.93565],[10.48831,46.93591],[10.48877,46.93727],[10.49077,46.93907],[10.4895,46.94003],[10.48814,46.93993],[10.48424,46.94051],[10.4826,46.94136],[10.48043,46.9414],[10.47749,46.9424],[10.47703,46.94334],[10.47634,46.9438],[10.47452,46.94421],[10.47375,46.94511],[10.47312,46.94643],[10.47208,46.94652],[10.47095,46.9474],[10.47024,46.94839],[10.46822,46.94875],[10.46683,46.94934],[10.46579,46.94925],[10.46386,46.94992],[10.46249,46.95097],[10.4609,46.95112],[10.4598,46.95202],[10.4583,46.95216],[10.45813,46.95288],[10.45722,46.954],[10.45623,46.95421],[10.45439,46.95382],[10.45057,46.95361],[10.44962,46.9542],[10.44576,46.95506],[10.44498,46.95493],[10.44292,46.95554],[10.44215,46.95516],[10.43998,46.95581],[10.43957,46.95672],[10.43879,46.9572],[10.43767,46.95708],[10.4356,46.95767],[10.43099,46.95727],[10.43005,46.95744],[10.42779,46.95861],[10.42714,46.95955],[10.42527,46.96019],[10.4248,46.96085],[10.42379,46.96124],[10.42342,46.96207],[10.4243,46.96306],[10.42452,46.96575],[10.42437,46.96687],[10.42609,46.96827],[10.42652,46.96928],[10.42766,46.97047],[10.42778,46.97185],[10.4285,46.97251],[10.42834,46.97341],[10.42891,46.97399],[10.4284,46.97484],[10.42855,46.97624],[10.428,46.97698],[10.42605,46.97833],[10.425,46.97956],[10.4224,46.98051],[10.41984,46.98227],[10.41615,46.98302],[10.41391,46.98394],[10.41339,46.98486],[10.41218,46.98531],[10.4118,46.98616],[10.41039,46.98739],[10.41,46.98809],[10.40747,46.99026],[10.40359,46.99215],[10.40221,46.99386],[10.40139,46.99588],[10.40012,46.99818],[10.39972,46.99844],[10.39072,47.00182],[10.38683,47.0012],[10.38406,47.00007],[10.38319,46.9989],[10.3817,46.99831],[10.38063,46.99738],[10.37982,46.99614],[10.37703,46.99452],[10.37496,46.99386],[10.37383,46.99223],[10.37221,46.99191],[10.3698,46.99208],[10.36844,46.99272],[10.36727,46.99284],[10.36601,46.99245],[10.36451,46.9929],[10.36125,46.99296],[10.36018,46.99275],[10.35914,46.99317],[10.35639,46.99366],[10.35575,46.99324],[10.35132,46.99231],[10.35045,46.99192],[10.34974,46.99105],[10.34801,46.99085],[10.34756,46.98936],[10.3477,46.98721],[10.34695,46.9864],[10.34594,46.98401],[10.34425,46.9833],[10.34345,46.9836],[10.34139,46.9826],[10.34124,46.98091],[10.34211,46.97967],[10.34119,46.97827],[10.33815,46.97593],[10.33706,46.97452],[10.33592,46.97381],[10.336,46.97265],[10.3354,46.97139],[10.33548,46.97077],[10.33453,46.96927],[10.33263,46.9682],[10.33213,46.96678],[10.33089,46.96556],[10.33059,46.96271],[10.33106,46.96024],[10.33051,46.95856],[10.32976,46.95776],[10.32975,46.95691],[10.32922,46.95527],[10.3275,46.95456],[10.32704,46.95393],[10.32225,46.95273],[10.32056,46.95305],[10.31724,46.9528],[10.31517,46.95249],[10.31075,46.95149],[10.31071,46.95086],[10.30994,46.95009],[10.30912,46.94836],[10.30918,46.94711],[10.30994,46.94464],[10.30878,46.9438],[10.30766,46.94234],[10.30757,46.94143],[10.30902,46.93938],[10.3104,46.93883],[10.31142,46.93711],[10.31267,46.93607],[10.31414,46.93573],[10.31532,46.93462],[10.31627,46.9342],[10.31692,46.93342],[10.31838,46.93239],[10.31817,46.92949],[10.31838,46.92722],[10.31735,46.92651],[10.3155,46.92645],[10.31092,46.92711],[10.30853,46.92655],[10.3065,46.92667],[10.30447,46.92647],[10.30219,46.92594],[10.30065,46.92463],[10.30033,46.92373],[10.2989,46.92241],[10.29827,46.92124],[10.29494,46.92315],[10.2935,46.92371],[10.29243,46.92455],[10.29129,46.92418],[10.26827,46.93012],[10.26362,46.93069],[10.26123,46.93078],[10.25889,46.93106],[10.2577,46.93141],[10.25386,46.93201],[10.24307,46.93292],[10.24195,46.93254],[10.24299,46.93075],[10.24294,46.92918],[10.24199,46.92704],[10.24201,46.92525],[10.24242,46.92394],[10.24252,46.92229],[10.24359,46.92065],[10.24235,46.91882],[10.2414,46.91798],[10.23859,46.91714],[10.23858,46.91625],[10.23729,46.91467],[10.23803,46.91348],[10.23737,46.91226],[10.23743,46.91163],[10.23664,46.91093],[10.23598,46.90917],[10.23583,46.90739],[10.2353,46.90698],[10.23576,46.90535],[10.23538,46.90489],[10.23469,46.90293],[10.23348,46.90169],[10.23324,46.9011],[10.23056,46.89896],[10.22948,46.8987],[10.22744,46.89774],[10.22865,46.8955],[10.22801,46.89435],[10.2289,46.89322],[10.22857,46.89286],[10.22899,46.89149],[10.23082,46.89039],[10.23207,46.89029],[10.2333,46.88922],[10.23433,46.88777],[10.23536,46.8872],[10.23622,46.88597],[10.23539,46.88363],[10.23592,46.88147],[10.23543,46.88071],[10.2353,46.87912],[10.23386,46.87734],[10.23376,46.87513],[10.23429,46.87383],[10.23389,46.87289],[10.23413,46.87219],[10.23223,46.87072],[10.23331,46.86801],[10.23212,46.86766],[10.22924,46.86742],[10.224,46.86767],[10.22194,46.86849],[10.2199,46.8685],[10.21787,46.86797],[10.21665,46.86739],[10.21058,46.8661],[10.20912,46.86645],[10.20642,46.86641],[10.20535,46.86604],[10.20215,46.86715],[10.2004,46.86791],[10.19748,46.86794],[10.19504,46.86773],[10.19389,46.86587],[10.19258,46.86427],[10.19086,46.86311],[10.18705,46.86196],[10.18614,46.86082],[10.18488,46.86029],[10.18416,46.85879],[10.18417,46.8578],[10.18339,46.85696],[10.18168,46.85607],[10.18046,46.85596],[10.17987,46.85533],[10.17795,46.85515],[10.17685,46.85483],[10.17314,46.85495],[10.17214,46.85404],[10.17171,46.85259],[10.17008,46.8519],[10.16532,46.85233],[10.16407,46.85227],[10.16317,46.85187],[10.16125,46.85028],[10.15879,46.84914],[10.15746,46.84953],[10.15707,46.851],[10.15634,46.85147],[10.15423,46.85192],[10.15318,46.85181],[10.15167,46.85228],[10.15079,46.8522],[10.14865,46.85269],[10.14633,46.85229],[10.14608,46.85112],[10.14481,46.85004],[10.14078,46.84866],[10.13707,46.84869],[10.13446,46.84893],[10.13295,46.84868],[10.13155,46.84911],[10.12993,46.84898],[10.12614,46.84933],[10.12428,46.84972],[10.12353,46.8486],[10.1213,46.84866],[10.12152,46.84766],[10.12076,46.84681],[10.1206,46.84551],[10.11973,46.84559],[10.11849,46.84503],[10.11786,46.84523],[10.11556,46.84449],[10.1144,46.84345],[10.11278,46.84331],[10.11212,46.84292],[10.11081,46.84308],[10.11035,46.84272],[10.10767,46.84271],[10.10652,46.84219],[10.10528,46.84374],[10.10431,46.84433],[10.10393,46.8455],[10.10229,46.84715],[10.10048,46.8484],[10.09979,46.84849],[10.09877,46.84931],[10.09745,46.85096],[10.09472,46.85181],[10.09367,46.85298],[10.0937,46.85368],[10.09304,46.85618],[10.09433,46.85838],[10.09396,46.85946],[10.09224,46.86043],[10.09001,46.86112],[10.08856,46.86246],[10.0873,46.86192],[10.08528,46.86161],[10.08249,46.86167],[10.07882,46.86283],[10.0763,46.86323],[10.06999,46.86251],[10.06904,46.86275],[10.06687,46.86265],[10.06468,46.86284],[10.06208,46.86202],[10.06092,46.86206],[10.05826,46.86334],[10.05705,46.86289],[10.05624,46.86299],[10.05453,46.86449],[10.05293,46.86501],[10.05215,46.86634],[10.05251,46.86814],[10.05202,46.86989],[10.05246,46.87192],[10.0519,46.8722],[10.0532,46.87336],[10.05334,46.87409],[10.05289,46.87505],[10.05376,46.87607],[10.05377,46.87717],[10.05299,46.87781],[10.05118,46.87849],[10.04874,46.88026],[10.04685,46.88123],[10.04533,46.88161],[10.0438,46.88173],[10.0435,46.88302],[10.04259,46.88425],[10.0426,46.88521],[10.0418,46.88571],[10.04027,46.8874],[10.03899,46.88805],[10.03601,46.88787],[10.03488,46.88876],[10.03363,46.88928],[10.03365,46.88985],[10.0329,46.89074],[10.03208,46.89106],[10.03165,46.89187],[10.03048,46.89257],[10.02907,46.89554],[10.02835,46.89603],[10.02783,46.8971],[10.02563,46.89776],[10.02473,46.89778],[10.02243,46.89977],[10.02122,46.90007],[10.01906,46.90291],[10.01745,46.90188],[10.01584,46.90142],[10.01426,46.90178],[10.01301,46.9016],[10.01115,46.90181],[10.00726,46.90009],[10.00471,46.90044],[10.00209,46.9012],[10.00012,46.90244],[9.99696,46.90358],[9.99464,46.90355],[9.99147,46.90377],[9.99084,46.90443],[9.98932,46.9052],[9.98816,46.90682],[9.98733,46.90671],[9.98379,46.90749],[9.9829,46.90958],[9.98358,46.91057],[9.98352,46.91129],[9.9827,46.91262],[9.98313,46.91321],[9.98199,46.91405],[9.98213,46.91466],[9.98154,46.9154],[9.98015,46.91601],[9.97922,46.91718],[9.97605,46.91694],[9.97449,46.91651],[9.974,46.91552],[9.97284,46.91467],[9.96995,46.91431],[9.96792,46.91351],[9.96592,46.91403],[9.96446,46.91369],[9.9625,46.91614],[9.9615,46.91638],[9.96042,46.91732],[9.95581,46.91662],[9.95342,46.91562],[9.95123,46.91556],[9.95062,46.9149],[9.94929,46.91453],[9.94747,46.91364],[9.94485,46.91441],[9.94331,46.91459],[9.94217,46.91433],[9.93857,46.9146],[9.93179,46.91708],[9.92972,46.91817],[9.92808,46.91834],[9.927,46.91883],[9.92412,46.91954],[9.92259,46.92057],[9.91916,46.92219],[9.91789,46.92296],[9.91749,46.92455],[9.91591,46.9261],[9.91345,46.92738],[9.91279,46.9268],[9.91126,46.92682],[9.90929,46.92622],[9.90766,46.92659],[9.90749,46.92712],[9.90559,46.92733],[9.90388,46.92814],[9.90279,46.92797],[9.90136,46.92863],[9.90072,46.9299],[9.89907,46.93089],[9.899,46.93151],[9.89771,46.93192],[9.8962,46.93282],[9.89273,46.93307],[9.8905,46.93357],[9.88653,46.93415],[9.88485,46.93475],[9.8845,46.93548],[9.88125,46.93636],[9.87901,46.93559],[9.87763,46.93642],[9.87837,46.93762],[9.87902,46.93943],[9.88088,46.94004],[9.88204,46.94141],[9.88045,46.942],[9.87924,46.9417],[9.87791,46.942],[9.87855,46.94365],[9.87781,46.94586],[9.87809,46.94613],[9.878,46.94904],[9.87659,46.95049],[9.87621,46.95169],[9.87833,46.95268],[9.87855,46.95382],[9.8791,46.95421],[9.87868,46.95561],[9.87965,46.95668],[9.88014,46.95789],[9.87868,46.95971],[9.8761,46.96079],[9.87461,46.96179],[9.87403,46.96314],[9.87245,46.96458],[9.87311,46.96513],[9.87373,46.96646],[9.87547,46.96722],[9.8768,46.96856],[9.87687,46.96959],[9.87752,46.97065],[9.87733,46.97143],[9.87616,46.9727],[9.87605,46.97336],[9.87749,46.97536],[9.87875,46.97615],[9.88048,46.97654],[9.88099,46.97787],[9.88221,46.97927],[9.88399,46.98025],[9.88446,46.98107],[9.88589,46.98215],[9.88443,46.98457],[9.88597,46.98566],[9.88615,46.98677],[9.88851,46.98786],[9.88894,46.98832],[9.89054,46.98873],[9.89329,46.99023],[9.89349,46.99175],[9.89192,46.99315],[9.89139,46.99436],[9.8915,46.99508],[9.89083,46.99572],[9.89067,46.99657],[9.89106,46.99761],[9.89059,46.99837],[9.89046,47.00056],[9.89012,47.00203],[9.88895,47.00199],[9.88653,47.00315],[9.88512,47.00329],[9.88354,47.00415],[9.88091,47.00526],[9.88037,47.00502],[9.87459,47.00765],[9.87466,47.00878],[9.87389,47.00986],[9.87227,47.01088],[9.87335,47.01173],[9.87235,47.01376],[9.87309,47.01477],[9.87469,47.01537],[9.87615,47.01533],[9.87724,47.01597],[9.87749,47.0166],[9.87951,47.01764],[9.88169,47.01853],[9.88064,47.02019],[9.88074,47.02086],[9.87758,47.02253],[9.87448,47.02288],[9.87252,47.02289],[9.871,47.0225],[9.87001,47.02273],[9.86852,47.02263],[9.86677,47.02288],[9.86432,47.02349],[9.86291,47.02363],[9.86199,47.02462],[9.86108,47.02452],[9.85842,47.02032],[9.85681,47.01922],[9.85508,47.01874],[9.85406,47.01772],[9.85221,47.0176],[9.84749,47.01753],[9.84438,47.01647],[9.84234,47.01643],[9.8401,47.01505],[9.83947,47.01426],[9.83776,47.01413],[9.83549,47.01484],[9.83523,47.01563],[9.83439,47.0159],[9.83209,47.01563],[9.83175,47.01661],[9.83007,47.01813],[9.82702,47.01903],[9.8258,47.02004],[9.82546,47.02092],[9.8195,47.02312],[9.81677,47.02385],[9.81512,47.02323],[9.81365,47.02304],[9.81266,47.02373],[9.811,47.02419],[9.81013,47.02503],[9.80887,47.02494],[9.80705,47.02676],[9.80546,47.02794],[9.80237,47.02946],[9.80284,47.03025],[9.80095,47.03098],[9.7993,47.03139],[9.79698,47.03152],[9.79664,47.03223],[9.79448,47.03253],[9.79321,47.03299],[9.79229,47.03411],[9.79203,47.03497],[9.79097,47.03607],[9.788,47.0371],[9.78699,47.03783],[9.78638,47.03882],[9.78624,47.03979],[9.78368,47.03974],[9.78242,47.03928],[9.77963,47.04013],[9.77903,47.03982],[9.77749,47.03992],[9.77623,47.04041],[9.7751,47.04013],[9.77329,47.04021],[9.76884,47.04009],[9.76736,47.0395],[9.76564,47.0393],[9.7644,47.03868],[9.76306,47.03898],[9.76169,47.03863],[9.75993,47.03902],[9.75827,47.03915],[9.75751,47.03854],[9.75602,47.03856],[9.7554,47.03817],[9.74877,47.03837],[9.74741,47.04008],[9.74657,47.04238],[9.74601,47.04276],[9.74355,47.0428],[9.74305,47.04391],[9.73942,47.0432],[9.73681,47.04372],[9.73594,47.04361],[9.73289,47.04477],[9.73004,47.04462],[9.72909,47.04492],[9.72629,47.04533],[9.72312,47.04499],[9.72171,47.04523],[9.72106,47.04478],[9.71987,47.04465],[9.71848,47.04533],[9.71814,47.04617],[9.71626,47.04646],[9.71529,47.04711],[9.7145,47.04701],[9.71246,47.0479],[9.70978,47.04862],[9.70806,47.04965],[9.70698,47.05166],[9.70946,47.0527],[9.70982,47.05309],[9.70896,47.05507],[9.70835,47.05508],[9.70547,47.05392],[9.7029,47.05352],[9.70177,47.0538],[9.69887,47.0537],[9.69637,47.05483],[9.69434,47.05528],[9.6938,47.0559],[9.69134,47.05641],[9.6895,47.05654],[9.68928,47.05709],[9.68762,47.05767],[9.68461,47.0596],[9.68333,47.06026],[9.68395,47.06165],[9.68315,47.06341],[9.68113,47.06353],[9.67874,47.06272],[9.67716,47.06187],[9.67635,47.06196],[9.67531,47.06137],[9.67397,47.06102],[9.67289,47.06112],[9.67055,47.06056],[9.66796,47.06125],[9.66647,47.06122],[9.66409,47.06082],[9.66262,47.06006],[9.66057,47.05959],[9.65804,47.05958],[9.65759,47.05981],[9.65557,47.05965],[9.65449,47.06009],[9.65087,47.06072],[9.64756,47.06083],[9.64636,47.06109],[9.645,47.06039],[9.64449,47.05874],[9.64374,47.05837],[9.64244,47.05648],[9.64263,47.05523],[9.63863,47.05356],[9.63784,47.05301],[9.63656,47.053],[9.63397,47.05256],[9.6313,47.05272],[9.62884,47.05307],[9.62763,47.05264],[9.62639,47.05367],[9.62351,47.05378],[9.62132,47.05463],[9.6185,47.05494],[9.61701,47.05663],[9.61441,47.05758],[9.61353,47.05851],[9.6121,47.05893],[9.61107,47.06017],[9.60987,47.06075],[9.60849,47.06202],[9.60477,47.06309],[9.60284,47.06226],[9.60225,47.06118],[9.60106,47.06028],[9.59784,47.05982],[9.59508,47.05858],[9.59298,47.05847],[9.5904,47.05699],[9.58936,47.05616],[9.58832,47.05607],[9.5847,47.055],[9.58347,47.05414],[9.58063,47.05413],[9.57977,47.05449],[9.5773,47.05458],[9.57491,47.05396],[9.57421,47.05408],[9.57338,47.05342],[9.56985,47.05312],[9.56586,47.05215],[9.56366,47.05076],[9.56274,47.05068],[9.56107,47.04988],[9.55821,47.04983],[9.55645,47.05162],[9.55567,47.05182],[9.55478,47.0544],[9.55456,47.0583],[9.55291,47.06016],[9.55186,47.06058],[9.55023,47.06228],[9.54598,47.06369],[9.54449,47.06499],[9.5408,47.06632],[9.53749,47.06553],[9.53644,47.06551],[9.53341,47.06426],[9.53188,47.06436],[9.51782,47.0614],[9.51665,47.05984],[9.51542,47.05865],[9.51335,47.05813],[9.50404,47.05754],[9.50128,47.05844],[9.50062,47.05612],[9.50081,47.05547],[9.49867,47.05547],[9.4946,47.05783],[9.49259,47.05757],[9.49135,47.05557],[9.4896,47.05403],[9.48703,47.0504],[9.48565,47.05057],[9.484,47.05308],[9.48316,47.05385],[9.48307,47.05599],[9.48355,47.05743],[9.48233,47.05739],[9.48136,47.0567],[9.48007,47.05697],[9.47817,47.05592],[9.47755,47.05477],[9.4781,47.05343],[9.47706,47.05307],[9.47852,47.05037],[9.47971,47.04879],[9.48275,47.0454],[9.48651,47.04161],[9.49441,47.03337],[9.50734,47.02],[9.50964,47.01687],[9.50961,47.01641],[9.51196,47.01045],[9.51284,47.00936],[9.51991,47.00185],[9.52286,46.99893],[9.54051,46.98349],[9.54686,46.97787],[9.54348,46.97593],[9.54251,46.9756],[9.54004,46.97593],[9.53709,46.97576],[9.53615,46.97595],[9.53401,46.9754],[9.53267,46.97525],[9.53144,46.97545],[9.52992,46.97518],[9.529,46.97416],[9.52648,46.97367],[9.5243,46.97387],[9.52281,46.97329],[9.52219,46.97274],[9.52022,46.97166],[9.52021,46.9713],[9.51868,46.96969],[9.51859,46.96875],[9.51998,46.9664],[9.519,46.96492],[9.51986,46.96389],[9.51941,46.96183],[9.5201,46.9578],[9.51953,46.95695],[9.51677,46.9563],[9.5148,46.95627],[9.51028,46.95588],[9.50715,46.95549],[9.50588,46.95497],[9.50526,46.95294],[9.50447,46.95185],[9.5042,46.95064],[9.50231,46.95064],[9.50148,46.95089],[9.50086,46.94922],[9.50012,46.94819],[9.4999,46.94638],[9.49835,46.94542],[9.49826,46.9445],[9.49701,46.94313],[9.49738,46.94164],[9.49554,46.94165],[9.49414,46.94052],[9.49498,46.93902],[9.4878,46.93682],[9.48795,46.93453],[9.48706,46.93239],[9.48699,46.93168],[9.48455,46.929],[9.48171,46.92728],[9.48039,46.92351],[9.47948,46.92197],[9.47906,46.92186],[9.47944,46.91932],[9.47992,46.91795],[9.47985,46.91698],[9.48159,46.91663],[9.48374,46.91549],[9.48927,46.91359],[9.48673,46.9117],[9.48355,46.9095],[9.48136,46.90878],[9.47879,46.90843],[9.47669,46.90772],[9.47607,46.90674],[9.47361,46.90535],[9.47262,46.90392],[9.47228,46.90271],[9.46852,46.90118],[9.46863,46.89934],[9.46905,46.89762],[9.47004,46.8964],[9.4699,46.89551],[9.47101,46.89277],[9.4704,46.89272],[9.46998,46.89121],[9.47011,46.89061],[9.46904,46.88856],[9.46809,46.88738],[9.46732,46.88719],[9.46548,46.88774],[9.46336,46.88792],[9.4618,46.88766],[9.45956,46.88794],[9.45719,46.8877],[9.45552,46.88735],[9.45537,46.88617],[9.45642,46.88532],[9.45694,46.88428],[9.45663,46.88371],[9.45721,46.8825],[9.45705,46.88155],[9.45592,46.87948],[9.45555,46.87817],[9.45435,46.87731],[9.45381,46.87591],[9.4521,46.87538],[9.45013,46.87418],[9.4495,46.87481],[9.44715,46.87635],[9.44626,46.87717],[9.44491,46.87772],[9.44244,46.87939],[9.44191,46.88006],[9.43907,46.88103],[9.43772,46.88277],[9.43701,46.88305],[9.43616,46.88438],[9.43543,46.88461],[9.43452,46.88587],[9.43282,46.8861],[9.43074,46.8868],[9.42947,46.88684],[9.42657,46.88896],[9.42116,46.89086],[9.42027,46.8908],[9.41715,46.89139],[9.41538,46.89237],[9.41239,46.89266],[9.4112,46.89327],[9.40857,46.89339],[9.40637,46.89367],[9.40185,46.89364],[9.40067,46.89343],[9.40011,46.89391],[9.39555,46.89471],[9.39405,46.89523],[9.39302,46.89606],[9.39075,46.8971],[9.38854,46.89791],[9.38295,46.89893],[9.38026,46.89871],[9.37591,46.89858],[9.37328,46.89867],[9.36925,46.89902],[9.36676,46.89821],[9.36611,46.89849],[9.36249,46.89863],[9.36064,46.89897],[9.35678,46.89941],[9.35449,46.89988],[9.35352,46.90048],[9.35235,46.90018],[9.35027,46.90081],[9.34828,46.90097],[9.34736,46.9008],[9.34436,46.89978],[9.33992,46.90332],[9.33871,46.90322],[9.33579,46.90337],[9.33474,46.90312],[9.33169,46.90309],[9.32702,46.90247],[9.32609,46.90168],[9.32509,46.90216],[9.32315,46.90189],[9.32194,46.90223],[9.31887,46.90253],[9.31759,46.90354],[9.31642,46.90407],[9.31394,46.90602],[9.31118,46.90706],[9.30663,46.90694],[9.30476,46.90718],[9.3023,46.90678],[9.29856,46.90759],[9.29657,46.90772],[9.29455,46.90838],[9.29198,46.90826],[9.29029,46.90759],[9.28816,46.90636],[9.28634,46.90673],[9.28389,46.90751],[9.28328,46.90801],[9.28169,46.90853],[9.27814,46.90865],[9.27531,46.90803],[9.27244,46.90649],[9.27015,46.90548],[9.26911,46.90449],[9.26794,46.90462],[9.26463,46.90678],[9.26302,46.90722],[9.25873,46.90969],[9.25804,46.9105],[9.25617,46.91375],[9.25559,46.91453],[9.25013,46.91757],[9.2487,46.91663],[9.24608,46.91579],[9.24492,46.91386],[9.24288,46.91229],[9.24215,46.91036],[9.24092,46.90921],[9.23772,46.90977],[9.23579,46.90959],[9.23443,46.90885],[9.23217,46.90798],[9.22974,46.90751],[9.22783,46.9069],[9.22752,46.90586],[9.22646,46.90482],[9.2258,46.90284],[9.22358,46.90087],[9.22253,46.89944],[9.22058,46.89808],[9.21922,46.89644],[9.21589,46.89421],[9.21603,46.89364],[9.21532,46.89302],[9.21426,46.89325],[9.21232,46.8906],[9.20989,46.88927],[9.20828,46.88869],[9.20733,46.88804],[9.20657,46.88686],[9.20536,46.88439],[9.20402,46.8844],[9.20245,46.88322],[9.20114,46.88194],[9.19909,46.88191],[9.19689,46.88136],[9.19651,46.88098],[9.19271,46.88003],[9.18997,46.87876],[9.18946,46.87773],[9.18748,46.87881],[9.18321,46.87989],[9.17868,46.8804],[9.16245,46.88065],[9.15884,46.88097],[9.15739,46.88069],[9.15594,46.88076],[9.15423,46.88113],[9.15802,46.87523],[9.15588,46.8743],[9.15348,46.87346],[9.15168,46.8738],[9.15019,46.87362],[9.14782,46.87247],[9.14571,46.87067],[9.14583,46.86973],[9.14549,46.8686],[9.14313,46.86699],[9.14278,46.86537],[9.14173,46.86482],[9.14177,46.86313],[9.13914,46.86302],[9.13731,46.86251],[9.13491,46.86119],[9.13363,46.8609],[9.13201,46.86097],[9.12952,46.86009],[9.12813,46.85789],[9.12661,46.85675],[9.12498,46.85664],[9.12361,46.85612],[9.12119,46.85615],[9.11839,46.85463],[9.1183,46.85435],[9.11524,46.85353],[9.11403,46.85259],[9.11378,46.85194],[9.11253,46.85167],[9.11057,46.85212],[9.10607,46.85377],[9.10563,46.85485],[9.10512,46.85722],[9.10482,46.86099],[9.10229,46.86303],[9.09791,46.86749],[9.09588,46.86888],[9.09553,46.8705],[9.09615,46.87217],[9.09418,46.87235],[9.09208,46.87299],[9.09088,46.87305],[9.08853,46.87365],[9.08588,46.87355],[9.08529,46.87412],[9.0827,46.87487],[9.0803,46.87539],[9.07826,46.87637],[9.07637,46.87657],[9.07458,46.87638],[9.07307,46.87668],[9.06943,46.876],[9.06809,46.87628],[9.06696,46.8761],[9.06592,46.8765],[9.06235,46.87511],[9.05923,46.87267],[9.05837,46.87142],[9.05657,46.87054],[9.05563,46.86958],[9.05374,46.8693],[9.05267,46.8688],[9.04958,46.86834],[9.04637,46.86627],[9.04629,46.86131],[9.04576,46.8601],[9.04539,46.85681],[9.04599,46.85624],[9.04625,46.85472],[9.04728,46.85191],[9.04662,46.85094],[9.04377,46.84998],[9.04187,46.8491],[9.03998,46.84777],[9.03878,46.84641],[9.03808,46.84477],[9.03739,46.84404],[9.03493,46.84034],[9.0356,46.83664],[9.03299,46.83553],[9.03119,46.83432],[9.03056,46.83325],[9.02859,46.83122],[9.02663,46.82698],[9.02259,46.82303],[9.02117,46.81862],[9.01021,46.81247],[9.00008,46.81211],[8.99715,46.81159],[8.99217,46.81011],[8.98908,46.8096],[8.9869,46.80973],[8.98496,46.80936],[8.98189,46.80849],[8.97852,46.80895],[8.97531,46.80846],[8.97237,46.80824],[8.97009,46.80767],[8.96684,46.80781],[8.96503,46.80715],[8.96214,46.80681],[8.95894,46.80573],[8.95719,46.80614],[8.9545,46.80627],[8.95273,46.80491],[8.95191,46.80399],[8.94882,46.80364],[8.94608,46.80358],[8.94422,46.80286],[8.94262,46.80195],[8.94136,46.80071],[8.93598,46.79996],[8.93409,46.79905],[8.93096,46.79862],[8.92926,46.79778],[8.92786,46.79906],[8.92483,46.7996],[8.92118,46.79941],[8.91928,46.79961],[8.91703,46.80045],[8.91652,46.80114],[8.91524,46.8019],[8.91458,46.80279],[8.91468,46.80348],[8.91564,46.80434],[8.91589,46.80628],[8.91624,46.80722],[8.91583,46.80934],[8.91525,46.8099],[8.91581,46.81043],[8.91604,46.81244],[8.91378,46.81263],[8.90858,46.81154],[8.90736,46.81199],[8.90557,46.81214],[8.90223,46.81305],[8.90118,46.81376],[8.9015,46.81478],[8.89956,46.81552],[8.89818,46.81547],[8.89612,46.81509],[8.89251,46.81469],[8.89155,46.81539],[8.88964,46.81571],[8.88633,46.81517],[8.88515,46.81542],[8.87822,46.81421],[8.87667,46.81262],[8.8754,46.81018],[8.87406,46.80953],[8.87252,46.80923],[8.87085,46.8084],[8.87063,46.80794],[8.86724,46.80802],[8.86409,46.80729],[8.86105,46.80699],[8.85863,46.80526],[8.8587,46.80453],[8.85641,46.80325],[8.85598,46.80262],[8.85398,46.80146],[8.85371,46.80098],[8.85048,46.8001],[8.84847,46.7993],[8.84816,46.79776],[8.84904,46.79575],[8.84888,46.79481],[8.84783,46.79474],[8.84226,46.79502],[8.83983,46.79641],[8.83744,46.79655],[8.83518,46.79633],[8.83425,46.79528],[8.83186,46.79389],[8.82931,46.79343],[8.82885,46.79293],[8.82836,46.79081],[8.82747,46.78964],[8.82777,46.78853],[8.82902,46.78748],[8.82911,46.78667],[8.83012,46.78483],[8.82996,46.7836],[8.83026,46.78312],[8.82916,46.78145],[8.82932,46.77988],[8.83043,46.77845],[8.83103,46.77699],[8.83116,46.77523],[8.83161,46.7746],[8.83152,46.77244],[8.83264,46.77082],[8.83407,46.77003],[8.83574,46.76814],[8.83398,46.76682],[8.83288,46.76562],[8.83174,46.76575],[8.82658,46.76732],[8.82416,46.76593],[8.82375,46.76489],[8.82168,46.76445],[8.81971,46.76377],[8.81939,46.76303],[8.82011,46.7612],[8.81973,46.75969],[8.81846,46.75933],[8.81726,46.75842],[8.81569,46.75655],[8.81513,46.75533],[8.81539,46.7546],[8.81487,46.75411],[8.81531,46.75127],[8.81414,46.7495],[8.81408,46.74891],[8.81319,46.74849],[8.81159,46.74621],[8.8123,46.74292],[8.81414,46.7386],[8.81337,46.73849],[8.81165,46.73762],[8.80973,46.73638],[8.80794,46.73634],[8.80473,46.73527],[8.80269,46.73387],[8.80068,46.73273],[8.80015,46.73302],[8.79871,46.73291],[8.79591,46.733],[8.79328,46.73265],[8.79039,46.73165],[8.78813,46.73134],[8.78653,46.73067],[8.78314,46.72959],[8.78169,46.7325],[8.77852,46.73351],[8.77751,46.73512],[8.77769,46.73572],[8.77666,46.73632],[8.77682,46.73718],[8.77468,46.73899],[8.77446,46.74015],[8.77394,46.74104],[8.7726,46.74149],[8.77132,46.7416],[8.77056,46.74223],[8.77092,46.74306],[8.77061,46.74436],[8.77075,46.74563],[8.76727,46.74607],[8.76488,46.7451],[8.76217,46.74422],[8.76005,46.7431],[8.75893,46.74284],[8.75731,46.74199],[8.75413,46.73942],[8.75218,46.73881],[8.7508,46.7377],[8.74879,46.73719],[8.74905,46.73647],[8.74837,46.73458],[8.74626,46.733],[8.74663,46.7328],[8.74576,46.73112],[8.74555,46.73016],[8.74955,46.72377],[8.75024,46.72321],[8.75022,46.72202],[8.74868,46.71966],[8.74685,46.7184],[8.74417,46.71741],[8.74195,46.71589],[8.73864,46.71534],[8.73643,46.71432],[8.73562,46.71365],[8.73434,46.71313],[8.73262,46.71181],[8.73083,46.70997],[8.72877,46.70872],[8.72725,46.70815],[8.72557,46.70796],[8.72128,46.7082],[8.72061,46.70779],[8.71885,46.70736],[8.71853,46.70659],[8.71882,46.70532],[8.71834,46.70387],[8.71628,46.70283],[8.71243,46.70153],[8.71123,46.70147],[8.71013,46.70024],[8.70608,46.70222],[8.70518,46.70337],[8.7023,46.70467],[8.69971,46.70476],[8.69785,46.70416],[8.69668,46.70411],[8.69373,46.70313],[8.69274,46.70226],[8.69179,46.69984],[8.69044,46.69745],[8.68743,46.69546],[8.68501,46.69593],[8.68361,46.69566],[8.68173,46.69633],[8.67944,46.69623],[8.67747,46.69549],[8.6755,46.69342],[8.67479,46.69219],[8.6751,46.6902],[8.67492,46.68952],[8.67621,46.68656],[8.67617,46.68533],[8.67513,46.68455],[8.67437,46.68359],[8.67398,46.6825],[8.67536,46.67961],[8.6748,46.678],[8.6753,46.67707],[8.67461,46.67391],[8.67474,46.67269],[8.67516,46.67197],[8.67828,46.66936],[8.67975,46.66554],[8.67656,46.66415],[8.67527,46.6627],[8.67268,46.66018],[8.66735,46.65724],[8.66253,46.6573],[8.65602,46.65124],[8.6572,46.64977],[8.65934,46.64904],[8.65955,46.64843],[8.65868,46.64626],[8.65757,46.64501],[8.65753,46.64448],[8.65861,46.6429],[8.65761,46.64212],[8.65684,46.641],[8.65493,46.64058],[8.6546,46.64005],[8.65301,46.63921],[8.6522,46.63586],[8.65267,46.63529],[8.6548,46.63397],[8.65772,46.6326],[8.65758,46.6311],[8.65914,46.62982],[8.65931,46.62825],[8.65909,46.62743],[8.66039,46.6262],[8.66211,46.62578],[8.66369,46.6247],[8.66502,46.6244],[8.66516,46.62295],[8.66892,46.62137],[8.67248,46.62088],[8.67517,46.6213],[8.67658,46.62099],[8.67782,46.62124],[8.67988,46.61726],[8.67944,46.61578],[8.67889,46.61063],[8.67961,46.61015],[8.68077,46.60689],[8.68064,46.60622],[8.67885,46.60448],[8.67868,46.6032],[8.6783,46.60285],[8.67842,46.6013],[8.67786,46.60064],[8.67841,46.59954],[8.68175,46.59632],[8.6817,46.59431],[8.68306,46.5898],[8.67988,46.58046]]]},"properties":{"id":18,"name":"Graubünden"}},
{"type":"Feature","geometry":{"type":"MultiPolygon","coordinates":[[[[6.78067,46.85428],[6.75611,46.87178],[6.7527,46.87193],[6.75145,46.87245],[6.74142,46.87311],[6.74084,46.8733],[6.73915,46.87228],[6.73549,46.87038],[6.73423,46.86922],[6.73345,46.86966],[6.73408,46.87073],[6.7349,46.87312],[6.73673,46.87405],[6.73764,46.87513],[6.7387,46.87794],[6.74009,46.88002],[6.74079,46.88338],[6.7415,46.88488],[6.74084,46.8857],[6.73885,46.88588],[6.74024,46.89225],[6.74095,46.89614],[6.7326,46.90046],[6.72751,46.90326],[6.72184,46.90671],[6.71754,46.9074],[6.71859,46.91304],[6.71837,46.91719],[6.7217,46.92715],[6.72454,46.93244],[6.72271,46.93306],[6.72201,46.93368],[6.72105,46.93513],[6.72172,46.93663],[6.72167,46.93742],[6.71646,46.93612],[6.70869,46.93378],[6.69023,46.92838],[6.68487,46.92689],[6.68076,46.92535],[6.66935,46.92189],[6.66381,46.91923],[6.65568,46.91545],[6.65485,46.91471],[6.65245,46.91369],[6.64805,46.91203],[6.64774,46.91162],[6.64632,46.90749],[6.63703,46.89858],[6.62793,46.89003],[6.61546,46.89023],[6.60987,46.88859],[6.60731,46.88797],[6.59944,46.88494],[6.5978,46.88485],[6.59418,46.88568],[6.58845,46.88563],[6.57562,46.8818],[6.5712,46.88014],[6.56571,46.87757],[6.56299,46.87655],[6.56072,46.87539],[6.55793,46.87502],[6.55711,46.87448],[6.55575,46.87468],[6.55399,46.87457],[6.55225,46.87411],[6.55046,46.87316],[6.54715,46.87053],[6.54553,46.86976],[6.54464,46.8696],[6.5399,46.86819],[6.53858,46.86817],[6.53617,46.86606],[6.53494,46.8652],[6.5314,46.86168],[6.5295,46.86038],[6.52612,46.85925],[6.52412,46.85788],[6.51516,46.85611],[6.5052,46.85369],[6.49415,46.8508],[6.48756,46.84915],[6.48291,46.84791],[6.47152,46.84845],[6.46732,46.84915],[6.46616,46.85215],[6.46083,46.85262],[6.45585,46.84724],[6.44396,46.83403],[6.44031,46.82529],[6.44163,46.81713],[6.43184,46.81367],[6.43558,46.8028],[6.44227,46.79917],[6.44861,46.79583],[6.4538,46.7929],[6.45921,46.79009],[6.45497,46.78354],[6.45247,46.77994],[6.45306,46.77553],[6.44968,46.77457],[6.43924,46.76799],[6.4387,46.76443],[6.44017,46.76406],[6.43899,46.76308],[6.43583,46.76115],[6.43111,46.7581],[6.42542,46.75577],[6.42014,46.75444],[6.41212,46.75282],[6.40417,46.75133],[6.40167,46.7522],[6.40068,46.75097],[6.39599,46.74978],[6.38919,46.7446],[6.38927,46.74369],[6.39097,46.74355],[6.39203,46.74243],[6.39281,46.74028],[6.39023,46.73638],[6.38471,46.73234],[6.38161,46.73189],[6.38049,46.73206],[6.37979,46.73168],[6.37763,46.73195],[6.37555,46.73242],[6.37347,46.73201],[6.37183,46.73199],[6.36857,46.73045],[6.37209,46.73049],[6.37248,46.72542],[6.36748,46.7245],[6.36675,46.72365],[6.36587,46.72389],[6.36494,46.72307],[6.36408,46.72363],[6.36208,46.72365],[6.36095,46.72439],[6.35808,46.72103],[6.35454,46.71951],[6.35292,46.71616],[6.35015,46.71575],[6.34201,46.71142],[6.33322,46.70914],[6.32791,46.70755],[6.32589,46.70778],[6.31634,46.70394],[6.29783,46.69558],[6.29627,46.69581],[6.29323,46.6944],[6.28648,46.69263],[6.28276,46.69197],[6.27981,46.6888],[6.27667,46.68697],[6.2699,46.68385],[6.27003,46.68297],[6.26958,46.68137],[6.27113,46.68111],[6.27096,46.67989],[6.27007,46.67989],[6.26958,46.67923],[6.26875,46.67943],[6.26802,46.67751],[6.25773,46.6709],[6.25397,46.66855],[6.2456,46.66367],[6.24311,46.66217],[6.23887,46.65886],[6.23677,46.65785],[6.23352,46.65575],[6.23156,46.65287],[6.22833,46.64949],[6.22457,46.64752],[6.21978,46.64638],[6.21742,46.64441],[6.2182,46.64358],[6.21742,46.64298],[6.21627,46.64301],[6.21362,46.64234],[6.21372,46.6414],[6.20816,46.63692],[6.20749,46.63698],[6.20633,46.6363],[6.2048,46.63758],[6.20026,46.63582],[6.20134,46.63491],[6.19797,46.63142],[6.19659,46.63082],[6.19726,46.62995],[6.19593,46.62929],[6.19441,46.62807],[6.19159,46.62675],[6.19007,46.62705],[6.1892,46.62594],[6.18631,46.62497],[6.1842,46.62268],[6.18025,46.6214],[6.17985,46.62021],[6.1805,46.61947],[6.17972,46.61704],[6.17241,46.61381],[6.16962,46.61284],[6.16607,46.61136],[6.16195,46.61126],[6.16022,46.60992],[6.15863,46.60897],[6.15716,46.60745],[6.15458,46.60527],[6.15444,46.60494],[6.1523,46.60465],[6.14876,46.60347],[6.14701,46.60221],[6.14259,46.59938],[6.14035,46.59891],[6.13685,46.5967],[6.13322,46.59462],[6.13063,46.59286],[6.12726,46.59121],[6.12467,46.58872],[6.1226,46.5853],[6.11901,46.58304],[6.11577,46.58122],[6.11121,46.57773],[6.11448,46.57559],[6.12447,46.56867],[6.12829,46.56607],[6.14292,46.55628],[6.14599,46.5543],[6.14854,46.55251],[6.15652,46.54723],[6.15741,46.54658],[6.1528,46.54343],[6.14933,46.54065],[6.15422,46.53807],[6.15295,46.53685],[6.14443,46.52902],[6.1387,46.53228],[6.13321,46.52774],[6.12205,46.51874],[6.11335,46.51084],[6.11072,46.50541],[6.10438,46.49543],[6.09972,46.48581],[6.09764,46.48258],[6.08629,46.47492],[6.0776,46.46864],[6.07353,46.46672],[6.07384,46.46543],[6.07465,46.46475],[6.07419,46.46116],[6.07765,46.45887],[6.07515,46.45478],[6.07933,46.45164],[6.08513,46.44872],[6.08714,46.44515],[6.08636,46.4421],[6.0753,46.43344],[6.07463,46.42963],[6.07132,46.42679],[6.06781,46.42212],[6.06459,46.41766],[6.06833,46.41617],[6.08318,46.41343],[6.08801,46.41248],[6.09837,46.41031],[6.09862,46.40919],[6.09945,46.40925],[6.10019,46.40848],[6.09981,46.4076],[6.10056,46.40712],[6.10082,46.40601],[6.10243,46.40482],[6.10338,46.40358],[6.10388,46.40351],[6.10474,46.40231],[6.10642,46.40068],[6.10957,46.40082],[6.11456,46.39809],[6.11538,46.39883],[6.11385,46.39992],[6.11372,46.40121],[6.11904,46.39846],[6.13246,46.39125],[6.13544,46.38997],[6.13837,46.38791],[6.14434,46.38353],[6.14744,46.38137],[6.1475,46.38091],[6.14956,46.37979],[6.15042,46.37879],[6.15245,46.37859],[6.15464,46.37881],[6.15552,46.37989],[6.15778,46.37899],[6.15917,46.38101],[6.16092,46.38001],[6.16124,46.37826],[6.16188,46.37752],[6.16188,46.37616],[6.16326,46.37572],[6.16362,46.37511],[6.16664,46.37319],[6.17049,46.36909],[6.17068,46.36735],[6.16944,46.36659],[6.16222,46.36118],[6.16002,46.35856],[6.15976,46.35732],[6.15928,46.35706],[6.15826,46.35389],[6.15916,46.35292],[6.15853,46.35129],[6.15712,46.35072],[6.15714,46.3501],[6.15526,46.34944],[6.15442,46.3485],[6.15273,46.34869],[6.15257,46.34706],[6.15182,46.34644],[6.15188,46.34567],[6.15048,46.34507],[6.15015,46.34397],[6.14826,46.34324],[6.14663,46.34293],[6.14679,46.34224],[6.14562,46.34207],[6.14472,46.34258],[6.14138,46.34157],[6.14089,46.34053],[6.13958,46.34076],[6.13961,46.34006],[6.13866,46.33999],[6.13864,46.33789],[6.13796,46.33692],[6.13999,46.33604],[6.13998,46.33466],[6.13959,46.33424],[6.13831,46.33444],[6.13696,46.33323],[6.13779,46.33222],[6.13598,46.33069],[6.13592,46.32993],[6.13464,46.32931],[6.13478,46.32885],[6.13337,46.32676],[6.13239,46.32619],[6.13226,46.32531],[6.12966,46.32366],[6.1291,46.32292],[6.12767,46.32249],[6.12678,46.32096],[6.126,46.32056],[6.12687,46.31901],[6.12653,46.31873],[6.1274,46.31823],[6.12668,46.31747],[6.12953,46.31655],[6.12892,46.3156],[6.13064,46.31408],[6.13444,46.31177],[6.13432,46.31138],[6.13543,46.31015],[6.13681,46.30929],[6.14152,46.30667],[6.14148,46.30599],[6.14519,46.30463],[6.15137,46.30224],[6.15413,46.30041],[6.16035,46.29897],[6.16794,46.29643],[6.17104,46.29603],[6.19949,46.28568],[6.22031,46.31314],[6.23308,46.33169],[6.20761,46.3401],[6.2069,46.34062],[6.20491,46.34092],[6.20433,46.34008],[6.19388,46.34498],[6.19564,46.34988],[6.19414,46.35012],[6.19237,46.34985],[6.19028,46.35079],[6.18956,46.35139],[6.18801,46.35083],[6.18702,46.3508],[6.1837,46.35199],[6.18407,46.35243],[6.18107,46.35403],[6.1763,46.35506],[6.17379,46.35591],[6.17278,46.35739],[6.17185,46.35966],[6.177,46.36131],[6.17477,46.36304],[6.17516,46.36364],[6.17919,46.36502],[6.181,46.36584],[6.18483,46.364],[6.18644,46.36299],[6.18666,46.36253],[6.18877,46.3616],[6.19292,46.36199],[6.19529,46.36206],[6.19842,46.36167],[6.19936,46.36047],[6.19869,46.35988],[6.20123,46.35686],[6.20282,46.35603],[6.20578,46.35652],[6.2083,46.35625],[6.21063,46.35531],[6.21342,46.35442],[6.24219,46.34493],[6.25373,46.36168],[6.29373,46.38275],[6.3341,46.40398],[6.33598,46.40498],[6.36732,46.40918],[6.42642,46.41707],[6.46939,46.43573],[6.51992,46.45764],[6.58586,46.45685],[6.64143,46.45614],[6.6827,46.4556],[6.73453,46.4455],[6.78894,46.43486],[6.82192,46.42842],[6.82253,46.42823],[6.82571,46.42589],[6.85565,46.39962],[6.85874,46.39697],[6.86332,46.39221],[6.86739,46.3897],[6.87066,46.38735],[6.87433,46.38392],[6.87524,46.38322],[6.87717,46.38225],[6.87947,46.38145],[6.88194,46.3802],[6.88468,46.3782],[6.88563,46.37733],[6.88661,46.37555],[6.8871,46.37358],[6.88772,46.36899],[6.88779,46.36767],[6.88736,46.36523],[6.88631,46.36301],[6.88319,46.35856],[6.88259,46.35704],[6.88292,46.35511],[6.88382,46.35389],[6.8852,46.35292],[6.88718,46.35193],[6.88864,46.35099],[6.89127,46.3482],[6.89437,46.34393],[6.8958,46.34248],[6.89818,46.34106],[6.89977,46.34042],[6.90259,46.33983],[6.90552,46.33982],[6.91582,46.34086],[6.9184,46.34073],[6.92087,46.33989],[6.92217,46.33906],[6.93027,46.33194],[6.93109,46.33108],[6.93204,46.32933],[6.93303,46.32609],[6.93331,46.32425],[6.93269,46.3196],[6.93274,46.31747],[6.93403,46.3141],[6.93499,46.30987],[6.9365,46.30623],[6.93682,46.30457],[6.93689,46.30111],[6.93774,46.29904],[6.93861,46.29803],[6.93976,46.29717],[6.94296,46.29536],[6.94749,46.29378],[6.95054,46.29244],[6.95181,46.29167],[6.95942,46.28647],[6.96112,46.28485],[6.96191,46.28331],[6.9643,46.27551],[6.96486,46.27273],[6.96571,46.27051],[6.96739,46.26853],[6.97514,46.26189],[6.97658,46.26081],[6.98125,46.25778],[6.98651,46.25506],[6.98791,46.25408],[6.9888,46.25283],[6.98902,46.25205],[6.98971,46.24693],[6.98992,46.24615],[6.99121,46.24446],[6.99414,46.24206],[6.99506,46.24111],[6.99624,46.23865],[6.99789,46.23706],[7.00109,46.23582],[7.00206,46.23517],[7.00321,46.23369],[7.00368,46.23056],[7.0033,46.22804],[7.00345,46.22652],[7.00453,46.22447],[7.00531,46.22392],[7.00723,46.22325],[7.00842,46.22243],[7.00899,46.22141],[7.00941,46.21927],[7.01063,46.21583],[7.01122,46.21274],[7.01229,46.20982],[7.01237,46.20736],[7.01353,46.20609],[7.0176,46.20466],[7.02173,46.20246],[7.02584,46.19894],[7.02712,46.19737],[7.02835,46.19504],[7.0298,46.19324],[7.03243,46.1913],[7.03332,46.18905],[7.03406,46.18831],[7.03488,46.18918],[7.03835,46.18926],[7.04164,46.1903],[7.04213,46.19116],[7.04489,46.19135],[7.04641,46.19192],[7.04738,46.19258],[7.05045,46.19391],[7.05276,46.19421],[7.05354,46.19532],[7.05531,46.19595],[7.05711,46.19694],[7.05988,46.19723],[7.06083,46.19782],[7.06184,46.19897],[7.06486,46.20067],[7.06656,46.20099],[7.07213,46.20225],[7.0747,46.20104],[7.07785,46.2002],[7.07907,46.20086],[7.0826,46.201],[7.08412,46.20181],[7.08609,46.2022],[7.08685,46.20263],[7.089,46.20277],[7.09098,46.20377],[7.09451,46.20607],[7.09627,46.20815],[7.09758,46.20893],[7.10048,46.20914],[7.10254,46.21084],[7.10717,46.21226],[7.10758,46.21283],[7.10949,46.21358],[7.10953,46.21394],[7.1111,46.21495],[7.11198,46.21516],[7.11226,46.21589],[7.11399,46.21749],[7.11581,46.21834],[7.11658,46.21892],[7.11583,46.21961],[7.11766,46.2209],[7.11856,46.22129],[7.11986,46.22247],[7.11976,46.22318],[7.12084,46.22404],[7.12314,46.22459],[7.12221,46.22615],[7.12271,46.2276],[7.12267,46.22885],[7.12211,46.23056],[7.12432,46.23374],[7.12422,46.23446],[7.12506,46.23717],[7.12635,46.23809],[7.12737,46.23847],[7.1317,46.23802],[7.13603,46.2378],[7.1386,46.23823],[7.14186,46.23914],[7.14327,46.23998],[7.14469,46.24149],[7.14475,46.24193],[7.14617,46.24285],[7.14836,46.24333],[7.15049,46.24407],[7.15232,46.24596],[7.15249,46.24703],[7.15219,46.24762],[7.15266,46.24932],[7.15365,46.2509],[7.15432,46.25155],[7.15613,46.25399],[7.1615,46.25446],[7.16611,46.25759],[7.1667,46.25851],[7.1682,46.26008],[7.17011,46.26152],[7.17242,46.26234],[7.17287,46.26389],[7.17561,46.2667],[7.17658,46.267],[7.17799,46.26838],[7.17905,46.26983],[7.18009,46.27025],[7.182,46.26964],[7.18462,46.26972],[7.18724,46.2706],[7.18932,46.27191],[7.19031,46.27415],[7.19024,46.27462],[7.18828,46.27963],[7.18721,46.28409],[7.18771,46.28482],[7.18965,46.2854],[7.19119,46.28625],[7.19389,46.28612],[7.19574,46.28693],[7.19502,46.28838],[7.19478,46.28963],[7.19528,46.29031],[7.19785,46.29038],[7.19015,46.29642],[7.18996,46.30514],[7.2224,46.3305],[7.22361,46.34982],[7.22181,46.35417],[7.22059,46.35735],[7.21976,46.3588],[7.22253,46.35958],[7.2243,46.35987],[7.22532,46.36052],[7.22734,46.36047],[7.22873,46.36238],[7.23072,46.36275],[7.22992,46.3636],[7.22898,46.36363],[7.22835,46.36472],[7.22655,46.36584],[7.22351,46.36482],[7.22056,46.36332],[7.21788,46.36284],[7.217,46.36325],[7.21535,46.36538],[7.21186,46.36885],[7.21129,46.37067],[7.21117,46.3723],[7.21029,46.37378],[7.20813,46.37474],[7.20854,46.37868],[7.20922,46.37993],[7.20655,46.38087],[7.2046,46.38],[7.2032,46.37992],[7.20225,46.38018],[7.20082,46.38009],[7.19462,46.38018],[7.19512,46.38326],[7.19514,46.38444],[7.19584,46.38616],[7.19767,46.38813],[7.1994,46.39071],[7.19929,46.39191],[7.20176,46.39412],[7.20281,46.39673],[7.20465,46.39847],[7.20551,46.40072],[7.20544,46.40167],[7.20869,46.40424],[7.20854,46.40751],[7.20784,46.40965],[7.20845,46.41237],[7.20914,46.41343],[7.20935,46.41511],[7.20996,46.41656],[7.21077,46.41754],[7.21016,46.41828],[7.20882,46.41922],[7.20768,46.42056],[7.20726,46.42251],[7.20452,46.42333],[7.2027,46.42521],[7.2013,46.42723],[7.20083,46.42946],[7.20006,46.43052],[7.19783,46.43187],[7.19746,46.43249],[7.19645,46.43289],[7.19573,46.43367],[7.19372,46.43502],[7.19345,46.43649],[7.19405,46.43758],[7.19586,46.44188],[7.19734,46.44182],[7.19966,46.44142],[7.2014,46.44206],[7.20312,46.44182],[7.20503,46.44124],[7.20515,46.44049],[7.20605,46.44041],[7.21086,46.44074],[7.21405,46.44077],[7.21978,46.44264],[7.22348,46.44327],[7.22401,46.44358],[7.22606,46.44554],[7.22705,46.4483],[7.22708,46.44938],[7.22794,46.45074],[7.22688,46.45291],[7.22816,46.45337],[7.23064,46.45463],[7.23271,46.45485],[7.23324,46.4552],[7.23097,46.45636],[7.22987,46.45752],[7.2274,46.45881],[7.2298,46.46019],[7.23073,46.46287],[7.22981,46.4636],[7.23103,46.46547],[7.23177,46.46779],[7.22822,46.47369],[7.22589,46.47875],[7.22549,46.4861],[7.22505,46.48816],[7.22612,46.48818],[7.22813,46.48758],[7.22841,46.48847],[7.23007,46.48825],[7.23024,46.48867],[7.23217,46.48899],[7.2371,46.4893],[7.23677,46.49111],[7.23693,46.4926],[7.23647,46.49407],[7.23528,46.49534],[7.23358,46.49615],[7.23514,46.49635],[7.23683,46.49684],[7.23821,46.49687],[7.2384,46.49739],[7.23944,46.49759],[7.24048,46.49706],[7.24101,46.49792],[7.24236,46.49844],[7.24209,46.49923],[7.24329,46.49967],[7.24336,46.50077],[7.24429,46.5013],[7.24479,46.50221],[7.24554,46.50254],[7.24545,46.50394],[7.24583,46.50486],[7.24595,46.50659],[7.24749,46.50745],[7.24719,46.50848],[7.24733,46.5098],[7.24848,46.51141],[7.24923,46.51181],[7.24901,46.51315],[7.24964,46.51406],[7.24884,46.51436],[7.2483,46.5155],[7.24867,46.51684],[7.24918,46.51717],[7.24918,46.51823],[7.24988,46.51851],[7.24949,46.52017],[7.24995,46.52112],[7.2501,46.5224],[7.24887,46.52358],[7.24926,46.52451],[7.24885,46.52496],[7.24883,46.52684],[7.2482,46.52948],[7.24752,46.53047],[7.24782,46.53177],[7.24716,46.53327],[7.24656,46.53346],[7.24567,46.53457],[7.24672,46.53653],[7.24666,46.53831],[7.24694,46.53881],[7.24564,46.54018],[7.24557,46.54125],[7.24479,46.54204],[7.2436,46.54246],[7.24087,46.54524],[7.23993,46.54666],[7.23807,46.54763],[7.23799,46.55507],[7.23736,46.55536],[7.23278,46.55237],[7.23168,46.55251],[7.23101,46.55201],[7.22918,46.55158],[7.22625,46.55043],[7.22528,46.54953],[7.22434,46.54915],[7.22346,46.54824],[7.22261,46.54608],[7.22071,46.54483],[7.21861,46.54296],[7.21779,46.54177],[7.21566,46.53977],[7.21323,46.53805],[7.21327,46.53765],[7.21083,46.53543],[7.20856,46.53418],[7.20459,46.53835],[7.20198,46.54128],[7.20172,46.54297],[7.19432,46.54741],[7.19308,46.54783],[7.19155,46.54616],[7.18823,46.54387],[7.18324,46.53965],[7.18172,46.53928],[7.18053,46.53849],[7.17776,46.53718],[7.1751,46.53536],[7.17374,46.53461],[7.17293,46.53449],[7.16801,46.53236],[7.16585,46.53108],[7.16433,46.52981],[7.16,46.52826],[7.15865,46.5281],[7.1568,46.5287],[7.15378,46.52859],[7.15159,46.52917],[7.15058,46.52961],[7.14925,46.52974],[7.14793,46.52877],[7.14591,46.52814],[7.14457,46.52339],[7.13798,46.51438],[7.13732,46.51129],[7.13715,46.50988],[7.13626,46.50889],[7.13186,46.50593],[7.13008,46.50553],[7.12724,46.50443],[7.12744,46.50405],[7.1257,46.50203],[7.12368,46.49997],[7.11901,46.49879],[7.11352,46.49659],[7.11229,46.49645],[7.11056,46.49561],[7.10937,46.49413],[7.10757,46.49349],[7.10705,46.49151],[7.10625,46.49059],[7.10389,46.48913],[7.10125,46.48826],[7.09891,46.48968],[7.0959,46.48934],[7.09362,46.48874],[7.08979,46.4882],[7.08784,46.48906],[7.08331,46.48905],[7.07847,46.4901],[7.07328,46.48767],[7.07091,46.48826],[7.06671,46.49031],[7.06197,46.48855],[7.05997,46.4865],[7.05531,46.48402],[7.0518,46.48309],[7.04948,46.48149],[7.04863,46.48025],[7.04494,46.47785],[7.04292,46.47733],[7.0394,46.47559],[7.02933,46.46808],[7.02765,46.46544],[7.02574,46.4646],[7.02357,46.46302],[7.02111,46.46071],[7.02207,46.45986],[7.02068,46.45383],[7.01873,46.44833],[7.01808,46.44919],[7.01302,46.44783],[7.01117,46.44694],[7.01013,46.44678],[7.009,46.44615],[7.00673,46.44566],[7.00338,46.4447],[7.00182,46.44369],[7.00059,46.44337],[6.99994,46.4428],[6.99706,46.44185],[6.99609,46.44101],[6.99369,46.44015],[6.98833,46.4392],[6.98481,46.43926],[6.98448,46.44],[6.98557,46.4418],[6.9868,46.44316],[6.9891,46.44523],[6.98983,46.44652],[6.99099,46.44797],[6.99299,46.45006],[6.99193,46.45202],[6.99112,46.45271],[6.99094,46.45356],[6.99028,46.4544],[6.98659,46.45699],[6.98524,46.45808],[6.98357,46.46017],[6.98103,46.46023],[6.98089,46.46093],[6.97984,46.46265],[6.97989,46.46369],[6.97951,46.46566],[6.97982,46.468],[6.97907,46.46872],[6.97927,46.47088],[6.97979,46.47163],[6.9787,46.47416],[6.97931,46.475],[6.98118,46.47573],[6.98219,46.47666],[6.98059,46.47721],[6.97668,46.47967],[6.97598,46.48036],[6.97535,46.48194],[6.97461,46.4827],[6.97479,46.48398],[6.97353,46.48573],[6.97328,46.48678],[6.97397,46.48858],[6.97348,46.48896],[6.97433,46.49062],[6.97371,46.49107],[6.97249,46.49279],[6.97114,46.4924],[6.96991,46.49323],[6.96926,46.49325],[6.96739,46.49421],[6.96646,46.49443],[6.96533,46.49644],[6.96426,46.49695],[6.96428,46.49752],[6.9625,46.49846],[6.96171,46.49862],[6.96067,46.4994],[6.95677,46.50101],[6.95655,46.50181],[6.95505,46.50251],[6.95507,46.50318],[6.95244,46.50332],[6.95157,46.50388],[6.95083,46.50326],[6.94996,46.50329],[6.94873,46.50258],[6.94687,46.50255],[6.94296,46.50315],[6.94141,46.50254],[6.93944,46.50227],[6.93708,46.5023],[6.93416,46.50317],[6.93383,46.50455],[6.93283,46.50445],[6.93163,46.506],[6.93038,46.50614],[6.92915,46.50578],[6.92845,46.50595],[6.92736,46.50716],[6.92663,46.50841],[6.92587,46.50895],[6.92423,46.50927],[6.92352,46.50986],[6.92272,46.50943],[6.92071,46.51006],[6.91964,46.51089],[6.91908,46.51084],[6.91756,46.51183],[6.91643,46.51154],[6.9143,46.51235],[6.91362,46.51292],[6.91346,46.51395],[6.91225,46.51452],[6.91093,46.51362],[6.90915,46.51368],[6.90725,46.51411],[6.90623,46.51382],[6.90502,46.51447],[6.90228,46.51458],[6.90228,46.51361],[6.90127,46.51293],[6.9006,46.51167],[6.89892,46.51094],[6.89771,46.51015],[6.89733,46.50929],[6.89658,46.50902],[6.89586,46.5105],[6.89688,46.51424],[6.89848,46.51622],[6.89798,46.51722],[6.89804,46.52047],[6.89859,46.52133],[6.8974,46.52154],[6.89617,46.52056],[6.88733,46.5162],[6.88413,46.51475],[6.88253,46.51385],[6.88047,46.51154],[6.87888,46.51071],[6.87517,46.50763],[6.87329,46.50558],[6.87033,46.50354],[6.86719,46.50207],[6.8656,46.49979],[6.86362,46.49512],[6.86256,46.49485],[6.86,46.49467],[6.85814,46.49433],[6.85477,46.49455],[6.84976,46.49465],[6.8486,46.49497],[6.84829,46.49592],[6.84639,46.49794],[6.84545,46.49811],[6.84379,46.4976],[6.8421,46.49834],[6.84023,46.49986],[6.83869,46.50076],[6.83588,46.50359],[6.83324,46.50672],[6.83305,46.50868],[6.83193,46.51179],[6.83165,46.51332],[6.83119,46.51374],[6.82875,46.51335],[6.82561,46.51346],[6.82402,46.51438],[6.82347,46.51539],[6.82001,46.51742],[6.81895,46.51778],[6.81618,46.52267],[6.81513,46.52387],[6.81417,46.52409],[6.81384,46.525],[6.81298,46.5253],[6.81172,46.52641],[6.81362,46.52743],[6.81362,46.5283],[6.81506,46.52947],[6.81527,46.53007],[6.81704,46.53174],[6.81711,46.53215],[6.81853,46.53389],[6.8188,46.53621],[6.81966,46.53687],[6.81939,46.53793],[6.82052,46.53885],[6.82182,46.53927],[6.8223,46.54039],[6.82456,46.54227],[6.82565,46.54288],[6.82705,46.54489],[6.82869,46.54423],[6.82561,46.54065],[6.82603,46.5393],[6.83023,46.53907],[6.83127,46.53873],[6.83325,46.53909],[6.83708,46.53902],[6.83972,46.53967],[6.84155,46.53947],[6.8453,46.54024],[6.85172,46.5424],[6.85307,46.5421],[6.85356,46.54281],[6.85586,46.54272],[6.85646,46.54229],[6.85602,46.54126],[6.85673,46.54088],[6.85764,46.53957],[6.85716,46.53859],[6.8575,46.53813],[6.85866,46.53829],[6.85909,46.53761],[6.86085,46.53736],[6.85935,46.53465],[6.86008,46.53407],[6.85953,46.53308],[6.85971,46.53226],[6.86193,46.53196],[6.86281,46.53256],[6.86331,46.53645],[6.86461,46.53623],[6.86471,46.53788],[6.86571,46.53896],[6.86528,46.5394],[6.86584,46.54024],[6.86708,46.54096],[6.86768,46.5421],[6.86878,46.54253],[6.86992,46.54376],[6.87009,46.54462],[6.8732,46.54611],[6.87372,46.54704],[6.8751,46.54738],[6.87646,46.54833],[6.87642,46.54884],[6.87895,46.54985],[6.87925,46.55096],[6.88034,46.55141],[6.88028,46.55195],[6.88139,46.55221],[6.88147,46.55282],[6.88322,46.554],[6.88572,46.556],[6.88784,46.55835],[6.88971,46.55963],[6.89039,46.559],[6.89157,46.55912],[6.89354,46.55994],[6.89489,46.56093],[6.89539,46.56034],[6.89651,46.56135],[6.89793,46.56182],[6.89858,46.56092],[6.90003,46.56096],[6.90157,46.56158],[6.90314,46.56267],[6.90052,46.56477],[6.89975,46.5664],[6.90094,46.567],[6.90004,46.56799],[6.90134,46.56896],[6.90118,46.56982],[6.90251,46.57101],[6.89884,46.57188],[6.89624,46.57045],[6.8949,46.57012],[6.893,46.56918],[6.89131,46.56876],[6.88902,46.56898],[6.8884,46.56837],[6.88812,46.56719],[6.88731,46.56631],[6.88776,46.56572],[6.88771,46.5647],[6.88721,46.56411],[6.88536,46.56323],[6.88029,46.56841],[6.87532,46.56625],[6.87112,46.57339],[6.86851,46.57636],[6.86592,46.57751],[6.86639,46.57853],[6.86363,46.57946],[6.86125,46.58061],[6.86082,46.58115],[6.85834,46.58138],[6.85637,46.58199],[6.85347,46.58326],[6.85229,46.58235],[6.85014,46.58327],[6.84917,46.58473],[6.84719,46.5852],[6.8463,46.58412],[6.8447,46.5837],[6.84313,46.58362],[6.84276,46.58274],[6.84067,46.58025],[6.8378,46.57881],[6.83832,46.57812],[6.8357,46.57662],[6.83147,46.5773],[6.83012,46.57766],[6.82959,46.57846],[6.82769,46.57925],[6.82651,46.57922],[6.82465,46.57873],[6.82355,46.58131],[6.82297,46.58136],[6.82224,46.58283],[6.82234,46.5834],[6.82182,46.58461],[6.81842,46.58595],[6.8171,46.5861],[6.81495,46.58695],[6.81494,46.58513],[6.81393,46.58465],[6.8135,46.58348],[6.81239,46.5824],[6.8124,46.58193],[6.81351,46.5808],[6.81406,46.5797],[6.81168,46.58025],[6.81024,46.58013],[6.80879,46.57889],[6.80574,46.57921],[6.80511,46.57792],[6.8042,46.57816],[6.80389,46.57686],[6.80341,46.5762],[6.80033,46.57535],[6.79859,46.57587],[6.79811,46.57574],[6.79575,46.5766],[6.7971,46.57857],[6.79667,46.57967],[6.79698,46.58064],[6.79843,46.5816],[6.79978,46.58334],[6.80032,46.58688],[6.79936,46.58733],[6.80077,46.58998],[6.80075,46.59193],[6.80189,46.59292],[6.80208,46.59379],[6.80104,46.59491],[6.79918,46.60115],[6.80279,46.60203],[6.80323,46.60271],[6.80325,46.60382],[6.8043,46.60824],[6.80474,46.61069],[6.80422,46.61139],[6.80388,46.61405],[6.80269,46.61684],[6.80382,46.61759],[6.80328,46.62006],[6.80431,46.62366],[6.80281,46.62636],[6.80264,46.62744],[6.8031,46.62879],[6.80256,46.62983],[6.8015,46.62972],[6.80128,46.63121],[6.80039,46.63154],[6.79922,46.63145],[6.79777,46.63443],[6.79796,46.63578],[6.79848,46.63685],[6.79904,46.63694],[6.79967,46.63915],[6.79979,46.64089],[6.80107,46.64261],[6.80256,46.6455],[6.80405,46.64506],[6.80452,46.64697],[6.80364,46.64739],[6.80147,46.64786],[6.80091,46.64861],[6.79963,46.6491],[6.7994,46.6499],[6.79979,46.65047],[6.80288,46.65019],[6.80579,46.65143],[6.80793,46.65188],[6.8088,46.65159],[6.81192,46.65131],[6.81279,46.6505],[6.81429,46.65083],[6.81507,46.64992],[6.81543,46.64877],[6.81696,46.64879],[6.81936,46.64909],[6.81813,46.65053],[6.81996,46.65199],[6.82173,46.65309],[6.82405,46.65599],[6.82676,46.65961],[6.82826,46.66112],[6.82976,46.66185],[6.83224,46.66112],[6.83424,46.66352],[6.83712,46.66277],[6.83923,46.66387],[6.84266,46.6629],[6.84302,46.66213],[6.84497,46.66214],[6.84302,46.66013],[6.84511,46.65897],[6.84607,46.65968],[6.84864,46.6586],[6.84892,46.65875],[6.85438,46.65675],[6.85559,46.65731],[6.85753,46.65866],[6.85767,46.65933],[6.85951,46.66023],[6.86024,46.66124],[6.86388,46.65968],[6.86464,46.66005],[6.86557,46.65974],[6.86673,46.66023],[6.86887,46.66206],[6.86811,46.66341],[6.86919,46.66426],[6.86525,46.66606],[6.8676,46.6692],[6.86805,46.67022],[6.86925,46.67164],[6.87086,46.67321],[6.87257,46.67455],[6.87052,46.67572],[6.86983,46.67633],[6.86884,46.67624],[6.86571,46.6776],[6.86486,46.67821],[6.86458,46.67952],[6.86362,46.68232],[6.86619,46.68257],[6.86595,46.68352],[6.86655,46.68503],[6.86739,46.68594],[6.86926,46.68702],[6.87157,46.68617],[6.87398,46.68462],[6.87617,46.68614],[6.88175,46.69123],[6.88455,46.69131],[6.88593,46.69302],[6.88699,46.69308],[6.88736,46.69412],[6.88876,46.69562],[6.89046,46.69518],[6.89119,46.69623],[6.89247,46.69737],[6.89203,46.69775],[6.89243,46.69875],[6.89432,46.70112],[6.89524,46.70263],[6.89317,46.70388],[6.89529,46.70685],[6.89697,46.70781],[6.89744,46.70765],[6.89991,46.71093],[6.9019,46.71271],[6.90465,46.71469],[6.9082,46.71633],[6.90953,46.71746],[6.90997,46.7175],[6.91225,46.71921],[6.91616,46.71991],[6.91734,46.72134],[6.91892,46.7204],[6.92026,46.7221],[6.92087,46.72188],[6.92301,46.72485],[6.92565,46.72684],[6.93127,46.73148],[6.93646,46.73452],[6.93747,46.73571],[6.93588,46.7372],[6.93681,46.73797],[6.93722,46.73968],[6.93861,46.74126],[6.9404,46.74291],[6.94076,46.74414],[6.94148,46.74501],[6.94198,46.74644],[6.94037,46.74737],[6.9389,46.7498],[6.93883,46.75077],[6.93643,46.75184],[6.93586,46.75182],[6.9349,46.75271],[6.93378,46.75328],[6.93107,46.75553],[6.92749,46.75458],[6.92515,46.75353],[6.92297,46.75329],[6.92089,46.75261],[6.92043,46.7535],[6.91755,46.75592],[6.91562,46.75457],[6.91268,46.75589],[6.91142,46.75457],[6.91105,46.75535],[6.90996,46.75612],[6.9115,46.75734],[6.90911,46.75852],[6.91006,46.76007],[6.91245,46.76234],[6.9153,46.76403],[6.91739,46.76329],[6.9183,46.76387],[6.91899,46.76303],[6.91795,46.76244],[6.92098,46.76116],[6.92384,46.76331],[6.92499,46.76453],[6.92692,46.76615],[6.92817,46.76753],[6.9317,46.77054],[6.93287,46.7714],[6.93619,46.77292],[6.93486,46.77394],[6.93409,46.77329],[6.93212,46.77382],[6.93394,46.776],[6.93243,46.77663],[6.93446,46.77824],[6.93494,46.7779],[6.93774,46.78],[6.9385,46.7808],[6.93898,46.78255],[6.94023,46.78214],[6.94088,46.78304],[6.94269,46.78485],[6.94433,46.78549],[6.94479,46.78519],[6.94658,46.78585],[6.94845,46.78433],[6.95099,46.78408],[6.9521,46.78559],[6.95242,46.78651],[6.95521,46.78797],[6.95754,46.78861],[6.95844,46.78961],[6.95808,46.79103],[6.95951,46.79161],[6.95732,46.79183],[6.95731,46.79407],[6.95687,46.79473],[6.9578,46.79597],[6.95891,46.79616],[6.95977,46.79759],[6.96117,46.79892],[6.96278,46.79998],[6.96382,46.80102],[6.96683,46.8024],[6.96638,46.80307],[6.96754,46.80401],[6.96595,46.80478],[6.96434,46.80583],[6.96557,46.80676],[6.96405,46.80775],[6.96345,46.80869],[6.9621,46.80936],[6.95969,46.81178],[6.95866,46.81252],[6.96016,46.81353],[6.95832,46.81463],[6.95743,46.81571],[6.95738,46.81625],[6.95842,46.81738],[6.96044,46.81889],[6.95873,46.82005],[6.95982,46.82194],[6.96086,46.82334],[6.96167,46.82486],[6.96602,46.82955],[6.96632,46.82897],[6.96892,46.82832],[6.97017,46.82714],[6.97071,46.82606],[6.97165,46.82593],[6.97277,46.82523],[6.97385,46.82599],[6.9748,46.82538],[6.9757,46.82433],[6.9776,46.82417],[6.98018,46.82426],[6.98259,46.82382],[6.98432,46.82328],[6.98563,46.82324],[6.98627,46.82482],[6.98801,46.82577],[6.98966,46.82722],[6.99058,46.82772],[6.99056,46.82947],[6.9919,46.83083],[6.99325,46.83171],[6.99282,46.83234],[6.99372,46.83322],[6.99324,46.83448],[6.98897,46.83537],[6.98687,46.83648],[6.98757,46.83727],[6.98787,46.83849],[6.98711,46.83915],[6.98395,46.84114],[6.98524,46.84235],[6.98687,46.84138],[6.98933,46.8434],[6.98827,46.8441],[6.98954,46.84481],[6.98854,46.84573],[6.98786,46.84587],[6.9853,46.84803],[6.98377,46.84735],[6.98236,46.84703],[6.98035,46.84826],[6.98132,46.84954],[6.97877,46.85128],[6.97844,46.85256],[6.97869,46.85319],[6.9802,46.85458],[6.97869,46.85627],[6.98146,46.85933],[6.97782,46.86184],[6.98011,46.86708],[6.98363,46.86918],[6.98736,46.87206],[6.98683,46.87238],[6.98978,46.87478],[6.98862,46.87607],[6.98571,46.87877],[6.98151,46.88314],[6.97862,46.88554],[6.97728,46.88539],[6.97656,46.88602],[6.97573,46.88743],[6.97463,46.88863],[6.97123,46.88779],[6.97196,46.88642],[6.96725,46.88472],[6.96682,46.88505],[6.96421,46.88412],[6.96301,46.88541],[6.96147,46.88381],[6.95899,46.88277],[6.96057,46.88047],[6.95996,46.87998],[6.96204,46.87852],[6.96304,46.87861],[6.96581,46.87504],[6.96525,46.87451],[6.96798,46.87123],[6.97032,46.86866],[6.96576,46.86671],[6.96364,46.86931],[6.96384,46.8694],[6.96111,46.87276],[6.95878,46.8721],[6.95743,46.8733],[6.95536,46.8758],[6.95483,46.87671],[6.953,46.87596],[6.95196,46.87613],[6.95138,46.87707],[6.9533,46.87756],[6.95247,46.87803],[6.95209,46.87923],[6.94947,46.88029],[6.94883,46.88145],[6.94733,46.88321],[6.94659,46.88437],[6.94334,46.88505],[6.94241,46.88593],[6.94293,46.88627],[6.94233,46.8874],[6.93996,46.88849],[6.94046,46.88922],[6.93924,46.89129],[6.93688,46.89011],[6.93401,46.89386],[6.9323,46.8937],[6.93015,46.89466],[6.92919,46.89413],[6.92675,46.89398],[6.92545,46.89477],[6.92455,46.89631],[6.92481,46.89681],[6.92988,46.89923],[6.93089,46.90041],[6.93068,46.90116],[6.9294,46.902],[6.92764,46.90238],[6.92229,46.90689],[6.8971,46.92681],[6.86655,46.9109],[6.89258,46.88805],[6.89552,46.88632],[6.89729,46.88436],[6.89817,46.88526],[6.89923,46.88416],[6.90009,46.88471],[6.90151,46.88323],[6.90194,46.88345],[6.90453,46.88075],[6.9062,46.88165],[6.90782,46.87994],[6.91167,46.88194],[6.91287,46.88063],[6.91382,46.88001],[6.92188,46.87265],[6.9167,46.87084],[6.91742,46.8701],[6.91263,46.86847],[6.91048,46.87081],[6.90834,46.87015],[6.90584,46.86973],[6.90443,46.86879],[6.90162,46.86769],[6.89933,46.86836],[6.89744,46.86722],[6.89493,46.86662],[6.89274,46.86628],[6.89497,46.86438],[6.89522,46.86349],[6.89674,46.86406],[6.89733,46.86255],[6.90522,46.86483],[6.90528,46.86475],[6.91374,46.86725],[6.91655,46.86436],[6.91768,46.86471],[6.91865,46.86451],[6.9208,46.86175],[6.92236,46.86208],[6.92324,46.86038],[6.92503,46.86078],[6.92614,46.85923],[6.92802,46.85586],[6.92972,46.85626],[6.9315,46.85456],[6.92127,46.84939],[6.91104,46.84008],[6.91143,46.83988],[6.90827,46.83551],[6.90802,46.83134],[6.90784,46.82988],[6.90735,46.82976],[6.9063,46.8283],[6.90574,46.82643],[6.906,46.82556],[6.90726,46.82368],[6.90854,46.82121],[6.91019,46.82024],[6.90844,46.81895],[6.91048,46.81875],[6.90937,46.81755],[6.91038,46.81544],[6.91172,46.81384],[6.9102,46.81203],[6.90777,46.80947],[6.90744,46.80891],[6.9058,46.80779],[6.90575,46.80692],[6.90806,46.80633],[6.91221,46.80444],[6.91456,46.80608],[6.91425,46.80627],[6.91667,46.80797],[6.91567,46.80872],[6.91917,46.81116],[6.92087,46.81188],[6.92194,46.81082],[6.92334,46.81],[6.92703,46.81013],[6.92829,46.81036],[6.92871,46.80915],[6.92973,46.80844],[6.9316,46.80774],[6.93223,46.80716],[6.93246,46.8062],[6.93139,46.80433],[6.92852,46.80295],[6.92765,46.80173],[6.92732,46.80024],[6.92632,46.79955],[6.92266,46.7985],[6.92184,46.79777],[6.92183,46.79644],[6.92022,46.79397],[6.91946,46.79224],[6.91761,46.79042],[6.91738,46.78873],[6.91804,46.78681],[6.91798,46.78602],[6.91649,46.78456],[6.91422,46.78351],[6.91306,46.78266],[6.91186,46.78102],[6.9091,46.78332],[6.91085,46.78449],[6.90821,46.78513],[6.90678,46.78397],[6.90592,46.78285],[6.90436,46.78322],[6.89999,46.7829],[6.90069,46.78137],[6.89867,46.78071],[6.89588,46.78041],[6.89507,46.7786],[6.89096,46.77945],[6.88899,46.77958],[6.88399,46.77796],[6.88368,46.77801],[6.88041,46.77661],[6.88042,46.77764],[6.87944,46.77766],[6.8781,46.77723],[6.87527,46.77862],[6.87349,46.78004],[6.87267,46.77945],[6.87113,46.77997],[6.8702,46.78093],[6.86875,46.78091],[6.86686,46.78176],[6.86572,46.78187],[6.86329,46.78352],[6.86275,46.78448],[6.86475,46.78571],[6.86466,46.78659],[6.8622,46.78771],[6.85995,46.78931],[6.85532,46.78724],[6.85355,46.78668],[6.85246,46.78718],[6.85008,46.78536],[6.85128,46.78482],[6.85135,46.78366],[6.85015,46.78331],[6.84938,46.78222],[6.84805,46.78253],[6.84674,46.78114],[6.84497,46.78017],[6.84407,46.78003],[6.84053,46.78226],[6.83954,46.78137],[6.83885,46.77946],[6.83803,46.77948],[6.83719,46.7774],[6.83495,46.77651],[6.83394,46.77585],[6.83074,46.7771],[6.82892,46.77793],[6.82708,46.77557],[6.82649,46.77422],[6.82531,46.77489],[6.82469,46.776],[6.82374,46.77682],[6.82195,46.77792],[6.81926,46.77902],[6.81835,46.7798],[6.81754,46.77906],[6.81627,46.77918],[6.81513,46.77992],[6.81388,46.77964],[6.81327,46.78024],[6.81429,46.78158],[6.81214,46.78313],[6.81007,46.78504],[6.80954,46.78488],[6.80551,46.78695],[6.80192,46.78514],[6.8007,46.78586],[6.79879,46.78418],[6.79691,46.78516],[6.79393,46.78698],[6.79145,46.78894],[6.78667,46.79249],[6.7862,46.79247],[6.78459,46.7936],[6.78386,46.79469],[6.78217,46.79356],[6.7796,46.79144],[6.77798,46.79042],[6.77683,46.79106],[6.7775,46.79187],[6.77842,46.79393],[6.77943,46.7952],[6.78126,46.79636],[6.78535,46.79862],[6.78753,46.79971],[6.78698,46.80003],[6.78813,46.80091],[6.78606,46.80283],[6.7844,46.80397],[6.7817,46.80264],[6.77966,46.80188],[6.7778,46.80374],[6.77409,46.80604],[6.77309,46.80697],[6.76816,46.8101],[6.74271,46.82919],[6.78067,46.85428]],[[6.16753,46.34435],[6.17048,46.34847],[6.17255,46.3511],[6.1747,46.35021],[6.17541,46.35158],[6.17631,46.35259],[6.18146,46.34938],[6.18243,46.34891],[6.18433,46.3475],[6.18518,46.34711],[6.18244,46.34494],[6.18152,46.3451],[6.17765,46.34665],[6.17739,46.34711],[6.17528,46.34818],[6.17427,46.34647],[6.17299,46.3457],[6.1729,46.34446],[6.17342,46.34324],[6.17316,46.3425],[6.17205,46.34199],[6.16921,46.34337],[6.16753,46.34435]],[[6.77386,46.75267],[6.77695,46.7507],[6.77928,46.75184],[6.77967,46.75245],[6.78373,46.75009],[6.78536,46.74989],[6.78709,46.74892],[6.78658,46.74864],[6.78577,46.7471],[6.78535,46.74356],[6.78555,46.74277],[6.78497,46.74013],[6.78536,46.73894],[6.78416,46.73726],[6.78529,46.73673],[6.78366,46.73528],[6.78355,46.73429],[6.78281,46.73368],[6.78123,46.73314],[6.77853,46.73123],[6.77765,46.73],[6.77819,46.7289],[6.77714,46.72798],[6.77824,46.72742],[6.77151,46.72196],[6.76744,46.72014],[6.76715,46.72038],[6.76325,46.71867],[6.76261,46.72008],[6.76146,46.72078],[6.76106,46.72188],[6.7594,46.72328],[6.7611,46.7244],[6.7601,46.72625],[6.75867,46.72737],[6.7567,46.7282],[6.75257,46.72953],[6.75145,46.73028],[6.75033,46.73141],[6.74954,46.73311],[6.75122,46.7348],[6.75219,46.73605],[6.75248,46.73696],[6.75349,46.73787],[6.75497,46.73827],[6.75968,46.73871],[6.76055,46.74039],[6.76598,46.74424],[6.76904,46.74573],[6.77027,46.74691],[6.77102,46.74865],[6.77386,46.75267]],[[6.80706,46.72824],[6.80534,46.72871],[6.80269,46.72749],[6.80075,46.7281],[6.80006,46.72757],[6.79665,46.7276],[6.79631,46.72717],[6.79503,46.72737],[6.79383,46.72686],[6.79207,46.72841],[6.78931,46.72926],[6.78876,46.73066],[6.79031,46.73111],[6.79191,46.73229],[6.79134,46.73262],[6.79256,46.73371],[6.79178,46.73403],[6.79373,46.73525],[6.79436,46.73704],[6.79585,46.73629],[6.79643,46.73763],[6.7975,46.73764],[6.79797,46.73578],[6.79896,46.73536],[6.80116,46.7363],[6.8021,46.73644],[6.80486,46.73817],[6.8068,46.7367],[6.80977,46.73767],[6.81135,46.73875],[6.81241,46.73896],[6.81544,46.73858],[6.81725,46.73979],[6.81633,46.7417],[6.81855,46.74352],[6.82066,46.74468],[6.82212,46.74608],[6.82229,46.7471],[6.82345,46.74817],[6.82519,46.7487],[6.82447,46.74939],[6.82768,46.75148],[6.82811,46.75191],[6.82712,46.75257],[6.8273,46.75352],[6.82941,46.75313],[6.82987,46.75432],[6.83116,46.75527],[6.82907,46.75578],[6.83018,46.75738],[6.83269,46.75856],[6.8375,46.76234],[6.8415,46.76395],[6.84461,46.76583],[6.84633,46.76716],[6.84446,46.76787],[6.84679,46.76933],[6.84967,46.77243],[6.84909,46.77282],[6.84705,46.77257],[6.8465,46.77301],[6.84736,46.77365],[6.84848,46.77624],[6.84964,46.77625],[6.8485,46.77452],[6.85127,46.77444],[6.85264,46.77538],[6.85278,46.77346],[6.8545,46.77348],[6.85702,46.77193],[6.8572,46.77005],[6.85808,46.76906],[6.86103,46.7677],[6.86045,46.76507],[6.85854,46.76405],[6.85969,46.76276],[6.86002,46.76352],[6.86108,46.7636],[6.8614,46.76417],[6.86297,46.7639],[6.86428,46.76483],[6.86489,46.76396],[6.86625,46.76387],[6.86855,46.76144],[6.87048,46.75982],[6.87338,46.75889],[6.87536,46.75861],[6.87786,46.75718],[6.87661,46.7552],[6.88096,46.75313],[6.88295,46.75111],[6.87931,46.74731],[6.86702,46.73432],[6.86638,46.73298],[6.86771,46.73217],[6.86627,46.73063],[6.86879,46.72972],[6.86803,46.72843],[6.86655,46.72758],[6.86539,46.72651],[6.86357,46.72709],[6.86273,46.72589],[6.86052,46.72665],[6.85806,46.72732],[6.85289,46.72771],[6.84809,46.7292],[6.84719,46.72878],[6.84504,46.73052],[6.83873,46.7341],[6.83695,46.73481],[6.83603,46.73465],[6.83458,46.73534],[6.83354,46.73628],[6.83263,46.7364],[6.83114,46.73598],[6.82924,46.73681],[6.82813,46.73605],[6.8256,46.73603],[6.82252,46.73563],[6.81834,46.73459],[6.81767,46.73372],[6.81213,46.7292],[6.81044,46.72868],[6.80706,46.72824]]],[[[7.04124,46.98085],[7.00331,46.98824],[6.95968,46.96855],[6.92907,46.95472],[6.9626,46.92881],[6.96578,46.92571],[6.96636,46.92574],[6.96796,46.92484],[6.97013,46.92454],[6.97241,46.92251],[6.97421,46.92318],[6.9751,46.92245],[6.9776,46.92418],[6.97899,46.92473],[6.97982,46.92393],[6.98195,46.92349],[6.98391,46.92264],[6.98639,46.92179],[6.98781,46.92062],[6.98837,46.9195],[6.98265,46.91491],[6.98535,46.91331],[6.98214,46.91077],[6.98576,46.90837],[6.98781,46.90592],[6.9888,46.90512],[6.99017,46.90451],[6.9909,46.90378],[6.99222,46.90305],[6.99395,46.9015],[6.99717,46.89923],[7.00328,46.89526],[7.01039,46.89036],[7.00811,46.88817],[7.00674,46.88706],[7.00564,46.88692],[7.00079,46.8832],[7.00023,46.88358],[6.99468,46.88028],[6.99806,46.8776],[7.00022,46.87565],[7.00326,46.87501],[7.00456,46.87512],[7.00819,46.87432],[7.0093,46.87447],[7.00959,46.8756],[7.01063,46.87661],[7.01245,46.8765],[7.01302,46.87702],[7.01272,46.87763],[7.01394,46.87788],[7.01472,46.87867],[7.01639,46.87835],[7.01618,46.87957],[7.0167,46.88025],[7.01708,46.8821],[7.01858,46.88143],[7.01908,46.88077],[7.02217,46.878],[7.02607,46.87911],[7.02637,46.87801],[7.02943,46.87702],[7.03132,46.8766],[7.03311,46.87715],[7.03546,46.87557],[7.03667,46.87431],[7.03559,46.87364],[7.03433,46.87229],[7.03322,46.87048],[7.03255,46.86994],[7.03196,46.86836],[7.03078,46.86749],[7.032,46.86641],[7.03755,46.86291],[7.04055,46.86192],[7.03994,46.86058],[7.03794,46.85957],[7.03574,46.85934],[7.03422,46.85837],[7.03498,46.85663],[7.03238,46.85484],[7.0306,46.85399],[7.03071,46.85155],[7.03139,46.85035],[7.03278,46.84912],[7.03408,46.85005],[7.03631,46.84782],[7.03834,46.84685],[7.04048,46.84962],[7.0438,46.8482],[7.04529,46.84927],[7.04629,46.85046],[7.04592,46.85087],[7.04743,46.85204],[7.04818,46.85293],[7.04997,46.85618],[7.0512,46.85586],[7.05202,46.85675],[7.05305,46.85713],[7.05393,46.85689],[7.05622,46.8593],[7.05633,46.86029],[7.05699,46.86052],[7.05742,46.8617],[7.05931,46.86335],[7.06025,46.86468],[7.06093,46.8647],[7.06119,46.86569],[7.06252,46.86638],[7.06351,46.86846],[7.06443,46.86834],[7.06671,46.86947],[7.06737,46.86956],[7.06712,46.87064],[7.06874,46.87195],[7.07032,46.87231],[7.07189,46.87467],[7.07068,46.87609],[7.06983,46.87758],[7.06908,46.87841],[7.06811,46.87876],[7.06807,46.88005],[7.06756,46.88107],[7.06859,46.8813],[7.06819,46.88226],[7.06507,46.88179],[7.06527,46.88137],[7.06257,46.88094],[7.06285,46.88509],[7.06492,46.88614],[7.06569,46.8871],[7.06515,46.88842],[7.06937,46.88926],[7.06925,46.88848],[7.07297,46.89004],[7.0718,46.89108],[7.0748,46.89234],[7.07684,46.89305],[7.07864,46.89402],[7.07884,46.89446],[7.08073,46.89544],[7.08001,46.89605],[7.07817,46.89531],[7.0772,46.89573],[7.07579,46.89525],[7.07521,46.89592],[7.07594,46.89683],[7.07766,46.89677],[7.0798,46.89714],[7.08,46.89749],[7.08243,46.89734],[7.08558,46.8976],[7.08799,46.89842],[7.08846,46.89962],[7.08771,46.90028],[7.08974,46.90104],[7.08727,46.90319],[7.09174,46.90518],[7.0917,46.9058],[7.09431,46.90711],[7.093,46.90885],[7.09179,46.90853],[7.08917,46.91024],[7.08763,46.91165],[7.08505,46.91448],[7.06033,46.93831],[7.05877,46.93993],[7.05983,46.94058],[7.06219,46.9436],[7.06228,46.94532],[7.06197,46.94751],[7.06155,46.94857],[7.06133,46.95099],[7.06034,46.95303],[7.05954,46.9552],[7.05782,46.95588],[7.05748,46.95662],[7.06051,46.95714],[7.05954,46.9596],[7.05831,46.96089],[7.0599,46.96152],[7.05844,46.96347],[7.06053,46.96441],[7.0588,46.96674],[7.06219,46.96809],[7.06165,46.96958],[7.06113,46.97007],[7.06394,46.97244],[7.06117,46.97457],[7.05694,46.97627],[7.05326,46.97837],[7.05012,46.97913],[7.04124,46.98085]]]]},"properties":{"id":22,"name":"Vaud"}},
{"type":"Feature","geometry":{"type":"Polygon","coordinates":[[[8.04799,46.78841],[8.05039,46.78953],[8.05085,46.79021],[8.05201,46.79077],[8.05446,46.79256],[8.0549,46.79318],[8.05714,46.79425],[8.05774,46.79551],[8.0579,46.79677],[8.05758,46.79779],[8.05618,46.79856],[8.0566,46.79923],[8.05593,46.79994],[8.05635,46.80046],[8.05941,46.80241],[8.05958,46.80197],[8.06174,46.80291],[8.06204,46.8041],[8.06491,46.80428],[8.06556,46.80737],[8.06523,46.80974],[8.06333,46.81237],[8.06025,46.81612],[8.05944,46.8176],[8.05767,46.81947],[8.05708,46.82058],[8.05635,46.82119],[8.05574,46.82256],[8.05391,46.82437],[8.05255,46.82648],[8.05149,46.82708],[8.04812,46.83026],[8.04785,46.8307],[8.04885,46.83162],[8.04878,46.83293],[8.04764,46.83334],[8.04448,46.83648],[8.04336,46.83787],[8.04576,46.84273],[8.04584,46.84368],[8.04681,46.84548],[8.04912,46.84621],[8.05084,46.84638],[8.05178,46.84742],[8.05274,46.84787],[8.0531,46.84864],[8.05525,46.84984],[8.05703,46.85061],[8.05703,46.85154],[8.05802,46.85229],[8.05877,46.85357],[8.05999,46.85474],[8.05951,46.855],[8.05888,46.85685],[8.05838,46.85732],[8.05956,46.85827],[8.06059,46.85996],[8.06316,46.85924],[8.06382,46.86017],[8.06601,46.86004],[8.06673,46.86091],[8.06748,46.86297],[8.06832,46.86373],[8.06717,46.86586],[8.06703,46.86828],[8.0688,46.86872],[8.07075,46.8701],[8.07101,46.87107],[8.0707,46.87284],[8.07145,46.87391],[8.07265,46.87503],[8.07131,46.87747],[8.07154,46.87887],[8.0713,46.87943],[8.07118,46.88161],[8.07187,46.88152],[8.07206,46.88287],[8.0704,46.88334],[8.06948,46.88596],[8.06862,46.88713],[8.06805,46.88914],[8.0699,46.89043],[8.07073,46.89208],[8.07088,46.89704],[8.07292,46.89776],[8.07418,46.89843],[8.07706,46.89848],[8.07905,46.89871],[8.08066,46.89918],[8.08365,46.90049],[8.08463,46.90163],[8.08533,46.90367],[8.08715,46.90557],[8.0869,46.90738],[8.09017,46.91046],[8.09253,46.91074],[8.09493,46.91165],[8.09577,46.91238],[8.09584,46.91329],[8.09942,46.91192],[8.10176,46.9104],[8.10309,46.91015],[8.10496,46.91045],[8.10729,46.90971],[8.1096,46.90959],[8.1092,46.9076],[8.10836,46.90627],[8.10731,46.90266],[8.10749,46.89975],[8.10866,46.8962],[8.11132,46.89446],[8.11232,46.89404],[8.1138,46.89508],[8.11465,46.89702],[8.11578,46.89834],[8.11686,46.90014],[8.1173,46.90146],[8.11803,46.90254],[8.11909,46.90501],[8.12247,46.90816],[8.12284,46.90974],[8.12331,46.91048],[8.12512,46.912],[8.12737,46.91473],[8.12951,46.91619],[8.13022,46.91772],[8.13165,46.91934],[8.13335,46.92089],[8.13417,46.92135],[8.13503,46.92285],[8.13665,46.9241],[8.13791,46.92397],[8.14023,46.92465],[8.14192,46.92631],[8.14215,46.92688],[8.14466,46.92855],[8.14643,46.92901],[8.14908,46.93099],[8.15061,46.93119],[8.15276,46.93225],[8.15517,46.93422],[8.15846,46.93505],[8.16029,46.93715],[8.16109,46.93708],[8.16302,46.93778],[8.16482,46.93898],[8.16581,46.94016],[8.16591,46.94092],[8.16422,46.94338],[8.16276,46.94492],[8.1619,46.94478],[8.15456,46.95127],[8.15216,46.95419],[8.15254,46.95713],[8.15148,46.95763],[8.15111,46.95874],[8.15173,46.95923],[8.15412,46.96003],[8.15597,46.96037],[8.15665,46.96088],[8.15582,46.96141],[8.15767,46.96223],[8.15914,46.96211],[8.16006,46.96245],[8.16212,46.96407],[8.1656,46.96599],[8.16676,46.96605],[8.16844,46.96656],[8.16958,46.96659],[8.17488,46.96849],[8.1759,46.96852],[8.17774,46.96976],[8.17912,46.97005],[8.18299,46.96984],[8.18386,46.97062],[8.18841,46.97307],[8.19606,46.97001],[8.20087,46.96882],[8.2041,46.96825],[8.21004,46.96892],[8.2151,46.96974],[8.21725,46.9704],[8.22133,46.97077],[8.22372,46.97053],[8.22705,46.97038],[8.22811,46.97055],[8.22998,46.97133],[8.23025,46.97264],[8.23079,46.97347],[8.22996,46.97446],[8.22694,46.97616],[8.22414,46.97705],[8.223,46.97854],[8.22164,46.97925],[8.22145,46.97988],[8.22019,46.9805],[8.21917,46.98241],[8.22207,46.98446],[8.22237,46.98548],[8.22453,46.98758],[8.22489,46.98858],[8.22584,46.98921],[8.22583,46.98971],[8.22763,46.99106],[8.22905,46.99325],[8.22914,46.99394],[8.23215,46.99388],[8.23477,46.99334],[8.23655,46.99241],[8.23879,46.99315],[8.24039,46.99167],[8.2406,46.99081],[8.24317,46.98846],[8.24505,46.98733],[8.24945,46.98875],[8.24939,46.98953],[8.25145,46.99143],[8.25449,46.99307],[8.25568,46.99412],[8.25634,46.99546],[8.25952,46.99671],[8.26112,46.99759],[8.26658,46.9995],[8.26791,46.99927],[8.26899,46.99952],[8.27105,46.99941],[8.27247,46.99884],[8.27414,46.99898],[8.27489,46.99876],[8.27908,46.9993],[8.28105,46.99759],[8.28243,46.99703],[8.28483,46.99638],[8.28768,46.99601],[8.28995,46.99591],[8.29029,46.99639],[8.29204,46.9973],[8.29359,46.9972],[8.29507,46.99753],[8.29488,46.99827],[8.29588,46.99947],[8.29805,46.99912],[8.29967,46.99963],[8.3016,46.99943],[8.30429,46.99972],[8.30684,46.9992],[8.3081,46.9995],[8.31175,46.99938],[8.31994,47.00089],[8.33555,46.99033],[8.36961,47.02128],[8.3849,47.01904],[8.3858,47.00424],[8.38529,47.00349],[8.3838,47.0027],[8.38393,47.00187],[8.38668,46.99964],[8.38902,47.00011],[8.39148,47.0009],[8.39537,47.0014],[8.39745,47.00219],[8.39857,47.00198],[8.40032,47.00123],[8.40284,47.0011],[8.40418,47.00131],[8.40505,47.00105],[8.40671,47.00151],[8.41088,47.00057],[8.4114,47.00077],[8.41265,47.00014],[8.41573,46.99952],[8.41804,46.99973],[8.42079,46.99965],[8.42352,46.99932],[8.42712,46.99946],[8.42855,47.00012],[8.42784,47.00076],[8.42808,47.00302],[8.42787,47.00357],[8.42909,47.01853],[8.47018,47.01061],[8.46928,46.99784],[8.47472,46.99687],[8.47655,46.99725],[8.48008,46.99754],[8.4825,46.99807],[8.48424,46.99807],[8.49184,47.00052],[8.49347,47.0006],[8.49599,47.00185],[8.50041,47.00221],[8.50189,47.00223],[8.50463,47.00447],[8.50626,47.00513],[8.5092,47.00576],[8.51017,47.00581],[8.51044,47.00674],[8.51202,47.00743],[8.51164,47.00809],[8.51243,47.01035],[8.51344,47.01127],[8.51453,47.01349],[8.51458,47.01745],[8.51518,47.01885],[8.51508,47.02137],[8.51462,47.02301],[8.51166,47.02475],[8.50921,47.02545],[8.50614,47.02577],[8.5042,47.02543],[8.50237,47.02564],[8.50173,47.02601],[8.49983,47.02838],[8.49854,47.02904],[8.49813,47.02996],[8.49555,47.03045],[8.49284,47.03253],[8.49156,47.03316],[8.49086,47.03476],[8.48935,47.0358],[8.48742,47.03641],[8.4849,47.03929],[8.48271,47.04002],[8.47998,47.04137],[8.47104,47.04881],[8.46947,47.04955],[8.46598,47.04975],[8.45467,47.05654],[8.45095,47.05818],[8.44703,47.05959],[8.44559,47.06058],[8.4471,47.06167],[8.4425,47.06441],[8.44052,47.06506],[8.43879,47.06512],[8.43752,47.06478],[8.43635,47.06533],[8.43519,47.06525],[8.43475,47.06614],[8.43306,47.0668],[8.43135,47.06675],[8.40034,47.06078],[8.39927,47.0613],[8.39335,47.06214],[8.39163,47.06266],[8.39186,47.06367],[8.39119,47.06471],[8.39068,47.06907],[8.38985,47.07107],[8.39002,47.07171],[8.39336,47.07344],[8.39593,47.07404],[8.39684,47.07522],[8.39933,47.07661],[8.40073,47.07662],[8.4082,47.08088],[8.4082,47.08205],[8.40956,47.08321],[8.41044,47.08485],[8.41039,47.08616],[8.41179,47.08727],[8.41116,47.08789],[8.4108,47.08985],[8.41024,47.09024],[8.41125,47.09212],[8.41035,47.09319],[8.41113,47.09483],[8.41579,47.09763],[8.41754,47.09925],[8.41845,47.10043],[8.4198,47.10172],[8.42196,47.10329],[8.42534,47.10515],[8.42746,47.10576],[8.42949,47.10606],[8.43011,47.10646],[8.43224,47.10676],[8.43262,47.10711],[8.43521,47.10719],[8.43727,47.10785],[8.43848,47.10759],[8.43885,47.10804],[8.43788,47.10894],[8.43826,47.11027],[8.43904,47.11089],[8.44259,47.11229],[8.44303,47.11276],[8.44603,47.1128],[8.4484,47.11243],[8.44973,47.1127],[8.45042,47.11471],[8.45112,47.11576],[8.45419,47.1153],[8.45801,47.11422],[8.45838,47.11375],[8.46036,47.11442],[8.46097,47.11326],[8.46233,47.11351],[8.46256,47.11272],[8.46596,47.11234],[8.46746,47.11271],[8.47171,47.11411],[8.47232,47.11302],[8.47452,47.1136],[8.47647,47.1127],[8.47651,47.10932],[8.47739,47.10747],[8.49417,47.10151],[8.49486,47.11506],[8.4815,47.12766],[8.46822,47.12016],[8.46702,47.11844],[8.46151,47.11732],[8.45672,47.11478],[8.45523,47.11503],[8.45455,47.11719],[8.45446,47.11816],[8.45267,47.12236],[8.45268,47.12292],[8.45098,47.1309],[8.45024,47.13224],[8.44871,47.13072],[8.4483,47.13088],[8.44627,47.13042],[8.44319,47.13083],[8.44227,47.13061],[8.44246,47.1299],[8.43977,47.12835],[8.43554,47.12632],[8.43324,47.12594],[8.43288,47.12517],[8.43151,47.12465],[8.42987,47.12552],[8.42813,47.1246],[8.42781,47.12494],[8.42594,47.12498],[8.42584,47.12425],[8.42488,47.1239],[8.42453,47.12485],[8.42319,47.12479],[8.42143,47.12396],[8.41944,47.12501],[8.41804,47.12446],[8.41651,47.12575],[8.41546,47.12752],[8.41585,47.12886],[8.41679,47.12946],[8.41788,47.13189],[8.41662,47.13206],[8.41629,47.13283],[8.41712,47.13389],[8.41634,47.13692],[8.41458,47.13953],[8.41332,47.1419],[8.41194,47.14089],[8.40999,47.13992],[8.40641,47.13881],[8.40531,47.13956],[8.39929,47.13937],[8.3987,47.13919],[8.39711,47.14033],[8.39453,47.13984],[8.39117,47.14107],[8.3902,47.14068],[8.38755,47.14125],[8.38515,47.14111],[8.38331,47.14134],[8.38125,47.14057],[8.37897,47.14102],[8.37719,47.14059],[8.37705,47.14235],[8.37593,47.14439],[8.37453,47.14457],[8.36949,47.14562],[8.36856,47.14639],[8.36745,47.14614],[8.36513,47.14728],[8.36327,47.14745],[8.36182,47.15357],[8.36094,47.15467],[8.35946,47.15462],[8.3592,47.15726],[8.35946,47.15796],[8.35627,47.15998],[8.35522,47.16174],[8.3527,47.16422],[8.35056,47.1655],[8.34871,47.16589],[8.34892,47.16648],[8.35022,47.16735],[8.34862,47.16888],[8.34845,47.16974],[8.34714,47.17031],[8.34755,47.17131],[8.34698,47.17147],[8.34542,47.17288],[8.34517,47.17436],[8.34387,47.17485],[8.34204,47.17511],[8.34239,47.17648],[8.34065,47.17772],[8.33977,47.17961],[8.33995,47.18152],[8.33952,47.18218],[8.34006,47.18304],[8.33908,47.18537],[8.34037,47.18559],[8.34069,47.18767],[8.33922,47.18762],[8.33931,47.18993],[8.33749,47.19187],[8.33493,47.19375],[8.33425,47.19497],[8.33196,47.19792],[8.33095,47.19987],[8.33125,47.20198],[8.33118,47.20369],[8.33062,47.20487],[8.32962,47.20575],[8.32912,47.20757],[8.3299,47.20923],[8.32857,47.20981],[8.32832,47.2121],[8.32752,47.21238],[8.3263,47.21606],[8.32056,47.21696],[8.31984,47.21839],[8.3208,47.21909],[8.32124,47.21997],[8.32119,47.22124],[8.32182,47.22318],[8.32046,47.2239],[8.31917,47.2249],[8.31905,47.22594],[8.31809,47.22632],[8.31829,47.22809],[8.31766,47.22976],[8.31685,47.23069],[8.31651,47.23206],[8.31637,47.23431],[8.31526,47.23642],[8.31505,47.23862],[8.31571,47.23952],[8.3158,47.24141],[8.31495,47.24238],[8.31323,47.24566],[8.31282,47.24681],[8.31142,47.24786],[8.30925,47.25064],[8.30595,47.25375],[8.30436,47.25299],[8.30279,47.2539],[8.30224,47.25362],[8.301,47.25529],[8.29952,47.25792],[8.29828,47.25882],[8.29712,47.26077],[8.29721,47.26177],[8.29685,47.26261],[8.29637,47.26499],[8.29589,47.26524],[8.29553,47.26674],[8.29741,47.26911],[8.29818,47.27035],[8.29971,47.27088],[8.30136,47.27284],[8.29773,47.27371],[8.29589,47.27433],[8.29456,47.27558],[8.29303,47.27639],[8.29074,47.27881],[8.28801,47.28064],[8.28647,47.28135],[8.2857,47.28134],[8.28255,47.28194],[8.28241,47.28237],[8.28062,47.28233],[8.27973,47.28348],[8.27702,47.28283],[8.27487,47.28202],[8.27266,47.28225],[8.27182,47.28479],[8.2664,47.2839],[8.26388,47.28368],[8.26283,47.2839],[8.26208,47.28571],[8.26057,47.28824],[8.2598,47.28855],[8.25778,47.28809],[8.2567,47.28812],[8.25593,47.28754],[8.25429,47.28752],[8.25369,47.28788],[8.25181,47.28744],[8.252,47.28649],[8.25003,47.2858],[8.25091,47.28419],[8.25002,47.28382],[8.24975,47.28256],[8.24851,47.2826],[8.24571,47.28211],[8.24618,47.28108],[8.24447,47.28095],[8.24411,47.28018],[8.24332,47.28008],[8.24373,47.27761],[8.24208,47.27736],[8.24226,47.2758],[8.2435,47.27369],[8.24134,47.27391],[8.23914,47.27386],[8.23715,47.27421],[8.23576,47.27419],[8.23446,47.27473],[8.23419,47.27524],[8.23205,47.27529],[8.22966,47.27477],[8.22083,47.25351],[8.21891,47.25316],[8.21361,47.25115],[8.20887,47.2487],[8.20895,47.24759],[8.20685,47.24579],[8.20557,47.24399],[8.2068,47.24275],[8.20636,47.24108],[8.20685,47.23961],[8.20588,47.23938],[8.20621,47.23771],[8.20467,47.23754],[8.20474,47.23561],[8.20436,47.23529],[8.2044,47.23279],[8.20383,47.23137],[8.20529,47.23125],[8.2051,47.2298],[8.20614,47.22734],[8.20445,47.22741],[8.20249,47.22723],[8.19872,47.22763],[8.1951,47.22766],[8.19414,47.22738],[8.19431,47.22628],[8.19072,47.22575],[8.18725,47.224],[8.18579,47.22372],[8.18156,47.22411],[8.18067,47.22356],[8.1772,47.2233],[8.17528,47.22609],[8.17386,47.22639],[8.17394,47.22729],[8.17487,47.22814],[8.17505,47.22884],[8.17344,47.22883],[8.17262,47.22935],[8.17116,47.22902],[8.16909,47.2296],[8.16855,47.23044],[8.16664,47.22979],[8.16565,47.23111],[8.16448,47.23128],[8.16302,47.23271],[8.16184,47.2331],[8.16078,47.23461],[8.16109,47.23579],[8.16317,47.23673],[8.16294,47.2375],[8.16037,47.23915],[8.15701,47.23916],[8.15702,47.24077],[8.15937,47.24143],[8.16273,47.24197],[8.16914,47.24228],[8.17085,47.2433],[8.17219,47.24153],[8.17615,47.24145],[8.17728,47.242],[8.17711,47.24352],[8.1783,47.24463],[8.17906,47.24615],[8.18036,47.24637],[8.18136,47.24719],[8.18133,47.24826],[8.18183,47.24875],[8.18063,47.252],[8.17878,47.25356],[8.17766,47.25313],[8.17664,47.25362],[8.17606,47.25487],[8.17402,47.25401],[8.17297,47.25413],[8.17048,47.2527],[8.16837,47.25234],[8.16756,47.25189],[8.16552,47.25143],[8.16204,47.25128],[8.16134,47.25018],[8.16053,47.25035],[8.1605,47.25117],[8.15941,47.25109],[8.15907,47.25013],[8.15843,47.25004],[8.15743,47.25072],[8.15458,47.25013],[8.15184,47.24976],[8.14775,47.24885],[8.14505,47.24884],[8.14376,47.24861],[8.13749,47.24838],[8.13568,47.24799],[8.13294,47.24709],[8.13259,47.24591],[8.13192,47.24512],[8.12833,47.24362],[8.12777,47.24321],[8.12604,47.24272],[8.12065,47.24521],[8.11712,47.24554],[8.11288,47.24567],[8.11016,47.2459],[8.10894,47.24712],[8.10684,47.25077],[8.107,47.25346],[8.10343,47.25741],[8.10195,47.25877],[8.1012,47.2603],[8.09984,47.26154],[8.0957,47.26245],[8.08942,47.26424],[8.08449,47.26245],[8.08142,47.2616],[8.07939,47.26133],[8.07962,47.26001],[8.07787,47.25958],[8.07832,47.25893],[8.0752,47.25813],[8.07441,47.25768],[8.07373,47.25641],[8.07153,47.25598],[8.06942,47.25627],[8.06696,47.25633],[8.06375,47.25802],[8.05966,47.25806],[8.05978,47.2571],[8.05763,47.25679],[8.05811,47.25431],[8.05943,47.2524],[8.06404,47.24802],[8.05243,47.24554],[8.05212,47.24608],[8.03115,47.24357],[8.0302,47.24194],[8.02628,47.24319],[8.02299,47.24365],[8.02087,47.24495],[8.01819,47.24512],[8.01675,47.24597],[8.01674,47.24738],[8.01708,47.24783],[8.01674,47.2491],[8.01795,47.25132],[8.01749,47.25332],[8.01776,47.25419],[8.01754,47.2558],[8.01858,47.25724],[8.01818,47.25841],[8.0174,47.25869],[8.01731,47.2596],[8.01787,47.26068],[8.01617,47.26187],[8.0141,47.26406],[8.01251,47.26516],[8.01139,47.26553],[8.01022,47.26671],[8.00859,47.26883],[8.00628,47.27066],[8.00536,47.27398],[8.00596,47.27473],[8.00584,47.27573],[7.99634,47.28291],[7.98794,47.27738],[7.9745,47.27584],[7.97271,47.27747],[7.95707,47.27822],[7.95594,47.27787],[7.95168,47.27614],[7.95196,47.27467],[7.95021,47.2739],[7.95073,47.27154],[7.952,47.26968],[7.95313,47.269],[7.95262,47.26818],[7.9527,47.26705],[7.95397,47.26645],[7.95543,47.26428],[7.956,47.26379],[7.95646,47.26192],[7.95795,47.26119],[7.95902,47.26112],[7.96037,47.25899],[7.96001,47.25759],[7.96264,47.25592],[7.96288,47.25539],[7.95518,47.25114],[7.94702,47.24461],[7.94312,47.24263],[7.94085,47.2418],[7.93716,47.23932],[7.93604,47.23824],[7.93452,47.23725],[7.93032,47.23783],[7.92629,47.23868],[7.92221,47.23927],[7.91521,47.24343],[7.91374,47.24397],[7.91114,47.2453],[7.8983,47.24445],[7.89569,47.24397],[7.86842,47.23865],[7.85599,47.23449],[7.85424,47.23378],[7.84636,47.23533],[7.84404,47.23571],[7.84303,47.23707],[7.84072,47.23707],[7.83969,47.23617],[7.83884,47.23497],[7.83841,47.23378],[7.83929,47.23307],[7.83821,47.23231],[7.83871,47.23153],[7.83795,47.23092],[7.83797,47.22957],[7.8375,47.22904],[7.8379,47.2284],[7.8384,47.22617],[7.83744,47.22574],[7.83875,47.2242],[7.83984,47.22447],[7.84053,47.22374],[7.84231,47.22339],[7.84475,47.22119],[7.84427,47.2203],[7.84474,47.21944],[7.84568,47.21901],[7.84786,47.21866],[7.84832,47.21773],[7.84769,47.21633],[7.84891,47.21523],[7.84938,47.21339],[7.85034,47.21175],[7.85147,47.21065],[7.85185,47.20985],[7.85309,47.20956],[7.85307,47.20796],[7.85427,47.2073],[7.85438,47.20673],[7.85548,47.20579],[7.85466,47.20482],[7.85629,47.20409],[7.85739,47.20202],[7.85828,47.20165],[7.85869,47.20086],[7.86051,47.20043],[7.86105,47.19952],[7.86042,47.19923],[7.86157,47.19756],[7.86122,47.19612],[7.86184,47.19528],[7.86052,47.19468],[7.86099,47.19373],[7.86243,47.19285],[7.8645,47.19293],[7.86454,47.19152],[7.86614,47.19109],[7.86595,47.18974],[7.86775,47.18924],[7.86882,47.1883],[7.87008,47.18767],[7.87034,47.18702],[7.87222,47.18676],[7.87274,47.18631],[7.87471,47.18581],[7.87539,47.18507],[7.8769,47.18457],[7.87788,47.18223],[7.87923,47.18149],[7.87947,47.18078],[7.88134,47.17913],[7.88081,47.17827],[7.88211,47.17741],[7.88169,47.17615],[7.88294,47.17585],[7.88431,47.17454],[7.88394,47.1735],[7.88191,47.17165],[7.88034,47.17086],[7.87937,47.16919],[7.87784,47.16838],[7.8782,47.16757],[7.87748,47.16633],[7.87736,47.16533],[7.87685,47.16484],[7.87654,47.1627],[7.8771,47.16206],[7.8768,47.16036],[7.87701,47.15888],[7.87759,47.15789],[7.87732,47.15736],[7.87793,47.15672],[7.87848,47.1549],[7.87976,47.15365],[7.87956,47.15336],[7.88047,47.15222],[7.88121,47.15049],[7.88211,47.14942],[7.88337,47.14881],[7.88438,47.14756],[7.88845,47.14498],[7.89113,47.14207],[7.89055,47.14182],[7.89047,47.14036],[7.89161,47.13897],[7.89082,47.1367],[7.89103,47.13592],[7.8895,47.13578],[7.89083,47.13338],[7.88752,47.13303],[7.88738,47.13023],[7.88536,47.12945],[7.88585,47.12901],[7.88212,47.12775],[7.87455,47.1254],[7.87122,47.12417],[7.86922,47.12271],[7.86834,47.1214],[7.86801,47.11999],[7.86796,47.11816],[7.86962,47.11832],[7.8704,47.11802],[7.87084,47.1169],[7.87045,47.11487],[7.86917,47.11331],[7.87273,47.11243],[7.87427,47.11188],[7.87598,47.11077],[7.87548,47.11006],[7.8752,47.10819],[7.87401,47.10671],[7.87394,47.10564],[7.87442,47.10456],[7.87574,47.10483],[7.87722,47.10299],[7.87647,47.10159],[7.87566,47.1012],[7.87584,47.1002],[7.87488,47.09983],[7.87462,47.09918],[7.87697,47.09851],[7.88054,47.09686],[7.88078,47.09586],[7.87893,47.09428],[7.88085,47.09323],[7.88151,47.09131],[7.88174,47.08994],[7.88267,47.09009],[7.88196,47.08812],[7.88121,47.08695],[7.88187,47.08674],[7.88149,47.08583],[7.88033,47.08536],[7.88074,47.0849],[7.87991,47.08431],[7.87929,47.08331],[7.88035,47.08319],[7.88116,47.0826],[7.88037,47.08162],[7.87779,47.08113],[7.87999,47.08013],[7.87938,47.07981],[7.87854,47.07669],[7.87922,47.07574],[7.87785,47.07488],[7.87714,47.07479],[7.87831,47.07292],[7.87779,47.07194],[7.87479,47.06807],[7.87431,47.06692],[7.87305,47.06668],[7.87219,47.06386],[7.8733,47.06357],[7.87417,47.06378],[7.87493,47.06304],[7.87297,47.06205],[7.87231,47.06093],[7.87075,47.06012],[7.87001,47.05894],[7.86843,47.05732],[7.86813,47.05634],[7.86714,47.05534],[7.86704,47.05475],[7.86853,47.05446],[7.86841,47.05366],[7.86914,47.05318],[7.86747,47.05112],[7.86872,47.05072],[7.86952,47.04914],[7.87082,47.04872],[7.87056,47.04798],[7.87193,47.04649],[7.87348,47.04609],[7.87578,47.04229],[7.87792,47.04252],[7.87957,47.04222],[7.88059,47.04177],[7.88272,47.0418],[7.88497,47.0385],[7.88409,47.03656],[7.88483,47.0349],[7.88592,47.03407],[7.8885,47.03329],[7.89015,47.03215],[7.89282,47.03182],[7.89384,47.03068],[7.89385,47.03015],[7.89489,47.02925],[7.89473,47.02675],[7.89431,47.0262],[7.89501,47.02519],[7.89578,47.02349],[7.89785,47.02275],[7.89918,47.02178],[7.89994,47.02072],[7.90157,47.0193],[7.90114,47.0178],[7.90004,47.01634],[7.89822,47.01506],[7.89796,47.01436],[7.89875,47.01306],[7.89923,47.01165],[7.9003,47.01033],[7.9,47.01002],[7.90092,47.00897],[7.90286,47.00758],[7.90566,47.00815],[7.90837,47.00818],[7.91049,47.00867],[7.91098,47.00912],[7.91268,47.00927],[7.91419,47.00991],[7.91727,47.00984],[7.91838,47.01014],[7.92105,47.01141],[7.92304,47.01188],[7.9261,47.0117],[7.9269,47.01099],[7.92673,47.01003],[7.92754,47.00935],[7.92787,47.00839],[7.93035,47.00672],[7.93101,47.00696],[7.93238,47.00608],[7.9337,47.00557],[7.935,47.00552],[7.93742,47.00602],[7.94055,47.00599],[7.94218,47.00696],[7.9435,47.00666],[7.94763,47.00693],[7.9496,47.0073],[7.95047,47.00716],[7.9512,47.00809],[7.95484,47.00648],[7.95724,47.00475],[7.95609,47.00346],[7.955,47.00333],[7.95353,47.00011],[7.95306,46.99791],[7.95189,46.99764],[7.95049,46.99657],[7.94941,46.99539],[7.94941,46.99319],[7.95112,46.98963],[7.95077,46.98849],[7.95143,46.98675],[7.95195,46.98644],[7.95264,46.98493],[7.95322,46.98428],[7.95347,46.98258],[7.95189,46.9814],[7.94979,46.9812],[7.94794,46.98038],[7.94578,46.9788],[7.94495,46.9785],[7.94525,46.97692],[7.9457,46.97611],[7.94584,46.97467],[7.94544,46.97422],[7.94589,46.97311],[7.94576,46.97179],[7.94609,46.9707],[7.94715,46.97017],[7.94639,46.96916],[7.94476,46.96819],[7.94268,46.96722],[7.94113,46.96606],[7.9399,46.96624],[7.93721,46.96573],[7.93513,46.96449],[7.93327,46.96297],[7.93259,46.96194],[7.93357,46.95987],[7.9336,46.9587],[7.93254,46.95717],[7.93335,46.95504],[7.93268,46.95183],[7.93154,46.95062],[7.93011,46.9495],[7.92706,46.94966],[7.92563,46.94849],[7.92516,46.94864],[7.92271,46.94805],[7.92184,46.94669],[7.92272,46.94523],[7.92213,46.94446],[7.92189,46.94314],[7.92092,46.94265],[7.92038,46.94141],[7.91905,46.94054],[7.91889,46.93984],[7.91682,46.93704],[7.91629,46.93595],[7.91444,46.93506],[7.91354,46.9344],[7.91174,46.93415],[7.90896,46.934],[7.90543,46.93444],[7.90341,46.93567],[7.89992,46.93604],[7.89853,46.93595],[7.89712,46.93545],[7.89665,46.93492],[7.89521,46.93438],[7.89458,46.93379],[7.89088,46.9329],[7.88838,46.93207],[7.88652,46.93113],[7.88433,46.93042],[7.88278,46.93013],[7.8818,46.92957],[7.88085,46.92948],[7.87795,46.92869],[7.87604,46.92773],[7.87368,46.92561],[7.8729,46.92393],[7.87154,46.92228],[7.87067,46.92046],[7.86999,46.91825],[7.86882,46.91733],[7.86805,46.91609],[7.87024,46.9157],[7.87381,46.91427],[7.8756,46.91271],[7.87697,46.91229],[7.87957,46.91264],[7.88111,46.91229],[7.88259,46.90927],[7.88414,46.90795],[7.88349,46.90664],[7.88368,46.90485],[7.88124,46.90308],[7.88078,46.9017],[7.88174,46.90157],[7.88282,46.90097],[7.88149,46.90037],[7.87976,46.90028],[7.87896,46.89979],[7.87635,46.89707],[7.87441,46.89431],[7.87378,46.89254],[7.87407,46.89099],[7.87289,46.89076],[7.87171,46.8909],[7.87087,46.89027],[7.87039,46.88909],[7.86894,46.88838],[7.86686,46.88787],[7.86357,46.88792],[7.86058,46.8871],[7.85962,46.88661],[7.85763,46.8848],[7.85718,46.88216],[7.85788,46.88156],[7.85788,46.8799],[7.85885,46.8784],[7.85901,46.87669],[7.85828,46.87277],[7.8588,46.87206],[7.86085,46.87169],[7.86288,46.87188],[7.86529,46.87087],[7.86571,46.86759],[7.86941,46.86644],[7.87052,46.86566],[7.87049,46.86502],[7.86975,46.86333],[7.87005,46.86235],[7.86887,46.86165],[7.86832,46.85999],[7.86876,46.85907],[7.86933,46.85522],[7.86853,46.85328],[7.86863,46.85167],[7.87053,46.85],[7.87113,46.84888],[7.87115,46.84629],[7.87146,46.84516],[7.87374,46.84392],[7.8781,46.83838],[7.89658,46.83231],[7.90539,46.82887],[7.92342,46.82131],[7.92979,46.81777],[7.93753,46.81265],[7.94274,46.80931],[7.94778,46.80655],[7.95188,46.80115],[7.95288,46.79894],[7.95398,46.79769],[7.95487,46.79708],[7.95488,46.796],[7.95353,46.79464],[7.95502,46.79341],[7.95508,46.79251],[7.95576,46.79238],[7.95731,46.79137],[7.95884,46.79069],[7.96026,46.79061],[7.96192,46.79004],[7.96396,46.78834],[7.96464,46.78811],[7.96617,46.78829],[7.96917,46.78674],[7.97045,46.78571],[7.97054,46.78377],[7.97169,46.78315],[7.97292,46.78128],[7.97431,46.78023],[7.97451,46.77966],[7.97675,46.7786],[7.97974,46.77852],[7.98168,46.77787],[7.98301,46.77771],[7.98561,46.77629],[7.9876,46.77673],[7.9901,46.77784],[7.99097,46.77856],[7.99366,46.77997],[7.99512,46.78018],[7.99596,46.78119],[7.99597,46.7824],[7.99679,46.78307],[7.99792,46.78347],[8.00159,46.78418],[8.00591,46.78451],[8.00868,46.7858],[8.01024,46.7862],[8.01261,46.78723],[8.01573,46.78801],[8.01769,46.78936],[8.01872,46.78922],[8.02233,46.79013],[8.02379,46.79019],[8.02752,46.79108],[8.03253,46.79145],[8.03356,46.79077],[8.03638,46.79067],[8.03671,46.79026],[8.03877,46.78954],[8.04003,46.78889],[8.04419,46.78883],[8.0447,46.78853],[8.04799,46.78841]]]},"properties":{"id":3,"name":"Luzern"}},
{"type":"Feature","geometry":{"type":"Polygon","coordinates":[[[8.47874,46.52888],[8.47958,46.52805],[8.47962,46.52685],[8.47908,46.52621],[8.47741,46.52545],[8.47604,46.52529],[8.47392,46.5245],[8.47268,46.52332],[8.47165,46.52196],[8.47184,46.52111],[8.46974,46.51989],[8.4687,46.51977],[8.46724,46.51883],[8.46734,46.51808],[8.46596,46.51739],[8.4638,46.51562],[8.4629,46.51389],[8.46151,46.51255],[8.45977,46.51133],[8.45671,46.50944],[8.45542,46.50895],[8.45409,46.50934],[8.4528,46.50906],[8.45047,46.50576],[8.44729,46.50069],[8.44592,46.49878],[8.44624,46.49817],[8.44417,46.49664],[8.44106,46.49746],[8.43872,46.49745],[8.4372,46.49806],[8.43556,46.49832],[8.43276,46.49824],[8.43134,46.49718],[8.42862,46.49622],[8.42543,46.49578],[8.42272,46.4948],[8.42077,46.49388],[8.41965,46.49401],[8.41825,46.49507],[8.41645,46.49544],[8.41552,46.49599],[8.41355,46.49539],[8.41272,46.49491],[8.41217,46.49405],[8.41054,46.49387],[8.40859,46.494],[8.40553,46.49393],[8.40251,46.49371],[8.4016,46.49392],[8.40132,46.49451],[8.39957,46.49552],[8.39709,46.49538],[8.39428,46.49555],[8.39347,46.49591],[8.39276,46.49436],[8.39274,46.49292],[8.3951,46.48968],[8.39573,46.48725],[8.39581,46.48626],[8.39538,46.48496],[8.39256,46.48385],[8.39178,46.48228],[8.39106,46.48145],[8.38816,46.47916],[8.38864,46.47833],[8.38758,46.47828],[8.38785,46.47733],[8.38708,46.47693],[8.3885,46.47577],[8.38912,46.47561],[8.39065,46.47385],[8.39041,46.47201],[8.39105,46.47099],[8.39196,46.47076],[8.39338,46.47085],[8.39356,46.46922],[8.39148,46.46859],[8.3896,46.46852],[8.38655,46.46683],[8.38708,46.46608],[8.38743,46.46421],[8.38683,46.46307],[8.38454,46.46147],[8.38342,46.46117],[8.3833,46.46051],[8.38434,46.45786],[8.38496,46.45558],[8.3858,46.45341],[8.3864,46.45306],[8.38828,46.45315],[8.39032,46.45403],[8.39328,46.45293],[8.39405,46.45283],[8.39566,46.45438],[8.39689,46.4551],[8.39704,46.45581],[8.39847,46.45618],[8.40063,46.4564],[8.40271,46.45601],[8.40418,46.45645],[8.40482,46.45705],[8.40567,46.45846],[8.40822,46.45959],[8.40951,46.45999],[8.41049,46.45972],[8.41163,46.46031],[8.41482,46.46057],[8.41613,46.45986],[8.41921,46.46027],[8.41991,46.46108],[8.42294,46.46226],[8.42479,46.46223],[8.42668,46.46283],[8.42845,46.46289],[8.43172,46.46401],[8.4327,46.4647],[8.43364,46.46463],[8.4358,46.46514],[8.43668,46.46497],[8.43962,46.46555],[8.44003,46.46496],[8.43949,46.46424],[8.44042,46.46387],[8.44151,46.46424],[8.44627,46.46492],[8.4472,46.46492],[8.45111,46.4631],[8.45425,46.45942],[8.45337,46.45785],[8.4539,46.45661],[8.45665,46.45462],[8.45832,46.45397],[8.46014,46.45296],[8.46174,46.45265],[8.46309,46.45196],[8.46285,46.45105],[8.46367,46.44963],[8.46318,46.44836],[8.46261,46.44776],[8.46364,46.44652],[8.46512,46.44642],[8.46704,46.44562],[8.46658,46.44492],[8.46727,46.44376],[8.46585,46.44282],[8.46508,46.44045],[8.46278,46.4393],[8.46038,46.43829],[8.45949,46.43706],[8.45892,46.43578],[8.45953,46.43391],[8.4612,46.43202],[8.46029,46.4313],[8.46186,46.42965],[8.46103,46.42859],[8.45988,46.42797],[8.45973,46.42715],[8.45847,46.42674],[8.45797,46.42443],[8.45864,46.42377],[8.45914,46.42177],[8.45993,46.42073],[8.46169,46.42018],[8.46413,46.41917],[8.46495,46.41782],[8.46669,46.41686],[8.46735,46.41523],[8.46907,46.4135],[8.46939,46.41231],[8.46842,46.41106],[8.46813,46.41023],[8.46659,46.40879],[8.46561,46.40831],[8.46415,46.40612],[8.46473,46.40533],[8.4647,46.40398],[8.46593,46.40283],[8.46687,46.40232],[8.46766,46.40118],[8.46875,46.40064],[8.47161,46.39827],[8.47227,46.39717],[8.46944,46.39505],[8.46815,46.39449],[8.46738,46.39368],[8.46706,46.39261],[8.46337,46.39005],[8.46222,46.38863],[8.46192,46.38776],[8.46304,46.3873],[8.46347,46.38637],[8.46496,46.38522],[8.46548,46.38427],[8.46654,46.38327],[8.46761,46.3813],[8.46744,46.3792],[8.46764,46.37757],[8.46825,46.37521],[8.468,46.37468],[8.46852,46.37393],[8.46821,46.37142],[8.46867,46.37115],[8.4679,46.36988],[8.46806,46.3691],[8.46921,46.3683],[8.4694,46.36577],[8.47133,46.36379],[8.47123,46.36292],[8.47048,46.36214],[8.46717,46.36006],[8.46577,46.35958],[8.46562,46.35748],[8.46411,46.35677],[8.46266,46.3545],[8.4634,46.35269],[8.46404,46.35184],[8.46425,46.34964],[8.46491,46.34875],[8.46564,46.34847],[8.46522,46.34611],[8.46542,46.34532],[8.46491,46.34452],[8.46473,46.34292],[8.46515,46.33978],[8.46493,46.33861],[8.46439,46.33805],[8.46539,46.33652],[8.46636,46.33594],[8.46645,46.335],[8.46483,46.33401],[8.46318,46.33246],[8.46284,46.33112],[8.46219,46.33073],[8.46151,46.32965],[8.46027,46.32924],[8.45889,46.32914],[8.45675,46.32849],[8.45683,46.32703],[8.45659,46.32566],[8.45483,46.32456],[8.45517,46.32373],[8.45494,46.3225],[8.45167,46.32219],[8.44821,46.32171],[8.44529,46.32114],[8.44482,46.32073],[8.44446,46.31945],[8.44381,46.31884],[8.44341,46.31766],[8.44251,46.31687],[8.44344,46.31492],[8.44289,46.31137],[8.44184,46.31042],[8.44083,46.31004],[8.44039,46.30931],[8.44008,46.30714],[8.44044,46.30632],[8.44163,46.30536],[8.43961,46.30512],[8.43785,46.30429],[8.43411,46.30345],[8.43188,46.30213],[8.43037,46.30158],[8.4295,46.30084],[8.42883,46.29954],[8.42937,46.29872],[8.43226,46.29569],[8.43395,46.29436],[8.43509,46.29305],[8.43483,46.2913],[8.4351,46.28972],[8.43614,46.28877],[8.4374,46.2869],[8.43957,46.28496],[8.44107,46.284],[8.4421,46.28292],[8.44311,46.28238],[8.45086,46.27556],[8.45697,46.26499],[8.45436,46.26366],[8.45206,46.26316],[8.45059,46.26213],[8.44958,46.26263],[8.44907,46.26189],[8.44969,46.26043],[8.44898,46.25925],[8.44668,46.25861],[8.44491,46.25655],[8.4446,46.25568],[8.44337,46.25538],[8.44337,46.25422],[8.44438,46.25315],[8.44405,46.25269],[8.44455,46.2514],[8.44631,46.25014],[8.44808,46.24919],[8.45127,46.24939],[8.45307,46.24881],[8.45484,46.24874],[8.45686,46.248],[8.45929,46.24755],[8.46107,46.24675],[8.46186,46.24601],[8.4652,46.24578],[8.46628,46.24457],[8.46692,46.24324],[8.46696,46.2408],[8.46731,46.23753],[8.46826,46.23553],[8.46978,46.23412],[8.47349,46.23287],[8.47862,46.2316],[8.48055,46.23156],[8.48407,46.23174],[8.48796,46.2315],[8.49303,46.23009],[8.49348,46.23033],[8.49825,46.22879],[8.49952,46.22812],[8.50262,46.22742],[8.50566,46.22585],[8.50586,46.2254],[8.50967,46.22411],[8.51201,46.22238],[8.51358,46.22223],[8.51624,46.22138],[8.51868,46.22146],[8.51898,46.22197],[8.52068,46.22219],[8.52055,46.22267],[8.52315,46.22301],[8.52476,46.22208],[8.52684,46.22184],[8.52984,46.22127],[8.5307,46.2205],[8.53355,46.21951],[8.53378,46.21679],[8.5345,46.2149],[8.53491,46.21301],[8.53581,46.21005],[8.53743,46.20737],[8.53751,46.20549],[8.5393,46.20364],[8.54158,46.19904],[8.54225,46.19847],[8.54355,46.1986],[8.54431,46.19816],[8.54663,46.19735],[8.55199,46.19478],[8.5547,46.19326],[8.555,46.1914],[8.55561,46.19086],[8.5555,46.19009],[8.55608,46.18845],[8.55515,46.18737],[8.55664,46.18715],[8.55721,46.18673],[8.55955,46.18668],[8.56299,46.18577],[8.56481,46.18517],[8.56521,46.18378],[8.57096,46.17812],[8.57323,46.16814],[8.57475,46.16553],[8.57562,46.1654],[8.57764,46.16389],[8.57933,46.16288],[8.58066,46.16294],[8.5815,46.16344],[8.58295,46.1638],[8.58542,46.16409],[8.58823,46.16287],[8.58917,46.16224],[8.58853,46.16135],[8.58888,46.16071],[8.59022,46.16035],[8.58988,46.15928],[8.58937,46.15912],[8.58914,46.15802],[8.59065,46.15816],[8.593,46.15776],[8.59343,46.15742],[8.59509,46.15741],[8.59562,46.15691],[8.60136,46.15696],[8.604,46.15666],[8.60446,46.15586],[8.60383,46.15472],[8.60168,46.15482],[8.60119,46.15427],[8.60109,46.15256],[8.60128,46.15101],[8.5995,46.15012],[8.59801,46.15005],[8.59682,46.1488],[8.5958,46.14874],[8.59409,46.14705],[8.59444,46.14571],[8.59419,46.14439],[8.59662,46.14397],[8.59827,46.14238],[8.59948,46.14151],[8.60209,46.14049],[8.60368,46.13949],[8.60433,46.13778],[8.60582,46.13645],[8.60825,46.13549],[8.60907,46.1347],[8.61082,46.13409],[8.61147,46.13321],[8.6117,46.1319],[8.61147,46.13137],[8.61162,46.12952],[8.61086,46.12868],[8.61113,46.12744],[8.61199,46.12676],[8.61235,46.12552],[8.61306,46.12503],[8.6134,46.12372],[8.61295,46.12287],[8.6155,46.12286],[8.61801,46.12306],[8.6208,46.12263],[8.62241,46.12323],[8.62611,46.12328],[8.62638,46.12364],[8.62926,46.12401],[8.62994,46.1235],[8.63197,46.12343],[8.63419,46.12385],[8.63495,46.12359],[8.63833,46.12383],[8.6414,46.12392],[8.6433,46.12451],[8.64456,46.12444],[8.64557,46.12479],[8.6473,46.12495],[8.64914,46.12457],[8.64944,46.12371],[8.65154,46.12202],[8.6522,46.12127],[8.65424,46.12026],[8.65535,46.11832],[8.65748,46.11715],[8.65763,46.11638],[8.65883,46.1139],[8.66588,46.11223],[8.6667,46.11154],[8.66865,46.11156],[8.66937,46.11051],[8.6714,46.11004],[8.67252,46.11073],[8.67635,46.11173],[8.6781,46.11118],[8.67951,46.11172],[8.68146,46.11116],[8.6817,46.11042],[8.68132,46.10917],[8.68221,46.109],[8.68255,46.10685],[8.68419,46.10642],[8.68702,46.10321],[8.68943,46.10276],[8.69031,46.10281],[8.69123,46.10339],[8.69395,46.10325],[8.69458,46.10248],[8.69588,46.10293],[8.6977,46.10322],[8.71512,46.09844],[8.71653,46.10039],[8.71887,46.10253],[8.72335,46.10853],[8.7254,46.11142],[8.72946,46.11449],[8.73741,46.12],[8.74348,46.12352],[8.75724,46.10593],[8.75816,46.10454],[8.75946,46.10416],[8.75963,46.10368],[8.76116,46.10278],[8.76351,46.10229],[8.76555,46.10211],[8.76847,46.10161],[8.76916,46.10202],[8.7711,46.10074],[8.77252,46.10045],[8.77454,46.09966],[8.77683,46.09813],[8.78417,46.09538],[8.78898,46.09566],[8.79285,46.09604],[8.80092,46.09591],[8.80286,46.09848],[8.80576,46.10061],[8.80718,46.10249],[8.81602,46.09866],[8.81696,46.09772],[8.81699,46.09702],[8.81836,46.09611],[8.81879,46.0955],[8.82212,46.09457],[8.82273,46.09382],[8.8225,46.09253],[8.82346,46.09252],[8.82381,46.0916],[8.82449,46.09146],[8.82561,46.09012],[8.8275,46.09067],[8.83043,46.08784],[8.83407,46.08461],[8.83492,46.08406],[8.83804,46.0827],[8.84165,46.08203],[8.84358,46.08113],[8.84526,46.07983],[8.84643,46.07847],[8.84757,46.07789],[8.84867,46.07696],[8.85326,46.07684],[8.85528,46.06978],[8.85574,46.06279],[8.85245,46.05857],[8.84693,46.05164],[8.84533,46.04971],[8.8437,46.05028],[8.83568,46.05257],[8.83394,46.05041],[8.83159,46.04855],[8.83074,46.04757],[8.83306,46.04688],[8.83523,46.04538],[8.83661,46.04499],[8.83386,46.04176],[8.83118,46.04281],[8.83004,46.03906],[8.82931,46.03542],[8.82829,46.03347],[8.82647,46.03173],[8.82082,46.02669],[8.813,46.02484],[8.80706,46.02313],[8.80557,46.02034],[8.79828,46.01336],[8.79423,46.0093],[8.79345,46.00734],[8.79115,46.00077],[8.78834,45.99254],[8.78702,45.99027],[8.78925,45.99007],[8.79071,45.9897],[8.79197,45.98978],[8.79354,45.99082],[8.79344,45.99283],[8.79389,45.99322],[8.79691,45.99326],[8.79876,45.99302],[8.80108,45.99239],[8.8038,45.99236],[8.80904,45.99183],[8.81136,45.99101],[8.81255,45.99117],[8.81434,45.99179],[8.81506,45.99158],[8.81911,45.98925],[8.82073,45.98868],[8.823,45.98849],[8.82528,45.98907],[8.82731,45.9886],[8.82892,45.98848],[8.82989,45.98884],[8.83219,45.98923],[8.83371,45.98848],[8.83512,45.98652],[8.83748,45.98588],[8.84009,45.98557],[8.84064,45.98503],[8.84086,45.98341],[8.84125,45.98285],[8.84384,45.98267],[8.84439,45.98172],[8.84446,45.9791],[8.84508,45.97833],[8.84689,45.97791],[8.84831,45.977],[8.84947,45.97532],[8.85113,45.97387],[8.85323,45.97307],[8.85713,45.97007],[8.85866,45.96932],[8.86184,45.9673],[8.86341,45.96685],[8.86588,45.96665],[8.86876,45.96232],[8.86945,45.96181],[8.87212,45.96129],[8.87318,45.96075],[8.87548,45.96039],[8.87727,45.95907],[8.87936,45.95783],[8.88109,45.95794],[8.88824,45.95877],[8.89481,45.96017],[8.8963,45.95823],[8.8978,45.95594],[8.89779,45.95308],[8.89802,45.95203],[8.89922,45.95055],[8.89975,45.94745],[8.89912,45.94489],[8.8977,45.94262],[8.8963,45.94098],[8.89465,45.93858],[8.89388,45.93546],[8.89408,45.93353],[8.89447,45.93237],[8.89573,45.93073],[8.89725,45.92836],[8.89873,45.92702],[8.90156,45.92531],[8.9028,45.9249],[8.90517,45.92323],[8.9086,45.91898],[8.91362,45.91881],[8.91544,45.91899],[8.91792,45.91485],[8.921,45.91145],[8.92141,45.91015],[8.92342,45.90848],[8.92384,45.9076],[8.92528,45.90682],[8.926,45.90489],[8.92609,45.90204],[8.92356,45.8979],[8.9227,45.89713],[8.92307,45.89638],[8.92409,45.89667],[8.9253,45.89341],[8.92848,45.89289],[8.93087,45.88995],[8.93175,45.88817],[8.93271,45.887],[8.93329,45.88543],[8.9337,45.8825],[8.93421,45.88206],[8.93442,45.8794],[8.93422,45.87765],[8.93445,45.8757],[8.93554,45.87433],[8.93579,45.87307],[8.93496,45.87206],[8.93493,45.87151],[8.9363,45.87094],[8.93792,45.86895],[8.93858,45.86856],[8.94322,45.87152],[8.94393,45.87037],[8.94549,45.86942],[8.94646,45.86816],[8.9447,45.86678],[8.94154,45.86526],[8.93984,45.86465],[8.93826,45.8644],[8.93657,45.86359],[8.93603,45.86386],[8.93369,45.86214],[8.92578,45.8541],[8.92185,45.85053],[8.91538,45.84341],[8.91388,45.83917],[8.91321,45.83292],[8.9133,45.83162],[8.91844,45.83399],[8.91957,45.83473],[8.92163,45.83537],[8.92494,45.83525],[8.92803,45.83442],[8.93019,45.83455],[8.92993,45.8355],[8.93039,45.83651],[8.93189,45.83671],[8.9332,45.83775],[8.93363,45.83848],[8.93313,45.83908],[8.9343,45.83941],[8.93406,45.84013],[8.93741,45.84071],[8.94025,45.84245],[8.94158,45.84239],[8.94787,45.84381],[8.94997,45.84461],[8.95418,45.84351],[8.95495,45.84429],[8.95693,45.84409],[8.95734,45.84277],[8.96198,45.84103],[8.96331,45.8399],[8.96336,45.83887],[8.96236,45.83781],[8.96513,45.8361],[8.9664,45.8366],[8.96741,45.83555],[8.96804,45.83593],[8.96967,45.83479],[8.96966,45.834],[8.97115,45.83353],[8.97358,45.83428],[8.97452,45.83363],[8.9772,45.83574],[8.97616,45.8369],[8.97734,45.83781],[8.97862,45.83805],[8.98057,45.83721],[8.98255,45.83689],[8.98413,45.83766],[8.98472,45.83825],[8.98784,45.8397],[8.98963,45.83921],[8.99047,45.83836],[8.99147,45.83684],[8.99328,45.83588],[8.99534,45.83547],[8.99866,45.83612],[8.998,45.83474],[8.99873,45.8343],[8.99889,45.83348],[8.99772,45.83318],[8.99706,45.83118],[8.99623,45.83005],[8.99631,45.82878],[8.99578,45.82852],[8.9952,45.82639],[8.99579,45.82605],[8.99408,45.82432],[8.99504,45.82314],[8.9996,45.82409],[9.00093,45.82342],[9.00195,45.82343],[9.00436,45.82183],[9.00542,45.82144],[9.00909,45.82074],[9.01094,45.82092],[9.01313,45.8202],[9.01444,45.81997],[9.01589,45.81938],[9.01758,45.81915],[9.01915,45.81926],[9.01955,45.82053],[9.0225,45.82187],[9.02329,45.82304],[9.02451,45.82319],[9.02719,45.82303],[9.02989,45.82182],[9.03257,45.82202],[9.03525,45.82378],[9.03529,45.82452],[9.03217,45.82571],[9.03337,45.82717],[9.03401,45.82841],[9.03489,45.82946],[9.03495,45.83029],[9.03586,45.83103],[9.03518,45.83187],[9.03579,45.83262],[9.03562,45.83346],[9.03689,45.83398],[9.03892,45.83643],[9.03895,45.83708],[9.03649,45.84025],[9.03694,45.84231],[9.03845,45.84311],[9.03982,45.84321],[9.03973,45.84507],[9.04055,45.84631],[9.04191,45.84775],[9.04361,45.84756],[9.04499,45.84777],[9.04572,45.84908],[9.04627,45.84936],[9.04657,45.85077],[9.04721,45.85101],[9.049,45.85257],[9.04998,45.85301],[9.05195,45.85339],[9.0496,45.85452],[9.053,45.85561],[9.05179,45.85843],[9.05056,45.85964],[9.05081,45.86151],[9.05024,45.86282],[9.05054,45.86428],[9.05126,45.86469],[9.05145,45.86571],[9.05292,45.86768],[9.05269,45.86841],[9.05354,45.86902],[9.05487,45.86917],[9.05438,45.8698],[9.05466,45.87081],[9.05662,45.87298],[9.05587,45.87383],[9.05596,45.87473],[9.05768,45.87607],[9.05889,45.8764],[9.0614,45.87607],[9.06311,45.87663],[9.06682,45.87724],[9.06757,45.87657],[9.07101,45.88007],[9.07205,45.88135],[9.07243,45.88264],[9.07333,45.88345],[9.07472,45.88377],[9.07672,45.88455],[9.07902,45.88625],[9.07852,45.88657],[9.07877,45.88781],[9.07956,45.88885],[9.08053,45.88951],[9.08045,45.89035],[9.07958,45.89141],[9.07842,45.89167],[9.07914,45.89321],[9.08282,45.89298],[9.08307,45.89373],[9.08516,45.89457],[9.08528,45.89511],[9.08627,45.89584],[9.08633,45.89715],[9.08921,45.89802],[9.08999,45.89808],[9.08864,45.89973],[9.08863,45.90049],[9.08923,45.90131],[9.09018,45.90184],[9.08802,45.90339],[9.07811,45.90048],[9.07752,45.90457],[9.07665,45.90727],[9.07852,45.91037],[9.07773,45.91187],[9.07776,45.9126],[9.07636,45.91296],[9.0744,45.91403],[9.07322,45.91382],[9.07056,45.91263],[9.07071,45.91165],[9.06899,45.91182],[9.06899,45.9128],[9.06961,45.91392],[9.06745,45.91526],[9.06473,45.91609],[9.06378,45.91594],[9.06024,45.91767],[9.06122,45.92201],[9.06018,45.9222],[9.05845,45.92168],[9.05668,45.92151],[9.05504,45.92185],[9.05249,45.92175],[9.05158,45.92133],[9.05026,45.9216],[9.05071,45.92234],[9.0506,45.92326],[9.04927,45.92387],[9.04833,45.92498],[9.04683,45.92563],[9.04614,45.92627],[9.04601,45.92715],[9.04371,45.92855],[9.03796,45.92752],[9.03386,45.92782],[9.03102,45.92769],[9.02769,45.92988],[9.02412,45.9302],[9.02053,45.92955],[9.02109,45.93032],[9.0209,45.93119],[9.02113,45.93247],[9.02169,45.93333],[9.02168,45.9344],[9.02231,45.93588],[9.02311,45.93664],[9.02364,45.93833],[9.02321,45.93927],[9.02142,45.93958],[9.02094,45.94089],[9.01826,45.94178],[9.01613,45.94181],[9.01573,45.94275],[9.01474,45.9427],[9.01425,45.94409],[9.01358,45.94498],[9.01488,45.94571],[9.01765,45.94919],[9.0183,45.9502],[9.01757,45.95136],[9.0165,45.952],[9.01514,45.96174],[9.01039,45.96357],[9.00201,45.96593],[8.9952,45.96774],[8.99016,45.97153],[8.99,45.97241],[8.99167,45.97242],[8.99351,45.97375],[8.99403,45.9733],[8.99582,45.97283],[8.99699,45.97403],[8.99749,45.97558],[8.997,45.97627],[8.99724,45.97711],[8.99635,45.97784],[8.9965,45.97941],[8.99719,45.97995],[8.99652,45.9817],[9.00227,45.98156],[9.00347,45.98069],[9.00583,45.98096],[9.00691,45.98156],[9.00852,45.98149],[9.00951,45.98195],[9.00993,45.98325],[9.01233,45.98437],[9.01201,45.9865],[9.01275,45.98789],[9.01253,45.9891],[9.0144,45.98995],[9.01707,45.98904],[9.01925,45.98885],[9.02368,45.99074],[9.02407,45.99395],[9.02964,45.99482],[9.0277,45.99828],[9.02625,46.00147],[9.02569,46.00196],[9.02372,46.01805],[9.02312,46.01828],[9.02142,46.01987],[9.02043,46.02049],[9.01973,46.02163],[9.01833,46.02255],[9.01676,46.02314],[9.01594,46.02462],[9.01463,46.02578],[9.01391,46.02592],[9.01024,46.02804],[9.01083,46.02857],[9.01011,46.02972],[9.00877,46.031],[9.00998,46.03277],[9.0107,46.03849],[9.01425,46.0415],[9.01589,46.04234],[9.01806,46.0443],[9.01869,46.04598],[9.01793,46.0466],[9.01713,46.04794],[9.01803,46.04917],[9.01838,46.05094],[9.01984,46.05202],[9.02153,46.05294],[9.02318,46.05329],[9.02385,46.05389],[9.02489,46.05398],[9.02682,46.05365],[9.02852,46.05424],[9.02942,46.05414],[9.03102,46.05463],[9.03208,46.05542],[9.03401,46.05641],[9.03558,46.05699],[9.03949,46.05925],[9.04055,46.06014],[9.04473,46.06055],[9.04595,46.06017],[9.04771,46.06115],[9.04915,46.06276],[9.05141,46.06357],[9.05483,46.0635],[9.0566,46.06334],[9.05731,46.06248],[9.05891,46.06197],[9.05981,46.06222],[9.06086,46.06195],[9.06222,46.06201],[9.06505,46.06293],[9.06792,46.06327],[9.06925,46.06323],[9.07152,46.06384],[9.07515,46.06375],[9.07686,46.06486],[9.07832,46.06533],[9.07949,46.06652],[9.07986,46.06809],[9.07951,46.07009],[9.07908,46.07054],[9.07918,46.07214],[9.07976,46.07347],[9.0798,46.07613],[9.08026,46.07712],[9.08152,46.07801],[9.08308,46.07833],[9.08444,46.07901],[9.08538,46.07994],[9.08526,46.08074],[9.09062,46.0869],[9.0908,46.08822],[9.09033,46.09127],[9.08797,46.09498],[9.08387,46.10108],[9.08246,46.10337],[9.08079,46.10806],[9.0801,46.10946],[9.07923,46.11052],[9.07881,46.11178],[9.07803,46.11197],[9.07595,46.11453],[9.07506,46.11534],[9.07367,46.11912],[9.07731,46.12142],[9.07802,46.12133],[9.07923,46.12221],[9.08043,46.1224],[9.08225,46.12318],[9.08388,46.12337],[9.08657,46.12412],[9.087,46.12499],[9.08932,46.12617],[9.09208,46.12698],[9.09678,46.12743],[9.09859,46.12836],[9.10078,46.12859],[9.10175,46.12995],[9.10335,46.13077],[9.10531,46.13243],[9.10603,46.13326],[9.10716,46.13328],[9.10821,46.13374],[9.10935,46.13373],[9.11161,46.13454],[9.1134,46.13592],[9.11612,46.13605],[9.11826,46.13662],[9.12021,46.13646],[9.12188,46.13594],[9.12273,46.13655],[9.1241,46.13863],[9.12398,46.13995],[9.12548,46.1411],[9.12625,46.14241],[9.12802,46.14472],[9.12808,46.14604],[9.12986,46.14764],[9.13022,46.14861],[9.13225,46.14958],[9.13359,46.15065],[9.13522,46.15298],[9.13568,46.15452],[9.13697,46.15479],[9.13833,46.15549],[9.13912,46.15536],[9.14113,46.15581],[9.143,46.15694],[9.14365,46.15814],[9.14499,46.15887],[9.14571,46.15961],[9.14801,46.16017],[9.15073,46.16172],[9.15325,46.16242],[9.15656,46.1627],[9.15825,46.16377],[9.15849,46.16461],[9.15983,46.16614],[9.1598,46.16733],[9.16017,46.16769],[9.16088,46.17045],[9.16058,46.17082],[9.15942,46.17112],[9.15764,46.17103],[9.1546,46.17139],[9.15105,46.1733],[9.14859,46.17487],[9.1478,46.17561],[9.14306,46.17914],[9.14055,46.17986],[9.13951,46.18048],[9.13674,46.18158],[9.13488,46.18374],[9.1331,46.18498],[9.1325,46.18602],[9.13237,46.1875],[9.1326,46.18807],[9.13228,46.18961],[9.13093,46.19055],[9.12946,46.19264],[9.12766,46.19432],[9.12726,46.19519],[9.12624,46.19625],[9.12405,46.1968],[9.12384,46.19725],[9.12223,46.1987],[9.12193,46.1996],[9.12102,46.20093],[9.11874,46.2023],[9.11742,46.20337],[9.11435,46.20469],[9.11243,46.2062],[9.11013,46.20696],[9.10953,46.20687],[9.09808,46.21083],[9.09025,46.21359],[9.08808,46.2155],[9.08685,46.2182],[9.08598,46.21944],[9.08585,46.2207],[9.08514,46.22107],[9.08421,46.22394],[9.08466,46.22553],[9.08404,46.22652],[9.0808,46.2345],[9.07779,46.2342],[9.07576,46.23294],[9.07345,46.23578],[9.07254,46.23647],[9.0726,46.23729],[9.07722,46.23909],[9.07841,46.25988],[9.07896,46.26152],[9.07575,46.26526],[9.07504,46.26645],[9.07398,46.26758],[9.07341,46.26893],[9.06923,46.27181],[9.06706,46.27265],[9.06483,46.27428],[9.06439,46.27506],[9.06342,46.27894],[9.06015,46.28154],[9.05931,46.28252],[9.05875,46.28431],[9.0575,46.28751],[9.05677,46.28898],[9.05673,46.2903],[9.05567,46.29162],[9.0549,46.29427],[9.05572,46.29509],[9.05579,46.29619],[9.05681,46.29726],[9.05929,46.29772],[9.0612,46.29828],[9.06236,46.29945],[9.06315,46.30066],[9.06403,46.30134],[9.06466,46.3029],[9.06541,46.30334],[9.06595,46.30443],[9.06712,46.30497],[9.06953,46.30863],[9.07204,46.30904],[9.07337,46.30979],[9.07341,46.31055],[9.07424,46.31215],[9.07588,46.31406],[9.0763,46.31583],[9.07521,46.31745],[9.07505,46.31844],[9.07377,46.32007],[9.07159,46.32206],[9.06989,46.32324],[9.06855,46.32497],[9.06695,46.32528],[9.06552,46.3266],[9.06564,46.3291],[9.068,46.33114],[9.06917,46.33252],[9.0708,46.33372],[9.07036,46.33434],[9.06887,46.33536],[9.06763,46.33759],[9.06903,46.33915],[9.07016,46.34163],[9.07077,46.34241],[9.07013,46.34354],[9.07051,46.3448],[9.07191,46.34476],[9.07342,46.34504],[9.07445,46.34592],[9.07756,46.34796],[9.08028,46.34832],[9.08136,46.34868],[9.08312,46.35025],[9.08591,46.34989],[9.08947,46.35043],[9.08943,46.35219],[9.08964,46.35357],[9.09019,46.35457],[9.09159,46.35603],[9.0928,46.35671],[9.09382,46.35874],[9.09397,46.35994],[9.09455,46.36124],[9.09494,46.36396],[9.09564,46.36531],[9.09475,46.36609],[9.09387,46.36887],[9.09439,46.37087],[9.09415,46.37206],[9.09523,46.37329],[9.09683,46.37424],[9.09654,46.37577],[9.09537,46.37746],[9.09427,46.37824],[9.09433,46.38094],[9.09332,46.38219],[9.0934,46.3828],[9.09231,46.385],[9.09087,46.38724],[9.09057,46.38835],[9.08845,46.39007],[9.08972,46.3914],[9.09055,46.39393],[9.09194,46.39561],[9.09258,46.39711],[9.09391,46.39795],[9.09502,46.39909],[9.09707,46.40001],[9.09742,46.40111],[9.0968,46.40189],[9.0951,46.40335],[9.09304,46.40406],[9.09273,46.40494],[9.09114,46.40638],[9.09198,46.40811],[9.09343,46.40887],[9.09459,46.40874],[9.09869,46.41014],[9.10032,46.41119],[9.10133,46.41124],[9.10346,46.41201],[9.10429,46.41291],[9.10412,46.41479],[9.10212,46.41878],[9.10043,46.42049],[9.09961,46.421],[9.09745,46.42457],[9.0966,46.42657],[9.0939,46.42916],[9.0941,46.42963],[9.09326,46.43082],[9.09253,46.43121],[9.09204,46.43213],[9.09021,46.4334],[9.09029,46.43654],[9.08958,46.43785],[9.09078,46.43818],[9.09017,46.44011],[9.08968,46.44089],[9.08878,46.44421],[9.08821,46.44493],[9.08876,46.44575],[9.08993,46.44667],[9.0911,46.44827],[9.09292,46.45],[9.09284,46.45242],[9.09325,46.45451],[9.09523,46.45841],[9.09545,46.4601],[9.09628,46.46163],[9.09475,46.46417],[9.09477,46.46449],[9.09325,46.46578],[9.09294,46.46633],[9.09103,46.46837],[9.08857,46.47003],[9.08819,46.47079],[9.08626,46.4722],[9.08685,46.47371],[9.08697,46.47531],[9.08663,46.47665],[9.08378,46.47829],[9.0787,46.47957],[9.07799,46.48004],[9.07476,46.48152],[9.07332,46.48123],[9.06939,46.48016],[9.06778,46.4796],[9.06643,46.47955],[9.06174,46.47755],[9.06015,46.47786],[9.05548,46.47802],[9.05374,46.47908],[9.05319,46.47993],[9.05223,46.48057],[9.04952,46.48109],[9.04788,46.4818],[9.0468,46.4827],[9.04817,46.48372],[9.04907,46.4849],[9.0487,46.48607],[9.04757,46.48789],[9.04626,46.48941],[9.04313,46.49016],[9.04144,46.49081],[9.04047,46.49193],[9.04016,46.49282],[9.04133,46.49442],[9.04128,46.49526],[9.04007,46.49603],[9.03911,46.49752],[9.03834,46.4995],[9.0369,46.50079],[9.03588,46.50204],[9.03288,46.5038],[9.03016,46.50446],[9.02959,46.50484],[9.02948,46.5059],[9.02866,46.50667],[9.02761,46.50715],[9.02678,46.50823],[9.02535,46.50917],[9.02427,46.51095],[9.02394,46.51246],[9.02319,46.51378],[9.02331,46.51558],[9.02385,46.51641],[9.02332,46.51915],[9.02435,46.52034],[9.02323,46.52301],[9.02184,46.52479],[9.02196,46.52601],[9.02152,46.52667],[9.02211,46.52832],[9.02113,46.52985],[9.01837,46.53029],[9.01782,46.5333],[9.02103,46.53467],[9.02276,46.53513],[9.02264,46.53617],[9.02336,46.53726],[9.02414,46.53914],[9.02337,46.53948],[9.02241,46.54089],[9.02271,46.5427],[9.02189,46.54586],[9.02067,46.5477],[9.02053,46.54906],[9.02216,46.55089],[9.02215,46.55136],[9.02401,46.55349],[9.02442,46.5552],[9.02536,46.55589],[9.02581,46.55727],[9.02517,46.55766],[9.02563,46.55834],[9.02443,46.55934],[9.02524,46.56035],[9.02633,46.56088],[9.02788,46.56307],[9.02819,46.5648],[9.02767,46.56566],[9.02789,46.56724],[9.02951,46.56878],[9.03079,46.57133],[9.0311,46.5726],[9.03269,46.57363],[9.03486,46.57575],[9.03618,46.57613],[9.03684,46.57717],[9.03643,46.57851],[9.03671,46.57991],[9.03727,46.58048],[9.03749,46.58167],[9.03852,46.58329],[9.03924,46.58382],[9.04122,46.58447],[9.04361,46.58479],[9.04342,46.58662],[9.04469,46.58771],[9.04495,46.58851],[9.044,46.59006],[9.04227,46.59143],[9.03859,46.59273],[9.03655,46.59323],[9.03535,46.59507],[9.03473,46.59536],[9.03531,46.59621],[9.03509,46.59691],[9.035,46.59932],[9.03529,46.60129],[9.03393,46.60125],[9.03046,46.60058],[9.02838,46.60068],[9.02644,46.60274],[9.02525,46.60314],[9.02411,46.6031],[9.02199,46.60452],[9.01742,46.60448],[9.01607,46.60578],[9.01567,46.60656],[9.01256,46.60891],[9.0129,46.60922],[9.01089,46.60998],[9.01024,46.61056],[9.00878,46.61099],[9.00817,46.61189],[9.0054,46.6126],[8.99654,46.613],[8.98493,46.61008],[8.97428,46.60393],[8.97324,46.60368],[8.97099,46.6045],[8.96786,46.60499],[8.9654,46.60477],[8.96339,46.60391],[8.96087,46.61197],[8.96418,46.61941],[8.95901,46.63114],[8.9582,46.63192],[8.95651,46.63289],[8.95361,46.63356],[8.95203,46.63119],[8.95205,46.62989],[8.9527,46.62944],[8.95214,46.62837],[8.95248,46.62703],[8.95156,46.62524],[8.94986,46.62457],[8.94823,46.62357],[8.94651,46.62195],[8.94563,46.62182],[8.94469,46.6209],[8.94263,46.61976],[8.94064,46.62007],[8.93616,46.62166],[8.93431,46.6222],[8.93085,46.62274],[8.9281,46.62256],[8.927,46.62287],[8.92579,46.62442],[8.92419,46.62431],[8.92199,46.6232],[8.9214,46.62205],[8.9198,46.62108],[8.91858,46.62079],[8.91706,46.62083],[8.91286,46.62006],[8.91233,46.6195],[8.91178,46.61801],[8.91096,46.61761],[8.90893,46.61729],[8.9081,46.61653],[8.90759,46.61469],[8.90693,46.61352],[8.90678,46.61172],[8.90708,46.61066],[8.9083,46.60877],[8.90858,46.60717],[8.91029,46.60549],[8.91094,46.60433],[8.91375,46.60224],[8.91407,46.60162],[8.91629,46.60067],[8.9176,46.59919],[8.91793,46.59814],[8.91754,46.59735],[8.91654,46.59709],[8.91637,46.59593],[8.91741,46.59411],[8.91498,46.59247],[8.91374,46.59093],[8.91242,46.58997],[8.90796,46.58742],[8.90626,46.58617],[8.90485,46.58537],[8.90104,46.58435],[8.89511,46.58323],[8.89047,46.58042],[8.88061,46.57889],[8.88012,46.57779],[8.87812,46.57593],[8.87591,46.57543],[8.87373,46.5754],[8.87108,46.57481],[8.86597,46.57423],[8.86411,46.57431],[8.86367,46.57299],[8.86282,46.5724],[8.85865,46.57119],[8.85684,46.5715],[8.85514,46.57082],[8.85394,46.56989],[8.85202,46.56903],[8.85058,46.56785],[8.84606,46.56538],[8.84439,46.56462],[8.84249,46.56463],[8.8409,46.56442],[8.83925,46.56466],[8.83795,46.5646],[8.83529,46.56486],[8.83455,46.56469],[8.83291,46.56519],[8.83192,46.566],[8.83158,46.5677],[8.83087,46.56899],[8.8307,46.57045],[8.83083,46.57263],[8.80189,46.56454],[8.76311,46.57552],[8.76083,46.57477],[8.76003,46.57474],[8.75631,46.57543],[8.75436,46.57627],[8.75339,46.57718],[8.75174,46.57732],[8.75048,46.57658],[8.7487,46.57596],[8.74733,46.57489],[8.74508,46.57349],[8.74193,46.57361],[8.74019,46.57345],[8.73913,46.57385],[8.73826,46.57479],[8.73681,46.57513],[8.73273,46.57657],[8.73027,46.57714],[8.72896,46.57793],[8.72756,46.57694],[8.72532,46.57614],[8.72336,46.57439],[8.72058,46.57308],[8.71865,46.57237],[8.71652,46.57251],[8.71292,46.57346],[8.71079,46.57465],[8.70644,46.57506],[8.7059,46.57839],[8.70409,46.58],[8.70281,46.58038],[8.70039,46.58071],[8.69981,46.58103],[8.69954,46.58232],[8.6978,46.58234],[8.69371,46.58093],[8.69233,46.58121],[8.69171,46.58167],[8.68977,46.5818],[8.68844,46.58158],[8.68678,46.58172],[8.68452,46.58115],[8.68317,46.57982],[8.68156,46.57965],[8.67988,46.58046],[8.67832,46.5799],[8.67377,46.57976],[8.67351,46.57927],[8.67217,46.57875],[8.67008,46.5784],[8.668,46.57785],[8.66657,46.57698],[8.66604,46.57604],[8.66398,46.5751],[8.66273,46.57484],[8.66109,46.57492],[8.6608,46.57364],[8.65998,46.57277],[8.65907,46.57101],[8.6572,46.56968],[8.65573,46.56953],[8.65242,46.56795],[8.64948,46.56746],[8.64908,46.56718],[8.64646,46.56641],[8.64457,46.56663],[8.64428,46.56599],[8.64188,46.56539],[8.64009,46.56573],[8.6391,46.56555],[8.63579,46.56564],[8.63504,46.56662],[8.63258,46.56668],[8.63201,46.56707],[8.63139,46.56836],[8.63088,46.57014],[8.63004,46.57204],[8.62996,46.5728],[8.63068,46.575],[8.62904,46.57544],[8.62794,46.57644],[8.62768,46.57763],[8.62647,46.57821],[8.62509,46.57837],[8.62153,46.57936],[8.61887,46.57881],[8.61609,46.57942],[8.61582,46.57829],[8.61455,46.57752],[8.61164,46.57614],[8.60885,46.57594],[8.60572,46.57541],[8.60365,46.57543],[8.60255,46.57486],[8.60091,46.57478],[8.59969,46.57526],[8.59766,46.57518],[8.59448,46.57474],[8.59305,46.57489],[8.59166,46.57467],[8.58893,46.57607],[8.58685,46.5775],[8.58485,46.57837],[8.58251,46.57832],[8.58162,46.57966],[8.57957,46.58195],[8.57886,46.58192],[8.57852,46.58289],[8.57699,46.58349],[8.57482,46.58498],[8.57356,46.58501],[8.56856,46.58312],[8.56632,46.5826],[8.56506,46.5826],[8.56269,46.58291],[8.56145,46.58247],[8.5598,46.58284],[8.55578,46.58191],[8.55204,46.58196],[8.54916,46.58301],[8.5477,46.58373],[8.54613,46.58528],[8.54236,46.58681],[8.54191,46.58728],[8.54005,46.58769],[8.5376,46.58617],[8.53536,46.58581],[8.53342,46.58602],[8.5325,46.58584],[8.53129,46.58497],[8.52883,46.5838],[8.52745,46.5828],[8.52724,46.58156],[8.52599,46.58049],[8.52613,46.5791],[8.52387,46.57889],[8.5223,46.57852],[8.52298,46.57725],[8.52302,46.57585],[8.52108,46.57393],[8.52213,46.57133],[8.52212,46.56818],[8.52089,46.56778],[8.51925,46.5667],[8.51789,46.56418],[8.51691,46.56352],[8.51632,46.56245],[8.51469,46.5605],[8.51423,46.55935],[8.51466,46.5579],[8.51643,46.55682],[8.51698,46.55574],[8.51597,46.55408],[8.51557,46.55279],[8.51631,46.55151],[8.51683,46.54987],[8.51767,46.54877],[8.51918,46.548],[8.51882,46.54646],[8.52,46.545],[8.52091,46.5447],[8.52155,46.54376],[8.52038,46.54243],[8.52072,46.54187],[8.52058,46.54018],[8.51719,46.54011],[8.51673,46.53975],[8.51493,46.53944],[8.51287,46.53875],[8.51247,46.53889],[8.51076,46.53805],[8.50903,46.53755],[8.50864,46.53709],[8.50653,46.53644],[8.50244,46.53638],[8.50139,46.53566],[8.49864,46.53547],[8.49616,46.53582],[8.49461,46.53535],[8.49246,46.53431],[8.4914,46.53411],[8.48765,46.53402],[8.48617,46.53358],[8.48374,46.53366],[8.48305,46.53283],[8.48183,46.53056],[8.48109,46.53033],[8.47874,46.52888]],[[8.96369,45.97504],[8.96531,45.97735],[8.96605,45.98101],[8.96824,45.98534],[8.97842,45.98423],[8.97873,45.98376],[8.97761,45.98082],[8.9775,45.97705],[8.97874,45.9728],[8.98053,45.97223],[8.97941,45.96962],[8.97853,45.96932],[8.9781,45.96494],[8.9768,45.96282],[8.97534,45.96319],[8.97289,45.96307],[8.97232,45.96282],[8.96967,45.96311],[8.9701,45.96394],[8.96941,45.96423],[8.95971,45.96601],[8.96073,45.9691],[8.96213,45.97137],[8.96264,45.97356],[8.96369,45.97504]]]},"properties":{"id":21,"name":"Ticino"}},
{"type":"Feature","geometry":{"type":"Polygon","coordinates":[[[8.41119,47.24972],[8.4118,47.24889],[8.41208,47.2477],[8.41126,47.2458],[8.4085,47.24309],[8.4076,47.24131],[8.40759,47.23965],[8.40694,47.23806],[8.40575,47.2371],[8.39984,47.23335],[8.39816,47.23177],[8.39714,47.23022],[8.39617,47.22818],[8.39607,47.22639],[8.39741,47.22188],[8.39794,47.22051],[8.39855,47.21977],[8.40059,47.21825],[8.40168,47.21695],[8.40213,47.21518],[8.40156,47.21105],[8.4016,47.20967],[8.40263,47.20701],[8.40319,47.20325],[8.40362,47.20203],[8.40589,47.19841],[8.40641,47.19707],[8.40642,47.19616],[8.40548,47.19425],[8.40278,47.19124],[8.40199,47.18945],[8.40137,47.18676],[8.40155,47.18406],[8.40333,47.17839],[8.4045,47.17773],[8.40888,47.1771],[8.41116,47.17634],[8.41277,47.17496],[8.41317,47.17422],[8.41609,47.16684],[8.4165,47.16455],[8.41628,47.15991],[8.41564,47.15873],[8.41377,47.15674],[8.41307,47.15517],[8.41344,47.1535],[8.41523,47.15033],[8.41573,47.1492],[8.41603,47.14727],[8.41586,47.14592],[8.41485,47.14368],[8.41332,47.1419],[8.41458,47.13953],[8.41634,47.13692],[8.41712,47.13389],[8.41629,47.13283],[8.41662,47.13206],[8.41788,47.13189],[8.41679,47.12946],[8.41585,47.12886],[8.41546,47.12752],[8.41651,47.12575],[8.41804,47.12446],[8.41944,47.12501],[8.42143,47.12396],[8.42319,47.12479],[8.42453,47.12485],[8.42488,47.1239],[8.42584,47.12425],[8.42594,47.12498],[8.42781,47.12494],[8.42813,47.1246],[8.42987,47.12552],[8.43151,47.12465],[8.43288,47.12517],[8.43324,47.12594],[8.43554,47.12632],[8.43977,47.12835],[8.44246,47.1299],[8.44227,47.13061],[8.44319,47.13083],[8.44627,47.13042],[8.4483,47.13088],[8.44871,47.13072],[8.45024,47.13224],[8.45098,47.1309],[8.45268,47.12292],[8.45267,47.12236],[8.45446,47.11816],[8.45455,47.11719],[8.45523,47.11503],[8.45672,47.11478],[8.46151,47.11732],[8.46702,47.11844],[8.46822,47.12016],[8.4815,47.12766],[8.49486,47.11506],[8.49417,47.10151],[8.52292,47.0913],[8.52437,47.09185],[8.52552,47.09176],[8.52683,47.09298],[8.53204,47.0928],[8.53674,47.09343],[8.53843,47.09314],[8.54191,47.0936],[8.54207,47.09398],[8.54533,47.09579],[8.54703,47.09574],[8.54829,47.09504],[8.54979,47.09499],[8.5538,47.09536],[8.55713,47.09476],[8.5595,47.09529],[8.56267,47.09499],[8.5636,47.09508],[8.56473,47.09328],[8.56502,47.0899],[8.56595,47.08806],[8.5646,47.0864],[8.56427,47.08523],[8.56363,47.08423],[8.56415,47.08323],[8.5668,47.08236],[8.57068,47.08254],[8.57143,47.08305],[8.57463,47.08335],[8.57541,47.08358],[8.57873,47.08581],[8.57978,47.08541],[8.58223,47.08532],[8.58467,47.08598],[8.5863,47.0868],[8.58847,47.08701],[8.59124,47.08773],[8.59206,47.09021],[8.59354,47.09092],[8.59438,47.09167],[8.59729,47.0928],[8.59933,47.09191],[8.60108,47.09187],[8.60859,47.09332],[8.60984,47.09578],[8.61293,47.0963],[8.62413,47.09604],[8.62708,47.0952],[8.63112,47.09513],[8.63578,47.09467],[8.63839,47.09466],[8.6418,47.09587],[8.64249,47.09571],[8.64333,47.09629],[8.64606,47.09719],[8.64663,47.10096],[8.65492,47.10919],[8.65683,47.10986],[8.65926,47.11152],[8.66093,47.11225],[8.6617,47.11316],[8.66095,47.11601],[8.66202,47.11637],[8.66389,47.11652],[8.6665,47.11631],[8.66822,47.117],[8.67234,47.11709],[8.67293,47.11742],[8.67215,47.11816],[8.67282,47.11935],[8.67187,47.12039],[8.67306,47.12035],[8.67315,47.12114],[8.67474,47.12223],[8.67519,47.12204],[8.67712,47.12341],[8.67813,47.1236],[8.67869,47.12542],[8.6797,47.12594],[8.68294,47.12635],[8.68266,47.12689],[8.68356,47.1273],[8.68352,47.12886],[8.68444,47.13029],[8.68633,47.13209],[8.6862,47.13357],[8.68555,47.13434],[8.68698,47.13603],[8.68862,47.13579],[8.68838,47.13661],[8.68758,47.13745],[8.68876,47.13826],[8.6864,47.13888],[8.68574,47.14009],[8.68536,47.14157],[8.68593,47.14326],[8.68672,47.14354],[8.68799,47.14542],[8.68905,47.14639],[8.68966,47.14742],[8.69132,47.14846],[8.69189,47.14921],[8.69344,47.14929],[8.69432,47.15011],[8.69641,47.15082],[8.69702,47.15141],[8.69862,47.15166],[8.69941,47.15098],[8.70022,47.15185],[8.70167,47.15229],[8.70202,47.15273],[8.7001,47.15382],[8.69972,47.15507],[8.70036,47.15635],[8.69985,47.1576],[8.69925,47.1581],[8.69928,47.16015],[8.698,47.16065],[8.69796,47.16149],[8.69698,47.16428],[8.69389,47.16482],[8.69335,47.16474],[8.69164,47.1643],[8.6882,47.16391],[8.68642,47.16401],[8.68358,47.16348],[8.68148,47.16332],[8.67863,47.16226],[8.67751,47.16204],[8.67721,47.1614],[8.67614,47.16078],[8.67142,47.16104],[8.66933,47.16079],[8.66729,47.16094],[8.66586,47.16127],[8.66465,47.16188],[8.66254,47.1621],[8.66158,47.16527],[8.66216,47.16674],[8.66196,47.16794],[8.66231,47.16953],[8.66159,47.17089],[8.66189,47.17165],[8.65947,47.17191],[8.65752,47.17125],[8.65588,47.17145],[8.65422,47.17224],[8.65296,47.17227],[8.65159,47.17171],[8.64946,47.17152],[8.64663,47.17107],[8.64306,47.17026],[8.64081,47.17076],[8.64053,47.17144],[8.64092,47.17226],[8.63988,47.17295],[8.63718,47.17308],[8.63472,47.17297],[8.63248,47.17349],[8.62884,47.17346],[8.62691,47.17373],[8.62521,47.17459],[8.62499,47.17536],[8.6264,47.17803],[8.62798,47.17904],[8.62912,47.18022],[8.6292,47.18099],[8.62733,47.18196],[8.62663,47.18367],[8.62309,47.18772],[8.62163,47.18952],[8.62208,47.19162],[8.62008,47.1926],[8.61854,47.19363],[8.61858,47.19432],[8.61935,47.19576],[8.61818,47.19706],[8.61713,47.1987],[8.61694,47.19974],[8.6163,47.2007],[8.61452,47.2019],[8.61409,47.2032],[8.61195,47.20402],[8.61081,47.20479],[8.61004,47.20578],[8.60719,47.20658],[8.60625,47.20626],[8.6042,47.20433],[8.60333,47.20421],[8.60117,47.20291],[8.59973,47.20292],[8.59908,47.20405],[8.59795,47.20503],[8.59752,47.20663],[8.5985,47.20706],[8.59775,47.20811],[8.5987,47.20959],[8.59858,47.21063],[8.59724,47.21147],[8.59648,47.21254],[8.59531,47.2134],[8.59434,47.21341],[8.59252,47.21287],[8.59118,47.21315],[8.59007,47.2138],[8.58862,47.21377],[8.58761,47.21275],[8.58645,47.21212],[8.58464,47.21183],[8.58361,47.21208],[8.58309,47.21416],[8.58219,47.2155],[8.5827,47.21677],[8.58441,47.21809],[8.5846,47.21869],[8.58393,47.21924],[8.58158,47.21887],[8.57793,47.21921],[8.57726,47.21865],[8.57586,47.21835],[8.57538,47.21906],[8.57398,47.21973],[8.56828,47.21987],[8.56526,47.22096],[8.56149,47.22089],[8.55992,47.22166],[8.55949,47.22244],[8.55862,47.22304],[8.55498,47.22458],[8.55409,47.223],[8.55236,47.22304],[8.54978,47.22335],[8.54808,47.22331],[8.54702,47.22274],[8.54047,47.22443],[8.54013,47.22404],[8.53773,47.22289],[8.5375,47.22194],[8.53487,47.22282],[8.53368,47.22348],[8.53365,47.22199],[8.53303,47.22144],[8.53303,47.21961],[8.5321,47.21891],[8.52993,47.21991],[8.527,47.22015],[8.5254,47.22007],[8.52177,47.22067],[8.51802,47.22095],[8.51377,47.22074],[8.51356,47.22],[8.51391,47.21843],[8.51347,47.21686],[8.51154,47.21704],[8.51054,47.21631],[8.50854,47.21574],[8.50623,47.21611],[8.50702,47.2152],[8.50445,47.21358],[8.50295,47.21323],[8.49953,47.21341],[8.49924,47.21369],[8.49577,47.21324],[8.49428,47.21328],[8.49288,47.21272],[8.49043,47.21222],[8.48659,47.21039],[8.48495,47.20979],[8.48454,47.21013],[8.48103,47.20996],[8.47838,47.21072],[8.47735,47.21136],[8.47628,47.21027],[8.47442,47.20987],[8.47375,47.21083],[8.47401,47.21153],[8.47496,47.21197],[8.47359,47.21304],[8.47154,47.21327],[8.47122,47.21475],[8.46944,47.2143],[8.4681,47.21562],[8.46654,47.21532],[8.46253,47.21497],[8.46155,47.21667],[8.45982,47.21835],[8.45838,47.21905],[8.4578,47.21992],[8.45676,47.21989],[8.45407,47.2191],[8.45416,47.21998],[8.45322,47.22094],[8.45167,47.22081],[8.45113,47.22141],[8.44905,47.22145],[8.44889,47.22228],[8.44754,47.22364],[8.44776,47.22472],[8.44573,47.22441],[8.44492,47.22398],[8.44339,47.22527],[8.44224,47.22656],[8.44017,47.22525],[8.43666,47.22504],[8.43343,47.22547],[8.43144,47.22622],[8.4304,47.22622],[8.42675,47.2251],[8.4228,47.22467],[8.42205,47.22699],[8.42097,47.22715],[8.41929,47.22797],[8.41906,47.22976],[8.41848,47.23053],[8.41795,47.2334],[8.41814,47.23512],[8.41786,47.2366],[8.41733,47.23745],[8.41761,47.23832],[8.41628,47.23979],[8.41537,47.24029],[8.41577,47.2411],[8.41675,47.24148],[8.41761,47.24244],[8.4169,47.24365],[8.4156,47.24414],[8.41454,47.2457],[8.41413,47.24742],[8.41305,47.24876],[8.41119,47.24972]]]},"properties":{"id":9,"name":"Zug"}},
{"type":"Feature","geometry":{"type":"MultiPolygon","coordinates":[[[[7.55564,47.56576],[7.55068,47.56382],[7.54784,47.56289],[7.54479,47.56098],[7.54135,47.55867],[7.54047,47.5594],[7.53751,47.55685],[7.53169,47.5556],[7.5283,47.55418],[7.52577,47.55287],[7.52641,47.55231],[7.52288,47.55032],[7.52324,47.5501],[7.51984,47.54773],[7.51774,47.54681],[7.51196,47.54591],[7.51032,47.54723],[7.51006,47.54672],[7.50888,47.54628],[7.50701,47.54603],[7.50531,47.54495],[7.50524,47.54442],[7.50361,47.54326],[7.50208,47.54251],[7.5013,47.54166],[7.50015,47.54151],[7.50048,47.54067],[7.49902,47.53755],[7.50063,47.53643],[7.50242,47.53357],[7.5015,47.53153],[7.50199,47.53045],[7.50328,47.5298],[7.50607,47.53042],[7.50865,47.52951],[7.51173,47.53039],[7.51365,47.53187],[7.51527,47.53276],[7.51677,47.53434],[7.51871,47.53545],[7.52033,47.53611],[7.52212,47.53526],[7.52538,47.53326],[7.5266,47.5336],[7.52776,47.53427],[7.52896,47.53317],[7.53074,47.53207],[7.53194,47.53044],[7.53221,47.52955],[7.53192,47.52823],[7.52974,47.52518],[7.52857,47.52315],[7.52562,47.52122],[7.52444,47.52007],[7.52467,47.51898],[7.52471,47.51673],[7.52317,47.51559],[7.52222,47.51615],[7.52172,47.51711],[7.52006,47.51621],[7.51896,47.51748],[7.51844,47.51868],[7.51462,47.51872],[7.51228,47.51842],[7.50731,47.51663],[7.50644,47.51605],[7.50541,47.5163],[7.50326,47.5163],[7.50351,47.51711],[7.50267,47.51831],[7.50073,47.52197],[7.49885,47.52264],[7.50006,47.51767],[7.50187,47.5162],[7.50406,47.51538],[7.5049,47.51409],[7.50687,47.51274],[7.50889,47.51221],[7.51033,47.51028],[7.51128,47.50738],[7.51092,47.5063],[7.51143,47.50402],[7.51264,47.50409],[7.5132,47.50031],[7.51508,47.50039],[7.51574,47.49916],[7.52091,47.49818],[7.52486,47.49828],[7.52819,47.49859],[7.53277,47.49879],[7.53351,47.49683],[7.53367,47.49455],[7.53359,47.49236],[7.53721,47.49244],[7.5373,47.49004],[7.53695,47.48663],[7.53768,47.48644],[7.53724,47.48523],[7.53524,47.48208],[7.5341,47.47968],[7.5313,47.47971],[7.53009,47.47934],[7.52843,47.4753],[7.52889,47.47299],[7.53046,47.46676],[7.53166,47.46258],[7.52882,47.46242],[7.51843,47.46241],[7.51607,47.46194],[7.51146,47.46016],[7.51025,47.46003],[7.50621,47.4601],[7.50401,47.46052],[7.49919,47.46107],[7.49333,47.46036],[7.48771,47.45928],[7.4855,47.4586],[7.48148,47.45688],[7.47783,47.45681],[7.47188,47.45586],[7.46911,47.45529],[7.46752,47.45419],[7.46372,47.45294],[7.45748,47.45064],[7.45578,47.45062],[7.45444,47.45272],[7.44814,47.45835],[7.44708,47.46036],[7.44673,47.46336],[7.44399,47.46276],[7.43768,47.46176],[7.43576,47.46106],[7.43359,47.46063],[7.43099,47.46088],[7.43019,47.45977],[7.42872,47.45869],[7.4292,47.45756],[7.42976,47.45527],[7.42886,47.45456],[7.42442,47.45247],[7.42338,47.4521],[7.42542,47.4513],[7.42253,47.44831],[7.42187,47.44733],[7.42441,47.44499],[7.42639,47.44467],[7.43026,47.44544],[7.43728,47.44715],[7.43881,47.44771],[7.44003,47.44652],[7.43965,47.44558],[7.44313,47.44371],[7.44414,47.44254],[7.44669,47.44056],[7.44938,47.43912],[7.45214,47.43601],[7.45212,47.43511],[7.45301,47.43387],[7.45335,47.43241],[7.45453,47.43131],[7.45595,47.43048],[7.45656,47.4293],[7.45562,47.42684],[7.45276,47.42413],[7.4513,47.4209],[7.45133,47.41917],[7.4499,47.41761],[7.44937,47.41645],[7.44846,47.41587],[7.4446,47.41481],[7.44273,47.41481],[7.43907,47.41412],[7.43765,47.41419],[7.43561,47.41461],[7.43226,47.41552],[7.42845,47.41586],[7.42786,47.41527],[7.42624,47.41466],[7.42427,47.41444],[7.42171,47.41248],[7.4194,47.41251],[7.41467,47.41231],[7.41132,47.41273],[7.40861,47.41257],[7.40555,47.41309],[7.40242,47.41327],[7.39791,47.41425],[7.39478,47.41442],[7.39253,47.41487],[7.39045,47.41503],[7.38856,47.41543],[7.38786,47.41518],[7.38322,47.41468],[7.38118,47.41509],[7.37828,47.41546],[7.3769,47.41548],[7.37898,47.41452],[7.38043,47.41416],[7.38501,47.41374],[7.38553,47.41172],[7.38715,47.40873],[7.38867,47.40556],[7.38965,47.4044],[7.39275,47.4044],[7.39622,47.40482],[7.39695,47.40443],[7.39989,47.39822],[7.40236,47.39814],[7.40456,47.39745],[7.40612,47.3967],[7.40729,47.39648],[7.40964,47.39645],[7.41135,47.39613],[7.41378,47.39618],[7.41546,47.39567],[7.41485,47.39474],[7.41461,47.39081],[7.41478,47.39004],[7.41724,47.38619],[7.41262,47.38196],[7.42096,47.38124],[7.42591,47.38092],[7.43464,47.3808],[7.43829,47.38227],[7.43891,47.38314],[7.43881,47.38463],[7.4398,47.38602],[7.44,47.38739],[7.44303,47.38983],[7.4442,47.39063],[7.44393,47.39176],[7.44388,47.39469],[7.44337,47.39621],[7.4441,47.39774],[7.44232,47.39926],[7.44296,47.40099],[7.44228,47.40156],[7.44429,47.40368],[7.44495,47.40358],[7.44601,47.40197],[7.44707,47.40139],[7.44879,47.40092],[7.4508,47.40125],[7.45177,47.4023],[7.45165,47.40317],[7.4507,47.4039],[7.45059,47.4049],[7.45122,47.40519],[7.45398,47.40527],[7.45586,47.40553],[7.45732,47.40457],[7.45797,47.40289],[7.46326,47.40217],[7.46409,47.40255],[7.46446,47.40348],[7.46561,47.40393],[7.47178,47.40184],[7.47444,47.40171],[7.47739,47.40222],[7.47835,47.40258],[7.47847,47.3998],[7.478,47.39915],[7.47816,47.39819],[7.47774,47.3975],[7.47843,47.3964],[7.47825,47.39529],[7.47869,47.39421],[7.47844,47.39372],[7.4791,47.39288],[7.47935,47.3919],[7.48007,47.39112],[7.4811,47.39098],[7.48214,47.39017],[7.48442,47.39057],[7.48571,47.39027],[7.48587,47.38881],[7.4893,47.38761],[7.4933,47.38661],[7.49439,47.38655],[7.49872,47.38591],[7.50179,47.38597],[7.50403,47.3864],[7.51098,47.39038],[7.51169,47.39094],[7.51448,47.39075],[7.51726,47.39003],[7.51959,47.3896],[7.52234,47.39258],[7.52728,47.39978],[7.53,47.40251],[7.53141,47.40347],[7.53218,47.40629],[7.52973,47.40898],[7.52829,47.40989],[7.52805,47.4114],[7.52622,47.41301],[7.52712,47.41323],[7.53572,47.41469],[7.54406,47.41541],[7.55213,47.41573],[7.5573,47.41563],[7.56024,47.41526],[7.56706,47.41479],[7.57779,47.41553],[7.58165,47.41607],[7.58048,47.41734],[7.58001,47.41848],[7.57813,47.41939],[7.57689,47.42022],[7.57535,47.42086],[7.57382,47.42058],[7.57266,47.42071],[7.57132,47.42176],[7.57045,47.42213],[7.57014,47.4233],[7.56921,47.42376],[7.56949,47.42466],[7.56845,47.42723],[7.56918,47.42838],[7.56932,47.42959],[7.56989,47.43073],[7.57012,47.43288],[7.56976,47.43352],[7.57016,47.4365],[7.56952,47.43794],[7.56987,47.43828],[7.57258,47.43785],[7.57669,47.43784],[7.57941,47.43629],[7.5793,47.43517],[7.57864,47.43382],[7.58109,47.43343],[7.58029,47.43157],[7.5822,47.43016],[7.5859,47.43001],[7.59306,47.43409],[7.59499,47.43375],[7.59956,47.43351],[7.60315,47.43263],[7.60842,47.43405],[7.61239,47.43417],[7.61501,47.43474],[7.61679,47.43413],[7.61713,47.439],[7.61626,47.44096],[7.61747,47.44321],[7.61746,47.44662],[7.61827,47.44818],[7.6195,47.44904],[7.61985,47.45039],[7.62097,47.45202],[7.62089,47.45261],[7.62218,47.45571],[7.62302,47.45705],[7.6236,47.45853],[7.62305,47.46061],[7.62317,47.46334],[7.62523,47.46293],[7.62707,47.4643],[7.62582,47.46458],[7.6235,47.4666],[7.62182,47.46746],[7.62101,47.46828],[7.61987,47.46884],[7.61784,47.46896],[7.6134,47.47063],[7.61237,47.47132],[7.60684,47.47151],[7.60552,47.47192],[7.60809,47.47487],[7.60914,47.4766],[7.60719,47.47695],[7.60732,47.47845],[7.60663,47.4808],[7.60704,47.48199],[7.60931,47.48347],[7.60984,47.48507],[7.60904,47.48692],[7.60839,47.48972],[7.60829,47.49079],[7.61177,47.49024],[7.61326,47.49033],[7.61388,47.49],[7.615,47.49057],[7.61593,47.49063],[7.61772,47.49026],[7.62154,47.48885],[7.62514,47.48806],[7.6282,47.48629],[7.63064,47.48571],[7.6336,47.48583],[7.63718,47.48542],[7.64197,47.48412],[7.64314,47.48467],[7.64542,47.48703],[7.64828,47.4862],[7.65069,47.4866],[7.65198,47.48711],[7.65467,47.48776],[7.65693,47.48878],[7.65422,47.48937],[7.65152,47.48965],[7.65344,47.49013],[7.65639,47.4916],[7.6546,47.49236],[7.65369,47.49188],[7.65119,47.4924],[7.65088,47.49322],[7.64965,47.49322],[7.65169,47.49597],[7.65317,47.4972],[7.65437,47.49746],[7.65918,47.49669],[7.66043,47.49677],[7.66157,47.4975],[7.66265,47.49767],[7.66389,47.49746],[7.66713,47.49826],[7.66736,47.49616],[7.66642,47.49288],[7.66772,47.48998],[7.66933,47.48774],[7.67273,47.48591],[7.67799,47.48643],[7.68502,47.4843],[7.69203,47.48299],[7.69722,47.48317],[7.70077,47.48202],[7.70342,47.47928],[7.70612,47.47752],[7.70892,47.47399],[7.71088,47.47078],[7.71007,47.471],[7.70727,47.46966],[7.70709,47.46907],[7.70533,47.46706],[7.70436,47.46621],[7.70401,47.4654],[7.70111,47.46347],[7.70099,47.46259],[7.69965,47.46081],[7.70023,47.45877],[7.6999,47.4573],[7.69925,47.45673],[7.69767,47.45669],[7.69669,47.45622],[7.69523,47.45619],[7.69297,47.45537],[7.69173,47.45362],[7.68766,47.45113],[7.68601,47.44896],[7.68449,47.44363],[7.68468,47.44214],[7.68405,47.44108],[7.68398,47.4401],[7.68661,47.43778],[7.68758,47.43505],[7.68559,47.43186],[7.6857,47.43005],[7.68402,47.42654],[7.68081,47.41889],[7.67485,47.41644],[7.66506,47.4114],[7.66251,47.41115],[7.65854,47.41045],[7.64068,47.4114],[7.63372,47.41141],[7.63489,47.40738],[7.63608,47.40169],[7.63649,47.3967],[7.63773,47.389],[7.63825,47.38744],[7.63725,47.38715],[7.6343,47.38672],[7.6339,47.38602],[7.63431,47.38429],[7.63658,47.38197],[7.6377,47.38208],[7.64276,47.38184],[7.64264,47.38074],[7.64204,47.37966],[7.64293,47.37916],[7.64305,47.37813],[7.64418,47.37684],[7.64387,47.37469],[7.64431,47.37332],[7.64451,47.37171],[7.6452,47.36858],[7.65669,47.36945],[7.66723,47.37041],[7.67537,47.37124],[7.67994,47.37187],[7.68855,47.37255],[7.70296,47.37382],[7.70764,47.37314],[7.70956,47.37297],[7.71359,47.37228],[7.71498,47.37228],[7.71939,47.37154],[7.72783,47.37028],[7.72892,47.37023],[7.73002,47.3682],[7.73516,47.35913],[7.74119,47.35347],[7.74383,47.35108],[7.75253,47.3457],[7.75521,47.34454],[7.76506,47.34401],[7.76744,47.3441],[7.77024,47.34282],[7.76998,47.34028],[7.77134,47.34013],[7.77391,47.34076],[7.77739,47.3408],[7.77862,47.34056],[7.78072,47.34057],[7.7834,47.34094],[7.78626,47.3403],[7.78631,47.33925],[7.79458,47.34042],[7.7945,47.3409],[7.79639,47.34782],[7.79603,47.35114],[7.79739,47.35484],[7.79868,47.35716],[7.80319,47.36247],[7.80641,47.36376],[7.81026,47.36376],[7.81154,47.36426],[7.81651,47.36409],[7.81805,47.36429],[7.82063,47.36436],[7.82309,47.36475],[7.82472,47.36534],[7.82661,47.36544],[7.82851,47.36592],[7.83157,47.36649],[7.83363,47.36777],[7.83465,47.36885],[7.83596,47.37128],[7.83753,47.37271],[7.83815,47.37414],[7.84051,47.37552],[7.84115,47.37614],[7.84409,47.37723],[7.84838,47.3781],[7.85,47.37871],[7.851,47.37972],[7.85975,47.38112],[7.86102,47.3816],[7.86087,47.38251],[7.86409,47.38336],[7.8686,47.38291],[7.8696,47.38265],[7.87143,47.38361],[7.87504,47.38513],[7.87714,47.38585],[7.87985,47.38488],[7.88066,47.38586],[7.8799,47.38737],[7.88077,47.38873],[7.88047,47.38937],[7.87838,47.39042],[7.8781,47.3914],[7.87714,47.39175],[7.87493,47.3914],[7.87298,47.39262],[7.87017,47.39689],[7.87304,47.39817],[7.87631,47.39897],[7.87874,47.40263],[7.88084,47.40309],[7.88285,47.4021],[7.88448,47.40258],[7.88427,47.4036],[7.88532,47.40456],[7.88449,47.4052],[7.88514,47.40625],[7.88437,47.40747],[7.88625,47.40769],[7.8896,47.40864],[7.89126,47.40852],[7.89535,47.40583],[7.89992,47.40305],[7.90187,47.40212],[7.90295,47.40341],[7.90488,47.40384],[7.90636,47.40221],[7.90763,47.40122],[7.90966,47.40022],[7.91078,47.39989],[7.91201,47.40077],[7.91414,47.40162],[7.9166,47.40215],[7.92094,47.40331],[7.9221,47.40374],[7.92525,47.40341],[7.92648,47.40435],[7.92882,47.40498],[7.9319,47.40624],[7.93371,47.40665],[7.93473,47.40723],[7.93777,47.40943],[7.93683,47.41199],[7.93597,47.41314],[7.938,47.41428],[7.94167,47.41547],[7.94402,47.41585],[7.94606,47.4159],[7.94667,47.41697],[7.94746,47.41691],[7.94944,47.41764],[7.95204,47.4178],[7.95512,47.41734],[7.95609,47.41698],[7.95705,47.41805],[7.95531,47.41867],[7.95778,47.42021],[7.95736,47.42078],[7.95947,47.42192],[7.96156,47.42258],[7.96288,47.42321],[7.96173,47.42447],[7.95675,47.42795],[7.95108,47.43309],[7.95217,47.43393],[7.95299,47.43416],[7.94911,47.44139],[7.94783,47.44457],[7.94857,47.44694],[7.95113,47.44712],[7.95156,47.44828],[7.95321,47.44926],[7.95392,47.45015],[7.95532,47.45044],[7.95672,47.45209],[7.95889,47.45299],[7.95799,47.45342],[7.95956,47.45425],[7.95897,47.4558],[7.95789,47.45659],[7.95721,47.45711],[7.95858,47.46027],[7.95734,47.46062],[7.95099,47.46425],[7.9499,47.46516],[7.94679,47.46429],[7.94651,47.46472],[7.94394,47.464],[7.94108,47.4634],[7.9419,47.46514],[7.94221,47.46711],[7.94276,47.46866],[7.94347,47.46958],[7.94403,47.47343],[7.94511,47.47542],[7.94538,47.47746],[7.94599,47.47855],[7.94559,47.48171],[7.9458,47.48307],[7.94694,47.48441],[7.94806,47.48627],[7.94728,47.48675],[7.94586,47.48637],[7.94276,47.48498],[7.93362,47.48281],[7.93276,47.48346],[7.93073,47.48366],[7.92904,47.48345],[7.9278,47.48467],[7.92521,47.48386],[7.91907,47.48404],[7.91663,47.4851],[7.91496,47.48529],[7.91274,47.48622],[7.90586,47.48629],[7.90581,47.49356],[7.90062,47.49756],[7.89993,47.49987],[7.89926,47.50119],[7.89935,47.5026],[7.89557,47.504],[7.89561,47.5056],[7.89504,47.50744],[7.89288,47.50843],[7.88757,47.50926],[7.88512,47.50988],[7.8826,47.51165],[7.87907,47.51527],[7.87671,47.51458],[7.87647,47.5152],[7.87653,47.51755],[7.87618,47.519],[7.87638,47.52099],[7.87705,47.52164],[7.87723,47.5231],[7.8777,47.52408],[7.87641,47.52449],[7.87503,47.52433],[7.87256,47.5233],[7.87049,47.52072],[7.86499,47.5207],[7.86542,47.52351],[7.86503,47.52458],[7.8644,47.52501],[7.86366,47.52718],[7.86361,47.52831],[7.86173,47.52984],[7.86068,47.53157],[7.85835,47.5346],[7.85692,47.53466],[7.85587,47.53551],[7.85337,47.53663],[7.84756,47.53405],[7.84592,47.53401],[7.84252,47.53517],[7.84009,47.53557],[7.83779,47.53566],[7.83442,47.53515],[7.83506,47.53405],[7.83633,47.53315],[7.83522,47.53158],[7.83425,47.53172],[7.83469,47.52733],[7.83436,47.52604],[7.83445,47.52383],[7.83411,47.52094],[7.83417,47.52018],[7.83307,47.51879],[7.83301,47.51613],[7.82973,47.51543],[7.8243,47.51092],[7.82463,47.51024],[7.82278,47.51007],[7.81959,47.50796],[7.8166,47.5063],[7.81574,47.50619],[7.81341,47.50294],[7.81101,47.50078],[7.80942,47.49957],[7.80845,47.49853],[7.80599,47.49815],[7.80326,47.49837],[7.80118,47.49955],[7.80043,47.49887],[7.79934,47.50013],[7.79846,47.50012],[7.7978,47.49871],[7.79881,47.49862],[7.79992,47.49704],[7.79789,47.49644],[7.79798,47.49726],[7.79673,47.49725],[7.79546,47.49765],[7.79407,47.49722],[7.79279,47.49618],[7.79138,47.49545],[7.79086,47.49474],[7.78765,47.49451],[7.78856,47.49576],[7.78983,47.4964],[7.79018,47.4977],[7.79202,47.49829],[7.79214,47.49965],[7.79278,47.50021],[7.79382,47.50207],[7.79253,47.50297],[7.79336,47.5051],[7.79088,47.50648],[7.79051,47.50646],[7.78989,47.50822],[7.7902,47.51186],[7.78983,47.5131],[7.78884,47.51466],[7.78892,47.51555],[7.7912,47.5174],[7.79083,47.51909],[7.79088,47.52042],[7.78951,47.52086],[7.78866,47.52151],[7.78714,47.52198],[7.78394,47.52157],[7.78234,47.52245],[7.78091,47.52268],[7.77846,47.52347],[7.77515,47.52412],[7.77323,47.52467],[7.77148,47.52479],[7.76856,47.52542],[7.76808,47.52576],[7.76558,47.52627],[7.76463,47.52609],[7.76353,47.52669],[7.76168,47.52662],[7.75952,47.52688],[7.75888,47.52744],[7.75609,47.52671],[7.75363,47.52713],[7.75168,47.5269],[7.75004,47.52638],[7.74832,47.52741],[7.74683,47.52712],[7.74434,47.52755],[7.74213,47.52815],[7.73978,47.52854],[7.73831,47.52909],[7.73608,47.53096],[7.73614,47.53163],[7.7353,47.53233],[7.7353,47.53306],[7.73431,47.53411],[7.73271,47.53418],[7.73095,47.53379],[7.7296,47.53468],[7.72817,47.53432],[7.72693,47.53486],[7.72641,47.53664],[7.7258,47.53677],[7.72538,47.53774],[7.72407,47.53815],[7.72329,47.53724],[7.72121,47.53733],[7.72043,47.53765],[7.71769,47.53715],[7.71697,47.53722],[7.71588,47.53794],[7.71453,47.54103],[7.70766,47.53842],[7.70337,47.53664],[7.69979,47.53494],[7.69722,47.53414],[7.6935,47.53379],[7.68386,47.53399],[7.68125,47.53415],[7.67806,47.53463],[7.6712,47.53642],[7.66936,47.53713],[7.66635,47.53933],[7.66499,47.54112],[7.6628,47.54559],[7.66193,47.54656],[7.66004,47.54726],[7.65438,47.54807],[7.65212,47.54867],[7.64926,47.5504],[7.64767,47.55203],[7.6457,47.55463],[7.64322,47.55747],[7.64204,47.55863],[7.63953,47.56057],[7.63772,47.56165],[7.63496,47.56262],[7.63371,47.56291],[7.63121,47.56311],[7.62836,47.56292],[7.62538,47.56215],[7.61862,47.56005],[7.61883,47.55815],[7.61858,47.55624],[7.61904,47.55535],[7.62244,47.55336],[7.62346,47.55228],[7.62396,47.55069],[7.6233,47.54117],[7.62023,47.54181],[7.61912,47.54219],[7.6175,47.54136],[7.61509,47.54078],[7.61396,47.53962],[7.61379,47.53854],[7.61202,47.53735],[7.61018,47.53641],[7.607,47.53237],[7.60654,47.53118],[7.6057,47.53068],[7.60276,47.52674],[7.59577,47.52069],[7.59124,47.52118],[7.59031,47.52435],[7.59092,47.52807],[7.59048,47.52932],[7.58947,47.52968],[7.58946,47.53045],[7.58686,47.53067],[7.58668,47.53272],[7.58484,47.53231],[7.58368,47.53386],[7.58446,47.53486],[7.58691,47.5388],[7.58648,47.5397],[7.58671,47.54053],[7.58826,47.5433],[7.58246,47.54522],[7.57909,47.54519],[7.57669,47.54535],[7.57211,47.54613],[7.56567,47.54709],[7.564,47.5467],[7.55853,47.5458],[7.55687,47.54573],[7.55974,47.55375],[7.56223,47.55312],[7.56404,47.55633],[7.56555,47.55862],[7.56257,47.56058],[7.56086,47.56193],[7.55892,47.56402],[7.55564,47.56576]]],[[[7.3769,47.41548],[7.37698,47.41648],[7.37807,47.41943],[7.37997,47.42264],[7.38043,47.42538],[7.38059,47.42898],[7.38225,47.4296],[7.38397,47.43136],[7.38382,47.43244],[7.3821,47.43334],[7.38097,47.43375],[7.37712,47.43447],[7.37652,47.43483],[7.3751,47.43466],[7.37438,47.43507],[7.37193,47.43488],[7.37127,47.4354],[7.3692,47.43574],[7.36611,47.43506],[7.36449,47.4355],[7.36299,47.43524],[7.36192,47.43554],[7.35933,47.43587],[7.35773,47.43583],[7.35658,47.43528],[7.35468,47.43583],[7.35369,47.43568],[7.35262,47.43624],[7.34994,47.43684],[7.34801,47.43688],[7.34686,47.43756],[7.34596,47.43748],[7.34494,47.43898],[7.34208,47.44023],[7.3409,47.4419],[7.33994,47.4425],[7.33897,47.44261],[7.33612,47.4423],[7.33356,47.44245],[7.33125,47.44317],[7.32994,47.44237],[7.32935,47.44238],[7.3282,47.44143],[7.3291,47.43939],[7.32809,47.43793],[7.32622,47.43643],[7.32712,47.434],[7.32715,47.43344],[7.33005,47.43281],[7.33311,47.43158],[7.33882,47.43148],[7.33909,47.431],[7.34095,47.43116],[7.3419,47.43049],[7.34226,47.42793],[7.34454,47.42728],[7.34513,47.4258],[7.3476,47.42467],[7.34937,47.42409],[7.3504,47.42268],[7.35309,47.42208],[7.35444,47.42106],[7.35634,47.42013],[7.35895,47.41954],[7.35885,47.41796],[7.35825,47.41639],[7.35965,47.41655],[7.36403,47.41607],[7.36911,47.41538],[7.37263,47.41522],[7.37487,47.41549],[7.3769,47.41548]]]]},"properties":{"id":13,"name":"Basel-Landschaft"}},
{"type":"Feature","geometry":{"type":"MultiPolygon","coordinates":[[[[9.47706,47.05307],[9.4737,47.0611],[9.47305,47.06283],[9.47295,47.06463],[9.47314,47.06552],[9.47444,47.06706],[9.47637,47.06828],[9.47975,47.06968],[9.4889,47.07324],[9.49355,47.07516],[9.51382,47.08632],[9.5157,47.08766],[9.51688,47.08917],[9.52004,47.09611],[9.52059,47.09787],[9.52086,47.09966],[9.52073,47.10324],[9.52014,47.10682],[9.51973,47.10859],[9.51742,47.11746],[9.51594,47.12277],[9.51367,47.13162],[9.51242,47.1351],[9.50987,47.14118],[9.50848,47.14371],[9.50711,47.14522],[9.50245,47.1496],[9.501,47.1511],[9.49459,47.16096],[9.49258,47.1643],[9.49193,47.16589],[9.49061,47.17023],[9.48726,47.18185],[9.48712,47.18277],[9.4876,47.18548],[9.48942,47.19256],[9.49104,47.19782],[9.49191,47.19952],[9.49641,47.2059],[9.50069,47.21229],[9.50114,47.21348],[9.50293,47.22151],[9.50479,47.22484],[9.50592,47.22646],[9.51388,47.23578],[9.5193,47.24198],[9.52174,47.2453],[9.52604,47.25366],[9.53112,47.26319],[9.53155,47.2647],[9.53168,47.27102],[9.53224,47.27235],[9.53299,47.27327],[9.53442,47.27443],[9.5409,47.27755],[9.54678,47.28084],[9.54764,47.28158],[9.55168,47.28672],[9.55287,47.28864],[9.55347,47.29008],[9.55577,47.29696],[9.55713,47.29914],[9.55874,47.30044],[9.56616,47.30506],[9.56748,47.30574],[9.5801,47.31113],[9.58223,47.31212],[9.58441,47.31358],[9.5893,47.31859],[9.5906,47.3206],[9.59639,47.33585],[9.60058,47.34607],[9.60209,47.34833],[9.60519,47.35155],[9.60706,47.35321],[9.61203,47.35705],[9.62246,47.36492],[9.62576,47.36749],[9.62757,47.36643],[9.62971,47.36724],[9.6349,47.36848],[9.6382,47.36883],[9.64076,47.36885],[9.6488,47.3687],[9.65184,47.36889],[9.65517,47.36943],[9.66007,47.37081],[9.66372,47.37243],[9.66719,47.37499],[9.67156,47.37879],[9.67386,47.38156],[9.67466,47.38286],[9.67515,47.38523],[9.67545,47.39065],[9.67513,47.39218],[9.67442,47.39329],[9.67316,47.39441],[9.67192,47.39503],[9.66532,47.39721],[9.66276,47.39815],[9.6614,47.3989],[9.66004,47.39994],[9.65864,47.40151],[9.65568,47.40575],[9.65292,47.40598],[9.6532,47.40864],[9.65318,47.41007],[9.65236,47.41778],[9.65179,47.42157],[9.65079,47.42498],[9.64962,47.42747],[9.64666,47.43286],[9.64576,47.43509],[9.64573,47.4375],[9.64648,47.43924],[9.64791,47.44103],[9.64927,47.44212],[9.65127,47.44341],[9.6593,47.44915],[9.66035,47.45048],[9.66074,47.45274],[9.65938,47.45433],[9.65756,47.45511],[9.65573,47.45561],[9.64698,47.45701],[9.64411,47.45734],[9.63997,47.4576],[9.62815,47.45802],[9.62658,47.45815],[9.62404,47.4587],[9.6218,47.45992],[9.61848,47.46307],[9.61768,47.46404],[9.61346,47.47017],[9.61237,47.47117],[9.61147,47.47161],[9.6096,47.47196],[9.60829,47.47154],[9.60775,47.47074],[9.60746,47.4688],[9.60691,47.46681],[9.6061,47.46495],[9.60466,47.46362],[9.60326,47.46305],[9.60165,47.46302],[9.59814,47.46376],[9.59617,47.46491],[9.59425,47.46721],[9.58475,47.48247],[9.58278,47.48479],[9.58001,47.48671],[9.56779,47.49332],[9.56614,47.49437],[9.56419,47.49625],[9.56297,47.4984],[9.56259,47.49992],[9.56259,47.50145],[9.56312,47.50593],[9.56001,47.54327],[9.50823,47.55111],[9.44824,47.51268],[9.43689,47.50788],[9.43452,47.50734],[9.43471,47.5066],[9.43178,47.50605],[9.43078,47.50478],[9.42734,47.50312],[9.42638,47.50287],[9.42444,47.50064],[9.42255,47.49754],[9.42007,47.49814],[9.41862,47.49942],[9.41757,47.49874],[9.4148,47.49889],[9.41403,47.49686],[9.41292,47.49666],[9.41179,47.49596],[9.41084,47.49475],[9.40985,47.49481],[9.40777,47.49543],[9.40723,47.49457],[9.40773,47.49385],[9.40704,47.49302],[9.4059,47.49057],[9.40458,47.49009],[9.40496,47.48915],[9.40428,47.48856],[9.40237,47.48794],[9.40168,47.48747],[9.40335,47.48631],[9.40301,47.48474],[9.40178,47.48418],[9.40247,47.48215],[9.40164,47.48161],[9.40175,47.48054],[9.40083,47.47953],[9.39763,47.4792],[9.39754,47.4779],[9.39821,47.47645],[9.3955,47.47728],[9.39451,47.47735],[9.39238,47.47876],[9.39287,47.48001],[9.39005,47.48293],[9.38903,47.48335],[9.38688,47.48333],[9.38611,47.48356],[9.38496,47.48467],[9.38371,47.48525],[9.38343,47.48586],[9.38087,47.48684],[9.38209,47.48867],[9.38049,47.48868],[9.37631,47.48843],[9.37523,47.48773],[9.3744,47.48668],[9.37192,47.48678],[9.36948,47.4861],[9.36779,47.48682],[9.36808,47.48758],[9.36946,47.48941],[9.37174,47.49053],[9.37247,47.49042],[9.37354,47.49109],[9.37406,47.49183],[9.3697,47.49345],[9.3705,47.49501],[9.37122,47.49587],[9.37327,47.49564],[9.37434,47.49579],[9.37534,47.49673],[9.37572,47.49833],[9.37547,47.49912],[9.37573,47.50103],[9.3749,47.50167],[9.37347,47.50225],[9.37014,47.50252],[9.36906,47.50181],[9.36317,47.50423],[9.36288,47.50387],[9.3589,47.50473],[9.35736,47.50478],[9.35766,47.50333],[9.35717,47.50224],[9.3558,47.5023],[9.35323,47.5028],[9.35077,47.50274],[9.34896,47.50327],[9.34782,47.50331],[9.34643,47.504],[9.3446,47.50445],[9.34306,47.50509],[9.34102,47.50457],[9.34014,47.50364],[9.34025,47.50306],[9.33899,47.50215],[9.33818,47.50265],[9.33761,47.50364],[9.33956,47.5082],[9.34182,47.50824],[9.34453,47.50781],[9.34557,47.50965],[9.34743,47.50939],[9.34836,47.51044],[9.3485,47.51125],[9.3494,47.51118],[9.34976,47.51262],[9.34703,47.51322],[9.34969,47.51533],[9.35092,47.51559],[9.35162,47.51671],[9.3531,47.51678],[9.35465,47.51625],[9.35644,47.51767],[9.3571,47.51774],[9.35766,47.52087],[9.35712,47.52122],[9.35442,47.52059],[9.35177,47.52128],[9.34771,47.52174],[9.34576,47.52118],[9.34518,47.52212],[9.34318,47.52318],[9.34264,47.52379],[9.34243,47.52536],[9.34025,47.52623],[9.34146,47.5278],[9.34106,47.53204],[9.33997,47.53142],[9.33956,47.53024],[9.33818,47.53009],[9.33612,47.53033],[9.33301,47.53093],[9.33093,47.53102],[9.33001,47.52977],[9.32558,47.53059],[9.32433,47.5316],[9.32468,47.53305],[9.3235,47.53309],[9.32346,47.53245],[9.31991,47.53289],[9.31876,47.53227],[9.31659,47.53164],[9.31786,47.53007],[9.31535,47.52988],[9.31359,47.52894],[9.31453,47.52779],[9.31494,47.52613],[9.31485,47.52521],[9.31402,47.5235],[9.31129,47.52489],[9.31086,47.52585],[9.30963,47.52676],[9.3083,47.52722],[9.30401,47.5278],[9.30262,47.52549],[9.30081,47.52575],[9.299,47.52566],[9.29755,47.52588],[9.29754,47.52511],[9.29656,47.52412],[9.29473,47.52428],[9.28354,47.52205],[9.28608,47.51988],[9.28523,47.51931],[9.28398,47.51777],[9.28392,47.51602],[9.28073,47.51535],[9.28124,47.51484],[9.28086,47.51317],[9.28172,47.51269],[9.28161,47.51145],[9.28015,47.51132],[9.27922,47.5117],[9.2791,47.51323],[9.27824,47.51332],[9.27664,47.51452],[9.27278,47.51275],[9.27141,47.5138],[9.27002,47.51304],[9.26962,47.51224],[9.27019,47.51171],[9.27184,47.51145],[9.27282,47.5092],[9.27448,47.50945],[9.27486,47.50838],[9.27566,47.5082],[9.27914,47.50816],[9.27988,47.50772],[9.28218,47.50778],[9.28283,47.50732],[9.28466,47.50745],[9.28764,47.50815],[9.28765,47.509],[9.29282,47.50803],[9.29321,47.50951],[9.2966,47.51099],[9.29899,47.51054],[9.30062,47.51346],[9.30211,47.51316],[9.30264,47.5141],[9.30384,47.51371],[9.30454,47.51496],[9.30318,47.51549],[9.30461,47.51703],[9.3062,47.51609],[9.3061,47.5154],[9.30873,47.51451],[9.31088,47.51288],[9.31293,47.51172],[9.314,47.51136],[9.3166,47.51093],[9.31787,47.51096],[9.3163,47.50826],[9.31537,47.50911],[9.31382,47.50836],[9.31141,47.50901],[9.31122,47.50756],[9.30966,47.50666],[9.30919,47.50532],[9.31045,47.50465],[9.30966,47.50287],[9.31049,47.50228],[9.31027,47.50132],[9.30942,47.50002],[9.30972,47.49909],[9.3114,47.49941],[9.31386,47.5011],[9.31653,47.50218],[9.31851,47.50188],[9.31977,47.50081],[9.32117,47.49876],[9.32132,47.4982],[9.32062,47.49623],[9.3206,47.49484],[9.32222,47.4922],[9.3202,47.49188],[9.31857,47.49047],[9.31803,47.48953],[9.3169,47.48919],[9.31729,47.48855],[9.3164,47.48768],[9.31194,47.48622],[9.31047,47.48542],[9.30965,47.48454],[9.30972,47.48336],[9.30654,47.48189],[9.30512,47.48054],[9.3025,47.47937],[9.2999,47.4786],[9.29789,47.47998],[9.29636,47.4797],[9.29555,47.48031],[9.29018,47.48087],[9.28904,47.48131],[9.28816,47.48284],[9.28824,47.4836],[9.28714,47.48384],[9.2849,47.48374],[9.28247,47.48443],[9.28188,47.4842],[9.2803,47.48283],[9.28,47.4811],[9.27961,47.48076],[9.27615,47.48049],[9.27387,47.47992],[9.2736,47.47896],[9.27192,47.47906],[9.2695,47.47826],[9.26837,47.47808],[9.26553,47.47629],[9.26384,47.47586],[9.26148,47.47615],[9.26055,47.476],[9.2552,47.47642],[9.25351,47.47697],[9.25241,47.47586],[9.2498,47.47682],[9.2483,47.47719],[9.24741,47.47869],[9.24644,47.47971],[9.24689,47.48042],[9.24585,47.48165],[9.24454,47.48132],[9.24217,47.48153],[9.24105,47.48196],[9.23917,47.48312],[9.23834,47.48229],[9.23345,47.48242],[9.23356,47.4846],[9.23014,47.48562],[9.22896,47.48485],[9.22822,47.4854],[9.22595,47.48592],[9.22308,47.4853],[9.22096,47.48466],[9.21953,47.48518],[9.21606,47.4831],[9.21451,47.48174],[9.21497,47.48122],[9.21444,47.48027],[9.21206,47.48121],[9.2102,47.48154],[9.21109,47.48337],[9.20963,47.48366],[9.20903,47.48448],[9.20896,47.48583],[9.20806,47.48657],[9.20776,47.48819],[9.2093,47.489],[9.20999,47.49022],[9.20886,47.48999],[9.20729,47.49035],[9.2062,47.49017],[9.20437,47.49059],[9.20281,47.49017],[9.2013,47.49092],[9.20001,47.49035],[9.19799,47.49189],[9.19431,47.49031],[9.19352,47.49092],[9.19461,47.49259],[9.19002,47.49448],[9.18723,47.49341],[9.1841,47.49271],[9.18296,47.4951],[9.18286,47.4963],[9.18232,47.4979],[9.18145,47.49841],[9.17878,47.4984],[9.17984,47.49745],[9.17866,47.49621],[9.1761,47.49669],[9.17495,47.49588],[9.17431,47.49751],[9.17345,47.49816],[9.17041,47.49967],[9.1732,47.50469],[9.17045,47.50537],[9.16962,47.50285],[9.16797,47.50305],[9.16871,47.50491],[9.16721,47.50541],[9.16545,47.50343],[9.1637,47.50258],[9.16349,47.50179],[9.16196,47.50135],[9.16178,47.50006],[9.16313,47.49917],[9.16397,47.49825],[9.16274,47.49696],[9.16169,47.49527],[9.16196,47.49485],[9.15994,47.49286],[9.15918,47.49049],[9.15763,47.48998],[9.15648,47.48897],[9.15514,47.48834],[9.15406,47.48898],[9.15018,47.48845],[9.14463,47.48679],[9.14326,47.48576],[9.14261,47.48618],[9.14149,47.48579],[9.1406,47.48613],[9.14022,47.48681],[9.13856,47.48699],[9.13407,47.48654],[9.1329,47.48685],[9.13253,47.48621],[9.1282,47.48557],[9.12643,47.48508],[9.12557,47.48456],[9.12585,47.48309],[9.12392,47.48204],[9.12236,47.48159],[9.11936,47.48108],[9.11723,47.4811],[9.11691,47.48233],[9.11586,47.48357],[9.11565,47.48431],[9.11369,47.48455],[9.11408,47.48579],[9.11258,47.48536],[9.11046,47.48534],[9.11021,47.48571],[9.10642,47.48593],[9.10507,47.48569],[9.10417,47.4861],[9.10066,47.48659],[9.09978,47.48697],[9.09903,47.48606],[9.09897,47.48526],[9.0965,47.48507],[9.09469,47.48472],[9.09278,47.48478],[9.09222,47.48419],[9.09121,47.48412],[9.08969,47.48592],[9.08956,47.48726],[9.08755,47.48941],[9.08562,47.49031],[9.08551,47.49079],[9.08631,47.49161],[9.085,47.49244],[9.08584,47.49344],[9.0849,47.49389],[9.08477,47.49513],[9.0836,47.49526],[9.08358,47.49661],[9.0816,47.49646],[9.08094,47.49587],[9.07848,47.49506],[9.0774,47.49411],[9.07569,47.49367],[9.07405,47.49499],[9.0726,47.49394],[9.07195,47.49413],[9.0701,47.49299],[9.06856,47.49274],[9.06731,47.49295],[9.06626,47.49231],[9.06409,47.49382],[9.06362,47.49372],[9.06305,47.49244],[9.06109,47.4926],[9.05971,47.49153],[9.0607,47.49015],[9.06018,47.48954],[9.05704,47.48878],[9.05613,47.49019],[9.05525,47.49107],[9.05333,47.49094],[9.05276,47.49126],[9.05244,47.49289],[9.05083,47.4932],[9.04856,47.49337],[9.04809,47.49429],[9.04695,47.4947],[9.04544,47.49417],[9.04331,47.49716],[9.0415,47.49713],[9.04227,47.4961],[9.03897,47.49464],[9.0376,47.49373],[9.03633,47.49356],[9.03139,47.49178],[9.03134,47.4912],[9.02953,47.49004],[9.02748,47.49145],[9.02654,47.49072],[9.02533,47.49032],[9.02248,47.49027],[9.02151,47.48965],[9.02078,47.49029],[9.0193,47.4907],[9.01866,47.49147],[9.01603,47.49145],[9.01566,47.49098],[9.01369,47.49134],[9.01212,47.49007],[9.01143,47.48912],[9.0128,47.48823],[9.01204,47.48767],[9.012,47.48683],[9.00946,47.48521],[9.00798,47.48557],[9.00786,47.48404],[9.0048,47.48256],[9.00487,47.48232],[9.00749,47.48221],[9.00728,47.48153],[9.00846,47.48085],[9.01001,47.48112],[9.0102,47.47858],[9.00995,47.47716],[9.01169,47.47664],[9.01318,47.47671],[9.01035,47.47487],[9.00943,47.47374],[9.0114,47.47296],[9.01871,47.47102],[9.02309,47.47035],[9.02706,47.46939],[9.0307,47.46803],[9.0296,47.46668],[9.0297,47.46511],[9.03017,47.46425],[9.03194,47.46316],[9.02875,47.46227],[9.02763,47.46151],[9.02869,47.46015],[9.02845,47.45911],[9.02903,47.45886],[9.03463,47.45752],[9.03955,47.45609],[9.04291,47.45542],[9.04729,47.45496],[9.04884,47.4549],[9.0489,47.45439],[9.05078,47.45437],[9.05186,47.4541],[9.0544,47.45242],[9.05555,47.45194],[9.05581,47.44989],[9.05919,47.44935],[9.06001,47.44866],[9.06377,47.44761],[9.06186,47.44659],[9.06085,47.44684],[9.0603,47.44745],[9.05826,47.447],[9.05991,47.4457],[9.06009,47.4446],[9.0584,47.44433],[9.05609,47.44482],[9.05508,47.44458],[9.05411,47.44524],[9.05307,47.44543],[9.05423,47.44392],[9.04868,47.4456],[9.0485,47.4443],[9.04632,47.44427],[9.04748,47.44302],[9.04544,47.44304],[9.04433,47.44163],[9.04352,47.44158],[9.03941,47.44279],[9.03945,47.44154],[9.03818,47.44069],[9.03983,47.4395],[9.03949,47.4386],[9.03812,47.43768],[9.03522,47.43684],[9.03487,47.43725],[9.03649,47.43807],[9.03771,47.43838],[9.03803,47.43892],[9.03623,47.44061],[9.03581,47.44046],[9.0341,47.44106],[9.03396,47.44005],[9.03282,47.43899],[9.03166,47.43901],[9.02897,47.43843],[9.02768,47.43859],[9.02653,47.44009],[9.02655,47.44043],[9.02337,47.44304],[9.02241,47.44231],[9.02086,47.44169],[9.02143,47.44122],[9.02063,47.4404],[9.01996,47.43814],[9.01837,47.43787],[9.01548,47.43651],[9.01459,47.43562],[9.01319,47.43482],[9.0122,47.43543],[9.01132,47.43665],[9.01027,47.43594],[9.00839,47.43588],[9.00665,47.43548],[9.00573,47.43613],[9.0045,47.43534],[9.00257,47.43611],[9.0009,47.43606],[8.99982,47.43632],[8.99967,47.43522],[9.00107,47.4335],[8.99843,47.43273],[8.99648,47.43196],[8.99542,47.43183],[8.99549,47.4312],[8.99388,47.43119],[8.99162,47.43181],[8.99146,47.43114],[8.99068,47.4308],[8.99108,47.42975],[8.99203,47.42947],[8.99129,47.42851],[8.99237,47.42789],[8.99142,47.42676],[8.99066,47.42633],[8.99285,47.42549],[8.99238,47.42482],[8.99366,47.4244],[8.99391,47.42319],[8.99317,47.42311],[8.99237,47.42226],[8.99316,47.42187],[8.99219,47.41959],[8.99179,47.41722],[8.99078,47.41555],[8.99164,47.4152],[8.99049,47.41442],[8.98977,47.41311],[8.98993,47.41262],[8.98668,47.41284],[8.98592,47.41254],[8.98454,47.41279],[8.98304,47.41384],[8.98221,47.41346],[8.98038,47.41346],[8.98037,47.41248],[8.97777,47.41204],[8.97627,47.40962],[8.97536,47.40707],[8.97381,47.40659],[8.97348,47.40508],[8.97513,47.40384],[8.97564,47.4024],[8.97631,47.40201],[8.9769,47.40069],[8.97572,47.39974],[8.97488,47.39833],[8.97439,47.39651],[8.97363,47.3957],[8.97283,47.39422],[8.97269,47.39265],[8.97153,47.39258],[8.96998,47.39293],[8.96925,47.39263],[8.96834,47.39088],[8.96746,47.38975],[8.96755,47.38706],[8.96619,47.3862],[8.96523,47.3873],[8.96384,47.38732],[8.96265,47.38666],[8.96114,47.38736],[8.95864,47.38779],[8.95813,47.38616],[8.95624,47.38409],[8.9558,47.3828],[8.95498,47.38225],[8.95156,47.38135],[8.94982,47.38123],[8.94839,47.38059],[8.9481,47.37985],[8.94607,47.3795],[8.94473,47.37727],[8.94668,47.37606],[8.94857,47.37633],[8.9495,47.37604],[8.95067,47.37423],[8.95162,47.37388],[8.95243,47.37308],[8.95277,47.37201],[8.95299,47.3698],[8.95364,47.3683],[8.95511,47.36612],[8.95587,47.36548],[8.9563,47.36402],[8.95824,47.36103],[8.95923,47.36044],[8.95943,47.35981],[8.96053,47.35905],[8.96121,47.3566],[8.96103,47.35551],[8.96145,47.35505],[8.96408,47.35565],[8.96581,47.35582],[8.96865,47.35561],[8.97008,47.35507],[8.97069,47.35398],[8.97284,47.35328],[8.97377,47.35121],[8.97562,47.34874],[8.97451,47.34757],[8.97497,47.34622],[8.97523,47.34275],[8.9743,47.34122],[8.97593,47.34079],[8.97914,47.33954],[8.98048,47.3393],[8.97984,47.33552],[8.97852,47.33392],[8.97828,47.33187],[8.97788,47.33064],[8.97853,47.32853],[8.98095,47.32686],[8.98087,47.32541],[8.98207,47.32402],[8.98533,47.32193],[8.98615,47.32074],[8.98545,47.32018],[8.98342,47.3179],[8.98289,47.31642],[8.98145,47.31477],[8.97896,47.31238],[8.9788,47.31186],[8.97616,47.30838],[8.96824,47.30712],[8.96558,47.3077],[8.96198,47.30705],[8.95879,47.30611],[8.95772,47.30561],[8.95651,47.30442],[8.95603,47.30316],[8.9543,47.30018],[8.95375,47.30038],[8.95306,47.2991],[8.95301,47.29772],[8.95206,47.29663],[8.95027,47.29581],[8.94975,47.29488],[8.95004,47.29366],[8.94839,47.29291],[8.94519,47.29215],[8.94427,47.29262],[8.94204,47.29135],[8.93957,47.29099],[8.93905,47.2906],[8.93668,47.29054],[8.93491,47.28965],[8.93778,47.2885],[8.93927,47.28681],[8.94177,47.28571],[8.94315,47.28348],[8.94282,47.28203],[8.94238,47.28145],[8.94316,47.28101],[8.94484,47.28094],[8.94682,47.28339],[8.94865,47.28317],[8.95002,47.28229],[8.94936,47.28172],[8.94893,47.28038],[8.94914,47.27911],[8.94884,47.2774],[8.94834,47.27629],[8.94598,47.27528],[8.94403,47.27389],[8.94232,47.27344],[8.94238,47.27289],[8.94374,47.27185],[8.94387,47.27127],[8.94566,47.27084],[8.9443,47.26938],[8.94413,47.26873],[8.94149,47.2687],[8.94213,47.26734],[8.94135,47.26666],[8.93892,47.26563],[8.9387,47.26393],[8.93827,47.2629],[8.93705,47.2617],[8.93529,47.2613],[8.9343,47.26023],[8.93259,47.26053],[8.93172,47.26107],[8.93028,47.26139],[8.92957,47.26022],[8.92608,47.25961],[8.9217,47.25819],[8.91816,47.2576],[8.91499,47.25671],[8.91251,47.25616],[8.9098,47.25576],[8.90922,47.25659],[8.90995,47.25681],[8.90949,47.25809],[8.90632,47.25701],[8.90192,47.25666],[8.90031,47.256],[8.89841,47.25566],[8.89644,47.25554],[8.89406,47.25491],[8.89047,47.25439],[8.88201,47.25378],[8.88013,47.25376],[8.87931,47.25352],[8.87608,47.25357],[8.87468,47.25333],[8.8746,47.25222],[8.87501,47.2512],[8.8751,47.24942],[8.87438,47.24881],[8.87194,47.24831],[8.87215,47.24722],[8.87093,47.24639],[8.86779,47.24531],[8.86748,47.24622],[8.86331,47.24532],[8.86189,47.24461],[8.86118,47.24532],[8.85843,47.24621],[8.85642,47.24573],[8.85562,47.24731],[8.8537,47.24822],[8.85413,47.24916],[8.85405,47.25063],[8.8531,47.2506],[8.85327,47.25211],[8.85192,47.25194],[8.84887,47.25106],[8.84592,47.24997],[8.84618,47.24922],[8.8459,47.24832],[8.83884,47.24837],[8.83793,47.24933],[8.83667,47.24923],[8.83636,47.25035],[8.83522,47.25075],[8.83467,47.25043],[8.83316,47.25139],[8.83017,47.25124],[8.82909,47.2517],[8.828,47.25281],[8.82274,47.25211],[8.82177,47.25161],[8.81971,47.25111],[8.81787,47.25097],[8.81696,47.25031],[8.81418,47.25013],[8.81304,47.24977],[8.80975,47.24908],[8.80382,47.24807],[8.80396,47.24671],[8.80176,47.24581],[8.80155,47.24501],[8.80022,47.24441],[8.80045,47.24346],[8.79769,47.24387],[8.79744,47.24218],[8.79684,47.24137],[8.79689,47.24046],[8.80978,47.22143],[8.81195,47.21949],[8.81386,47.21804],[8.81751,47.21576],[8.81982,47.21457],[8.82283,47.21326],[8.82535,47.21234],[8.82854,47.21139],[8.83123,47.21075],[8.83679,47.20986],[8.84089,47.20956],[8.84378,47.2095],[8.84954,47.20982],[8.90945,47.21605],[8.94261,47.21948],[8.95596,47.21768],[8.95827,47.21769],[8.96762,47.21884],[8.96951,47.21881],[8.97095,47.2185],[8.9728,47.2176],[8.97411,47.21631],[8.9755,47.21414],[8.97106,47.21283],[8.97027,47.21229],[8.96653,47.1995],[8.95878,47.20084],[8.95868,47.20078],[8.9615,47.1901],[8.96212,47.18672],[8.963,47.18574],[8.96305,47.18487],[8.96263,47.18387],[8.96334,47.18071],[8.9713,47.18015],[8.97167,47.18021],[8.97224,47.18197],[8.97451,47.18163],[8.97516,47.18362],[8.97826,47.18316],[8.97844,47.18392],[8.97975,47.18393],[8.98146,47.18465],[8.98571,47.18394],[8.9891,47.18306],[8.99205,47.18211],[8.99605,47.18052],[8.99879,47.17919],[8.99755,47.17786],[9.00322,47.1756],[9.00376,47.17611],[9.00592,47.17459],[9.0068,47.17532],[9.02991,47.15872],[9.05186,47.14292],[9.05501,47.14055],[9.05795,47.13873],[9.05996,47.13762],[9.06538,47.13433],[9.06685,47.13274],[9.06836,47.1317],[9.06966,47.13121],[9.07095,47.13116],[9.09395,47.13304],[9.09515,47.13308],[9.10313,47.13449],[9.10519,47.1336],[9.10797,47.13279],[9.11044,47.13268],[9.11664,47.13408],[9.13714,47.13331],[9.14892,47.13024],[9.1911,47.12502],[9.19002,47.11711],[9.19047,47.1134],[9.19018,47.11321],[9.19126,47.1116],[9.19113,47.11089],[9.18948,47.10848],[9.1902,47.1073],[9.18983,47.1054],[9.18916,47.10424],[9.18814,47.10361],[9.18806,47.10208],[9.18749,47.10138],[9.18753,47.09886],[9.18844,47.09733],[9.1889,47.09544],[9.18988,47.09401],[9.19066,47.09221],[9.19246,47.09228],[9.19145,47.09138],[9.19082,47.08966],[9.19088,47.08894],[9.19001,47.0868],[9.19046,47.08438],[9.19205,47.07888],[9.19186,47.07526],[9.19291,47.07463],[9.19313,47.07406],[9.19216,47.0735],[9.19152,47.07121],[9.18838,47.06674],[9.18648,47.06555],[9.18588,47.06394],[9.18626,47.06359],[9.18547,47.06252],[9.18543,47.06183],[9.18471,47.06068],[9.18346,47.06012],[9.18343,47.05952],[9.18156,47.05876],[9.1804,47.05767],[9.17781,47.05603],[9.17576,47.05424],[9.1747,47.05389],[9.17256,47.05388],[9.17081,47.05251],[9.17072,47.05183],[9.16998,47.0512],[9.16862,47.05071],[9.16673,47.05124],[9.16215,47.05063],[9.16091,47.05038],[9.15989,47.04951],[9.15719,47.04918],[9.15458,47.04859],[9.15399,47.04799],[9.1524,47.04759],[9.15119,47.04695],[9.15059,47.04618],[9.13928,47.04045],[9.14982,47.03522],[9.15752,47.0315],[9.15807,47.0313],[9.15917,47.03194],[9.16541,47.02944],[9.16573,47.02871],[9.16689,47.02819],[9.16839,47.02818],[9.16952,47.02789],[9.17082,47.02794],[9.17344,47.02887],[9.17529,47.02985],[9.17644,47.03012],[9.17853,47.02821],[9.1798,47.02759],[9.18175,47.02723],[9.18482,47.02833],[9.18821,47.03009],[9.18952,47.03038],[9.19309,47.03247],[9.19601,47.0335],[9.19652,47.0342],[9.19808,47.03453],[9.20289,47.03644],[9.20566,47.03598],[9.20794,47.03691],[9.2102,47.03704],[9.21133,47.03631],[9.21271,47.03614],[9.21383,47.0355],[9.21409,47.03487],[9.21652,47.03421],[9.21905,47.03445],[9.22125,47.03443],[9.22317,47.0339],[9.2238,47.03308],[9.22565,47.03212],[9.22662,47.03108],[9.22893,47.03001],[9.22949,47.02953],[9.22985,47.02811],[9.23128,47.02713],[9.23329,47.02654],[9.23568,47.02551],[9.23759,47.02529],[9.23788,47.02311],[9.24021,47.02147],[9.24016,47.02097],[9.24104,47.0203],[9.2417,47.01914],[9.2423,47.01909],[9.24389,47.01657],[9.24401,47.01563],[9.24347,47.01379],[9.24364,47.01264],[9.24344,47.01144],[9.24357,47.01006],[9.24415,47.00926],[9.24458,47.00727],[9.2458,47.00624],[9.2461,47.00489],[9.24704,47.00442],[9.24868,47.0021],[9.24945,47.00151],[9.24983,47.00064],[9.25091,46.99927],[9.25074,46.99733],[9.25111,46.99652],[9.24877,46.99595],[9.2481,46.9947],[9.24679,46.99351],[9.2465,46.9923],[9.24698,46.992],[9.24697,46.98989],[9.24783,46.98903],[9.24781,46.98834],[9.24644,46.98635],[9.24614,46.98494],[9.24487,46.98368],[9.24517,46.98218],[9.24656,46.98075],[9.24763,46.98021],[9.24801,46.97675],[9.24725,46.97532],[9.24639,46.97451],[9.2463,46.97299],[9.24528,46.97247],[9.24512,46.97051],[9.24473,46.97003],[9.24397,46.96709],[9.24581,46.9628],[9.2471,46.96107],[9.24703,46.95949],[9.24594,46.95777],[9.24461,46.95735],[9.23877,46.95625],[9.23799,46.95587],[9.23779,46.95414],[9.23814,46.95349],[9.23823,46.95198],[9.23792,46.95053],[9.23834,46.94984],[9.23829,46.94876],[9.23764,46.94745],[9.23754,46.94615],[9.23893,46.94514],[9.2391,46.9444],[9.24056,46.94185],[9.24037,46.94069],[9.2425,46.93973],[9.2464,46.93847],[9.24729,46.93798],[9.25005,46.93695],[9.25149,46.93593],[9.25214,46.93323],[9.25257,46.93296],[9.2527,46.93103],[9.25249,46.93065],[9.25374,46.92922],[9.25382,46.92833],[9.25292,46.9269],[9.25146,46.92547],[9.25272,46.92425],[9.25261,46.9229],[9.25072,46.92026],[9.25006,46.9181],[9.25013,46.91757],[9.25559,46.91453],[9.25617,46.91375],[9.25804,46.9105],[9.25873,46.90969],[9.26302,46.90722],[9.26463,46.90678],[9.26794,46.90462],[9.26911,46.90449],[9.27015,46.90548],[9.27244,46.90649],[9.27531,46.90803],[9.27814,46.90865],[9.28169,46.90853],[9.28328,46.90801],[9.28389,46.90751],[9.28634,46.90673],[9.28816,46.90636],[9.29029,46.90759],[9.29198,46.90826],[9.29455,46.90838],[9.29657,46.90772],[9.29856,46.90759],[9.3023,46.90678],[9.30476,46.90718],[9.30663,46.90694],[9.31118,46.90706],[9.31394,46.90602],[9.31642,46.90407],[9.31759,46.90354],[9.31887,46.90253],[9.32194,46.90223],[9.32315,46.90189],[9.32509,46.90216],[9.32609,46.90168],[9.32702,46.90247],[9.33169,46.90309],[9.33474,46.90312],[9.33579,46.90337],[9.33871,46.90322],[9.33992,46.90332],[9.34436,46.89978],[9.34736,46.9008],[9.34828,46.90097],[9.35027,46.90081],[9.35235,46.90018],[9.35352,46.90048],[9.35449,46.89988],[9.35678,46.89941],[9.36064,46.89897],[9.36249,46.89863],[9.36611,46.89849],[9.36676,46.89821],[9.36925,46.89902],[9.37328,46.89867],[9.37591,46.89858],[9.38026,46.89871],[9.38295,46.89893],[9.38854,46.89791],[9.39075,46.8971],[9.39302,46.89606],[9.39405,46.89523],[9.39555,46.89471],[9.40011,46.89391],[9.40067,46.89343],[9.40185,46.89364],[9.40637,46.89367],[9.40857,46.89339],[9.4112,46.89327],[9.41239,46.89266],[9.41538,46.89237],[9.41715,46.89139],[9.42027,46.8908],[9.42116,46.89086],[9.42657,46.88896],[9.42947,46.88684],[9.43074,46.8868],[9.43282,46.8861],[9.43452,46.88587],[9.43543,46.88461],[9.43616,46.88438],[9.43701,46.88305],[9.43772,46.88277],[9.43907,46.88103],[9.44191,46.88006],[9.44244,46.87939],[9.44491,46.87772],[9.44626,46.87717],[9.44715,46.87635],[9.4495,46.87481],[9.45013,46.87418],[9.4521,46.87538],[9.45381,46.87591],[9.45435,46.87731],[9.45555,46.87817],[9.45592,46.87948],[9.45705,46.88155],[9.45721,46.8825],[9.45663,46.88371],[9.45694,46.88428],[9.45642,46.88532],[9.45537,46.88617],[9.45552,46.88735],[9.45719,46.8877],[9.45956,46.88794],[9.4618,46.88766],[9.46336,46.88792],[9.46548,46.88774],[9.46732,46.88719],[9.46809,46.88738],[9.46904,46.88856],[9.47011,46.89061],[9.46998,46.89121],[9.4704,46.89272],[9.47101,46.89277],[9.4699,46.89551],[9.47004,46.8964],[9.46905,46.89762],[9.46863,46.89934],[9.46852,46.90118],[9.47228,46.90271],[9.47262,46.90392],[9.47361,46.90535],[9.47607,46.90674],[9.47669,46.90772],[9.47879,46.90843],[9.48136,46.90878],[9.48355,46.9095],[9.48673,46.9117],[9.48927,46.91359],[9.48374,46.91549],[9.48159,46.91663],[9.47985,46.91698],[9.47992,46.91795],[9.47944,46.91932],[9.47906,46.92186],[9.47948,46.92197],[9.48039,46.92351],[9.48171,46.92728],[9.48455,46.929],[9.48699,46.93168],[9.48706,46.93239],[9.48795,46.93453],[9.4878,46.93682],[9.49498,46.93902],[9.49414,46.94052],[9.49554,46.94165],[9.49738,46.94164],[9.49701,46.94313],[9.49826,46.9445],[9.49835,46.94542],[9.4999,46.94638],[9.50012,46.94819],[9.50086,46.94922],[9.50148,46.95089],[9.50231,46.95064],[9.5042,46.95064],[9.50447,46.95185],[9.50526,46.95294],[9.50588,46.95497],[9.50715,46.95549],[9.51028,46.95588],[9.5148,46.95627],[9.51677,46.9563],[9.51953,46.95695],[9.5201,46.9578],[9.51941,46.96183],[9.51986,46.96389],[9.519,46.96492],[9.51998,46.9664],[9.51859,46.96875],[9.51868,46.96969],[9.52021,46.9713],[9.52022,46.97166],[9.52219,46.97274],[9.52281,46.97329],[9.5243,46.97387],[9.52648,46.97367],[9.529,46.97416],[9.52992,46.97518],[9.53144,46.97545],[9.53267,46.97525],[9.53401,46.9754],[9.53615,46.97595],[9.53709,46.97576],[9.54004,46.97593],[9.54251,46.9756],[9.54348,46.97593],[9.54686,46.97787],[9.54051,46.98349],[9.52286,46.99893],[9.51991,47.00185],[9.51284,47.00936],[9.51196,47.01045],[9.50961,47.01641],[9.50964,47.01687],[9.50734,47.02],[9.49441,47.03337],[9.48651,47.04161],[9.48275,47.0454],[9.47971,47.04879],[9.47852,47.05037],[9.47706,47.05307]],[[9.45071,47.49356],[9.45106,47.49461],[9.44945,47.49498],[9.45165,47.49836],[9.44937,47.49939],[9.45064,47.50098],[9.44975,47.5021],[9.45884,47.50862],[9.47324,47.5031],[9.48483,47.49513],[9.47971,47.49169],[9.47547,47.4898],[9.46779,47.48659],[9.46566,47.48551],[9.46545,47.48661],[9.46579,47.4884],[9.46701,47.48938],[9.4643,47.49043],[9.46391,47.48962],[9.46046,47.49073],[9.4543,47.49138],[9.45418,47.4924],[9.45496,47.49302],[9.45071,47.49356]],[[9.34452,47.25074],[9.342,47.25034],[9.33361,47.25095],[9.33025,47.25008],[9.32836,47.24991],[9.32769,47.24915],[9.32596,47.24895],[9.32505,47.24836],[9.31989,47.24922],[9.31906,47.2498],[9.31564,47.25349],[9.31166,47.25462],[9.3091,47.25664],[9.30995,47.25907],[9.31005,47.26024],[9.30888,47.261],[9.30683,47.26086],[9.3049,47.26094],[9.29842,47.25875],[9.2971,47.25984],[9.29439,47.26173],[9.29291,47.26149],[9.29096,47.26167],[9.28995,47.26262],[9.28933,47.26371],[9.28794,47.26397],[9.28534,47.267],[9.28274,47.26648],[9.2806,47.26634],[9.27743,47.26667],[9.27635,47.26708],[9.28034,47.26802],[9.27986,47.26854],[9.27674,47.26989],[9.27483,47.27133],[9.27371,47.27002],[9.27259,47.26984],[9.27056,47.27022],[9.26841,47.26984],[9.26693,47.26912],[9.26475,47.26834],[9.26434,47.26698],[9.26153,47.26618],[9.26126,47.26554],[9.25969,47.26521],[9.25857,47.26457],[9.25768,47.26468],[9.25617,47.26608],[9.25526,47.2658],[9.25276,47.26692],[9.25091,47.26686],[9.24874,47.26742],[9.24642,47.26681],[9.24266,47.26601],[9.24003,47.26599],[9.23779,47.26649],[9.23396,47.26691],[9.23256,47.26746],[9.23114,47.26836],[9.22885,47.26891],[9.228,47.26869],[9.22646,47.26961],[9.22504,47.26979],[9.2233,47.27034],[9.21936,47.27238],[9.21858,47.27202],[9.21761,47.27298],[9.21614,47.2738],[9.21524,47.27388],[9.21295,47.27543],[9.21152,47.27577],[9.20987,47.277],[9.20749,47.27774],[9.20822,47.28024],[9.20945,47.28149],[9.21131,47.2825],[9.2121,47.2833],[9.21321,47.28344],[9.21478,47.28409],[9.21458,47.28472],[9.21834,47.28585],[9.2188,47.28684],[9.2204,47.28862],[9.22239,47.28963],[9.2236,47.29083],[9.22285,47.29246],[9.22311,47.293],[9.2245,47.29313],[9.22556,47.29422],[9.22533,47.29494],[9.22395,47.29612],[9.22295,47.29731],[9.22319,47.29774],[9.22181,47.29825],[9.22095,47.29992],[9.22032,47.30001],[9.21855,47.30165],[9.21805,47.30317],[9.21723,47.30386],[9.21773,47.30429],[9.21855,47.30591],[9.21913,47.30807],[9.21899,47.30936],[9.21747,47.31184],[9.21626,47.31284],[9.21621,47.31355],[9.2155,47.31462],[9.21595,47.31576],[9.21518,47.31696],[9.21508,47.31868],[9.21424,47.31984],[9.21445,47.3205],[9.2138,47.32125],[9.21166,47.32181],[9.21193,47.32262],[9.21353,47.32394],[9.21497,47.32428],[9.21609,47.32422],[9.21618,47.32543],[9.21737,47.32622],[9.21831,47.32574],[9.22021,47.32704],[9.22093,47.32694],[9.22399,47.3274],[9.22444,47.32843],[9.22567,47.32878],[9.2269,47.32961],[9.22831,47.32974],[9.22905,47.33072],[9.22988,47.33058],[9.23124,47.33096],[9.23396,47.33225],[9.23455,47.33355],[9.23345,47.33583],[9.23146,47.33792],[9.23073,47.338],[9.23018,47.339],[9.22875,47.3399],[9.2267,47.34248],[9.22585,47.3439],[9.22434,47.34415],[9.22326,47.34469],[9.22165,47.34422],[9.22129,47.34365],[9.21876,47.34337],[9.21595,47.34281],[9.21544,47.34213],[9.21417,47.34178],[9.21234,47.34241],[9.21059,47.34181],[9.2093,47.34091],[9.20752,47.34048],[9.20699,47.34199],[9.20724,47.34292],[9.20686,47.34369],[9.20563,47.34384],[9.20374,47.34665],[9.20156,47.34796],[9.20056,47.34812],[9.19988,47.34913],[9.20166,47.35042],[9.20173,47.35102],[9.20319,47.35188],[9.20389,47.35328],[9.20564,47.35594],[9.20651,47.35599],[9.20859,47.35704],[9.20631,47.35881],[9.20547,47.35767],[9.20472,47.35729],[9.2035,47.35743],[9.20246,47.35645],[9.20063,47.3556],[9.19855,47.35546],[9.1978,47.35498],[9.19679,47.35676],[9.19563,47.36031],[9.1939,47.36177],[9.19386,47.36296],[9.19315,47.36378],[9.19391,47.364],[9.19792,47.36353],[9.20036,47.3628],[9.20151,47.36321],[9.20349,47.36328],[9.21141,47.36441],[9.21211,47.36546],[9.21427,47.36648],[9.21504,47.36814],[9.21425,47.36921],[9.2159,47.37033],[9.21654,47.37103],[9.21774,47.37102],[9.21918,47.37218],[9.21991,47.37434],[9.2217,47.37419],[9.22224,47.3746],[9.22212,47.3759],[9.22103,47.37736],[9.22102,47.37814],[9.22302,47.37926],[9.22285,47.3804],[9.22134,47.38196],[9.22117,47.38302],[9.22172,47.38363],[9.22006,47.3843],[9.22018,47.38637],[9.22189,47.38705],[9.22406,47.38884],[9.22543,47.38817],[9.22694,47.38836],[9.22781,47.38898],[9.22898,47.38895],[9.2303,47.38831],[9.23217,47.38873],[9.23373,47.38977],[9.23362,47.3909],[9.2344,47.39171],[9.23383,47.3924],[9.23399,47.39408],[9.23307,47.39551],[9.23353,47.39735],[9.23195,47.39801],[9.23179,47.39844],[9.23394,47.39896],[9.2339,47.39843],[9.23527,47.39773],[9.23542,47.39841],[9.2366,47.3982],[9.2374,47.39751],[9.23888,47.39777],[9.24239,47.39922],[9.24282,47.3997],[9.24397,47.39981],[9.24602,47.40068],[9.248,47.3999],[9.24993,47.40051],[9.25191,47.40172],[9.25473,47.40205],[9.2562,47.40172],[9.25767,47.40194],[9.25879,47.40009],[9.26014,47.40025],[9.26077,47.40083],[9.26323,47.40175],[9.26613,47.40256],[9.26705,47.40252],[9.2682,47.40164],[9.26825,47.40119],[9.27061,47.40067],[9.27315,47.40237],[9.27599,47.40192],[9.27808,47.40103],[9.28019,47.40099],[9.28066,47.3996],[9.28181,47.3999],[9.28328,47.39973],[9.28454,47.40005],[9.28693,47.3993],[9.28848,47.39943],[9.29496,47.39858],[9.2954,47.39776],[9.29753,47.39779],[9.29955,47.39749],[9.3019,47.39666],[9.3042,47.39658],[9.30987,47.39794],[9.31155,47.39787],[9.31609,47.39899],[9.31892,47.3991],[9.32153,47.39954],[9.32277,47.40052],[9.32421,47.40094],[9.32598,47.40201],[9.32667,47.40197],[9.32862,47.40256],[9.33059,47.40266],[9.3316,47.40217],[9.33355,47.40181],[9.3342,47.40083],[9.33522,47.40128],[9.33661,47.40054],[9.3379,47.40069],[9.33908,47.40151],[9.34094,47.40095],[9.34143,47.40134],[9.34374,47.40137],[9.34796,47.40222],[9.35329,47.40376],[9.35603,47.40476],[9.35757,47.40368],[9.36006,47.40349],[9.36109,47.40475],[9.36492,47.40594],[9.36727,47.40596],[9.36861,47.40664],[9.37037,47.40816],[9.37294,47.40907],[9.37396,47.40847],[9.37641,47.40903],[9.37748,47.40864],[9.37848,47.40888],[9.3796,47.40868],[9.38041,47.40801],[9.38108,47.40816],[9.3828,47.40758],[9.38447,47.40767],[9.38679,47.40698],[9.38891,47.4067],[9.39065,47.40579],[9.39163,47.40465],[9.39203,47.40337],[9.39397,47.40238],[9.39632,47.4026],[9.39923,47.40203],[9.39911,47.40278],[9.40009,47.4028],[9.40106,47.40212],[9.40335,47.40222],[9.40526,47.40262],[9.40636,47.40351],[9.40822,47.4035],[9.4105,47.40391],[9.41049,47.40456],[9.41193,47.40449],[9.41242,47.40545],[9.41538,47.4063],[9.4179,47.40643],[9.42099,47.40731],[9.42252,47.40732],[9.42589,47.40819],[9.42776,47.40887],[9.42921,47.41028],[9.43116,47.41097],[9.43099,47.41145],[9.42917,47.41186],[9.42919,47.41283],[9.43045,47.4135],[9.43181,47.41285],[9.43314,47.4138],[9.43424,47.41533],[9.43329,47.41558],[9.43325,47.41658],[9.43164,47.41846],[9.43153,47.41955],[9.43457,47.42007],[9.43413,47.42076],[9.43521,47.4214],[9.43505,47.42205],[9.43631,47.42219],[9.4358,47.42366],[9.4359,47.42545],[9.43639,47.42596],[9.43598,47.42772],[9.43383,47.43081],[9.43405,47.43174],[9.43485,47.43268],[9.43604,47.43349],[9.43646,47.43502],[9.43628,47.43565],[9.43895,47.43585],[9.44049,47.43506],[9.44277,47.43464],[9.44524,47.43543],[9.4472,47.43467],[9.44795,47.43482],[9.44962,47.43407],[9.45064,47.43273],[9.45189,47.43221],[9.45391,47.43246],[9.45387,47.43348],[9.45438,47.43404],[9.45583,47.43418],[9.45775,47.4347],[9.4586,47.43529],[9.45996,47.43531],[9.46622,47.43711],[9.46686,47.43806],[9.46881,47.43886],[9.46972,47.43963],[9.47225,47.4403],[9.47511,47.44029],[9.47691,47.44006],[9.47922,47.44081],[9.48176,47.44035],[9.48329,47.44071],[9.48532,47.4418],[9.48673,47.44198],[9.48807,47.44269],[9.49289,47.44312],[9.49437,47.4435],[9.49638,47.44366],[9.49913,47.44503],[9.49978,47.44467],[9.50488,47.44678],[9.50587,47.44794],[9.50815,47.44919],[9.50922,47.45022],[9.51094,47.45091],[9.51377,47.451],[9.51544,47.45069],[9.51748,47.45183],[9.51872,47.45196],[9.51924,47.45282],[9.52082,47.4532],[9.52394,47.45271],[9.52523,47.45273],[9.52655,47.45359],[9.52671,47.4543],[9.52909,47.45526],[9.53181,47.45481],[9.53232,47.4557],[9.53153,47.45592],[9.52978,47.45695],[9.52875,47.45784],[9.52803,47.45921],[9.52812,47.46076],[9.52724,47.46179],[9.52702,47.46271],[9.52866,47.46409],[9.52945,47.46527],[9.53238,47.46699],[9.53163,47.46762],[9.53377,47.4692],[9.53873,47.46983],[9.54081,47.46961],[9.54369,47.4704],[9.54465,47.46978],[9.54572,47.46865],[9.54811,47.46886],[9.54798,47.46726],[9.54861,47.4668],[9.54698,47.46512],[9.54784,47.46426],[9.54975,47.46481],[9.55155,47.46561],[9.55413,47.4659],[9.55435,47.4652],[9.55537,47.46517],[9.55791,47.46615],[9.55933,47.46614],[9.56472,47.46431],[9.566,47.46462],[9.56937,47.46489],[9.57144,47.46487],[9.57384,47.46455],[9.5755,47.46409],[9.57792,47.46425],[9.57808,47.46389],[9.58185,47.4639],[9.58265,47.46314],[9.58433,47.4628],[9.58662,47.46182],[9.58868,47.46139],[9.58893,47.46079],[9.59008,47.46102],[9.59051,47.45959],[9.59159,47.45907],[9.59426,47.45986],[9.59631,47.46013],[9.59748,47.4599],[9.59792,47.45824],[9.59884,47.45756],[9.60049,47.45712],[9.60129,47.45643],[9.60453,47.45465],[9.60558,47.45392],[9.60723,47.45369],[9.60856,47.45296],[9.61003,47.45293],[9.61018,47.45216],[9.61428,47.45014],[9.61572,47.44969],[9.61966,47.44916],[9.62186,47.44926],[9.62285,47.4484],[9.62461,47.44768],[9.62636,47.44743],[9.62864,47.44639],[9.63101,47.44572],[9.63201,47.44399],[9.6322,47.44302],[9.63138,47.44261],[9.63104,47.4412],[9.62925,47.44069],[9.62439,47.43962],[9.61913,47.43903],[9.61947,47.43819],[9.61775,47.438],[9.6174,47.43737],[9.61594,47.43704],[9.61502,47.43587],[9.60979,47.43468],[9.60908,47.43389],[9.60753,47.43287],[9.6042,47.43191],[9.60233,47.43098],[9.59974,47.43056],[9.59626,47.42908],[9.59082,47.42699],[9.58979,47.42531],[9.59107,47.42389],[9.59005,47.42297],[9.59099,47.42225],[9.59222,47.4221],[9.59527,47.42083],[9.5949,47.4202],[9.59767,47.41996],[9.59842,47.41965],[9.5971,47.41867],[9.60016,47.41834],[9.60263,47.41767],[9.60612,47.41572],[9.60571,47.41535],[9.6036,47.41547],[9.6017,47.4149],[9.60158,47.41455],[9.59993,47.41365],[9.59792,47.41309],[9.59271,47.41259],[9.59116,47.41303],[9.58963,47.41218],[9.58696,47.41196],[9.58431,47.411],[9.584,47.41012],[9.58102,47.40899],[9.58011,47.40843],[9.5789,47.40832],[9.57654,47.40704],[9.57736,47.40564],[9.5752,47.4053],[9.57461,47.40547],[9.57237,47.40399],[9.57027,47.40328],[9.56857,47.40182],[9.56694,47.40178],[9.56582,47.40107],[9.56546,47.40007],[9.56249,47.40037],[9.56154,47.39973],[9.56002,47.39923],[9.55937,47.39846],[9.55825,47.39809],[9.55724,47.39824],[9.55657,47.3978],[9.5562,47.39687],[9.55513,47.39697],[9.5539,47.39566],[9.55259,47.39499],[9.55059,47.39443],[9.54897,47.39472],[9.54828,47.39573],[9.54667,47.39565],[9.54637,47.39662],[9.54462,47.3963],[9.5456,47.39732],[9.54576,47.3982],[9.54664,47.39981],[9.54647,47.40015],[9.54435,47.4004],[9.54437,47.40123],[9.5432,47.40093],[9.53924,47.40057],[9.53788,47.40076],[9.53079,47.39894],[9.52836,47.39881],[9.5268,47.3985],[9.52218,47.39798],[9.5217,47.39826],[9.52022,47.39799],[9.51954,47.39737],[9.51777,47.3973],[9.51469,47.39678],[9.51462,47.39645],[9.51248,47.39642],[9.51084,47.39605],[9.51035,47.39594],[9.50921,47.39431],[9.50832,47.39202],[9.50688,47.3916],[9.50704,47.39058],[9.50548,47.38975],[9.50647,47.38899],[9.50585,47.38768],[9.50541,47.38592],[9.50471,47.38513],[9.50542,47.38397],[9.50458,47.38225],[9.50431,47.37634],[9.50619,47.37631],[9.50669,47.37581],[9.50541,47.37492],[9.50304,47.37379],[9.50199,47.37296],[9.50257,47.37252],[9.50201,47.37167],[9.50028,47.37068],[9.5022,47.36931],[9.50023,47.36496],[9.50176,47.36405],[9.50038,47.36294],[9.50088,47.36246],[9.50231,47.36221],[9.50129,47.36141],[9.50274,47.35589],[9.50392,47.35517],[9.50345,47.35335],[9.50428,47.35224],[9.50419,47.34878],[9.50431,47.34629],[9.50396,47.33575],[9.50416,47.3351],[9.50299,47.33421],[9.50359,47.33361],[9.50313,47.33138],[9.50157,47.33076],[9.50242,47.32953],[9.50128,47.32891],[9.50102,47.328],[9.50178,47.3277],[9.50039,47.32272],[9.49976,47.32256],[9.49969,47.32005],[9.49942,47.31956],[9.49798,47.31908],[9.49753,47.31851],[9.49823,47.31776],[9.49588,47.31668],[9.4947,47.31588],[9.49379,47.31425],[9.49417,47.31202],[9.49506,47.31145],[9.49693,47.3091],[9.49754,47.30736],[9.49596,47.30632],[9.49433,47.30608],[9.4925,47.30515],[9.49108,47.30355],[9.49024,47.30313],[9.49197,47.30211],[9.49147,47.30159],[9.49182,47.30084],[9.49088,47.29906],[9.49056,47.29769],[9.49061,47.29604],[9.4896,47.29463],[9.48812,47.29206],[9.48799,47.29105],[9.48908,47.29046],[9.48904,47.28963],[9.48627,47.28509],[9.48461,47.28401],[9.48366,47.28382],[9.48207,47.28284],[9.48094,47.28036],[9.47996,47.2799],[9.47933,47.27897],[9.4778,47.27803],[9.47723,47.27693],[9.47731,47.27614],[9.47572,47.2749],[9.47418,47.273],[9.47175,47.27153],[9.47124,47.27102],[9.46782,47.26958],[9.46695,47.26828],[9.46562,47.26718],[9.46334,47.26621],[9.46264,47.26552],[9.4609,47.26479],[9.4591,47.26447],[9.45823,47.26367],[9.45455,47.2619],[9.45238,47.26137],[9.45132,47.25976],[9.4487,47.25798],[9.44844,47.25714],[9.44721,47.25712],[9.44626,47.25618],[9.44411,47.25526],[9.44326,47.25462],[9.44093,47.25425],[9.43952,47.25303],[9.43907,47.25206],[9.43797,47.25232],[9.43561,47.25212],[9.43341,47.25124],[9.43109,47.25055],[9.4275,47.24845],[9.42601,47.24861],[9.42018,47.24895],[9.41796,47.24814],[9.41607,47.24787],[9.41545,47.24708],[9.41358,47.24647],[9.41162,47.24556],[9.4087,47.24308],[9.40768,47.24237],[9.40632,47.24056],[9.40515,47.23961],[9.40319,47.2389],[9.40014,47.23871],[9.39747,47.23869],[9.39337,47.23802],[9.39092,47.23745],[9.38989,47.23688],[9.38625,47.23594],[9.38543,47.23592],[9.38327,47.23533],[9.3797,47.23746],[9.37685,47.2381],[9.37618,47.23841],[9.3751,47.23975],[9.37312,47.24091],[9.3725,47.24097],[9.371,47.24192],[9.36901,47.24216],[9.36865,47.24268],[9.36701,47.24335],[9.36614,47.24465],[9.35986,47.24565],[9.35676,47.24573],[9.35591,47.24553],[9.35253,47.24564],[9.35038,47.24628],[9.34892,47.24732],[9.34711,47.2478],[9.34494,47.24908],[9.34452,47.25074]]],[[[9.35512,47.51318],[9.35604,47.51125],[9.35587,47.51075],[9.35938,47.50951],[9.3598,47.50993],[9.35997,47.5113],[9.36036,47.5119],[9.3569,47.51337],[9.35512,47.51318]]]]},"properties":{"id":17,"name":"St. Gallen"}},
{"type":"Feature","geometry":{"type":"MultiPolygon","coordinates":[[[[8.66457,47.68718],[8.66522,47.68835],[8.66521,47.68955],[8.66365,47.68966],[8.66084,47.69088],[8.66112,47.69196],[8.65977,47.69199],[8.65976,47.69274],[8.66103,47.69273],[8.66653,47.69343],[8.66954,47.69349],[8.66921,47.69461],[8.67084,47.69502],[8.67359,47.69636],[8.67471,47.69647],[8.67511,47.69702],[8.67527,47.69927],[8.67747,47.69895],[8.67756,47.69949],[8.67473,47.70629],[8.66718,47.70926],[8.66582,47.71476],[8.66849,47.71383],[8.67028,47.71292],[8.67254,47.71241],[8.67444,47.71369],[8.67538,47.71409],[8.67831,47.71449],[8.6825,47.71382],[8.68256,47.71318],[8.68144,47.71289],[8.68109,47.71196],[8.68227,47.71124],[8.68466,47.71045],[8.685,47.71013],[8.68749,47.70997],[8.68844,47.71034],[8.69149,47.71085],[8.6915,47.71171],[8.69084,47.71312],[8.69361,47.71393],[8.69859,47.71515],[8.69972,47.71641],[8.70174,47.71636],[8.70245,47.71659],[8.70415,47.71603],[8.70581,47.71483],[8.70672,47.71323],[8.7076,47.71248],[8.70776,47.71163],[8.70896,47.7092],[8.71009,47.70555],[8.71298,47.70314],[8.71311,47.70253],[8.71289,47.6989],[8.71256,47.69773],[8.71791,47.69634],[8.71879,47.69633],[8.71877,47.6942],[8.71813,47.69387],[8.71904,47.69209],[8.72199,47.69316],[8.72389,47.69363],[8.72651,47.69402],[8.72919,47.69416],[8.72807,47.69624],[8.72767,47.69801],[8.72964,47.70385],[8.73224,47.70897],[8.73197,47.70968],[8.73303,47.71146],[8.73337,47.71316],[8.73519,47.71527],[8.7361,47.71674],[8.73748,47.71773],[8.73673,47.71855],[8.7342,47.71991],[8.73207,47.72037],[8.72943,47.72057],[8.72692,47.72143],[8.72586,47.72155],[8.72599,47.72268],[8.72426,47.72256],[8.72271,47.72314],[8.72113,47.72293],[8.71911,47.72302],[8.71777,47.7247],[8.71498,47.72913],[8.71295,47.73044],[8.71232,47.73154],[8.71294,47.73198],[8.71368,47.7336],[8.7142,47.73585],[8.71536,47.73772],[8.71577,47.73999],[8.71827,47.74097],[8.7214,47.7424],[8.72193,47.74391],[8.72279,47.74536],[8.72479,47.74705],[8.72776,47.74644],[8.72922,47.74755],[8.73217,47.74725],[8.73544,47.74796],[8.74071,47.74792],[8.74166,47.74904],[8.74261,47.74959],[8.74194,47.75099],[8.74231,47.75339],[8.74114,47.7544],[8.7376,47.75546],[8.73618,47.75657],[8.73301,47.75821],[8.73013,47.75937],[8.73198,47.76102],[8.72996,47.76223],[8.72849,47.76368],[8.72442,47.76433],[8.72481,47.76483],[8.72344,47.76543],[8.72256,47.7645],[8.71989,47.76572],[8.71791,47.76606],[8.71524,47.76681],[8.71301,47.76622],[8.71071,47.76455],[8.70816,47.76509],[8.70574,47.76357],[8.70447,47.76251],[8.70274,47.76157],[8.70188,47.76174],[8.70027,47.76102],[8.69975,47.75964],[8.69851,47.75804],[8.69709,47.75822],[8.69596,47.75715],[8.694,47.75762],[8.68987,47.75977],[8.6892,47.76068],[8.68902,47.7619],[8.68963,47.76258],[8.68958,47.76335],[8.68882,47.76348],[8.68798,47.76667],[8.68702,47.76861],[8.68475,47.77201],[8.68813,47.77363],[8.68917,47.77471],[8.68979,47.77493],[8.68642,47.77687],[8.68437,47.77871],[8.68401,47.7803],[8.68448,47.7819],[8.68292,47.78435],[8.68353,47.78511],[8.68265,47.78598],[8.68121,47.78667],[8.68219,47.78802],[8.67956,47.78819],[8.67828,47.78713],[8.67699,47.78728],[8.67566,47.78802],[8.67229,47.789],[8.67125,47.78879],[8.66874,47.78911],[8.668,47.79003],[8.6665,47.79116],[8.66643,47.79177],[8.66448,47.79245],[8.66348,47.79317],[8.66155,47.79344],[8.65857,47.79316],[8.65955,47.79452],[8.66116,47.79541],[8.66147,47.79773],[8.65954,47.79966],[8.65802,47.80185],[8.65449,47.80131],[8.65076,47.79987],[8.65005,47.79869],[8.65008,47.7964],[8.64809,47.79613],[8.64774,47.79507],[8.64777,47.79393],[8.6469,47.79212],[8.64662,47.78863],[8.64855,47.78683],[8.65032,47.78571],[8.65096,47.78471],[8.65123,47.78275],[8.65029,47.77892],[8.64944,47.7776],[8.64927,47.77547],[8.65078,47.77577],[8.65228,47.77575],[8.6534,47.77542],[8.65413,47.77481],[8.65049,47.77178],[8.6465,47.76993],[8.64872,47.76837],[8.64563,47.76571],[8.64355,47.76661],[8.64172,47.76575],[8.63869,47.76395],[8.63738,47.76291],[8.6351,47.76165],[8.63282,47.75959],[8.63059,47.76047],[8.62885,47.7608],[8.62713,47.76323],[8.62619,47.7653],[8.6206,47.76907],[8.62057,47.77122],[8.6222,47.77324],[8.62347,47.77652],[8.62452,47.77869],[8.61994,47.77955],[8.61959,47.78162],[8.61842,47.78227],[8.61685,47.78413],[8.61625,47.78538],[8.61627,47.78635],[8.61692,47.78856],[8.61741,47.7885],[8.6201,47.78917],[8.62166,47.79036],[8.6218,47.79218],[8.62331,47.79627],[8.62134,47.7971],[8.61906,47.79745],[8.62,47.79899],[8.61975,47.79974],[8.61709,47.80103],[8.61509,47.80263],[8.61257,47.80331],[8.60868,47.80385],[8.60587,47.80392],[8.60201,47.80443],[8.5994,47.80383],[8.59401,47.80012],[8.59294,47.80098],[8.59134,47.8018],[8.58889,47.80407],[8.58104,47.80153],[8.57773,47.8012],[8.57649,47.80121],[8.57708,47.80313],[8.57631,47.80362],[8.57603,47.80515],[8.57478,47.80625],[8.57424,47.80748],[8.5733,47.80773],[8.5715,47.80766],[8.57003,47.80864],[8.56917,47.80987],[8.56706,47.80799],[8.56495,47.80681],[8.56366,47.80373],[8.56349,47.80036],[8.56364,47.79798],[8.56314,47.79401],[8.56385,47.7933],[8.56481,47.79385],[8.56994,47.79247],[8.57329,47.79198],[8.5761,47.79104],[8.57556,47.78849],[8.57712,47.78649],[8.57752,47.78449],[8.57848,47.78308],[8.57515,47.78177],[8.57325,47.78137],[8.5699,47.78042],[8.56754,47.77932],[8.56723,47.77974],[8.56403,47.7793],[8.56455,47.78108],[8.56446,47.78198],[8.56269,47.78213],[8.56115,47.7833],[8.5602,47.7837],[8.55749,47.78528],[8.55406,47.78604],[8.55157,47.785],[8.54678,47.78397],[8.5449,47.78308],[8.54253,47.78296],[8.53679,47.7812],[8.5336,47.77944],[8.52966,47.77929],[8.52761,47.77942],[8.52669,47.77842],[8.52461,47.7771],[8.52304,47.77526],[8.52223,47.7736],[8.52163,47.7731],[8.52134,47.77193],[8.52059,47.77201],[8.51923,47.77281],[8.51754,47.77469],[8.51145,47.77761],[8.51075,47.77603],[8.50981,47.77564],[8.50643,47.7754],[8.50457,47.77458],[8.50344,47.77505],[8.4995,47.77387],[8.49832,47.77262],[8.4965,47.77215],[8.49546,47.77255],[8.49212,47.77309],[8.49015,47.77462],[8.4878,47.77336],[8.48522,47.77235],[8.48389,47.77134],[8.48268,47.76974],[8.48069,47.76886],[8.47775,47.76696],[8.47539,47.76612],[8.47428,47.76548],[8.47191,47.76294],[8.47052,47.76109],[8.46925,47.7588],[8.46841,47.7561],[8.46695,47.75447],[8.46408,47.7531],[8.46245,47.75256],[8.45863,47.75165],[8.45716,47.74986],[8.45704,47.74898],[8.45753,47.74784],[8.45731,47.74641],[8.45645,47.74562],[8.45697,47.74421],[8.45571,47.74353],[8.45389,47.74299],[8.4519,47.74157],[8.45093,47.73953],[8.45149,47.73744],[8.45251,47.73459],[8.45373,47.73285],[8.45375,47.73225],[8.45478,47.7319],[8.45748,47.73193],[8.45825,47.73157],[8.45817,47.73058],[8.45573,47.72852],[8.45587,47.72734],[8.45537,47.72492],[8.45646,47.72448],[8.45607,47.72386],[8.44873,47.72463],[8.44646,47.72447],[8.44272,47.72251],[8.44131,47.72115],[8.44303,47.72],[8.44279,47.7193],[8.4392,47.71995],[8.43759,47.7196],[8.4363,47.71897],[8.43498,47.71769],[8.43365,47.71691],[8.43285,47.71603],[8.42953,47.71427],[8.42722,47.7127],[8.42646,47.71314],[8.42127,47.71091],[8.42031,47.71158],[8.41904,47.71117],[8.41824,47.71159],[8.41542,47.70817],[8.41056,47.7047],[8.40923,47.7035],[8.40671,47.70043],[8.40576,47.69944],[8.40637,47.69913],[8.40753,47.69697],[8.41047,47.69674],[8.4131,47.69581],[8.41932,47.68959],[8.42011,47.68737],[8.42191,47.68527],[8.41948,47.68418],[8.41874,47.68259],[8.41732,47.68119],[8.4106,47.68042],[8.40915,47.67962],[8.40747,47.67763],[8.40671,47.67559],[8.40734,47.67441],[8.40894,47.67303],[8.41073,47.67056],[8.41333,47.66773],[8.41614,47.66755],[8.4183,47.66782],[8.42476,47.66826],[8.42627,47.66705],[8.42751,47.66662],[8.43311,47.66353],[8.43443,47.66234],[8.4364,47.66088],[8.43774,47.65878],[8.43975,47.65877],[8.44058,47.6578],[8.44253,47.65722],[8.44404,47.65654],[8.44624,47.65526],[8.45166,47.6564],[8.45479,47.65617],[8.45809,47.65449],[8.45841,47.65413],[8.46059,47.65524],[8.46109,47.65511],[8.46354,47.657],[8.46477,47.65771],[8.46547,47.65713],[8.46665,47.65797],[8.4671,47.65865],[8.46826,47.65743],[8.46712,47.6543],[8.46555,47.65154],[8.46485,47.64986],[8.46603,47.64801],[8.46644,47.64637],[8.46715,47.6454],[8.46764,47.64382],[8.46824,47.64294],[8.47113,47.64071],[8.47331,47.63998],[8.47463,47.6398],[8.47527,47.6407],[8.47802,47.6409],[8.47918,47.64116],[8.47697,47.64194],[8.47627,47.64239],[8.47383,47.64226],[8.47228,47.64328],[8.47268,47.64406],[8.47593,47.64467],[8.47884,47.64605],[8.47854,47.64737],[8.47739,47.64796],[8.47504,47.64837],[8.47453,47.64874],[8.47415,47.65051],[8.47485,47.65108],[8.47755,47.6515],[8.48152,47.65063],[8.48177,47.64976],[8.48333,47.64884],[8.48259,47.64701],[8.48393,47.64549],[8.48632,47.64531],[8.48855,47.64647],[8.48991,47.64576],[8.49094,47.64426],[8.49167,47.64377],[8.49282,47.64434],[8.49353,47.64349],[8.49548,47.64346],[8.49481,47.64442],[8.49493,47.64644],[8.49446,47.64834],[8.49682,47.64791],[8.50029,47.6478],[8.50068,47.64865],[8.5043,47.64872],[8.51015,47.64808],[8.51134,47.64858],[8.51445,47.64889],[8.51695,47.6483],[8.52004,47.64721],[8.52308,47.64637],[8.52411,47.64625],[8.52772,47.64672],[8.53097,47.64733],[8.53293,47.64714],[8.53453,47.64927],[8.53491,47.6515],[8.53464,47.65238],[8.533,47.6534],[8.53201,47.65519],[8.53128,47.65547],[8.53015,47.65689],[8.53117,47.65843],[8.53023,47.6591],[8.52915,47.65942],[8.52808,47.66185],[8.53121,47.66282],[8.53362,47.66423],[8.53459,47.66452],[8.53529,47.66256],[8.53485,47.66139],[8.5356,47.66075],[8.53774,47.65983],[8.54136,47.65886],[8.54278,47.65819],[8.54262,47.65942],[8.54202,47.66015],[8.54112,47.66273],[8.54027,47.66357],[8.54,47.66493],[8.54088,47.66549],[8.5411,47.66647],[8.54343,47.66671],[8.54797,47.6689],[8.54884,47.66845],[8.55076,47.66882],[8.5534,47.67026],[8.55555,47.6708],[8.55801,47.67066],[8.56039,47.67153],[8.56203,47.67172],[8.56486,47.67144],[8.56458,47.66949],[8.56589,47.66666],[8.5673,47.6671],[8.56833,47.66634],[8.57032,47.66559],[8.57205,47.66627],[8.57404,47.66503],[8.57498,47.66419],[8.57726,47.66386],[8.57882,47.66291],[8.57995,47.66329],[8.58142,47.66421],[8.58841,47.66765],[8.59253,47.66892],[8.59445,47.66819],[8.59512,47.66856],[8.59676,47.67075],[8.59706,47.67065],[8.59912,47.67412],[8.60412,47.67401],[8.60776,47.67355],[8.60698,47.67082],[8.60734,47.67006],[8.60767,47.67162],[8.60924,47.674],[8.61079,47.67341],[8.61147,47.67604],[8.61216,47.6774],[8.61475,47.67994],[8.61689,47.67932],[8.61801,47.67829],[8.61896,47.67693],[8.62047,47.67645],[8.62166,47.6766],[8.62549,47.67787],[8.6273,47.67901],[8.62792,47.67988],[8.62851,47.68154],[8.62839,47.68249],[8.62751,47.68425],[8.62525,47.6909],[8.62529,47.69199],[8.62627,47.69307],[8.62688,47.69265],[8.62917,47.69334],[8.63187,47.69343],[8.63917,47.69468],[8.64243,47.6958],[8.64442,47.69575],[8.64712,47.69501],[8.65215,47.69233],[8.65581,47.69008],[8.66093,47.68762],[8.6643,47.6867],[8.66457,47.68718]]],[[[8.87659,47.65634],[8.87672,47.66175],[8.87736,47.66184],[8.87617,47.66627],[8.87463,47.67161],[8.8729,47.67238],[8.87185,47.67309],[8.86957,47.67614],[8.86908,47.67728],[8.86564,47.67964],[8.86177,47.6817],[8.86082,47.68191],[8.85746,47.68167],[8.85477,47.68225],[8.85175,47.68257],[8.8516,47.68315],[8.85228,47.68698],[8.85316,47.68703],[8.85462,47.68923],[8.85754,47.69049],[8.85757,47.69123],[8.8589,47.69405],[8.85593,47.69589],[8.85439,47.6959],[8.85389,47.69556],[8.852,47.69605],[8.85216,47.6975],[8.85303,47.6981],[8.85272,47.69902],[8.85478,47.69851],[8.85708,47.69868],[8.85927,47.70014],[8.86069,47.69943],[8.86136,47.69956],[8.86139,47.6979],[8.86356,47.6986],[8.86441,47.69983],[8.86749,47.69778],[8.86642,47.69617],[8.86505,47.69612],[8.86531,47.69551],[8.86402,47.69458],[8.86447,47.6938],[8.86555,47.69411],[8.86725,47.69521],[8.86885,47.69534],[8.87034,47.69511],[8.87098,47.69545],[8.87225,47.69482],[8.87564,47.69569],[8.87734,47.69825],[8.87494,47.69958],[8.8733,47.70157],[8.87269,47.70144],[8.87219,47.70289],[8.87088,47.70327],[8.87303,47.70425],[8.87415,47.70518],[8.87242,47.70621],[8.87146,47.70592],[8.87042,47.70608],[8.86949,47.70678],[8.86779,47.70687],[8.86536,47.70663],[8.86222,47.70553],[8.85981,47.70567],[8.85898,47.70603],[8.85762,47.70592],[8.85589,47.70627],[8.85455,47.70615],[8.85352,47.70561],[8.85124,47.70537],[8.84953,47.70477],[8.84918,47.70587],[8.8483,47.70714],[8.84705,47.70996],[8.84695,47.71255],[8.84437,47.71356],[8.8422,47.71349],[8.84187,47.71421],[8.83889,47.71462],[8.8366,47.71522],[8.83525,47.7152],[8.83478,47.71596],[8.83293,47.71518],[8.83111,47.71375],[8.83127,47.71327],[8.82916,47.71297],[8.82671,47.7124],[8.82494,47.71237],[8.82417,47.71301],[8.82468,47.71357],[8.82023,47.71418],[8.82012,47.7147],[8.82237,47.71591],[8.82335,47.7162],[8.82404,47.71694],[8.82674,47.71843],[8.82744,47.71927],[8.82656,47.72011],[8.82519,47.71998],[8.81972,47.71905],[8.81768,47.72164],[8.81476,47.72423],[8.81389,47.72517],[8.81189,47.72575],[8.80966,47.72601],[8.80599,47.72592],[8.8061,47.72674],[8.8068,47.7273],[8.81097,47.72896],[8.81271,47.73025],[8.81208,47.73115],[8.81336,47.73183],[8.81187,47.73233],[8.80973,47.73261],[8.80944,47.73367],[8.80862,47.73482],[8.80829,47.73608],[8.80876,47.73854],[8.80786,47.73968],[8.80644,47.73969],[8.80656,47.73896],[8.8058,47.73815],[8.80063,47.73753],[8.80096,47.7367],[8.79774,47.73595],[8.79956,47.73146],[8.8003,47.73028],[8.80038,47.72852],[8.79884,47.7288],[8.793,47.7302],[8.79188,47.72866],[8.78988,47.72917],[8.78779,47.72774],[8.78602,47.72875],[8.78585,47.72819],[8.78482,47.72756],[8.7851,47.72633],[8.78366,47.72559],[8.78344,47.72467],[8.78195,47.72306],[8.78071,47.72352],[8.77749,47.72413],[8.77739,47.72366],[8.77852,47.72226],[8.77772,47.72216],[8.7758,47.72052],[8.77336,47.71964],[8.77132,47.72051],[8.77087,47.71922],[8.77144,47.7183],[8.77113,47.71742],[8.77216,47.71743],[8.77148,47.71643],[8.77404,47.71463],[8.77262,47.71338],[8.77267,47.71147],[8.77084,47.71056],[8.77095,47.70923],[8.77052,47.70825],[8.77262,47.70828],[8.77539,47.70732],[8.77818,47.70728],[8.78097,47.70707],[8.78223,47.70666],[8.78528,47.70644],[8.78859,47.70597],[8.79193,47.70667],[8.79463,47.70562],[8.79802,47.70414],[8.79887,47.70347],[8.79968,47.70185],[8.79975,47.70034],[8.79878,47.69861],[8.80235,47.69804],[8.80526,47.69773],[8.80751,47.69791],[8.80933,47.69667],[8.81129,47.69475],[8.80882,47.69338],[8.80657,47.69294],[8.80415,47.69356],[8.80129,47.69325],[8.801,47.69254],[8.79973,47.69159],[8.79801,47.68949],[8.79801,47.68848],[8.79739,47.68736],[8.79716,47.68582],[8.7963,47.68519],[8.79471,47.6815],[8.79501,47.68018],[8.79723,47.67673],[8.8,47.67761],[8.80335,47.67948],[8.80535,47.67975],[8.80657,47.67954],[8.80874,47.67857],[8.80985,47.67826],[8.81104,47.67831],[8.81623,47.67928],[8.81795,47.67922],[8.82207,47.67825],[8.82752,47.67641],[8.8314,47.67598],[8.83707,47.67334],[8.83959,47.67163],[8.84049,47.67046],[8.84098,47.6681],[8.84236,47.66606],[8.84368,47.66552],[8.84836,47.66463],[8.85161,47.66341],[8.85449,47.66272],[8.85576,47.66207],[8.85487,47.66087],[8.85078,47.65728],[8.84987,47.65633],[8.84872,47.65676],[8.848,47.65601],[8.8489,47.65529],[8.84683,47.65445],[8.84746,47.65366],[8.85056,47.6524],[8.85128,47.6533],[8.85287,47.65258],[8.85913,47.65147],[8.86092,47.65357],[8.86066,47.65372],[8.86184,47.65534],[8.86652,47.65749],[8.86825,47.65737],[8.87364,47.65534],[8.87659,47.65634]]],[[[8.56422,47.60084],[8.56301,47.60054],[8.56149,47.60057],[8.55959,47.59979],[8.55817,47.59893],[8.55743,47.59903],[8.55692,47.59781],[8.557,47.59602],[8.5564,47.59544],[8.55402,47.59434],[8.55159,47.59365],[8.54874,47.59412],[8.54585,47.5929],[8.54212,47.59146],[8.54051,47.59012],[8.53931,47.5897],[8.53817,47.58876],[8.53649,47.58851],[8.53774,47.58603],[8.53814,47.58482],[8.53548,47.58431],[8.5347,47.58355],[8.53584,47.58308],[8.53568,47.58254],[8.53681,47.58222],[8.53703,47.58084],[8.53838,47.58071],[8.54037,47.58011],[8.54128,47.5796],[8.541,47.57904],[8.53869,47.57935],[8.53791,47.5788],[8.53807,47.57819],[8.53617,47.57718],[8.53623,47.57661],[8.5407,47.57577],[8.54166,47.57615],[8.54434,47.57593],[8.54514,47.57629],[8.54636,47.57613],[8.54753,47.57555],[8.54684,47.57433],[8.54795,47.57372],[8.54736,47.5727],[8.54554,47.57255],[8.54362,47.57186],[8.54273,47.57131],[8.54672,47.56872],[8.54792,47.56758],[8.54961,47.56555],[8.55088,47.56322],[8.55172,47.56003],[8.55199,47.55772],[8.55285,47.55663],[8.55541,47.55441],[8.55694,47.5538],[8.55821,47.55377],[8.56028,47.55454],[8.56259,47.55682],[8.56561,47.56044],[8.56772,47.5627],[8.56898,47.56456],[8.57043,47.56806],[8.57099,47.57198],[8.57158,47.5734],[8.57316,47.57576],[8.57422,47.57652],[8.57633,47.57712],[8.5795,47.57744],[8.58105,47.57817],[8.58135,47.57924],[8.58107,47.58022],[8.5797,47.58244],[8.57842,47.58542],[8.57824,47.58698],[8.5785,47.58885],[8.57959,47.59088],[8.5807,47.59211],[8.58208,47.59321],[8.58393,47.59432],[8.58733,47.59548],[8.59327,47.59674],[8.5943,47.59708],[8.59562,47.59803],[8.59621,47.59971],[8.59558,47.60145],[8.59557,47.60317],[8.59634,47.6059],[8.59687,47.607],[8.59388,47.60755],[8.59316,47.60563],[8.59235,47.60428],[8.59246,47.60369],[8.59133,47.6026],[8.58893,47.60313],[8.58705,47.60224],[8.58546,47.60118],[8.58444,47.59851],[8.58372,47.59753],[8.57802,47.59821],[8.57601,47.5969],[8.57331,47.59921],[8.57227,47.59959],[8.57092,47.59952],[8.56875,47.59901],[8.56778,47.59854],[8.56513,47.59987],[8.56422,47.60084]]]]},"properties":{"id":14,"name":"Schaffhausen"}},
{"type":"Feature","geometry":{"type":"MultiPolygon","coordinates":[[[[7.55932,47.32373],[7.55162,47.32122],[7.54608,47.32035],[7.54223,47.31963],[7.53094,47.31768],[7.52854,47.31674],[7.52443,47.31561],[7.52299,47.31505],[7.5197,47.31306],[7.5177,47.31215],[7.51585,47.31097],[7.51288,47.30979],[7.5109,47.30868],[7.50881,47.30837],[7.5077,47.30762],[7.50614,47.30695],[7.50386,47.30657],[7.4988,47.30443],[7.49839,47.30368],[7.49701,47.30348],[7.49597,47.30407],[7.49122,47.30339],[7.48861,47.30335],[7.48734,47.3035],[7.48263,47.30556],[7.48154,47.30574],[7.47896,47.30656],[7.47879,47.30761],[7.47701,47.30844],[7.47526,47.30833],[7.47042,47.30839],[7.46777,47.30868],[7.46422,47.30821],[7.46048,47.308],[7.45896,47.30831],[7.45567,47.30857],[7.44894,47.30968],[7.44563,47.30997],[7.44273,47.31003],[7.43995,47.30964],[7.43503,47.30913],[7.43288,47.30879],[7.42976,47.30861],[7.42686,47.30914],[7.42264,47.30842],[7.4208,47.31],[7.41826,47.31071],[7.41738,47.31058],[7.41396,47.31135],[7.41351,47.31298],[7.41267,47.31468],[7.40976,47.31461],[7.4068,47.314],[7.40323,47.3141],[7.40056,47.31455],[7.39888,47.31449],[7.39716,47.31476],[7.39432,47.31487],[7.39149,47.31446],[7.391,47.31484],[7.38953,47.31473],[7.38765,47.31503],[7.38549,47.31482],[7.38384,47.3154],[7.38133,47.31539],[7.37959,47.31634],[7.37559,47.31488],[7.37253,47.31353],[7.37018,47.31229],[7.36642,47.31078],[7.36258,47.30994],[7.36127,47.31002],[7.35692,47.30885],[7.3563,47.30885],[7.35306,47.30813],[7.35068,47.30731],[7.34915,47.30704],[7.34965,47.30434],[7.35123,47.30099],[7.35049,47.3003],[7.34844,47.29963],[7.34496,47.2993],[7.34318,47.29885],[7.34324,47.29747],[7.34234,47.2969],[7.34279,47.29571],[7.34352,47.29489],[7.3452,47.29574],[7.34716,47.29607],[7.34693,47.29496],[7.34901,47.29368],[7.35145,47.29412],[7.35218,47.2945],[7.35425,47.2949],[7.3571,47.29568],[7.35807,47.29414],[7.35893,47.29438],[7.36101,47.29432],[7.36392,47.29467],[7.36646,47.29518],[7.37534,47.29592],[7.37568,47.29651],[7.37708,47.297],[7.37809,47.29704],[7.38004,47.29666],[7.38213,47.29724],[7.38304,47.29663],[7.38528,47.29712],[7.39136,47.29821],[7.39229,47.29857],[7.39684,47.29955],[7.39788,47.29904],[7.39736,47.29818],[7.39569,47.29683],[7.3926,47.29485],[7.3907,47.29334],[7.39075,47.29076],[7.39335,47.28735],[7.3935,47.28546],[7.39342,47.28166],[7.39305,47.27984],[7.39344,47.27931],[7.39032,47.27617],[7.39085,47.27522],[7.391,47.27365],[7.39194,47.27301],[7.39312,47.27025],[7.39437,47.2692],[7.39451,47.26846],[7.39403,47.26761],[7.39438,47.26534],[7.39384,47.26123],[7.39334,47.25979],[7.39341,47.25843],[7.39272,47.25726],[7.39125,47.25658],[7.39004,47.25735],[7.38772,47.25736],[7.38555,47.25769],[7.38247,47.25725],[7.37728,47.25746],[7.37442,47.25806],[7.3717,47.2584],[7.36967,47.2599],[7.36882,47.25933],[7.36716,47.25894],[7.36602,47.25897],[7.36495,47.2575],[7.35744,47.25516],[7.35711,47.25468],[7.35583,47.25416],[7.35416,47.25309],[7.35138,47.25175],[7.34976,47.25129],[7.3463,47.24912],[7.34528,47.25089],[7.34442,47.25177],[7.3442,47.25329],[7.34151,47.25639],[7.33935,47.2566],[7.33838,47.25961],[7.33974,47.2612],[7.34082,47.26147],[7.34214,47.26267],[7.34241,47.26422],[7.33833,47.26386],[7.3382,47.26541],[7.33738,47.26639],[7.33825,47.26676],[7.33796,47.26862],[7.33815,47.26942],[7.33972,47.27001],[7.34067,47.2708],[7.34427,47.27152],[7.34709,47.27143],[7.34821,47.2719],[7.35154,47.27242],[7.35371,47.27236],[7.35521,47.27265],[7.35496,47.27403],[7.35377,47.27444],[7.35341,47.27572],[7.35178,47.2779],[7.35107,47.27847],[7.35128,47.27945],[7.35063,47.27987],[7.34952,47.27944],[7.34859,47.28079],[7.34881,47.28189],[7.34652,47.28245],[7.3458,47.28322],[7.34074,47.28345],[7.34017,47.28363],[7.33812,47.28645],[7.33778,47.28804],[7.33684,47.28879],[7.3364,47.28964],[7.33088,47.28867],[7.33012,47.29025],[7.32764,47.28936],[7.3244,47.28874],[7.32205,47.28869],[7.31972,47.28838],[7.31994,47.2894],[7.31743,47.28962],[7.31581,47.28954],[7.31167,47.28983],[7.31016,47.28949],[7.30261,47.28889],[7.29882,47.28832],[7.29694,47.28782],[7.29567,47.28773],[7.29283,47.28716],[7.28928,47.28698],[7.28712,47.28726],[7.28695,47.28655],[7.28515,47.28645],[7.28016,47.28559],[7.27872,47.28553],[7.27471,47.28605],[7.26884,47.28717],[7.26391,47.28847],[7.26191,47.2886],[7.25924,47.28815],[7.25919,47.28696],[7.25387,47.28653],[7.2503,47.28679],[7.24712,47.28662],[7.24351,47.28659],[7.24044,47.28709],[7.23845,47.28783],[7.23463,47.28898],[7.23321,47.28956],[7.22438,47.28951],[7.2158,47.29134],[7.21434,47.29115],[7.21111,47.2902],[7.20935,47.29131],[7.2079,47.29246],[7.20713,47.29335],[7.20816,47.29456],[7.2101,47.29607],[7.20692,47.29684],[7.20121,47.29708],[7.19847,47.29728],[7.19549,47.29718],[7.18869,47.29616],[7.1863,47.29659],[7.18143,47.29627],[7.17731,47.29587],[7.17719,47.29557],[7.17509,47.29542],[7.16974,47.29587],[7.16881,47.29564],[7.1647,47.29542],[7.1643,47.29445],[7.1659,47.29409],[7.16902,47.29301],[7.16943,47.29208],[7.16565,47.29033],[7.16612,47.28772],[7.16739,47.28717],[7.16993,47.28736],[7.17021,47.2864],[7.17115,47.28532],[7.16941,47.28454],[7.1688,47.28272],[7.1689,47.28114],[7.16965,47.27833],[7.16938,47.27697],[7.16959,47.27609],[7.16616,47.2749],[7.16289,47.27411],[7.16132,47.27342],[7.15802,47.27285],[7.15647,47.27282],[7.15353,47.27173],[7.15137,47.27123],[7.14965,47.2704],[7.14856,47.26917],[7.14862,47.26857],[7.14698,47.26728],[7.14658,47.26668],[7.14818,47.26399],[7.14993,47.26458],[7.14988,47.26355],[7.14839,47.26301],[7.14729,47.262],[7.14712,47.26124],[7.14402,47.26084],[7.14396,47.25817],[7.14368,47.25711],[7.14481,47.25713],[7.14915,47.25761],[7.15076,47.2575],[7.15238,47.25687],[7.15268,47.25614],[7.15183,47.25557],[7.15012,47.25522],[7.15416,47.25235],[7.1567,47.24891],[7.15447,47.24902],[7.15196,47.24792],[7.148,47.2467],[7.14471,47.24593],[7.14113,47.24554],[7.14067,47.24454],[7.13861,47.2449],[7.13715,47.24534],[7.13437,47.24582],[7.13333,47.24582],[7.13074,47.24633],[7.12839,47.24636],[7.12257,47.2457],[7.12052,47.24538],[7.11613,47.24405],[7.11473,47.2439],[7.11239,47.24326],[7.11099,47.24382],[7.10853,47.24365],[7.10611,47.24425],[7.10427,47.24447],[7.1018,47.24361],[7.0999,47.24232],[7.09817,47.24091],[7.09733,47.23997],[7.09712,47.23839],[7.08931,47.23838],[7.08663,47.24133],[7.08878,47.24217],[7.08972,47.24293],[7.08801,47.24377],[7.08812,47.24483],[7.08609,47.24674],[7.08538,47.24665],[7.08274,47.24478],[7.0805,47.24477],[7.08085,47.24611],[7.08043,47.24913],[7.07509,47.24728],[7.06945,47.24544],[7.06553,47.24506],[7.06501,47.24477],[7.06255,47.24461],[7.06073,47.24416],[7.05963,47.24361],[7.05812,47.2424],[7.05761,47.24082],[7.05843,47.23997],[7.05719,47.23918],[7.05723,47.23829],[7.0584,47.23591],[7.05891,47.23337],[7.05957,47.23255],[7.05732,47.23147],[7.05614,47.23072],[7.05398,47.22994],[7.05106,47.22932],[7.04824,47.22842],[7.04736,47.22705],[7.04457,47.22438],[7.04518,47.22322],[7.03773,47.21477],[7.03583,47.21118],[7.03336,47.20734],[7.03118,47.20364],[7.02434,47.19706],[7.01007,47.19521],[6.99732,47.19469],[6.99542,47.18917],[6.99539,47.18834],[6.99391,47.18758],[6.99064,47.18435],[6.99128,47.18394],[6.98935,47.18139],[6.98711,47.17929],[6.9876,47.17884],[6.98645,47.17791],[6.9841,47.17696],[6.98166,47.17564],[6.98076,47.17549],[6.97989,47.17606],[6.97791,47.17629],[6.97468,47.17936],[6.97303,47.18124],[6.9714,47.18269],[6.97045,47.18282],[6.96745,47.18274],[6.96267,47.18345],[6.96127,47.1834],[6.957,47.18201],[6.95531,47.18385],[6.95424,47.18412],[6.9563,47.18525],[6.95351,47.18706],[6.95397,47.18771],[6.95304,47.18871],[6.94624,47.18673],[6.9423,47.18589],[6.94163,47.18514],[6.94103,47.18299],[6.94196,47.18227],[6.94067,47.1813],[6.93908,47.17651],[6.93815,47.17541],[6.93596,47.17436],[6.93076,47.17071],[6.91996,47.16626],[6.91755,47.16569],[6.91807,47.16513],[6.91475,47.16403],[6.91066,47.16075],[6.90979,47.16025],[6.9092,47.16102],[6.90837,47.16053],[6.90903,47.15971],[6.90659,47.15897],[6.90697,47.1585],[6.90093,47.15687],[6.89916,47.15664],[6.89666,47.15555],[6.89326,47.15516],[6.88986,47.15367],[6.8885,47.15276],[6.88626,47.15255],[6.88459,47.15176],[6.88373,47.15303],[6.88334,47.1545],[6.88049,47.15562],[6.88075,47.15982],[6.87774,47.16222],[6.87284,47.17547],[6.86419,47.1698],[6.86236,47.16699],[6.86524,47.16332],[6.86902,47.15836],[6.87061,47.15616],[6.87212,47.15458],[6.87306,47.15264],[6.881,47.14317],[6.88215,47.14093],[6.88573,47.13729],[6.88693,47.13536],[6.88967,47.13248],[6.88584,47.12099],[6.88187,47.10974],[6.87873,47.10794],[6.87266,47.10421],[6.87107,47.09943],[6.86925,47.09363],[6.86773,47.08646],[6.87116,47.08786],[6.8714,47.08778],[6.87604,47.08948],[6.87991,47.0912],[6.88126,47.09136],[6.88381,47.09219],[6.889,47.09418],[6.89077,47.09528],[6.89513,47.09734],[6.89837,47.09855],[6.9062,47.10168],[6.90959,47.10298],[6.91242,47.10392],[6.9166,47.10513],[6.9189,47.10645],[6.92234,47.10773],[6.92746,47.1105],[6.9307,47.11394],[6.935,47.11108],[6.93722,47.11008],[6.94018,47.11108],[6.94078,47.1105],[6.94309,47.11129],[6.94426,47.11195],[6.94817,47.11326],[6.94921,47.11377],[6.95069,47.11375],[6.95308,47.11416],[6.95432,47.11404],[6.95685,47.11461],[6.95901,47.11482],[6.9612,47.11528],[6.9664,47.11579],[6.96841,47.11576],[6.97323,47.11639],[6.97488,47.11686],[6.97567,47.11661],[6.97705,47.11699],[6.98328,47.11774],[6.99005,47.11875],[6.99264,47.11941],[6.99684,47.12024],[6.99874,47.12075],[7.00258,47.12299],[7.00263,47.12354],[7.00555,47.12386],[7.00702,47.12426],[7.00738,47.12489],[7.00864,47.12558],[7.01002,47.12552],[7.01116,47.12517],[7.01149,47.12457],[7.0145,47.12483],[7.01677,47.12534],[7.01999,47.12525],[7.02353,47.12548],[7.02648,47.12548],[7.02927,47.12788],[7.02942,47.12827],[7.03197,47.12866],[7.03913,47.12779],[7.04086,47.126],[7.03673,47.12366],[7.03325,47.12115],[7.03227,47.12098],[7.02852,47.11711],[7.02684,47.11579],[7.02438,47.11355],[7.02962,47.10502],[7.0415,47.11035],[7.04206,47.10971],[7.0463,47.10781],[7.05018,47.10633],[7.05212,47.105],[7.05618,47.10246],[7.05804,47.10103],[7.06415,47.10089],[7.06786,47.09976],[7.07658,47.09761],[7.08772,47.08704],[7.08795,47.08289],[7.07915,47.0781],[7.0779,47.0773],[7.07929,47.07651],[7.07968,47.07594],[7.08103,47.07509],[7.08172,47.07263],[7.08123,47.06997],[7.08117,47.06881],[7.08157,47.06781],[7.08367,47.06795],[7.08399,47.0676],[7.0827,47.06639],[7.08301,47.06573],[7.08412,47.06584],[7.08656,47.06411],[7.08777,47.06266],[7.08855,47.06108],[7.07908,47.05327],[7.07721,47.05203],[7.0752,47.05112],[7.0736,47.05066],[7.07225,47.04997],[7.07005,47.04834],[7.06633,47.04636],[7.06354,47.04579],[7.06108,47.04571],[7.05487,47.04477],[7.05201,47.04391],[7.04125,47.03831],[7.03875,47.03648],[7.03557,47.03336],[7.03477,47.0324],[7.03403,47.03025],[7.034,47.02779],[7.03455,47.01966],[7.03418,47.01722],[7.03231,47.01301],[7.03125,47.01165],[7.026,47.0074],[7.02644,47.00715],[7.04105,46.98117],[7.05257,46.9789],[7.05867,46.9782],[7.08695,46.97762],[7.08825,46.97781],[7.09156,46.97792],[7.0932,46.97745],[7.1137,46.98075],[7.14983,46.98661],[7.15264,46.98755],[7.15298,46.98712],[7.15505,46.98783],[7.15699,46.98736],[7.15933,46.98812],[7.16585,46.9905],[7.17953,46.99537],[7.19483,47.00087],[7.19759,47.00147],[7.19722,47.00346],[7.2003,47.00254],[7.20159,47.00299],[7.20601,47.0076],[7.21116,47.00528],[7.21391,47.00814],[7.21648,47.00659],[7.21836,47.00761],[7.22019,47.00574],[7.22165,47.00397],[7.22245,47.00344],[7.22235,47.00241],[7.22285,47.00165],[7.22415,47.0006],[7.22413,46.99947],[7.22667,47.00048],[7.22717,46.99991],[7.22734,46.9983],[7.22554,46.99707],[7.22448,46.99571],[7.22314,46.99449],[7.22503,46.99431],[7.22687,46.99373],[7.23009,46.99201],[7.22955,46.99134],[7.23253,46.99042],[7.23579,46.98809],[7.23654,46.98593],[7.23549,46.98567],[7.23442,46.98499],[7.23231,46.98306],[7.23159,46.98185],[7.23041,46.98068],[7.2289,46.97956],[7.22255,46.97689],[7.22339,46.97587],[7.21778,46.97404],[7.21835,46.97325],[7.21696,46.97255],[7.21559,46.97266],[7.21502,46.97063],[7.21558,46.97048],[7.21514,46.96825],[7.20837,46.96884],[7.20801,46.96683],[7.20738,46.96545],[7.20021,46.96513],[7.19886,46.96577],[7.1973,46.96499],[7.19646,46.96544],[7.19519,46.96338],[7.19551,46.96268],[7.19855,46.96198],[7.19976,46.96094],[7.20092,46.96041],[7.20266,46.96085],[7.20721,46.96117],[7.209,46.96067],[7.20922,46.95913],[7.21151,46.95822],[7.21194,46.95785],[7.21163,46.95693],[7.20977,46.95567],[7.20978,46.95489],[7.2092,46.95416],[7.20964,46.95373],[7.20888,46.95203],[7.20908,46.95106],[7.20863,46.95049],[7.2093,46.94976],[7.21,46.94987],[7.21103,46.94913],[7.21136,46.94711],[7.21043,46.94616],[7.21098,46.94551],[7.21118,46.94435],[7.21042,46.9432],[7.20874,46.94339],[7.20836,46.94288],[7.20642,46.94244],[7.20671,46.94155],[7.20451,46.94186],[7.20471,46.94085],[7.2053,46.94042],[7.20392,46.93867],[7.20514,46.93875],[7.20717,46.93709],[7.20919,46.93466],[7.21022,46.93466],[7.21135,46.93237],[7.21263,46.93256],[7.2136,46.92978],[7.21226,46.9292],[7.21202,46.92659],[7.21005,46.92657],[7.20952,46.92617],[7.20784,46.92613],[7.20759,46.92493],[7.20775,46.92331],[7.20598,46.92301],[7.20688,46.92209],[7.20654,46.92125],[7.20775,46.91918],[7.20791,46.91749],[7.20669,46.91609],[7.2072,46.9158],[7.20691,46.91398],[7.20802,46.91146],[7.2088,46.91114],[7.20872,46.91045],[7.20619,46.90958],[7.20525,46.90763],[7.2026,46.90656],[7.19971,46.90508],[7.19641,46.90445],[7.19005,46.90236],[7.19059,46.90162],[7.19623,46.90032],[7.19779,46.90227],[7.2,46.90319],[7.20087,46.90378],[7.20248,46.9034],[7.20484,46.9033],[7.20867,46.90396],[7.21117,46.90374],[7.21336,46.90305],[7.21481,46.90191],[7.21847,46.89866],[7.223,46.90315],[7.225,46.90431],[7.22625,46.90464],[7.22956,46.90493],[7.23124,46.90526],[7.23141,46.90482],[7.22983,46.90453],[7.23005,46.90362],[7.23181,46.90372],[7.23242,46.90212],[7.23295,46.90161],[7.23587,46.90061],[7.23725,46.89941],[7.24089,46.89918],[7.24288,46.89944],[7.24406,46.89924],[7.24526,46.90169],[7.25074,46.90039],[7.25288,46.90004],[7.25907,46.89947],[7.26132,46.89896],[7.26315,46.89793],[7.26632,46.89539],[7.2683,46.89459],[7.2727,46.89399],[7.27426,46.89353],[7.27888,46.89158],[7.28032,46.89107],[7.28195,46.89086],[7.28338,46.89111],[7.28453,46.89177],[7.28732,46.89401],[7.28821,46.89449],[7.29031,46.89509],[7.29144,46.89518],[7.29623,46.89517],[7.29795,46.89491],[7.30274,46.89368],[7.30837,46.89292],[7.31028,46.89284],[7.31327,46.89308],[7.32485,46.89494],[7.32758,46.89497],[7.34113,46.89213],[7.34791,46.89102],[7.35035,46.89034],[7.35245,46.88949],[7.35397,46.88851],[7.35444,46.88763],[7.35401,46.8822],[7.35333,46.87753],[7.3548,46.87261],[7.35543,46.87205],[7.35739,46.8719],[7.35832,46.87142],[7.35932,46.87011],[7.35888,46.86644],[7.36019,46.86442],[7.36005,46.86374],[7.35866,46.86197],[7.35537,46.86007],[7.35432,46.85835],[7.35261,46.85634],[7.35028,46.85462],[7.3482,46.85507],[7.34615,46.8537],[7.34357,46.85299],[7.34093,46.85201],[7.33914,46.85077],[7.33809,46.85092],[7.33674,46.85173],[7.33544,46.85292],[7.33138,46.85241],[7.32756,46.85282],[7.32621,46.85337],[7.32624,46.85397],[7.32394,46.85608],[7.32449,46.85674],[7.32669,46.85812],[7.32872,46.85725],[7.32892,46.85764],[7.33163,46.85894],[7.33099,46.85951],[7.32822,46.86055],[7.32859,46.86088],[7.32646,46.86141],[7.3244,46.86227],[7.3218,46.86285],[7.31988,46.8622],[7.31832,46.86191],[7.31871,46.86358],[7.31734,46.86391],[7.31554,46.86323],[7.31546,46.86225],[7.31472,46.86191],[7.31351,46.86204],[7.31428,46.86052],[7.31298,46.85999],[7.31269,46.85885],[7.313,46.85688],[7.31039,46.85629],[7.30825,46.85502],[7.30739,46.85506],[7.30498,46.85386],[7.30308,46.85335],[7.30466,46.85222],[7.30626,46.85182],[7.30706,46.8513],[7.30771,46.85009],[7.30868,46.84939],[7.30848,46.84835],[7.31126,46.84687],[7.3136,46.84594],[7.31405,46.84552],[7.31689,46.84498],[7.31877,46.84428],[7.31996,46.84329],[7.32282,46.84243],[7.32426,46.84172],[7.32496,46.84076],[7.32514,46.83987],[7.3277,46.83844],[7.32895,46.83732],[7.33019,46.83694],[7.33068,46.83623],[7.33027,46.83525],[7.33197,46.83411],[7.33216,46.83308],[7.33114,46.83099],[7.32985,46.83031],[7.32642,46.82921],[7.32234,46.82844],[7.32118,46.82805],[7.32074,46.82646],[7.32188,46.82316],[7.32163,46.82147],[7.31991,46.81833],[7.32139,46.81698],[7.32113,46.81611],[7.31839,46.81513],[7.31568,46.81326],[7.31458,46.81167],[7.31272,46.81079],[7.31125,46.80933],[7.31071,46.80756],[7.30994,46.80615],[7.31013,46.80422],[7.30888,46.80284],[7.30841,46.80006],[7.30575,46.79682],[7.30398,46.79562],[7.30252,46.79413],[7.30294,46.7921],[7.30444,46.79017],[7.303,46.78769],[7.30323,46.78696],[7.3054,46.78545],[7.3054,46.78451],[7.30206,46.78265],[7.30145,46.78194],[7.30174,46.78036],[7.29851,46.77884],[7.29732,46.77859],[7.29684,46.77728],[7.29624,46.77668],[7.29221,46.77464],[7.29139,46.77335],[7.2924,46.77282],[7.29399,46.77267],[7.29387,46.77086],[7.29412,46.76956],[7.29491,46.76899],[7.29686,46.76676],[7.29748,46.76652],[7.29883,46.76684],[7.29973,46.76644],[7.29912,46.7654],[7.30079,46.76506],[7.30229,46.76364],[7.30267,46.76212],[7.30402,46.76139],[7.30452,46.76049],[7.30408,46.75746],[7.30434,46.75645],[7.30413,46.75489],[7.30443,46.75348],[7.3053,46.75114],[7.30514,46.74908],[7.30413,46.7468],[7.30228,46.74449],[7.30099,46.7434],[7.29854,46.74011],[7.29778,46.73841],[7.29779,46.73515],[7.29749,46.73398],[7.29744,46.7314],[7.29768,46.72911],[7.29797,46.7282],[7.29957,46.72532],[7.3005,46.7243],[7.30369,46.72166],[7.30542,46.72088],[7.30884,46.71848],[7.31085,46.71939],[7.31331,46.71887],[7.31787,46.71899],[7.32202,46.71829],[7.32713,46.71782],[7.32912,46.71792],[7.33481,46.71582],[7.33784,46.71559],[7.34025,46.71576],[7.34238,46.71551],[7.34482,46.71477],[7.34832,46.71418],[7.35044,46.7135],[7.35122,46.71154],[7.35155,46.70984],[7.3503,46.70824],[7.35001,46.70619],[7.34857,46.70454],[7.34718,46.7035],[7.34653,46.70163],[7.34639,46.70053],[7.34766,46.70011],[7.3533,46.69967],[7.35669,46.69957],[7.36095,46.69925],[7.3635,46.70048],[7.3658,46.69626],[7.36796,46.69541],[7.36955,46.69391],[7.37494,46.69344],[7.37788,46.694],[7.38115,46.69148],[7.37999,46.69132],[7.37873,46.6906],[7.37686,46.68906],[7.37676,46.68769],[7.37868,46.68484],[7.37593,46.68325],[7.37415,46.68193],[7.37383,46.6811],[7.37413,46.6804],[7.3761,46.67887],[7.37739,46.67632],[7.37689,46.67614],[7.37582,46.67479],[7.37451,46.67371],[7.37443,46.67324],[7.37208,46.67068],[7.37344,46.66883],[7.37285,46.66653],[7.37213,46.66495],[7.37283,46.66395],[7.37179,46.6621],[7.372,46.66031],[7.37046,46.6587],[7.37021,46.65687],[7.3782,46.65755],[7.37782,46.65713],[7.367,46.65025],[7.36301,46.64919],[7.36309,46.64813],[7.36208,46.64704],[7.36056,46.64638],[7.36064,46.64576],[7.35934,46.64516],[7.35883,46.64306],[7.35887,46.64219],[7.35822,46.64057],[7.35723,46.64136],[7.35628,46.64341],[7.35668,46.64374],[7.35632,46.64551],[7.35676,46.64665],[7.35553,46.64794],[7.35353,46.64817],[7.3517,46.64925],[7.35125,46.65034],[7.35166,46.65292],[7.35058,46.65365],[7.34913,46.65413],[7.34809,46.65515],[7.3471,46.65567],[7.34651,46.65663],[7.34506,46.65678],[7.34297,46.65644],[7.34129,46.65691],[7.33501,46.65599],[7.33196,46.65659],[7.33069,46.6559],[7.32828,46.6563],[7.32685,46.65606],[7.32418,46.65663],[7.32207,46.65591],[7.3242,46.65321],[7.32511,46.65179],[7.32867,46.64762],[7.33062,46.64312],[7.3291,46.64161],[7.32683,46.63968],[7.32549,46.63902],[7.32325,46.6383],[7.32144,46.63808],[7.31747,46.63835],[7.31419,46.63791],[7.31339,46.63176],[7.31308,46.62558],[7.31303,46.62299],[7.31879,46.61985],[7.31911,46.61742],[7.31714,46.61061],[7.31576,46.6017],[7.32166,46.59314],[7.31604,46.59167],[7.31343,46.59046],[7.31173,46.58678],[7.30897,46.5826],[7.30445,46.58102],[7.30012,46.58038],[7.29921,46.58049],[7.28987,46.58299],[7.28847,46.58378],[7.28459,46.58506],[7.28228,46.58539],[7.28086,46.58452],[7.27912,46.58296],[7.27805,46.58224],[7.27739,46.58112],[7.27484,46.57996],[7.27214,46.57774],[7.27168,46.57707],[7.26962,46.57504],[7.26901,46.57497],[7.26852,46.57359],[7.26757,46.57284],[7.26614,46.57094],[7.26476,46.56879],[7.25951,46.56357],[7.256,46.56116],[7.25402,46.56014],[7.25072,46.559],[7.24796,46.55751],[7.24499,46.55648],[7.24138,46.55552],[7.23799,46.55507],[7.23807,46.54763],[7.23993,46.54666],[7.24087,46.54524],[7.2436,46.54246],[7.24479,46.54204],[7.24557,46.54125],[7.24564,46.54018],[7.24694,46.53881],[7.24666,46.53831],[7.24672,46.53653],[7.24567,46.53457],[7.24656,46.53346],[7.24716,46.53327],[7.24782,46.53177],[7.24752,46.53047],[7.2482,46.52948],[7.24883,46.52684],[7.24885,46.52496],[7.24926,46.52451],[7.24887,46.52358],[7.2501,46.5224],[7.24995,46.52112],[7.24949,46.52017],[7.24988,46.51851],[7.24918,46.51823],[7.24918,46.51717],[7.24867,46.51684],[7.2483,46.5155],[7.24884,46.51436],[7.24964,46.51406],[7.24901,46.51315],[7.24923,46.51181],[7.24848,46.51141],[7.24733,46.5098],[7.24719,46.50848],[7.24749,46.50745],[7.24595,46.50659],[7.24583,46.50486],[7.24545,46.50394],[7.24554,46.50254],[7.24479,46.50221],[7.24429,46.5013],[7.24336,46.50077],[7.24329,46.49967],[7.24209,46.49923],[7.24236,46.49844],[7.24101,46.49792],[7.24048,46.49706],[7.23944,46.49759],[7.2384,46.49739],[7.23821,46.49687],[7.23683,46.49684],[7.23514,46.49635],[7.23358,46.49615],[7.23528,46.49534],[7.23647,46.49407],[7.23693,46.4926],[7.23677,46.49111],[7.2371,46.4893],[7.23217,46.48899],[7.23024,46.48867],[7.23007,46.48825],[7.22841,46.48847],[7.22813,46.48758],[7.22612,46.48818],[7.22505,46.48816],[7.22549,46.4861],[7.22589,46.47875],[7.22822,46.47369],[7.23177,46.46779],[7.23103,46.46547],[7.22981,46.4636],[7.23073,46.46287],[7.2298,46.46019],[7.2274,46.45881],[7.22987,46.45752],[7.23097,46.45636],[7.23324,46.4552],[7.23271,46.45485],[7.23064,46.45463],[7.22816,46.45337],[7.22688,46.45291],[7.22794,46.45074],[7.22708,46.44938],[7.22705,46.4483],[7.22606,46.44554],[7.22401,46.44358],[7.22348,46.44327],[7.21978,46.44264],[7.21405,46.44077],[7.21086,46.44074],[7.20605,46.44041],[7.20515,46.44049],[7.20503,46.44124],[7.20312,46.44182],[7.2014,46.44206],[7.19966,46.44142],[7.19734,46.44182],[7.19586,46.44188],[7.19405,46.43758],[7.19345,46.43649],[7.19372,46.43502],[7.19573,46.43367],[7.19645,46.43289],[7.19746,46.43249],[7.19783,46.43187],[7.20006,46.43052],[7.20083,46.42946],[7.2013,46.42723],[7.2027,46.42521],[7.20452,46.42333],[7.20726,46.42251],[7.20768,46.42056],[7.20882,46.41922],[7.21016,46.41828],[7.21077,46.41754],[7.20996,46.41656],[7.20935,46.41511],[7.20914,46.41343],[7.20845,46.41237],[7.20784,46.40965],[7.20854,46.40751],[7.20869,46.40424],[7.20544,46.40167],[7.20551,46.40072],[7.20465,46.39847],[7.20281,46.39673],[7.20176,46.39412],[7.19929,46.39191],[7.1994,46.39071],[7.19767,46.38813],[7.19584,46.38616],[7.19514,46.38444],[7.19512,46.38326],[7.19462,46.38018],[7.20082,46.38009],[7.20225,46.38018],[7.2032,46.37992],[7.2046,46.38],[7.20655,46.38087],[7.20922,46.37993],[7.20854,46.37868],[7.20813,46.37474],[7.21029,46.37378],[7.21117,46.3723],[7.21129,46.37067],[7.21186,46.36885],[7.21535,46.36538],[7.217,46.36325],[7.21788,46.36284],[7.22056,46.36332],[7.22351,46.36482],[7.22655,46.36584],[7.22835,46.36472],[7.22898,46.36363],[7.22992,46.3636],[7.23072,46.36275],[7.22873,46.36238],[7.22734,46.36047],[7.22532,46.36052],[7.2243,46.35987],[7.22253,46.35958],[7.21976,46.3588],[7.22059,46.35735],[7.22181,46.35417],[7.22361,46.34982],[7.2224,46.3305],[7.22498,46.32997],[7.22599,46.32932],[7.23003,46.32855],[7.23069,46.32821],[7.23334,46.32772],[7.2355,46.32788],[7.23821,46.32848],[7.24001,46.3282],[7.2421,46.32837],[7.24256,46.32865],[7.2454,46.32927],[7.24734,46.32925],[7.24846,46.33028],[7.25109,46.33148],[7.25296,46.33123],[7.2544,46.33192],[7.25574,46.33287],[7.25643,46.33376],[7.25837,46.33537],[7.26006,46.33758],[7.26168,46.33849],[7.26272,46.33868],[7.26363,46.3399],[7.26205,46.34136],[7.26233,46.34236],[7.2622,46.34423],[7.26115,46.3454],[7.26128,46.34618],[7.26249,46.34749],[7.26193,46.34776],[7.26183,46.34883],[7.26244,46.35023],[7.26337,46.35064],[7.26216,46.35188],[7.2619,46.35277],[7.26251,46.35346],[7.26154,46.3556],[7.26188,46.35712],[7.26289,46.35857],[7.26322,46.35949],[7.28897,46.36697],[7.28969,46.36761],[7.29143,46.3684],[7.29229,46.36799],[7.29427,46.36772],[7.29643,46.36681],[7.29998,46.3677],[7.31121,46.37641],[7.31174,46.37582],[7.31253,46.37394],[7.31369,46.37214],[7.31325,46.36931],[7.31361,46.36815],[7.31341,46.36722],[7.31347,46.36447],[7.3118,46.36315],[7.31114,46.3612],[7.30915,46.36002],[7.30994,46.35861],[7.31052,46.35808],[7.31092,46.35692],[7.31015,46.35583],[7.30875,46.35334],[7.30915,46.35215],[7.31129,46.35055],[7.31111,46.34975],[7.31223,46.34895],[7.31378,46.34732],[7.31596,46.34567],[7.31615,46.34511],[7.32038,46.34518],[7.32169,46.34554],[7.32484,46.34553],[7.32721,46.34593],[7.32874,46.3467],[7.33253,46.34764],[7.33452,46.34747],[7.33749,46.34828],[7.33899,46.34822],[7.34206,46.34938],[7.34363,46.34953],[7.34587,46.35033],[7.34802,46.35136],[7.34952,46.35143],[7.35187,46.35228],[7.3536,46.35204],[7.35418,46.35169],[7.35585,46.352],[7.35861,46.35405],[7.35988,46.35438],[7.36033,46.35498],[7.36164,46.35574],[7.36256,46.35694],[7.3639,46.35803],[7.36673,46.35822],[7.36859,46.35879],[7.37001,46.3601],[7.37114,46.36058],[7.37476,46.36168],[7.37591,46.3626],[7.37767,46.36446],[7.3791,46.36532],[7.38099,46.36502],[7.38247,46.36564],[7.38547,46.36824],[7.3856,46.369],[7.38642,46.36969],[7.38794,46.37044],[7.38932,46.37019],[7.39041,46.37102],[7.39107,46.37226],[7.3932,46.37336],[7.3935,46.37418],[7.39621,46.37556],[7.39714,46.37577],[7.40033,46.37772],[7.40124,46.37746],[7.40128,46.37663],[7.40194,46.37546],[7.40321,46.37603],[7.40329,46.37661],[7.40441,46.37682],[7.40523,46.3774],[7.41016,46.37839],[7.41133,46.37883],[7.4125,46.37982],[7.41591,46.38002],[7.41707,46.38055],[7.4178,46.38143],[7.42266,46.38177],[7.42356,46.38153],[7.42469,46.38173],[7.4257,46.38229],[7.42836,46.38184],[7.42942,46.38224],[7.43157,46.38363],[7.43333,46.38553],[7.43433,46.38634],[7.43593,46.38649],[7.43707,46.38689],[7.43957,46.3874],[7.44072,46.38586],[7.44335,46.38453],[7.44497,46.38498],[7.44734,46.38498],[7.44847,46.38456],[7.4509,46.38479],[7.45157,46.38535],[7.45276,46.38476],[7.45528,46.38446],[7.45782,46.38319],[7.46006,46.38226],[7.46025,46.38085],[7.45971,46.38017],[7.45997,46.37944],[7.46128,46.37853],[7.46308,46.37767],[7.46458,46.37932],[7.46679,46.37964],[7.46899,46.37931],[7.47121,46.38002],[7.47207,46.38156],[7.47368,46.38211],[7.47427,46.38282],[7.47424,46.38489],[7.47836,46.38574],[7.48035,46.38652],[7.48236,46.38541],[7.48557,46.3804],[7.48621,46.37813],[7.48607,46.37379],[7.48627,46.37319],[7.48805,46.37191],[7.49136,46.37156],[7.49283,46.37241],[7.49568,46.37324],[7.49812,46.37185],[7.49937,46.37163],[7.50001,46.37111],[7.50157,46.37124],[7.50341,46.37171],[7.50387,46.37283],[7.50684,46.37454],[7.50663,46.37586],[7.50811,46.3771],[7.51194,46.37721],[7.51371,46.37742],[7.51623,46.37684],[7.51781,46.37685],[7.52048,46.37659],[7.52174,46.37616],[7.52553,46.37614],[7.52791,46.37588],[7.53017,46.37689],[7.53543,46.37791],[7.53848,46.37835],[7.54005,46.3791],[7.53956,46.38024],[7.53953,46.38145],[7.54076,46.38399],[7.54223,46.38536],[7.55623,46.39024],[7.55583,46.39074],[7.55421,46.39163],[7.5531,46.39255],[7.54955,46.39423],[7.54795,46.39527],[7.54477,46.39538],[7.54176,46.39611],[7.54108,46.39648],[7.53481,46.39862],[7.52956,46.40155],[7.53241,46.40637],[7.53307,46.40777],[7.53432,46.40805],[7.53365,46.40882],[7.53373,46.40992],[7.53529,46.41117],[7.53699,46.41121],[7.53712,46.41166],[7.53943,46.41182],[7.54036,46.41301],[7.54307,46.41282],[7.54534,46.41345],[7.54863,46.41315],[7.55256,46.41336],[7.55514,46.41488],[7.55898,46.41494],[7.56184,46.41457],[7.56334,46.41369],[7.56377,46.41471],[7.56476,46.41458],[7.56649,46.4156],[7.56837,46.41543],[7.5702,46.41591],[7.57194,46.41583],[7.57306,46.41605],[7.57394,46.41671],[7.57513,46.41697],[7.57787,46.41839],[7.57949,46.41858],[7.58153,46.41813],[7.58252,46.41882],[7.5845,46.41858],[7.58507,46.41799],[7.58485,46.41727],[7.58643,46.41621],[7.58651,46.41557],[7.58741,46.41496],[7.58852,46.41475],[7.59153,46.41372],[7.59336,46.41351],[7.59672,46.41247],[7.59779,46.41484],[7.59848,46.41549],[7.60013,46.41639],[7.60116,46.41723],[7.60129,46.4182],[7.6005,46.41961],[7.59862,46.42079],[7.59836,46.42194],[7.59946,46.42255],[7.60074,46.4238],[7.60223,46.42444],[7.60391,46.42381],[7.60718,46.42539],[7.60898,46.42657],[7.60991,46.42779],[7.61013,46.42914],[7.6112,46.42984],[7.61046,46.43169],[7.61096,46.43253],[7.61007,46.43367],[7.60932,46.43581],[7.61073,46.43754],[7.61099,46.43821],[7.61222,46.43796],[7.61561,46.43904],[7.61945,46.43933],[7.62303,46.44126],[7.62375,46.44237],[7.62541,46.44296],[7.62566,46.44386],[7.62706,46.44635],[7.63384,46.44375],[7.6363,46.44243],[7.63818,46.44177],[7.6491,46.43877],[7.67943,46.43019],[7.68332,46.42843],[7.68477,46.42823],[7.68596,46.42762],[7.68676,46.42772],[7.68864,46.42703],[7.69059,46.42665],[7.6913,46.42593],[7.69459,46.42619],[7.69573,46.42449],[7.69711,46.42347],[7.69761,46.42259],[7.69981,46.42049],[7.70224,46.41958],[7.705,46.41825],[7.70951,46.41515],[7.71658,46.41607],[7.71899,46.41927],[7.72285,46.42227],[7.72848,46.42278],[7.73237,46.42338],[7.73608,46.4246],[7.73704,46.42615],[7.7395,46.42656],[7.74037,46.42645],[7.74179,46.42695],[7.74323,46.42777],[7.74521,46.42968],[7.74758,46.43058],[7.74825,46.43125],[7.74991,46.4316],[7.75151,46.43239],[7.75587,46.43432],[7.75722,46.4358],[7.75844,46.43649],[7.75898,46.43624],[7.7606,46.43695],[7.76178,46.43715],[7.76237,46.4377],[7.7645,46.43847],[7.76545,46.43915],[7.7664,46.44075],[7.76695,46.44122],[7.76911,46.44069],[7.7709,46.44141],[7.77149,46.44252],[7.7732,46.44356],[7.7757,46.44413],[7.77897,46.44439],[7.77998,46.4456],[7.77927,46.4459],[7.78039,46.44728],[7.78041,46.44799],[7.78185,46.44832],[7.78388,46.44969],[7.78551,46.45033],[7.78699,46.45273],[7.79067,46.45453],[7.79343,46.45505],[7.79509,46.45676],[7.79683,46.4575],[7.79803,46.45894],[7.79933,46.46007],[7.80063,46.46028],[7.82647,46.46834],[7.82754,46.46907],[7.8269,46.46988],[7.82756,46.47064],[7.82886,46.47139],[7.82951,46.47221],[7.83232,46.47367],[7.83387,46.47386],[7.83613,46.47505],[7.8381,46.47557],[7.84148,46.47751],[7.84529,46.47938],[7.84763,46.48012],[7.84919,46.48005],[7.85133,46.47852],[7.85415,46.47867],[7.85773,46.47912],[7.8608,46.47912],[7.86247,46.47945],[7.86468,46.47959],[7.87093,46.4791],[7.87292,46.47955],[7.87511,46.47974],[7.87637,46.47957],[7.87937,46.47994],[7.8822,46.4807],[7.88482,46.48159],[7.88807,46.48213],[7.88979,46.4836],[7.89061,46.48378],[7.89186,46.48459],[7.89632,46.48353],[7.89867,46.48369],[7.90238,46.48587],[7.9033,46.48681],[7.90512,46.48713],[7.90779,46.48815],[7.90963,46.48835],[7.91116,46.48825],[7.91215,46.48785],[7.91399,46.4898],[7.91502,46.49007],[7.91605,46.49096],[7.91705,46.49237],[7.91781,46.49282],[7.92113,46.49308],[7.92381,46.49281],[7.92465,46.49316],[7.92587,46.49441],[7.92591,46.49502],[7.92448,46.49634],[7.92633,46.4973],[7.92691,46.49793],[7.92852,46.49853],[7.93093,46.49884],[7.93223,46.49934],[7.93366,46.49949],[7.93365,46.50114],[7.93482,46.50236],[7.93495,46.50336],[7.93554,46.50455],[7.93916,46.50655],[7.94028,46.50685],[7.94191,46.50774],[7.94279,46.50898],[7.94811,46.50928],[7.94896,46.50918],[7.95045,46.50964],[7.9531,46.50993],[7.95452,46.50924],[7.95898,46.51075],[7.96031,46.51174],[7.96233,46.51232],[7.96303,46.51308],[7.9646,46.51342],[7.96564,46.51405],[7.96861,46.51406],[7.96913,46.51534],[7.97156,46.51755],[7.97176,46.51863],[7.97145,46.51934],[7.97234,46.52008],[7.97165,46.52242],[7.97391,46.52464],[7.97396,46.52545],[7.9723,46.5267],[7.9716,46.52777],[7.97012,46.52818],[7.96984,46.52883],[7.97036,46.5297],[7.96851,46.53092],[7.96758,46.53189],[7.96846,46.53354],[7.96607,46.53479],[7.96557,46.53583],[7.9644,46.53653],[7.9636,46.53803],[7.96379,46.5404],[7.96471,46.54115],[7.96691,46.54175],[7.96879,46.5427],[7.96929,46.54403],[7.97083,46.54616],[7.97265,46.5466],[7.97292,46.54691],[7.97515,46.54778],[7.97725,46.5483],[7.97927,46.54839],[7.98061,46.54926],[7.98537,46.54877],[7.98663,46.54891],[7.98877,46.55025],[7.98955,46.55114],[7.98963,46.55187],[7.99041,46.55245],[7.99162,46.55423],[7.99319,46.55522],[7.99388,46.55604],[7.99436,46.55755],[7.99833,46.55978],[8.00148,46.55902],[8.00367,46.55968],[8.00399,46.56007],[8.00576,46.5602],[8.00845,46.56198],[8.01014,46.5626],[8.01408,46.56355],[8.01582,46.56434],[8.01711,46.56459],[8.02018,46.56392],[8.02305,46.56418],[8.0259,46.56316],[8.02765,46.56315],[8.03011,46.56364],[8.03363,46.56345],[8.03494,46.56285],[8.03629,46.56123],[8.04115,46.55939],[8.04417,46.55814],[8.04549,46.55791],[8.04721,46.55814],[8.05031,46.5577],[8.05154,46.5573],[8.05447,46.5574],[8.05571,46.55698],[8.05783,46.55532],[8.06143,46.55368],[8.06212,46.55289],[8.06313,46.55405],[8.06538,46.55458],[8.06682,46.55465],[8.06898,46.55428],[8.06992,46.55455],[8.07311,46.55505],[8.07684,46.55682],[8.07843,46.55645],[8.07989,46.55549],[8.08255,46.55416],[8.08435,46.55348],[8.08802,46.55257],[8.08962,46.5529],[8.09109,46.55239],[8.09258,46.55237],[8.09472,46.5527],[8.09581,46.5507],[8.09643,46.55017],[8.10066,46.54935],[8.10288,46.54926],[8.10608,46.54988],[8.11098,46.54866],[8.11546,46.54787],[8.1172,46.54682],[8.11885,46.54449],[8.12175,46.54301],[8.1222,46.5423],[8.12377,46.54192],[8.12487,46.54053],[8.12602,46.54004],[8.12721,46.53856],[8.13057,46.53793],[8.13129,46.53803],[8.13355,46.53737],[8.13584,46.53703],[8.13639,46.53636],[8.13855,46.53583],[8.14154,46.53622],[8.14681,46.53436],[8.14878,46.53403],[8.15081,46.53291],[8.15339,46.53302],[8.15418,46.53276],[8.15626,46.53277],[8.15749,46.53301],[8.15926,46.5329],[8.15994,46.53249],[8.16163,46.53218],[8.16445,46.53333],[8.16673,46.5331],[8.17062,46.53222],[8.17299,46.53255],[8.17556,46.53268],[8.17526,46.53124],[8.17532,46.52981],[8.17494,46.52908],[8.17493,46.52765],[8.17555,46.52548],[8.17626,46.52542],[8.17867,46.52431],[8.18005,46.52405],[8.18178,46.52161],[8.18315,46.52182],[8.18581,46.52162],[8.18937,46.5234],[8.19223,46.52432],[8.19454,46.52432],[8.198,46.52454],[8.19893,46.52491],[8.20164,46.5253],[8.20391,46.52515],[8.206,46.52419],[8.2073,46.52459],[8.20851,46.52541],[8.21159,46.52655],[8.21649,46.52704],[8.21696,46.52731],[8.21991,46.52771],[8.22179,46.52751],[8.22357,46.52755],[8.22477,46.5279],[8.22688,46.52817],[8.22972,46.52767],[8.23085,46.52834],[8.23257,46.52825],[8.23314,46.5286],[8.23468,46.52794],[8.23633,46.5278],[8.23932,46.52839],[8.242,46.52777],[8.24418,46.52804],[8.24851,46.52979],[8.25019,46.52982],[8.25188,46.5305],[8.25389,46.53085],[8.25913,46.53067],[8.262,46.53248],[8.26323,46.53297],[8.26311,46.53359],[8.26405,46.53474],[8.26549,46.53473],[8.26819,46.53534],[8.26953,46.53544],[8.27188,46.53671],[8.27432,46.53773],[8.28066,46.53736],[8.28097,46.53798],[8.28409,46.53934],[8.28498,46.54009],[8.2862,46.54211],[8.28706,46.54236],[8.28845,46.54435],[8.29164,46.54469],[8.29408,46.54537],[8.29496,46.54631],[8.29729,46.54578],[8.2981,46.54602],[8.30082,46.54607],[8.30441,46.54698],[8.30553,46.54755],[8.3072,46.54937],[8.30825,46.5496],[8.30922,46.55102],[8.31297,46.55342],[8.3138,46.55378],[8.31364,46.55563],[8.31554,46.55763],[8.31651,46.55905],[8.31771,46.56029],[8.31946,46.561],[8.32252,46.56135],[8.32383,46.56105],[8.32531,46.56159],[8.32839,46.56116],[8.32909,46.56144],[8.33365,46.56173],[8.3351,46.56223],[8.33769,46.56239],[8.34015,46.56382],[8.34074,46.5639],[8.34503,46.56548],[8.34711,46.56721],[8.34977,46.56914],[8.35173,46.56963],[8.35292,46.57073],[8.35261,46.57301],[8.35475,46.57441],[8.35483,46.57508],[8.35691,46.57595],[8.3586,46.57763],[8.36151,46.57903],[8.36509,46.5831],[8.36576,46.58375],[8.36168,46.58757],[8.36274,46.59099],[8.36344,46.59225],[8.3644,46.59288],[8.36448,46.59444],[8.36334,46.59561],[8.36376,46.59714],[8.36304,46.59812],[8.36273,46.59944],[8.36336,46.60101],[8.36298,46.60306],[8.36621,46.60529],[8.36646,46.60713],[8.36688,46.60799],[8.36841,46.60909],[8.36961,46.61046],[8.36986,46.6122],[8.37061,46.61322],[8.3708,46.61434],[8.37161,46.61521],[8.37189,46.61653],[8.37142,46.618],[8.37207,46.61908],[8.37205,46.62014],[8.37142,46.62051],[8.37142,46.6213],[8.37021,46.62158],[8.37034,46.62376],[8.3696,46.62522],[8.37038,46.62617],[8.36996,46.62727],[8.37031,46.62773],[8.3704,46.62999],[8.37221,46.63164],[8.37378,46.63492],[8.3752,46.63404],[8.3789,46.63489],[8.38033,46.6349],[8.38124,46.63543],[8.38432,46.6379],[8.38487,46.63936],[8.38617,46.63975],[8.38665,46.64088],[8.38876,46.64247],[8.38881,46.64294],[8.39193,46.64574],[8.39288,46.64632],[8.39464,46.64668],[8.39585,46.64733],[8.39605,46.6484],[8.40007,46.65533],[8.41137,46.65422],[8.41039,46.65804],[8.41065,46.65921],[8.41006,46.66072],[8.41029,46.66184],[8.41007,46.66278],[8.41016,46.66453],[8.40961,46.6655],[8.40953,46.6669],[8.40825,46.66807],[8.40675,46.66869],[8.40406,46.66943],[8.40329,46.67009],[8.40224,46.67176],[8.40163,46.67381],[8.39925,46.67537],[8.399,46.67629],[8.40012,46.67975],[8.40001,46.68161],[8.39958,46.68226],[8.39997,46.68297],[8.39869,46.68375],[8.39878,46.68499],[8.39846,46.68553],[8.3998,46.6869],[8.40069,46.68952],[8.3998,46.69021],[8.39982,46.69293],[8.40071,46.69416],[8.40943,46.69179],[8.41161,46.69178],[8.41333,46.69199],[8.41556,46.69083],[8.41639,46.68876],[8.41846,46.68866],[8.41917,46.68839],[8.42104,46.68867],[8.42478,46.68799],[8.42929,46.68734],[8.43274,46.68817],[8.43439,46.68818],[8.43753,46.68765],[8.43884,46.68759],[8.44167,46.68681],[8.44565,46.68832],[8.44803,46.68866],[8.44992,46.68927],[8.45108,46.68936],[8.45339,46.69002],[8.45363,46.69182],[8.45422,46.69269],[8.45381,46.69422],[8.45413,46.69523],[8.45499,46.69601],[8.45618,46.6988],[8.45556,46.69964],[8.45627,46.70018],[8.45495,46.70127],[8.45464,46.70303],[8.4534,46.70415],[8.45366,46.7049],[8.45325,46.70549],[8.45392,46.70767],[8.45474,46.70883],[8.45494,46.7097],[8.45465,46.71053],[8.45474,46.71216],[8.45213,46.7127],[8.45007,46.71349],[8.44923,46.71422],[8.44837,46.7162],[8.44868,46.71774],[8.4483,46.71904],[8.44818,46.72834],[8.44856,46.72955],[8.45042,46.73009],[8.45082,46.73112],[8.44979,46.73266],[8.448,46.73428],[8.44687,46.73452],[8.44638,46.73508],[8.44483,46.73557],[8.4431,46.73697],[8.44197,46.73916],[8.44195,46.74136],[8.4426,46.74268],[8.44229,46.74359],[8.44134,46.74393],[8.44187,46.74585],[8.44341,46.7471],[8.44368,46.74768],[8.44487,46.74839],[8.44387,46.75024],[8.44294,46.75131],[8.44079,46.75265],[8.44014,46.75371],[8.44028,46.75441],[8.4423,46.75553],[8.44363,46.75551],[8.44466,46.75517],[8.44641,46.75787],[8.44735,46.75827],[8.4486,46.75966],[8.44809,46.76015],[8.44866,46.76265],[8.44943,46.76471],[8.44902,46.76555],[8.44949,46.76646],[8.44758,46.76742],[8.44751,46.76877],[8.44822,46.76998],[8.44773,46.77156],[8.44519,46.77117],[8.44326,46.77118],[8.44224,46.77213],[8.44103,46.77233],[8.43954,46.77332],[8.4366,46.7738],[8.43166,46.77344],[8.4296,46.7732],[8.42764,46.77267],[8.42755,46.77197],[8.42622,46.77158],[8.42378,46.77172],[8.42294,46.77238],[8.42298,46.77316],[8.42219,46.77408],[8.41912,46.77535],[8.41799,46.77558],[8.41574,46.77561],[8.41363,46.77442],[8.41172,46.77278],[8.41055,46.77237],[8.40861,46.77084],[8.40721,46.77057],[8.40481,46.76963],[8.4037,46.76877],[8.40189,46.76774],[8.39874,46.76718],[8.39749,46.76679],[8.39632,46.77281],[8.39226,46.77909],[8.38971,46.77932],[8.38892,46.77985],[8.38805,46.77968],[8.38687,46.77995],[8.38342,46.78148],[8.38225,46.78332],[8.38108,46.78428],[8.37999,46.78482],[8.38004,46.78581],[8.37845,46.78712],[8.37604,46.78766],[8.37409,46.78869],[8.3719,46.78957],[8.37003,46.78922],[8.36882,46.78886],[8.36848,46.78835],[8.36489,46.78736],[8.36518,46.7864],[8.36464,46.78581],[8.36231,46.78511],[8.36101,46.78426],[8.35769,46.78388],[8.35674,46.784],[8.35163,46.78337],[8.34397,46.78274],[8.33478,46.78189],[8.33298,46.78121],[8.33211,46.77981],[8.32997,46.77925],[8.32791,46.77811],[8.32788,46.77743],[8.32691,46.77688],[8.3219,46.77464],[8.31697,46.7714],[8.31264,46.76957],[8.30797,46.76651],[8.30771,46.76547],[8.30318,46.76333],[8.30063,46.76268],[8.29951,46.76357],[8.29899,46.76329],[8.29801,46.76153],[8.29412,46.75952],[8.29232,46.75915],[8.29151,46.7583],[8.28809,46.75662],[8.28752,46.75583],[8.2853,46.75505],[8.28457,46.75446],[8.28207,46.75562],[8.28121,46.75551],[8.27837,46.75569],[8.27659,46.75638],[8.27036,46.7556],[8.26977,46.75668],[8.26754,46.75837],[8.26776,46.7589],[8.26545,46.7608],[8.26373,46.76195],[8.26117,46.76465],[8.26046,46.76511],[8.25819,46.7657],[8.25684,46.76569],[8.25589,46.76624],[8.25297,46.76738],[8.24947,46.76817],[8.24825,46.76886],[8.2466,46.76881],[8.24565,46.76935],[8.24347,46.76986],[8.24136,46.7708],[8.24014,46.7709],[8.23499,46.76324],[8.23462,46.76302],[8.23086,46.7623],[8.22903,46.76228],[8.22794,46.76277],[8.22408,46.76261],[8.22304,46.76236],[8.2215,46.76279],[8.22042,46.76483],[8.21908,46.765],[8.21748,46.76597],[8.21316,46.76765],[8.21199,46.76842],[8.21122,46.76928],[8.21037,46.76938],[8.20907,46.77075],[8.20765,46.77085],[8.20431,46.77067],[8.2037,46.77034],[8.2004,46.77007],[8.19737,46.76922],[8.19424,46.76972],[8.19086,46.77161],[8.1888,46.77096],[8.18688,46.76988],[8.1752,46.76673],[8.17317,46.76543],[8.17195,46.76564],[8.169,46.76665],[8.16786,46.76531],[8.16667,46.76521],[8.16532,46.76469],[8.16459,46.76295],[8.16193,46.76189],[8.16051,46.76181],[8.16048,46.76124],[8.15951,46.76054],[8.15659,46.75987],[8.15542,46.75941],[8.15379,46.75934],[8.15073,46.75829],[8.14991,46.75782],[8.148,46.75613],[8.14719,46.75675],[8.14204,46.75992],[8.13975,46.76084],[8.13968,46.76142],[8.13859,46.76201],[8.1383,46.7627],[8.13639,46.76394],[8.1325,46.76625],[8.12942,46.7682],[8.12289,46.77167],[8.1194,46.77225],[8.11557,46.77375],[8.11458,46.77469],[8.11112,46.77506],[8.10792,46.77418],[8.10631,46.77424],[8.1034,46.7751],[8.10291,46.77574],[8.10249,46.77748],[8.10061,46.77957],[8.09851,46.78009],[8.09736,46.78082],[8.0947,46.78381],[8.09183,46.78566],[8.09193,46.78626],[8.09105,46.78803],[8.09109,46.78894],[8.08977,46.78886],[8.0868,46.78818],[8.08384,46.78822],[8.07838,46.78723],[8.07535,46.78759],[8.07358,46.78857],[8.0705,46.78949],[8.07007,46.78995],[8.0683,46.78903],[8.06592,46.78847],[8.06457,46.78856],[8.06087,46.78769],[8.05611,46.78973],[8.05133,46.78964],[8.04799,46.78841],[8.0447,46.78853],[8.04419,46.78883],[8.04003,46.78889],[8.03877,46.78954],[8.03671,46.79026],[8.03638,46.79067],[8.03356,46.79077],[8.03253,46.79145],[8.02752,46.79108],[8.02379,46.79019],[8.02233,46.79013],[8.01872,46.78922],[8.01769,46.78936],[8.01573,46.78801],[8.01261,46.78723],[8.01024,46.7862],[8.00868,46.7858],[8.00591,46.78451],[8.00159,46.78418],[7.99792,46.78347],[7.99679,46.78307],[7.99597,46.7824],[7.99596,46.78119],[7.99512,46.78018],[7.99366,46.77997],[7.99097,46.77856],[7.9901,46.77784],[7.9876,46.77673],[7.98561,46.77629],[7.98301,46.77771],[7.98168,46.77787],[7.97974,46.77852],[7.97675,46.7786],[7.97451,46.77966],[7.97431,46.78023],[7.97292,46.78128],[7.97169,46.78315],[7.97054,46.78377],[7.97045,46.78571],[7.96917,46.78674],[7.96617,46.78829],[7.96464,46.78811],[7.96396,46.78834],[7.96192,46.79004],[7.96026,46.79061],[7.95884,46.79069],[7.95731,46.79137],[7.95576,46.79238],[7.95508,46.79251],[7.95502,46.79341],[7.95353,46.79464],[7.95488,46.796],[7.95487,46.79708],[7.95398,46.79769],[7.95288,46.79894],[7.95188,46.80115],[7.94778,46.80655],[7.94274,46.80931],[7.93753,46.81265],[7.92979,46.81777],[7.92342,46.82131],[7.90539,46.82887],[7.89658,46.83231],[7.8781,46.83838],[7.87374,46.84392],[7.87146,46.84516],[7.87115,46.84629],[7.87113,46.84888],[7.87053,46.85],[7.86863,46.85167],[7.86853,46.85328],[7.86933,46.85522],[7.86876,46.85907],[7.86832,46.85999],[7.86887,46.86165],[7.87005,46.86235],[7.86975,46.86333],[7.87049,46.86502],[7.87052,46.86566],[7.86941,46.86644],[7.86571,46.86759],[7.86529,46.87087],[7.86288,46.87188],[7.86085,46.87169],[7.8588,46.87206],[7.85828,46.87277],[7.85901,46.87669],[7.85885,46.8784],[7.85788,46.8799],[7.85788,46.88156],[7.85718,46.88216],[7.85763,46.8848],[7.85962,46.88661],[7.86058,46.8871],[7.86357,46.88792],[7.86686,46.88787],[7.86894,46.88838],[7.87039,46.88909],[7.87087,46.89027],[7.87171,46.8909],[7.87289,46.89076],[7.87407,46.89099],[7.87378,46.89254],[7.87441,46.89431],[7.87635,46.89707],[7.87896,46.89979],[7.87976,46.90028],[7.88149,46.90037],[7.88282,46.90097],[7.88174,46.90157],[7.88078,46.9017],[7.88124,46.90308],[7.88368,46.90485],[7.88349,46.90664],[7.88414,46.90795],[7.88259,46.90927],[7.88111,46.91229],[7.87957,46.91264],[7.87697,46.91229],[7.8756,46.91271],[7.87381,46.91427],[7.87024,46.9157],[7.86805,46.91609],[7.86882,46.91733],[7.86999,46.91825],[7.87067,46.92046],[7.87154,46.92228],[7.8729,46.92393],[7.87368,46.92561],[7.87604,46.92773],[7.87795,46.92869],[7.88085,46.92948],[7.8818,46.92957],[7.88278,46.93013],[7.88433,46.93042],[7.88652,46.93113],[7.88838,46.93207],[7.89088,46.9329],[7.89458,46.93379],[7.89521,46.93438],[7.89665,46.93492],[7.89712,46.93545],[7.89853,46.93595],[7.89992,46.93604],[7.90341,46.93567],[7.90543,46.93444],[7.90896,46.934],[7.91174,46.93415],[7.91354,46.9344],[7.91444,46.93506],[7.91629,46.93595],[7.91682,46.93704],[7.91889,46.93984],[7.91905,46.94054],[7.92038,46.94141],[7.92092,46.94265],[7.92189,46.94314],[7.92213,46.94446],[7.92272,46.94523],[7.92184,46.94669],[7.92271,46.94805],[7.92516,46.94864],[7.92563,46.94849],[7.92706,46.94966],[7.93011,46.9495],[7.93154,46.95062],[7.93268,46.95183],[7.93335,46.95504],[7.93254,46.95717],[7.9336,46.9587],[7.93357,46.95987],[7.93259,46.96194],[7.93327,46.96297],[7.93513,46.96449],[7.93721,46.96573],[7.9399,46.96624],[7.94113,46.96606],[7.94268,46.96722],[7.94476,46.96819],[7.94639,46.96916],[7.94715,46.97017],[7.94609,46.9707],[7.94576,46.97179],[7.94589,46.97311],[7.94544,46.97422],[7.94584,46.97467],[7.9457,46.97611],[7.94525,46.97692],[7.94495,46.9785],[7.94578,46.9788],[7.94794,46.98038],[7.94979,46.9812],[7.95189,46.9814],[7.95347,46.98258],[7.95322,46.98428],[7.95264,46.98493],[7.95195,46.98644],[7.95143,46.98675],[7.95077,46.98849],[7.95112,46.98963],[7.94941,46.99319],[7.94941,46.99539],[7.95049,46.99657],[7.95189,46.99764],[7.95306,46.99791],[7.95353,47.00011],[7.955,47.00333],[7.95609,47.00346],[7.95724,47.00475],[7.95484,47.00648],[7.9512,47.00809],[7.95047,47.00716],[7.9496,47.0073],[7.94763,47.00693],[7.9435,47.00666],[7.94218,47.00696],[7.94055,47.00599],[7.93742,47.00602],[7.935,47.00552],[7.9337,47.00557],[7.93238,47.00608],[7.93101,47.00696],[7.93035,47.00672],[7.92787,47.00839],[7.92754,47.00935],[7.92673,47.01003],[7.9269,47.01099],[7.9261,47.0117],[7.92304,47.01188],[7.92105,47.01141],[7.91838,47.01014],[7.91727,47.00984],[7.91419,47.00991],[7.91268,47.00927],[7.91098,47.00912],[7.91049,47.00867],[7.90837,47.00818],[7.90566,47.00815],[7.90286,47.00758],[7.90092,47.00897],[7.9,47.01002],[7.9003,47.01033],[7.89923,47.01165],[7.89875,47.01306],[7.89796,47.01436],[7.89822,47.01506],[7.90004,47.01634],[7.90114,47.0178],[7.90157,47.0193],[7.89994,47.02072],[7.89918,47.02178],[7.89785,47.02275],[7.89578,47.02349],[7.89501,47.02519],[7.89431,47.0262],[7.89473,47.02675],[7.89489,47.02925],[7.89385,47.03015],[7.89384,47.03068],[7.89282,47.03182],[7.89015,47.03215],[7.8885,47.03329],[7.88592,47.03407],[7.88483,47.0349],[7.88409,47.03656],[7.88497,47.0385],[7.88272,47.0418],[7.88059,47.04177],[7.87957,47.04222],[7.87792,47.04252],[7.87578,47.04229],[7.87348,47.04609],[7.87193,47.04649],[7.87056,47.04798],[7.87082,47.04872],[7.86952,47.04914],[7.86872,47.05072],[7.86747,47.05112],[7.86914,47.05318],[7.86841,47.05366],[7.86853,47.05446],[7.86704,47.05475],[7.86714,47.05534],[7.86813,47.05634],[7.86843,47.05732],[7.87001,47.05894],[7.87075,47.06012],[7.87231,47.06093],[7.87297,47.06205],[7.87493,47.06304],[7.87417,47.06378],[7.8733,47.06357],[7.87219,47.06386],[7.87305,47.06668],[7.87431,47.06692],[7.87479,47.06807],[7.87779,47.07194],[7.87831,47.07292],[7.87714,47.07479],[7.87785,47.07488],[7.87922,47.07574],[7.87854,47.07669],[7.87938,47.07981],[7.87999,47.08013],[7.87779,47.08113],[7.88037,47.08162],[7.88116,47.0826],[7.88035,47.08319],[7.87929,47.08331],[7.87991,47.08431],[7.88074,47.0849],[7.88033,47.08536],[7.88149,47.08583],[7.88187,47.08674],[7.88121,47.08695],[7.88196,47.08812],[7.88267,47.09009],[7.88174,47.08994],[7.88151,47.09131],[7.88085,47.09323],[7.87893,47.09428],[7.88078,47.09586],[7.88054,47.09686],[7.87697,47.09851],[7.87462,47.09918],[7.87488,47.09983],[7.87584,47.1002],[7.87566,47.1012],[7.87647,47.10159],[7.87722,47.10299],[7.87574,47.10483],[7.87442,47.10456],[7.87394,47.10564],[7.87401,47.10671],[7.8752,47.10819],[7.87548,47.11006],[7.87598,47.11077],[7.87427,47.11188],[7.87273,47.11243],[7.86917,47.11331],[7.87045,47.11487],[7.87084,47.1169],[7.8704,47.11802],[7.86962,47.11832],[7.86796,47.11816],[7.86801,47.11999],[7.86834,47.1214],[7.86922,47.12271],[7.87122,47.12417],[7.87455,47.1254],[7.88212,47.12775],[7.88585,47.12901],[7.88536,47.12945],[7.88738,47.13023],[7.88752,47.13303],[7.89083,47.13338],[7.8895,47.13578],[7.89103,47.13592],[7.89082,47.1367],[7.89161,47.13897],[7.89047,47.14036],[7.89055,47.14182],[7.89113,47.14207],[7.88845,47.14498],[7.88438,47.14756],[7.88337,47.14881],[7.88211,47.14942],[7.88121,47.15049],[7.88047,47.15222],[7.87956,47.15336],[7.87976,47.15365],[7.87848,47.1549],[7.87793,47.15672],[7.87732,47.15736],[7.87759,47.15789],[7.87701,47.15888],[7.8768,47.16036],[7.8771,47.16206],[7.87654,47.1627],[7.87685,47.16484],[7.87736,47.16533],[7.87748,47.16633],[7.8782,47.16757],[7.87784,47.16838],[7.87937,47.16919],[7.88034,47.17086],[7.88191,47.17165],[7.88394,47.1735],[7.88431,47.17454],[7.88294,47.17585],[7.88169,47.17615],[7.88211,47.17741],[7.88081,47.17827],[7.88134,47.17913],[7.87947,47.18078],[7.87923,47.18149],[7.87788,47.18223],[7.8769,47.18457],[7.87539,47.18507],[7.87471,47.18581],[7.87274,47.18631],[7.87222,47.18676],[7.87034,47.18702],[7.87008,47.18767],[7.86882,47.1883],[7.86775,47.18924],[7.86595,47.18974],[7.86614,47.19109],[7.86454,47.19152],[7.8645,47.19293],[7.86243,47.19285],[7.86099,47.19373],[7.86052,47.19468],[7.86184,47.19528],[7.86122,47.19612],[7.86157,47.19756],[7.86042,47.19923],[7.86105,47.19952],[7.86051,47.20043],[7.85869,47.20086],[7.85828,47.20165],[7.85739,47.20202],[7.85629,47.20409],[7.85466,47.20482],[7.85548,47.20579],[7.85438,47.20673],[7.85427,47.2073],[7.85307,47.20796],[7.85309,47.20956],[7.85185,47.20985],[7.85147,47.21065],[7.85034,47.21175],[7.84938,47.21339],[7.84891,47.21523],[7.84769,47.21633],[7.84832,47.21773],[7.84786,47.21866],[7.84568,47.21901],[7.84474,47.21944],[7.84427,47.2203],[7.84475,47.22119],[7.84231,47.22339],[7.84053,47.22374],[7.83984,47.22447],[7.83875,47.2242],[7.83744,47.22574],[7.8384,47.22617],[7.8379,47.2284],[7.8375,47.22904],[7.83797,47.22957],[7.83795,47.23092],[7.83871,47.23153],[7.83821,47.23231],[7.83929,47.23307],[7.83841,47.23378],[7.83884,47.23497],[7.83969,47.23617],[7.83831,47.23718],[7.83783,47.23834],[7.83714,47.23837],[7.83518,47.23911],[7.8345,47.24087],[7.83346,47.24098],[7.83159,47.24312],[7.8316,47.24398],[7.83054,47.24477],[7.82912,47.24478],[7.82949,47.24574],[7.82785,47.24705],[7.8271,47.24831],[7.82765,47.25036],[7.82915,47.25125],[7.82904,47.25172],[7.82709,47.25301],[7.82751,47.25401],[7.82866,47.25421],[7.82879,47.25485],[7.83009,47.25572],[7.82958,47.25634],[7.83083,47.25687],[7.83015,47.25861],[7.82994,47.25983],[7.83141,47.26048],[7.83037,47.26146],[7.83012,47.26232],[7.82856,47.26236],[7.82839,47.26322],[7.82957,47.26404],[7.82814,47.26486],[7.82875,47.26541],[7.82819,47.26591],[7.82668,47.26584],[7.82613,47.26693],[7.82105,47.26478],[7.81921,47.2635],[7.81579,47.26267],[7.80918,47.26425],[7.80732,47.26518],[7.80637,47.26639],[7.8062,47.2672],[7.80642,47.26897],[7.8056,47.26976],[7.80317,47.26963],[7.80169,47.26913],[7.79904,47.26744],[7.7948,47.26284],[7.79357,47.26201],[7.7887,47.25928],[7.78716,47.25746],[7.78554,47.25862],[7.77682,47.2628],[7.77632,47.2673],[7.77562,47.26923],[7.76585,47.26805],[7.7617,47.26393],[7.76056,47.2623],[7.75981,47.26058],[7.75783,47.25945],[7.75422,47.26011],[7.7503,47.26012],[7.74567,47.25838],[7.74386,47.25888],[7.73933,47.26126],[7.73368,47.26047],[7.72936,47.26458],[7.72605,47.26737],[7.72527,47.26907],[7.72614,47.27067],[7.71852,47.27648],[7.71662,47.27776],[7.71371,47.27519],[7.71334,47.27513],[7.71043,47.27695],[7.71146,47.27774],[7.71019,47.27853],[7.71093,47.27908],[7.70943,47.28001],[7.70991,47.28081],[7.70758,47.28271],[7.70657,47.28182],[7.70397,47.28438],[7.70491,47.28512],[7.70185,47.28791],[7.70046,47.28764],[7.69869,47.28858],[7.68956,47.29181],[7.68943,47.29232],[7.68819,47.29263],[7.68596,47.29486],[7.68577,47.29536],[7.6839,47.29448],[7.68209,47.29251],[7.68082,47.29149],[7.67818,47.29048],[7.675,47.28966],[7.6738,47.28967],[7.67152,47.28893],[7.66978,47.29014],[7.66721,47.28902],[7.6615,47.28801],[7.65918,47.28683],[7.65898,47.28651],[7.65499,47.285],[7.65422,47.28492],[7.65191,47.28407],[7.64927,47.28335],[7.64267,47.28311],[7.63889,47.28323],[7.63558,47.28316],[7.63216,47.28289],[7.62929,47.28309],[7.62856,47.28292],[7.62627,47.28299],[7.62155,47.28288],[7.61957,47.28269],[7.61519,47.28251],[7.61345,47.28225],[7.60147,47.28071],[7.59032,47.27903],[7.58109,47.27771],[7.58791,47.27106],[7.59468,47.26758],[7.59564,47.26571],[7.59712,47.26211],[7.59871,47.25549],[7.59693,47.24693],[7.59816,47.24636],[7.59976,47.24656],[7.6034,47.24344],[7.60557,47.24403],[7.60645,47.2432],[7.60609,47.24167],[7.60737,47.24041],[7.61049,47.2409],[7.60999,47.24027],[7.61025,47.23957],[7.61192,47.23961],[7.61495,47.23786],[7.61587,47.23557],[7.61769,47.23531],[7.61754,47.23408],[7.61931,47.23278],[7.6201,47.23041],[7.62248,47.23025],[7.6245,47.23072],[7.62717,47.22767],[7.6305,47.22963],[7.63188,47.22805],[7.63493,47.22999],[7.63628,47.22859],[7.64155,47.23115],[7.64489,47.22699],[7.64494,47.2268],[7.64017,47.22474],[7.64204,47.22249],[7.6457,47.2218],[7.64647,47.22144],[7.6465,47.22076],[7.64854,47.22082],[7.64946,47.22031],[7.64764,47.21893],[7.64699,47.21732],[7.64705,47.21606],[7.6479,47.2153],[7.64913,47.21282],[7.65061,47.21132],[7.65222,47.20806],[7.65043,47.20545],[7.64822,47.20314],[7.65619,47.20254],[7.65881,47.20204],[7.66333,47.20231],[7.66336,47.20111],[7.66374,47.20001],[7.66518,47.19885],[7.66681,47.19938],[7.66767,47.19724],[7.66952,47.19733],[7.67013,47.19545],[7.67253,47.19632],[7.67275,47.19569],[7.67229,47.19435],[7.67563,47.19225],[7.6747,47.18926],[7.67262,47.18808],[7.6721,47.18587],[7.67338,47.18471],[7.67428,47.1857],[7.67542,47.18558],[7.67667,47.18506],[7.67601,47.1845],[7.6788,47.18403],[7.67859,47.18355],[7.67749,47.17818],[7.67678,47.17696],[7.6748,47.17557],[7.67386,47.16974],[7.66663,47.16972],[7.66628,47.17025],[7.662,47.16901],[7.66108,47.16975],[7.65531,47.16462],[7.65278,47.16295],[7.65453,47.16212],[7.65226,47.15882],[7.65174,47.1587],[7.65191,47.15745],[7.65295,47.15738],[7.6536,47.15285],[7.65184,47.1512],[7.648,47.1509],[7.64603,47.15032],[7.64417,47.15119],[7.6443,47.15156],[7.64177,47.15284],[7.64177,47.15403],[7.64095,47.15491],[7.63659,47.15344],[7.63582,47.15466],[7.63501,47.15486],[7.63332,47.15434],[7.6324,47.15519],[7.63007,47.15373],[7.62847,47.15428],[7.62557,47.1538],[7.62331,47.15475],[7.62294,47.15441],[7.61832,47.15676],[7.61707,47.15765],[7.61557,47.15678],[7.61553,47.15588],[7.61186,47.15507],[7.60884,47.1542],[7.60525,47.15399],[7.59888,47.15295],[7.59342,47.15402],[7.58934,47.15223],[7.58712,47.14889],[7.58438,47.15613],[7.58382,47.15731],[7.58221,47.15724],[7.58307,47.15963],[7.58288,47.16025],[7.58171,47.16171],[7.58065,47.16137],[7.57847,47.16313],[7.57589,47.1658],[7.57063,47.16424],[7.57023,47.16382],[7.56785,47.16479],[7.56648,47.1659],[7.56694,47.16688],[7.56537,47.16711],[7.56557,47.16764],[7.56445,47.1697],[7.55881,47.16938],[7.55841,47.16853],[7.55694,47.16747],[7.55525,47.16664],[7.55357,47.16615],[7.55102,47.16498],[7.54981,47.16347],[7.54729,47.16208],[7.54531,47.16171],[7.54267,47.16372],[7.54147,47.16491],[7.53621,47.16381],[7.53548,47.16552],[7.53365,47.16508],[7.53237,47.16435],[7.52677,47.16349],[7.52702,47.16241],[7.52374,47.16206],[7.5239,47.16134],[7.52153,47.16112],[7.52131,47.16024],[7.52286,47.15979],[7.52528,47.15494],[7.5267,47.15509],[7.5267,47.15444],[7.52948,47.15299],[7.53056,47.15207],[7.53072,47.15009],[7.52649,47.149],[7.5243,47.14696],[7.52397,47.14407],[7.52362,47.14364],[7.52006,47.14173],[7.51679,47.13811],[7.51473,47.13466],[7.51482,47.13163],[7.51469,47.13126],[7.51061,47.12683],[7.50545,47.124],[7.49993,47.1229],[7.49941,47.12268],[7.49328,47.11843],[7.49211,47.11802],[7.46229,47.10958],[7.46317,47.10733],[7.46291,47.10726],[7.46376,47.10501],[7.46277,47.10475],[7.46625,47.10067],[7.4652,47.10039],[7.46802,47.09687],[7.47179,47.09181],[7.47473,47.0907],[7.47604,47.08842],[7.4759,47.08771],[7.47388,47.08596],[7.47201,47.08517],[7.47157,47.08426],[7.46936,47.08113],[7.46752,47.08],[7.46543,47.08029],[7.46307,47.07967],[7.46161,47.07975],[7.45927,47.07908],[7.45668,47.07706],[7.45542,47.07627],[7.45495,47.07731],[7.45212,47.07665],[7.44682,47.07572],[7.44415,47.0759],[7.44141,47.07584],[7.4412,47.07763],[7.44013,47.07807],[7.43843,47.0793],[7.43718,47.08117],[7.43637,47.08151],[7.43603,47.08267],[7.43624,47.08331],[7.43563,47.08435],[7.43519,47.08695],[7.43531,47.0875],[7.43447,47.08813],[7.43383,47.08932],[7.4342,47.0909],[7.43548,47.09106],[7.43462,47.09268],[7.43671,47.09325],[7.436,47.095],[7.43838,47.09555],[7.43735,47.09762],[7.43634,47.09909],[7.43496,47.10184],[7.42422,47.0988],[7.42335,47.10023],[7.42195,47.09982],[7.42123,47.10101],[7.41537,47.09818],[7.41315,47.09701],[7.40977,47.09614],[7.4029,47.09514],[7.40061,47.09497],[7.40038,47.0952],[7.39638,47.09436],[7.391,47.09364],[7.3904,47.09648],[7.38859,47.09673],[7.38731,47.09752],[7.38534,47.09763],[7.38528,47.09682],[7.38298,47.09708],[7.38358,47.09805],[7.38315,47.10054],[7.38229,47.1025],[7.38014,47.10548],[7.38018,47.10755],[7.37819,47.10959],[7.37683,47.10971],[7.37534,47.11322],[7.37457,47.11421],[7.37241,47.11511],[7.37139,47.11673],[7.37065,47.1173],[7.37187,47.11767],[7.37292,47.11869],[7.37144,47.12228],[7.37235,47.12388],[7.37495,47.12316],[7.37658,47.12364],[7.37649,47.12467],[7.3779,47.12476],[7.37987,47.12544],[7.38103,47.12515],[7.3818,47.12408],[7.38463,47.12468],[7.38557,47.1255],[7.38605,47.12664],[7.38769,47.12724],[7.38852,47.12665],[7.38988,47.12476],[7.38992,47.12318],[7.39092,47.12086],[7.39199,47.12155],[7.39595,47.12304],[7.40003,47.12143],[7.4047,47.11902],[7.40766,47.11979],[7.41044,47.12154],[7.41084,47.1211],[7.41284,47.12188],[7.41602,47.12232],[7.41558,47.12278],[7.42075,47.12317],[7.42133,47.12249],[7.42566,47.12336],[7.42732,47.12434],[7.42934,47.12501],[7.42998,47.12572],[7.43569,47.1252],[7.43833,47.12407],[7.44114,47.12507],[7.44058,47.12591],[7.43422,47.12752],[7.43381,47.12893],[7.43617,47.12885],[7.43731,47.13091],[7.43636,47.13262],[7.43217,47.13044],[7.43118,47.13083],[7.43185,47.1322],[7.43067,47.13299],[7.42742,47.13269],[7.42611,47.13416],[7.42538,47.13567],[7.42471,47.13633],[7.42275,47.13721],[7.42524,47.1387],[7.42764,47.13982],[7.42682,47.1414],[7.42759,47.14245],[7.43149,47.14421],[7.43546,47.14509],[7.4376,47.14488],[7.44057,47.14534],[7.44212,47.14723],[7.44091,47.15185],[7.44216,47.15283],[7.44874,47.15643],[7.45299,47.15743],[7.45559,47.15768],[7.45978,47.15626],[7.46089,47.1547],[7.46398,47.15504],[7.46408,47.15431],[7.46578,47.15408],[7.46689,47.15318],[7.4686,47.15263],[7.47,47.15311],[7.47145,47.1533],[7.47377,47.15391],[7.47488,47.1548],[7.47821,47.15535],[7.47959,47.1558],[7.48147,47.15722],[7.48135,47.15765],[7.48302,47.15952],[7.48476,47.16015],[7.48568,47.16097],[7.48946,47.16202],[7.49073,47.16264],[7.49366,47.16462],[7.49322,47.16533],[7.49116,47.16712],[7.49382,47.16854],[7.49801,47.17144],[7.49665,47.17282],[7.49406,47.17248],[7.49279,47.17319],[7.48997,47.17402],[7.48728,47.17441],[7.48738,47.17495],[7.48504,47.17443],[7.48525,47.17406],[7.48146,47.17309],[7.48003,47.17645],[7.47912,47.17751],[7.47911,47.1788],[7.47778,47.17795],[7.47723,47.17826],[7.47786,47.17925],[7.47683,47.18036],[7.47618,47.18061],[7.47588,47.18152],[7.47423,47.18126],[7.47183,47.18277],[7.47596,47.1844],[7.47545,47.18601],[7.47396,47.18638],[7.47357,47.1869],[7.47457,47.18754],[7.47648,47.18801],[7.47628,47.18844],[7.47755,47.18945],[7.47708,47.19035],[7.47669,47.192],[7.47516,47.19177],[7.47025,47.19169],[7.46753,47.19146],[7.46052,47.19042],[7.45671,47.19018],[7.45208,47.1904],[7.45073,47.19092],[7.44978,47.19075],[7.44937,47.18923],[7.4507,47.1865],[7.4509,47.18533],[7.45053,47.18424],[7.44972,47.18326],[7.44859,47.18244],[7.44654,47.1814],[7.44421,47.1806],[7.44278,47.18059],[7.44159,47.18114],[7.44088,47.18199],[7.43944,47.1857],[7.43839,47.18639],[7.43699,47.18665],[7.43555,47.18652],[7.43424,47.18608],[7.43266,47.18494],[7.43187,47.18381],[7.43186,47.18254],[7.43275,47.18007],[7.43254,47.17741],[7.43103,47.17593],[7.42899,47.17489],[7.42701,47.17433],[7.42277,47.17365],[7.41935,47.17251],[7.41832,47.1716],[7.41764,47.17042],[7.41747,47.16862],[7.41691,47.16673],[7.4144,47.16452],[7.41277,47.16377],[7.40952,47.16344],[7.40398,47.16418],[7.40189,47.1642],[7.39989,47.16385],[7.398,47.16326],[7.39408,47.16171],[7.39303,47.16246],[7.39126,47.16217],[7.38827,47.16147],[7.38788,47.16087],[7.38462,47.1617],[7.38365,47.16248],[7.38272,47.16499],[7.38313,47.16647],[7.38562,47.16746],[7.39035,47.16713],[7.39179,47.16693],[7.39178,47.16755],[7.39286,47.16763],[7.39064,47.17173],[7.38744,47.17681],[7.38573,47.17933],[7.38447,47.18166],[7.38048,47.18645],[7.37971,47.18697],[7.3782,47.18855],[7.37609,47.18992],[7.37211,47.19155],[7.36914,47.19212],[7.36812,47.19286],[7.36739,47.19436],[7.36641,47.19581],[7.36381,47.1948],[7.35882,47.19357],[7.35543,47.19289],[7.34778,47.20858],[7.34577,47.20857],[7.34291,47.21376],[7.34136,47.21893],[7.34415,47.21929],[7.34728,47.22052],[7.35,47.22079],[7.35242,47.22138],[7.35426,47.22161],[7.35576,47.22223],[7.35819,47.22241],[7.35864,47.22154],[7.36027,47.22095],[7.36318,47.22097],[7.36668,47.22265],[7.36817,47.22368],[7.37147,47.22526],[7.37417,47.22739],[7.37544,47.22821],[7.37723,47.22872],[7.37914,47.229],[7.38125,47.23016],[7.38284,47.23061],[7.3859,47.2312],[7.38843,47.2321],[7.3894,47.23214],[7.39222,47.23281],[7.3936,47.23342],[7.39652,47.23407],[7.39904,47.23484],[7.40003,47.23536],[7.40265,47.23625],[7.40433,47.23721],[7.40704,47.23904],[7.4089,47.24049],[7.41278,47.24192],[7.41513,47.24191],[7.41644,47.24157],[7.42183,47.24425],[7.42093,47.24523],[7.4191,47.24674],[7.41816,47.24892],[7.41714,47.25196],[7.41729,47.25353],[7.41832,47.25516],[7.41911,47.25523],[7.41974,47.25592],[7.42488,47.25696],[7.42775,47.25744],[7.4337,47.25993],[7.43693,47.26161],[7.43842,47.26273],[7.44028,47.26371],[7.44197,47.26428],[7.44668,47.26445],[7.44819,47.26429],[7.45201,47.26433],[7.45288,47.26475],[7.45691,47.26505],[7.45791,47.26528],[7.4643,47.26594],[7.46681,47.26602],[7.46726,47.26646],[7.46911,47.2673],[7.47041,47.26828],[7.47258,47.27077],[7.47299,47.27098],[7.47381,47.27266],[7.47454,47.27314],[7.47473,47.27407],[7.47684,47.27768],[7.47808,47.2787],[7.47927,47.28004],[7.48087,47.28104],[7.48401,47.28347],[7.48632,47.28564],[7.48817,47.28522],[7.48951,47.28587],[7.49533,47.28776],[7.49627,47.28822],[7.49634,47.28924],[7.49766,47.28979],[7.4993,47.28973],[7.50302,47.29119],[7.5064,47.29223],[7.50692,47.29142],[7.51473,47.29382],[7.51551,47.29388],[7.52187,47.29534],[7.52343,47.29536],[7.52556,47.29512],[7.52893,47.29558],[7.53262,47.29566],[7.53384,47.2959],[7.53797,47.29795],[7.53957,47.29894],[7.54051,47.29997],[7.54083,47.30128],[7.54005,47.30335],[7.54382,47.30501],[7.54715,47.30713],[7.54792,47.30745],[7.54722,47.30875],[7.5478,47.30896],[7.54834,47.31048],[7.54931,47.31772],[7.55932,47.32373]],[[7.23527,46.93434],[7.23499,46.93078],[7.23178,46.93084],[7.23149,46.93013],[7.23029,46.93007],[7.22938,46.92906],[7.22642,46.92857],[7.22227,46.92702],[7.21946,46.92566],[7.21777,46.92812],[7.21628,46.93207],[7.2178,46.93319],[7.21873,46.93249],[7.2195,46.93315],[7.21835,46.93375],[7.21837,46.93443],[7.22172,46.93577],[7.22398,46.93649],[7.22647,46.93765],[7.22704,46.9369],[7.22972,46.93816],[7.2303,46.93822],[7.22912,46.94014],[7.23113,46.94128],[7.23186,46.94048],[7.23473,46.93963],[7.23569,46.9396],[7.23546,46.93871],[7.23527,46.93434]],[[7.7018,47.16312],[7.70122,47.16232],[7.70033,47.16216],[7.69666,47.15885],[7.69482,47.15951],[7.69397,47.15849],[7.69247,47.15582],[7.69115,47.1539],[7.68929,47.15416],[7.68362,47.15549],[7.6811,47.15567],[7.67626,47.15459],[7.67542,47.15532],[7.67684,47.15658],[7.67705,47.15739],[7.67609,47.15781],[7.67753,47.15946],[7.6788,47.16144],[7.67908,47.1629],[7.68053,47.1645],[7.68216,47.16374],[7.68325,47.16502],[7.68606,47.16644],[7.68554,47.167],[7.68637,47.16765],[7.68951,47.16808],[7.68994,47.16768],[7.6889,47.1666],[7.69195,47.16615],[7.69316,47.16555],[7.6954,47.16393],[7.69542,47.16335],[7.7018,47.16312]]],[[[7.55932,47.32373],[7.56268,47.3228],[7.56971,47.32571],[7.57127,47.32706],[7.57262,47.3285],[7.57313,47.33032],[7.57214,47.33164],[7.56841,47.33536],[7.5637,47.34082],[7.56366,47.34188],[7.56268,47.34284],[7.56165,47.34321],[7.56078,47.34403],[7.55762,47.34346],[7.55746,47.34523],[7.55318,47.34668],[7.55206,47.34509],[7.55095,47.34432],[7.55094,47.34223],[7.54898,47.34193],[7.54625,47.34096],[7.54345,47.33948],[7.54096,47.3385],[7.53545,47.33592],[7.53557,47.33556],[7.53442,47.33257],[7.53304,47.33149],[7.53132,47.32892],[7.52873,47.32404],[7.52944,47.32405],[7.53083,47.32311],[7.53245,47.32247],[7.53506,47.32259],[7.53701,47.32249],[7.53887,47.32273],[7.54315,47.32274],[7.54859,47.32295],[7.55006,47.32353],[7.55146,47.32352],[7.55514,47.32462],[7.55932,47.32373]]],[[[7.11962,46.90371],[7.1206,46.90187],[7.12226,46.90183],[7.12394,46.90152],[7.12481,46.90261],[7.12418,46.90307],[7.12537,46.90408],[7.12816,46.90578],[7.13067,46.90696],[7.1337,46.90779],[7.13362,46.90833],[7.13575,46.90885],[7.13935,46.90886],[7.13863,46.91048],[7.13746,46.91157],[7.13695,46.9129],[7.13639,46.91328],[7.137,46.91428],[7.1368,46.9177],[7.13621,46.91988],[7.13557,46.92069],[7.13285,46.92063],[7.13105,46.92007],[7.13079,46.91963],[7.1286,46.9195],[7.12618,46.92029],[7.12309,46.91916],[7.11837,46.91815],[7.11575,46.91716],[7.11503,46.9142],[7.11419,46.91196],[7.11519,46.91066],[7.11748,46.90908],[7.11795,46.90927],[7.12006,46.90694],[7.11859,46.90638],[7.11985,46.90447],[7.11962,46.90371]]]]},"properties":{"id":2,"name":"Bern"}},
{"type":"Feature","geometry":{"type":"Polygon","coordinates":[[[7.55564,47.56576],[7.55892,47.56402],[7.56086,47.56193],[7.56257,47.56058],[7.56555,47.55862],[7.56404,47.55633],[7.56223,47.55312],[7.55974,47.55375],[7.55687,47.54573],[7.55853,47.5458],[7.564,47.5467],[7.56567,47.54709],[7.57211,47.54613],[7.57669,47.54535],[7.57909,47.54519],[7.58246,47.54522],[7.58826,47.5433],[7.58671,47.54053],[7.58648,47.5397],[7.58691,47.5388],[7.58446,47.53486],[7.58368,47.53386],[7.58484,47.53231],[7.58668,47.53272],[7.58686,47.53067],[7.58946,47.53045],[7.58947,47.52968],[7.59048,47.52932],[7.59092,47.52807],[7.59031,47.52435],[7.59124,47.52118],[7.59577,47.52069],[7.60276,47.52674],[7.6057,47.53068],[7.60654,47.53118],[7.607,47.53237],[7.61018,47.53641],[7.61202,47.53735],[7.61379,47.53854],[7.61396,47.53962],[7.61509,47.54078],[7.6175,47.54136],[7.61912,47.54219],[7.62023,47.54181],[7.6233,47.54117],[7.62396,47.55069],[7.62346,47.55228],[7.62244,47.55336],[7.61904,47.55535],[7.61858,47.55624],[7.61883,47.55815],[7.61862,47.56005],[7.62538,47.56215],[7.62836,47.56292],[7.63121,47.56311],[7.63371,47.56291],[7.63496,47.56262],[7.63712,47.56532],[7.63933,47.56463],[7.64226,47.56266],[7.64505,47.56268],[7.64928,47.56133],[7.65135,47.5623],[7.65554,47.56377],[7.65716,47.56368],[7.65776,47.56453],[7.65976,47.56588],[7.66523,47.5668],[7.66656,47.56646],[7.67123,47.56723],[7.67337,47.56684],[7.67346,47.56512],[7.67546,47.56485],[7.67833,47.56514],[7.67829,47.56633],[7.67615,47.56682],[7.67869,47.56921],[7.68011,47.5709],[7.68203,47.57183],[7.68451,47.57265],[7.68472,47.57193],[7.68443,47.56982],[7.68476,47.56975],[7.68693,47.56701],[7.68811,47.56978],[7.6899,47.57169],[7.69066,47.5728],[7.68992,47.57382],[7.68651,47.57449],[7.68468,47.57531],[7.68486,47.57806],[7.68291,47.57886],[7.68237,47.5824],[7.68186,47.58409],[7.67994,47.58467],[7.67594,47.58564],[7.67308,47.58664],[7.67275,47.58867],[7.67409,47.58957],[7.67839,47.59276],[7.68059,47.59365],[7.68299,47.59566],[7.68466,47.59743],[7.68573,47.59804],[7.69117,47.59897],[7.69405,47.60089],[7.69481,47.60217],[7.69434,47.60232],[7.69265,47.60099],[7.69033,47.60025],[7.689,47.60001],[7.68583,47.60017],[7.68402,47.5999],[7.68256,47.59874],[7.68167,47.5986],[7.68073,47.59776],[7.67907,47.59676],[7.67651,47.59445],[7.67618,47.59339],[7.6732,47.5933],[7.66834,47.59335],[7.66563,47.59407],[7.6627,47.59511],[7.65607,47.5968],[7.65206,47.59712],[7.64667,47.59836],[7.64541,47.59714],[7.64279,47.5956],[7.64286,47.59431],[7.64424,47.59274],[7.64063,47.59177],[7.63744,47.58977],[7.6351,47.58726],[7.62902,47.58277],[7.62601,47.58102],[7.62013,47.57827],[7.61771,47.57908],[7.6142,47.57956],[7.61041,47.57958],[7.60588,47.57928],[7.60633,47.58128],[7.60505,47.58274],[7.60558,47.58421],[7.60581,47.58633],[7.59946,47.58904],[7.59416,47.59038],[7.59003,47.5913],[7.58796,47.58795],[7.58671,47.58549],[7.58573,47.58225],[7.58538,47.57998],[7.58565,47.57692],[7.57984,47.57807],[7.57739,47.57785],[7.57624,47.57754],[7.5726,47.57851],[7.56747,47.57907],[7.56642,47.57762],[7.55788,47.57386],[7.55745,47.57278],[7.56032,47.57079],[7.55828,47.56643],[7.55564,47.56576]]]},"properties":{"id":12,"name":"Basel-Stadt"}},
{"type":"Feature","geometry":{"type":"Polygon","coordinates":[[[7.04105,46.98117],[7.02644,47.00715],[7.026,47.0074],[7.03125,47.01165],[7.03231,47.01301],[7.03418,47.01722],[7.03455,47.01966],[7.034,47.02779],[7.03403,47.03025],[7.03477,47.0324],[7.03557,47.03336],[7.03875,47.03648],[7.04125,47.03831],[7.05201,47.04391],[7.05487,47.04477],[7.06108,47.04571],[7.06354,47.04579],[7.06633,47.04636],[7.07005,47.04834],[7.07225,47.04997],[7.0736,47.05066],[7.0752,47.05112],[7.07721,47.05203],[7.07908,47.05327],[7.08855,47.06108],[7.08777,47.06266],[7.08656,47.06411],[7.08412,47.06584],[7.08301,47.06573],[7.0827,47.06639],[7.08399,47.0676],[7.08367,47.06795],[7.08157,47.06781],[7.08117,47.06881],[7.08123,47.06997],[7.08172,47.07263],[7.08103,47.07509],[7.07968,47.07594],[7.07929,47.07651],[7.0779,47.0773],[7.07915,47.0781],[7.08795,47.08289],[7.08772,47.08704],[7.07658,47.09761],[7.06786,47.09976],[7.06415,47.10089],[7.05804,47.10103],[7.05618,47.10246],[7.05212,47.105],[7.05018,47.10633],[7.0463,47.10781],[7.04206,47.10971],[7.0415,47.11035],[7.02962,47.10502],[7.02438,47.11355],[7.02684,47.11579],[7.02852,47.11711],[7.03227,47.12098],[7.03325,47.12115],[7.03673,47.12366],[7.04086,47.126],[7.03913,47.12779],[7.03197,47.12866],[7.02942,47.12827],[7.02927,47.12788],[7.02648,47.12548],[7.02353,47.12548],[7.01999,47.12525],[7.01677,47.12534],[7.0145,47.12483],[7.01149,47.12457],[7.01116,47.12517],[7.01002,47.12552],[7.00864,47.12558],[7.00738,47.12489],[7.00702,47.12426],[7.00555,47.12386],[7.00263,47.12354],[7.00258,47.12299],[6.99874,47.12075],[6.99684,47.12024],[6.99264,47.11941],[6.99005,47.11875],[6.98328,47.11774],[6.97705,47.11699],[6.97567,47.11661],[6.97488,47.11686],[6.97323,47.11639],[6.96841,47.11576],[6.9664,47.11579],[6.9612,47.11528],[6.95901,47.11482],[6.95685,47.11461],[6.95432,47.11404],[6.95308,47.11416],[6.95069,47.11375],[6.94921,47.11377],[6.94817,47.11326],[6.94426,47.11195],[6.94309,47.11129],[6.94078,47.1105],[6.94018,47.11108],[6.93722,47.11008],[6.935,47.11108],[6.9307,47.11394],[6.92746,47.1105],[6.92234,47.10773],[6.9189,47.10645],[6.9166,47.10513],[6.91242,47.10392],[6.90959,47.10298],[6.9062,47.10168],[6.89837,47.09855],[6.89513,47.09734],[6.89077,47.09528],[6.889,47.09418],[6.88381,47.09219],[6.88126,47.09136],[6.87991,47.0912],[6.87604,47.08948],[6.8714,47.08778],[6.87116,47.08786],[6.86773,47.08646],[6.86925,47.09363],[6.87107,47.09943],[6.87266,47.10421],[6.87873,47.10794],[6.88187,47.10974],[6.88584,47.12099],[6.88967,47.13248],[6.88693,47.13536],[6.88573,47.13729],[6.88215,47.14093],[6.881,47.14317],[6.87306,47.15264],[6.87212,47.15458],[6.87061,47.15616],[6.86902,47.15836],[6.86524,47.16332],[6.86236,47.16699],[6.8608,47.16708],[6.85927,47.16674],[6.85914,47.16569],[6.85624,47.16304],[6.8524,47.16042],[6.85077,47.15779],[6.84924,47.15713],[6.84807,47.15705],[6.84476,47.15611],[6.84273,47.15585],[6.84116,47.15518],[6.8405,47.15327],[6.84076,47.15197],[6.84018,47.15133],[6.83929,47.15131],[6.83818,47.1507],[6.83342,47.14876],[6.83126,47.14754],[6.82921,47.14784],[6.82798,47.14677],[6.82623,47.14398],[6.82544,47.14333],[6.82346,47.14246],[6.82147,47.14199],[6.81929,47.14044],[6.81704,47.1376],[6.81519,47.13681],[6.81335,47.13676],[6.81009,47.13704],[6.80911,47.1368],[6.80827,47.13584],[6.80793,47.13324],[6.8069,47.13206],[6.80279,47.13074],[6.79991,47.13028],[6.79892,47.13055],[6.7974,47.13039],[6.79514,47.12908],[6.79257,47.12813],[6.78825,47.12703],[6.7832,47.12555],[6.78001,47.12505],[6.77828,47.12351],[6.77682,47.12271],[6.77554,47.12247],[6.77357,47.12279],[6.77144,47.12276],[6.7683,47.12242],[6.76663,47.12207],[6.76452,47.12134],[6.76222,47.12025],[6.76104,47.11996],[6.75892,47.11878],[6.75735,47.11835],[6.75499,47.1165],[6.75324,47.11612],[6.75252,47.1157],[6.75007,47.113],[6.74833,47.11173],[6.74717,47.11114],[6.74561,47.11086],[6.74327,47.1113],[6.74139,47.11097],[6.74083,47.10936],[6.74153,47.10706],[6.74289,47.10488],[6.74377,47.10428],[6.74726,47.10101],[6.74753,47.09945],[6.7473,47.09836],[6.74611,47.0967],[6.74555,47.09435],[6.74491,47.09372],[6.74302,47.0929],[6.74242,47.09227],[6.74009,47.09172],[6.73769,47.09152],[6.73602,47.09095],[6.73227,47.09086],[6.73043,47.09136],[6.72749,47.09329],[6.72654,47.09323],[6.725,47.09219],[6.7246,47.09135],[6.72318,47.09083],[6.72156,47.09086],[6.71851,47.09057],[6.71592,47.08976],[6.71458,47.08858],[6.71458,47.08773],[6.71295,47.08727],[6.71069,47.08568],[6.70927,47.08559],[6.70875,47.0845],[6.70454,47.08388],[6.70357,47.08348],[6.70351,47.08263],[6.70439,47.08191],[6.7075,47.08138],[6.70848,47.08049],[6.70821,47.07966],[6.70635,47.07821],[6.70606,47.07743],[6.70741,47.076],[6.70618,47.07519],[6.70493,47.07518],[6.70415,47.07479],[6.70199,47.07145],[6.70092,47.07103],[6.69778,47.07062],[6.69675,47.0703],[6.69424,47.07028],[6.69303,47.06929],[6.69235,47.06802],[6.69471,47.0661],[6.69515,47.06488],[6.69628,47.06456],[6.6971,47.06491],[6.69905,47.06368],[6.70037,47.06263],[6.70032,47.06171],[6.70123,47.06068],[6.7027,47.05994],[6.70397,47.05994],[6.70482,47.06044],[6.70585,47.06032],[6.70831,47.05909],[6.70948,47.05942],[6.71076,47.05741],[6.71093,47.05671],[6.712,47.05547],[6.71303,47.05486],[6.71516,47.05447],[6.71796,47.05376],[6.72045,47.05337],[6.72001,47.05252],[6.71235,47.04938],[6.70967,47.04632],[6.70666,47.04567],[6.7024,47.04211],[6.69974,47.04019],[6.69738,47.03865],[6.69545,47.03844],[6.69168,47.03864],[6.68983,47.0389],[6.68643,47.03875],[6.68361,47.03809],[6.68153,47.03745],[6.67735,47.03645],[6.67423,47.03491],[6.67134,47.03372],[6.66974,47.03326],[6.66608,47.0315],[6.66322,47.03025],[6.66074,47.0289],[6.66003,47.02868],[6.65601,47.02525],[6.65446,47.02368],[6.6492,47.01595],[6.648,47.01279],[6.64688,47.0109],[6.64516,47.00874],[6.64119,47.00415],[6.63441,46.99949],[6.63222,46.9987],[6.6284,46.9977],[6.62618,46.99649],[6.62328,46.9951],[6.62215,46.99478],[6.6188,46.99298],[6.6147,46.99288],[6.61366,46.99241],[6.61128,46.99205],[6.60924,46.99241],[6.60652,46.99226],[6.60555,46.99239],[6.60493,46.99301],[6.60181,46.99321],[6.60081,46.99309],[6.60078,46.99388],[6.59702,46.99372],[6.59393,46.99314],[6.59367,46.99278],[6.59042,46.99154],[6.58978,46.99103],[6.5872,46.99009],[6.58458,46.98855],[6.57984,46.98624],[6.57686,46.98556],[6.57678,46.98498],[6.574,46.98375],[6.5727,46.98338],[6.5694,46.98288],[6.56764,46.98212],[6.56664,46.98194],[6.56331,46.9807],[6.56182,46.98081],[6.55884,46.98036],[6.55384,46.97919],[6.53811,46.9748],[6.53553,46.97462],[6.52886,46.9736],[6.52726,46.97311],[6.52476,46.97336],[6.51814,46.97189],[6.5146,46.97062],[6.51116,46.96887],[6.50834,46.9681],[6.50562,46.96703],[6.49729,46.97548],[6.49502,46.97412],[6.49004,46.97058],[6.48655,46.9688],[6.48461,46.96751],[6.48205,46.96553],[6.47855,46.96311],[6.47256,46.95738],[6.47026,46.9545],[6.4672,46.95253],[6.46602,46.95062],[6.46471,46.94949],[6.46307,46.94847],[6.46225,46.94746],[6.46114,46.94516],[6.46004,46.94422],[6.4586,46.94349],[6.45614,46.94145],[6.45456,46.94072],[6.45433,46.94007],[6.45257,46.93912],[6.45047,46.93734],[6.44731,46.9354],[6.44183,46.93307],[6.43986,46.93209],[6.4386,46.9319],[6.4356,46.9307],[6.43349,46.93001],[6.43668,46.92296],[6.43995,46.92089],[6.4424,46.91889],[6.45172,46.90918],[6.45873,46.90211],[6.46542,46.89168],[6.46455,46.88332],[6.46334,46.87338],[6.46197,46.86169],[6.46083,46.85262],[6.46616,46.85215],[6.46732,46.84915],[6.47152,46.84845],[6.48291,46.84791],[6.48756,46.84915],[6.49415,46.8508],[6.5052,46.85369],[6.51516,46.85611],[6.52412,46.85788],[6.52612,46.85925],[6.5295,46.86038],[6.5314,46.86168],[6.53494,46.8652],[6.53617,46.86606],[6.53858,46.86817],[6.5399,46.86819],[6.54464,46.8696],[6.54553,46.86976],[6.54715,46.87053],[6.55046,46.87316],[6.55225,46.87411],[6.55399,46.87457],[6.55575,46.87468],[6.55711,46.87448],[6.55793,46.87502],[6.56072,46.87539],[6.56299,46.87655],[6.56571,46.87757],[6.5712,46.88014],[6.57562,46.8818],[6.58845,46.88563],[6.59418,46.88568],[6.5978,46.88485],[6.59944,46.88494],[6.60731,46.88797],[6.60987,46.88859],[6.61546,46.89023],[6.62793,46.89003],[6.63703,46.89858],[6.64632,46.90749],[6.64774,46.91162],[6.64805,46.91203],[6.65245,46.91369],[6.65485,46.91471],[6.65568,46.91545],[6.66381,46.91923],[6.66935,46.92189],[6.68076,46.92535],[6.68487,46.92689],[6.69023,46.92838],[6.70869,46.93378],[6.71646,46.93612],[6.72167,46.93742],[6.72172,46.93663],[6.72105,46.93513],[6.72201,46.93368],[6.72271,46.93306],[6.72454,46.93244],[6.7217,46.92715],[6.71837,46.91719],[6.71859,46.91304],[6.71754,46.9074],[6.72184,46.90671],[6.72751,46.90326],[6.7326,46.90046],[6.74095,46.89614],[6.74024,46.89225],[6.73885,46.88588],[6.74084,46.8857],[6.7415,46.88488],[6.74079,46.88338],[6.74009,46.88002],[6.7387,46.87794],[6.73764,46.87513],[6.73673,46.87405],[6.7349,46.87312],[6.73408,46.87073],[6.73345,46.86966],[6.73423,46.86922],[6.73549,46.87038],[6.73915,46.87228],[6.74084,46.8733],[6.74142,46.87311],[6.75145,46.87245],[6.7527,46.87193],[6.75611,46.87178],[6.78067,46.85428],[6.8362,46.89091],[6.86655,46.9109],[6.8971,46.92681],[6.92907,46.95472],[6.95968,46.96855],[7.00331,46.98824],[7.04124,46.98085],[7.04105,46.98117]]]},"properties":{"id":24,"name":"Neuchâtel"}},
{"type":"Feature","geometry":{"type":"MultiPolygon","coordinates":[[[[9.34452,47.25074],[9.34494,47.24908],[9.34711,47.2478],[9.34892,47.24732],[9.35038,47.24628],[9.35253,47.24564],[9.35591,47.24553],[9.35676,47.24573],[9.35986,47.24565],[9.36614,47.24465],[9.36701,47.24335],[9.36865,47.24268],[9.36901,47.24216],[9.371,47.24192],[9.3725,47.24097],[9.37312,47.24091],[9.3751,47.23975],[9.37618,47.23841],[9.37685,47.2381],[9.3797,47.23746],[9.38327,47.23533],[9.38543,47.23592],[9.38625,47.23594],[9.38989,47.23688],[9.39092,47.23745],[9.39337,47.23802],[9.39747,47.23869],[9.40014,47.23871],[9.40319,47.2389],[9.40515,47.23961],[9.40632,47.24056],[9.40768,47.24237],[9.4087,47.24308],[9.41162,47.24556],[9.41358,47.24647],[9.41545,47.24708],[9.41607,47.24787],[9.41796,47.24814],[9.42018,47.24895],[9.42601,47.24861],[9.4275,47.24845],[9.43109,47.25055],[9.43341,47.25124],[9.43561,47.25212],[9.43797,47.25232],[9.43907,47.25206],[9.43952,47.25303],[9.44093,47.25425],[9.44326,47.25462],[9.44411,47.25526],[9.44626,47.25618],[9.44721,47.25712],[9.44844,47.25714],[9.4487,47.25798],[9.45132,47.25976],[9.45238,47.26137],[9.45455,47.2619],[9.45823,47.26367],[9.4591,47.26447],[9.4609,47.26479],[9.46264,47.26552],[9.46334,47.26621],[9.46562,47.26718],[9.46695,47.26828],[9.46782,47.26958],[9.47124,47.27102],[9.47175,47.27153],[9.47418,47.273],[9.47572,47.2749],[9.47731,47.27614],[9.47723,47.27693],[9.4778,47.27803],[9.47933,47.27897],[9.47996,47.2799],[9.48094,47.28036],[9.48207,47.28284],[9.48366,47.28382],[9.48461,47.28401],[9.48627,47.28509],[9.48904,47.28963],[9.48908,47.29046],[9.48799,47.29105],[9.48812,47.29206],[9.4896,47.29463],[9.49061,47.29604],[9.49056,47.29769],[9.49088,47.29906],[9.49182,47.30084],[9.49147,47.30159],[9.49197,47.30211],[9.49024,47.30313],[9.49108,47.30355],[9.4925,47.30515],[9.49433,47.30608],[9.49596,47.30632],[9.49754,47.30736],[9.49693,47.3091],[9.49506,47.31145],[9.49417,47.31202],[9.49379,47.31425],[9.4947,47.31588],[9.49588,47.31668],[9.49823,47.31776],[9.49753,47.31851],[9.49798,47.31908],[9.49942,47.31956],[9.49969,47.32005],[9.49976,47.32256],[9.50039,47.32272],[9.50178,47.3277],[9.50102,47.328],[9.50128,47.32891],[9.50242,47.32953],[9.50157,47.33076],[9.50313,47.33138],[9.50359,47.33361],[9.50299,47.33421],[9.50416,47.3351],[9.50396,47.33575],[9.50431,47.34629],[9.50419,47.34878],[9.48843,47.3516],[9.48051,47.34856],[9.47319,47.3484],[9.46703,47.34777],[9.46103,47.35143],[9.45716,47.35288],[9.45127,47.3555],[9.45051,47.35617],[9.4495,47.3564],[9.44831,47.35734],[9.44691,47.35756],[9.44605,47.35832],[9.44409,47.35775],[9.44368,47.35735],[9.44136,47.35863],[9.43921,47.35785],[9.43441,47.36516],[9.43351,47.36607],[9.43362,47.36689],[9.4325,47.36738],[9.43186,47.36905],[9.4327,47.36967],[9.43237,47.37095],[9.43133,47.37238],[9.42947,47.37179],[9.42428,47.36983],[9.42281,47.3694],[9.42202,47.37062],[9.42056,47.37099],[9.41922,47.37096],[9.4167,47.37021],[9.41316,47.37012],[9.40988,47.37157],[9.40838,47.37249],[9.4073,47.37261],[9.40669,47.37391],[9.40558,47.37454],[9.40451,47.37473],[9.40332,47.37625],[9.4035,47.37719],[9.40478,47.37747],[9.40404,47.37807],[9.40276,47.37802],[9.40159,47.37876],[9.40015,47.37872],[9.39911,47.37936],[9.39934,47.38027],[9.39789,47.38065],[9.39694,47.38126],[9.39489,47.3816],[9.39253,47.38039],[9.39194,47.37928],[9.39099,47.37887],[9.38932,47.37926],[9.3872,47.37852],[9.3868,47.3794],[9.38707,47.38005],[9.38604,47.38081],[9.38448,47.38084],[9.38162,47.3817],[9.37994,47.38188],[9.37916,47.38261],[9.38047,47.38381],[9.38008,47.38526],[9.38064,47.3855],[9.38067,47.38779],[9.38007,47.3881],[9.37894,47.38769],[9.37829,47.38853],[9.37644,47.38823],[9.37402,47.38751],[9.37462,47.38647],[9.37418,47.38585],[9.37229,47.38539],[9.36965,47.38641],[9.3686,47.38596],[9.36675,47.38623],[9.36552,47.38571],[9.36026,47.38645],[9.35908,47.38624],[9.3578,47.38474],[9.35592,47.38557],[9.35199,47.38451],[9.35241,47.38347],[9.35391,47.38326],[9.35487,47.38273],[9.35559,47.38186],[9.3584,47.38007],[9.35958,47.37979],[9.36045,47.37764],[9.3602,47.37568],[9.36061,47.37454],[9.3581,47.37306],[9.35812,47.37266],[9.35967,47.37155],[9.35926,47.3704],[9.36,47.36984],[9.36061,47.3683],[9.36266,47.36747],[9.3615,47.366],[9.36163,47.36534],[9.36296,47.36405],[9.36353,47.36257],[9.36527,47.36145],[9.36662,47.35972],[9.36469,47.35886],[9.36349,47.3589],[9.36218,47.35832],[9.36087,47.35837],[9.35833,47.35687],[9.35502,47.35643],[9.35261,47.35631],[9.3518,47.35573],[9.34827,47.35539],[9.346,47.35371],[9.34493,47.35353],[9.34447,47.35155],[9.34565,47.35059],[9.34643,47.34883],[9.34685,47.34727],[9.3475,47.34628],[9.34424,47.34602],[9.34064,47.34521],[9.33863,47.34402],[9.33592,47.34291],[9.33465,47.34213],[9.33022,47.33216],[9.32831,47.3313],[9.32047,47.32938],[9.31918,47.3288],[9.31731,47.32868],[9.31564,47.32759],[9.31253,47.32646],[9.31216,47.32541],[9.31113,47.32407],[9.31104,47.32283],[9.31348,47.32266],[9.31484,47.32293],[9.31565,47.32057],[9.31704,47.31939],[9.31737,47.31819],[9.31828,47.31732],[9.31671,47.31666],[9.3177,47.31519],[9.31672,47.31489],[9.3177,47.31292],[9.31875,47.31154],[9.31957,47.31087],[9.31719,47.30912],[9.31621,47.3076],[9.31661,47.30611],[9.31836,47.30309],[9.31732,47.3026],[9.31708,47.30154],[9.31597,47.30027],[9.31594,47.29924],[9.31427,47.29749],[9.31404,47.29499],[9.31492,47.29421],[9.31481,47.29279],[9.31571,47.29225],[9.31562,47.29172],[9.31671,47.29065],[9.31862,47.29056],[9.31978,47.28968],[9.32015,47.28846],[9.3201,47.28712],[9.32209,47.28563],[9.32488,47.28425],[9.334,47.2713],[9.33468,47.26725],[9.33439,47.26661],[9.33518,47.2652],[9.33517,47.26456],[9.33589,47.26361],[9.33619,47.26265],[9.3375,47.26088],[9.34255,47.2534],[9.34339,47.25203],[9.34325,47.25166],[9.34452,47.25074]]],[[[9.55657,47.3978],[9.5548,47.39876],[9.55395,47.39993],[9.55242,47.40045],[9.55184,47.40179],[9.55109,47.40205],[9.55028,47.40342],[9.54954,47.40408],[9.54875,47.4054],[9.54822,47.40569],[9.54714,47.40765],[9.54491,47.40836],[9.54368,47.40956],[9.54686,47.4107],[9.54758,47.41063],[9.55006,47.41137],[9.55243,47.41098],[9.55398,47.41011],[9.55369,47.40945],[9.55452,47.40909],[9.55636,47.40915],[9.55798,47.40959],[9.55942,47.40957],[9.55973,47.41045],[9.56071,47.40983],[9.56152,47.41015],[9.56498,47.40935],[9.5653,47.40778],[9.56621,47.40666],[9.56742,47.40691],[9.568,47.40741],[9.56929,47.40734],[9.57171,47.40774],[9.57287,47.40813],[9.57396,47.40909],[9.57511,47.40897],[9.57478,47.40985],[9.5748,47.41346],[9.5737,47.41372],[9.57412,47.41453],[9.57529,47.41534],[9.57675,47.41585],[9.57762,47.41674],[9.57754,47.41718],[9.57611,47.41726],[9.57239,47.41791],[9.56808,47.41765],[9.56511,47.41814],[9.56494,47.41919],[9.56434,47.41963],[9.56254,47.41908],[9.56193,47.41949],[9.56013,47.41963],[9.5602,47.42034],[9.55824,47.42044],[9.55732,47.4209],[9.55757,47.42161],[9.5569,47.42317],[9.55708,47.42397],[9.55551,47.42496],[9.55586,47.4268],[9.5563,47.42773],[9.55478,47.42766],[9.55403,47.42875],[9.55183,47.42846],[9.54983,47.42911],[9.54996,47.42956],[9.54841,47.43005],[9.54697,47.43205],[9.54519,47.43215],[9.54235,47.4332],[9.54022,47.4331],[9.54047,47.43198],[9.54,47.43053],[9.54036,47.42929],[9.53838,47.42818],[9.53871,47.42714],[9.53549,47.42608],[9.53487,47.42553],[9.53371,47.42573],[9.53331,47.42514],[9.53108,47.42544],[9.52986,47.42483],[9.52847,47.42471],[9.52539,47.42257],[9.52598,47.42141],[9.52661,47.42097],[9.52564,47.41966],[9.52685,47.41888],[9.52831,47.41732],[9.52821,47.41627],[9.52616,47.4164],[9.52503,47.41554],[9.5254,47.41447],[9.52637,47.41454],[9.52659,47.41352],[9.52756,47.41311],[9.52888,47.41332],[9.52916,47.41236],[9.53161,47.41284],[9.53305,47.41256],[9.53402,47.41168],[9.53185,47.41044],[9.53087,47.41032],[9.52746,47.40883],[9.52565,47.40838],[9.52443,47.40782],[9.52306,47.40781],[9.52019,47.40698],[9.51788,47.40703],[9.51648,47.40634],[9.51374,47.40454],[9.512,47.40382],[9.51277,47.40351],[9.51247,47.40266],[9.51346,47.40143],[9.51329,47.40028],[9.51244,47.39991],[9.51359,47.39884],[9.51279,47.39828],[9.50955,47.39698],[9.50999,47.39619],[9.51084,47.39605],[9.51248,47.39642],[9.51462,47.39645],[9.51469,47.39678],[9.51777,47.3973],[9.51954,47.39737],[9.52022,47.39799],[9.5217,47.39826],[9.52218,47.39798],[9.5268,47.3985],[9.52836,47.39881],[9.53079,47.39894],[9.53788,47.40076],[9.53924,47.40057],[9.5432,47.40093],[9.54437,47.40123],[9.54435,47.4004],[9.54647,47.40015],[9.54664,47.39981],[9.54576,47.3982],[9.5456,47.39732],[9.54462,47.3963],[9.54637,47.39662],[9.54667,47.39565],[9.54828,47.39573],[9.54897,47.39472],[9.55059,47.39443],[9.55259,47.39499],[9.5539,47.39566],[9.55513,47.39697],[9.5562,47.39687],[9.55657,47.3978]]],[[[9.61913,47.43903],[9.61682,47.43861],[9.61546,47.43861],[9.61212,47.43802],[9.60855,47.43781],[9.60755,47.43818],[9.60371,47.43777],[9.60153,47.43679],[9.59714,47.43568],[9.59451,47.43532],[9.59396,47.43615],[9.59444,47.43698],[9.59216,47.43661],[9.58993,47.43595],[9.58775,47.43609],[9.58287,47.43576],[9.58067,47.43574],[9.57967,47.43511],[9.57879,47.43569],[9.5768,47.43563],[9.57654,47.43521],[9.57487,47.4353],[9.57332,47.43568],[9.57192,47.4357],[9.57125,47.43632],[9.57195,47.43728],[9.5702,47.43867],[9.57005,47.43987],[9.56799,47.43977],[9.56769,47.44003],[9.56586,47.4395],[9.56626,47.43846],[9.5648,47.43835],[9.56316,47.43766],[9.56311,47.43636],[9.56137,47.43555],[9.56008,47.43522],[9.56005,47.43436],[9.55941,47.43418],[9.55983,47.4331],[9.56102,47.43218],[9.5621,47.4327],[9.5627,47.43233],[9.56229,47.43154],[9.56502,47.43027],[9.56783,47.43041],[9.56895,47.4302],[9.56903,47.42931],[9.5709,47.42909],[9.57064,47.43004],[9.57184,47.42997],[9.57238,47.4286],[9.57328,47.42794],[9.57539,47.42776],[9.5759,47.42704],[9.57447,47.42672],[9.57489,47.42548],[9.57078,47.42498],[9.57043,47.42405],[9.56859,47.42365],[9.56967,47.42243],[9.57169,47.42259],[9.57361,47.42212],[9.57472,47.42253],[9.57749,47.42279],[9.57835,47.42215],[9.5791,47.42228],[9.58168,47.42143],[9.58404,47.42127],[9.58418,47.41984],[9.58457,47.41952],[9.58422,47.41771],[9.58269,47.41766],[9.58295,47.41649],[9.58377,47.41624],[9.58597,47.41628],[9.58676,47.41609],[9.58655,47.41412],[9.58509,47.41295],[9.58355,47.41286],[9.58328,47.41215],[9.58431,47.411],[9.58696,47.41196],[9.58963,47.41218],[9.59116,47.41303],[9.59271,47.41259],[9.59792,47.41309],[9.59993,47.41365],[9.60158,47.41455],[9.6017,47.4149],[9.6036,47.41547],[9.60571,47.41535],[9.60612,47.41572],[9.60263,47.41767],[9.60016,47.41834],[9.5971,47.41867],[9.59842,47.41965],[9.59767,47.41996],[9.5949,47.4202],[9.59527,47.42083],[9.59222,47.4221],[9.59099,47.42225],[9.59005,47.42297],[9.59107,47.42389],[9.58979,47.42531],[9.59082,47.42699],[9.59626,47.42908],[9.59974,47.43056],[9.60233,47.43098],[9.6042,47.43191],[9.60753,47.43287],[9.60908,47.43389],[9.60979,47.43468],[9.61502,47.43587],[9.61594,47.43704],[9.6174,47.43737],[9.61775,47.438],[9.61947,47.43819],[9.61913,47.43903]]]]},"properties":{"id":16,"name":"Appenzell Innerrhoden"}}
]}