{"type":"FeatureCollection","features":[{"type":"Feature","properties":{"name":"Genfersee / Lac Léman","aliases":["Genfersee","Lac Léman","Lake Geneva"],"category":"lake","transboundary":true,"outsideSwitzerland":false,"source":"swissTLMRegio 2025"},"geometry":{"type":"Polygon","coordinates":[[[6.92749,46.40484],[6.92813,46.40575],[6.92839,46.40593],[6.93031,46.40882],[6.93068,46.40971],[6.93067,46.41134],[6.93055,46.4117],[6.92844,46.41455],[6.92791,46.41564],[6.92713,46.41799],[6.92631,46.41959],[6.92617,46.42013],[6.92599,46.42028],[6.92435,46.42156],[6.92409,46.42218],[6.92381,46.42255],[6.92374,46.42303],[6.92366,46.42435],[6.9234,46.42487],[6.92287,46.42543],[6.92103,46.42794],[6.9197,46.4292],[6.91912,46.42959],[6.9184,46.43008],[6.91736,46.43044],[6.91658,46.43044],[6.91476,46.42971],[6.9132,46.42952],[6.91139,46.43005],[6.91007,46.43094],[6.90925,46.43184],[6.90887,46.43274],[6.90884,46.43526],[6.90872,46.43562],[6.90688,46.43795],[6.90502,46.4392],[6.90269,46.44036],[6.90138,46.4408],[6.9006,46.4408],[6.89904,46.44052],[6.89826,46.44052],[6.89488,46.44005],[6.89254,46.44004],[6.89098,46.44021],[6.89045,46.4403],[6.88797,46.44119],[6.88745,46.44145],[6.88627,46.44246],[6.88432,46.44207],[6.88276,46.44206],[6.88119,46.44241],[6.87988,46.44322],[6.87964,46.44353],[6.87922,46.44411],[6.87855,46.44591],[6.87787,46.44638],[6.87724,46.44679],[6.87411,46.44778],[6.87323,46.44821],[6.87306,46.44831],[6.87176,46.4483],[6.86707,46.44882],[6.86341,46.44889],[6.86264,46.4488],[6.86161,46.44841],[6.86096,46.44789],[6.86044,46.4478],[6.86018,46.44797],[6.85978,46.44869],[6.85978,46.44905],[6.85926,46.45031],[6.85715,46.45246],[6.85609,46.45308],[6.85506,46.45308],[6.85426,46.45334],[6.8529,46.45675],[6.85289,46.4573],[6.85268,46.4575],[6.85251,46.45765],[6.852,46.45783],[6.84783,46.45853],[6.84731,46.45871],[6.84183,46.45958],[6.84105,46.45957],[6.83869,46.46037],[6.83739,46.46099],[6.83634,46.46135],[6.83582,46.4617],[6.83568,46.46188],[6.83581,46.46206],[6.83529,46.46233],[6.83526,46.46449],[6.83499,46.46539],[6.8342,46.46646],[6.83288,46.4679],[6.83255,46.46812],[6.83236,46.46825],[6.83003,46.46829],[6.82428,46.46839],[6.82272,46.46883],[6.82172,46.46943],[6.82114,46.46981],[6.82062,46.4699],[6.81749,46.46997],[6.81723,46.47006],[6.81593,46.47005],[6.81567,46.47014],[6.81392,46.47023],[6.81072,46.47038],[6.81046,46.47028],[6.80981,46.46975],[6.80903,46.46965],[6.80825,46.4701],[6.80811,46.47064],[6.80733,46.4709],[6.80367,46.4716],[6.80002,46.47193],[6.7995,46.47221],[6.79937,46.47212],[6.79885,46.47212],[6.79702,46.47247],[6.79284,46.47379],[6.78998,46.47451],[6.7872,46.47434],[6.78369,46.47398],[6.77902,46.47452],[6.77879,46.47471],[6.77772,46.47478],[6.77563,46.4754],[6.77537,46.4754],[6.77118,46.47682],[6.77092,46.47699],[6.76804,46.47797],[6.76778,46.47815],[6.76229,46.48],[6.76124,46.48045],[6.75917,46.48151],[6.75809,46.48223],[6.75625,46.48401],[6.75388,46.48544],[6.7511,46.4874],[6.7469,46.48919],[6.74458,46.48988],[6.74353,46.49005],[6.74145,46.48995],[6.7391,46.49021],[6.73797,46.49016],[6.73702,46.4901],[6.7352,46.48955],[6.73159,46.48763],[6.73028,46.48718],[6.72948,46.48718],[6.7282,46.48699],[6.72404,46.48669],[6.72383,46.48669],[6.72274,46.48669],[6.72194,46.48697],[6.72143,46.48713],[6.71906,46.48846],[6.7154,46.48997],[6.7142,46.49069],[6.71015,46.49299],[6.7062,46.49549],[6.7041,46.49655],[6.70332,46.49682],[6.70297,46.49701],[6.70122,46.49807],[6.69886,46.49924],[6.69748,46.49968],[6.69546,46.5001],[6.69467,46.50036],[6.69206,46.50052],[6.68997,46.50122],[6.68815,46.50221],[6.68761,46.50238],[6.68526,46.50256],[6.685,46.50236],[6.68448,46.50226],[6.68317,46.50289],[6.68133,46.50413],[6.68034,46.50414],[6.67677,46.50471],[6.67399,46.50454],[6.66864,46.50514],[6.66595,46.50649],[6.66325,46.50652],[6.6577,46.50658],[6.65596,46.50618],[6.6512,46.50647],[6.64619,46.50636],[6.64423,46.50588],[6.64344,46.50574],[6.64329,46.50571],[6.64223,46.50554],[6.64129,46.50567],[6.63789,46.50661],[6.63764,46.50661],[6.63633,46.50707],[6.63606,46.50707],[6.63476,46.5075],[6.63319,46.50777],[6.63163,46.50776],[6.62903,46.50738],[6.62904,46.50702],[6.62942,46.50647],[6.62896,46.50602],[6.62432,46.50843],[6.6238,46.5086],[6.6225,46.50868],[6.61988,46.50993],[6.61935,46.50993],[6.61898,46.50957],[6.61819,46.5091],[6.61766,46.5093],[6.61663,46.50981],[6.61651,46.50999],[6.61661,46.51073],[6.61554,46.51134],[6.61398,46.51189],[6.6111,46.51247],[6.60927,46.51273],[6.60901,46.5128],[6.60861,46.51355],[6.60833,46.51362],[6.60597,46.51379],[6.60575,46.51272],[6.60561,46.51251],[6.60535,46.51243],[6.60197,46.51324],[6.6017,46.51339],[6.60169,46.51393],[6.59643,46.5174],[6.5938,46.51873],[6.59223,46.51926],[6.59069,46.51934],[6.58781,46.51824],[6.58739,46.51842],[6.58677,46.5185],[6.58521,46.51902],[6.58412,46.5192],[6.58282,46.51919],[6.58145,46.51891],[6.58103,46.51881],[6.57844,46.5178],[6.57715,46.51689],[6.57573,46.51563],[6.57444,46.5148],[6.57341,46.51444],[6.57263,46.51434],[6.56951,46.5136],[6.56795,46.51331],[6.56665,46.51323],[6.56561,46.51296],[6.56485,46.5124],[6.56266,46.51022],[6.56177,46.50951],[6.55918,46.50866],[6.55786,46.50847],[6.55505,46.50845],[6.55471,46.50853],[6.55372,46.50853],[6.55343,46.50861],[6.5503,46.50879],[6.55004,46.50886],[6.54691,46.50902],[6.54665,46.5091],[6.54482,46.50909],[6.5412,46.50852],[6.54039,46.50868],[6.53975,46.50851],[6.53897,46.5085],[6.53766,46.50869],[6.53635,46.5091],[6.5345,46.5101],[6.53005,46.51284],[6.52531,46.51504],[6.52323,46.51575],[6.52295,46.51575],[6.52212,46.516],[6.5198,46.51662],[6.51927,46.51662],[6.51718,46.51588],[6.51669,46.51561],[6.51565,46.51578],[6.51421,46.51586],[6.51398,46.51603],[6.5125,46.5171],[6.51198,46.5171],[6.51146,46.51692],[6.50964,46.51663],[6.50937,46.51653],[6.50783,46.51599],[6.50756,46.51598],[6.50731,46.5158],[6.50705,46.5158],[6.50498,46.51452],[6.50319,46.51289],[6.50281,46.51235],[6.50281,46.51198],[6.50321,46.51163],[6.50321,46.51129],[6.50167,46.51],[6.50066,46.50892],[6.50036,46.50881],[6.499,46.50773],[6.49847,46.507],[6.49847,46.50682],[6.49771,46.5061],[6.49565,46.50471],[6.49538,46.50471],[6.49512,46.50454],[6.49431,46.50457],[6.4941,46.50427],[6.49357,46.504],[6.49291,46.50387],[6.49019,46.50333],[6.48941,46.50306],[6.48915,46.50306],[6.48812,46.5026],[6.48697,46.50133],[6.48556,46.50006],[6.48403,46.49824],[6.48327,46.49662],[6.48332,46.49392],[6.48294,46.49338],[6.48217,46.49283],[6.48139,46.49246],[6.48036,46.49218],[6.47945,46.492],[6.47789,46.4918],[6.47632,46.49178],[6.47502,46.49214],[6.47423,46.49222],[6.47293,46.49221],[6.47189,46.49201],[6.4706,46.49156],[6.46648,46.48865],[6.46416,46.48719],[6.46301,46.4861],[6.46263,46.48538],[6.46255,46.48286],[6.46242,46.48267],[6.46245,46.48088],[6.46273,46.4798],[6.46209,46.47925],[6.46131,46.47925],[6.45948,46.47959],[6.45896,46.47959],[6.45739,46.47985],[6.45583,46.47984],[6.45221,46.47808],[6.45185,46.4778],[6.45131,46.47736],[6.45005,46.47537],[6.4495,46.475],[6.44772,46.47436],[6.44357,46.47351],[6.44139,46.47266],[6.43761,46.47184],[6.43687,46.47175],[6.43345,46.47135],[6.43034,46.47071],[6.42722,46.47068],[6.42566,46.47048],[6.42306,46.46991],[6.41918,46.46853],[6.41686,46.46734],[6.41613,46.46684],[6.41403,46.46542],[6.41326,46.46506],[6.41067,46.46424],[6.41017,46.46395],[6.40964,46.4634],[6.40915,46.46214],[6.40786,46.46131],[6.40579,46.46058],[6.4032,46.46009],[6.40085,46.46017],[6.39929,46.46034],[6.39784,46.46037],[6.39648,46.46041],[6.39372,46.46081],[6.39253,46.46136],[6.39192,46.46202],[6.39003,46.46287],[6.38801,46.46419],[6.38617,46.46499],[6.38303,46.46604],[6.38251,46.46612],[6.38199,46.46612],[6.3803,46.46564],[6.37926,46.46563],[6.37691,46.46607],[6.37483,46.46605],[6.37223,46.46557],[6.36964,46.46474],[6.36757,46.46436],[6.36549,46.46416],[6.36342,46.46342],[6.35977,46.46339],[6.35952,46.4633],[6.35743,46.46319],[6.35536,46.4629],[6.35249,46.46217],[6.35026,46.46246],[6.34817,46.46232],[6.34606,46.46168],[6.34389,46.45996],[6.34176,46.45899],[6.34048,46.45806],[6.33895,46.45662],[6.33857,46.4561],[6.33805,46.45571],[6.33615,46.45317],[6.33486,46.45205],[6.33271,46.45044],[6.33192,46.45016],[6.33114,46.45007],[6.32959,46.44951],[6.32727,46.44823],[6.32625,46.4475],[6.32523,46.44641],[6.32443,46.44595],[6.32433,46.44577],[6.32252,46.44503],[6.32174,46.44494],[6.32097,46.44466],[6.32045,46.44429],[6.31931,46.44284],[6.31932,46.44265],[6.31894,46.44212],[6.3187,46.44104],[6.31819,46.44031],[6.3164,46.43903],[6.31512,46.43794],[6.31436,46.43703],[6.31372,46.43649],[6.31105,46.43448],[6.31052,46.43392],[6.31044,46.43341],[6.3104,46.43322],[6.31002,46.43267],[6.30848,46.43158],[6.30759,46.43067],[6.30524,46.42975],[6.30398,46.4291],[6.30166,46.42827],[6.30088,46.42817],[6.29959,46.42778],[6.29804,46.42679],[6.29792,46.42661],[6.29786,46.42573],[6.29785,46.4256],[6.29769,46.42508],[6.29718,46.42472],[6.2964,46.42444],[6.29588,46.42443],[6.29459,46.42487],[6.29353,46.42486],[6.29247,46.4244],[6.292,46.42367],[6.29163,46.42259],[6.29141,46.42079],[6.29128,46.42061],[6.29138,46.41593],[6.29113,46.41541],[6.28974,46.41357],[6.28758,46.41121],[6.28706,46.41085],[6.28582,46.40958],[6.28391,46.40817],[6.2831,46.40757],[6.2826,46.40684],[6.28235,46.40594],[6.28238,46.40486],[6.28346,46.40289],[6.28374,46.402],[6.28377,46.40038],[6.28315,46.39892],[6.28278,46.39839],[6.28163,46.39747],[6.28111,46.39729],[6.27955,46.39709],[6.27878,46.39655],[6.2779,46.39528],[6.27766,46.39456],[6.27677,46.39329],[6.27577,46.3922],[6.27499,46.39166],[6.27421,46.39146],[6.27185,46.39225],[6.27133,46.39233],[6.26925,46.39231],[6.26866,46.39248],[6.26834,46.39248],[6.26807,46.39266],[6.26467,46.39379],[6.26362,46.39396],[6.25972,46.39392],[6.25921,46.39373],[6.25898,46.39359],[6.25715,46.39245],[6.25535,46.39172],[6.25291,46.39034],[6.25073,46.38879],[6.2497,46.38788],[6.24921,46.38757],[6.24894,46.38742],[6.24869,46.38704],[6.24786,46.3845],[6.24768,46.38438],[6.24738,46.38434],[6.2467,46.38458],[6.24628,46.38421],[6.2457,46.3837],[6.24498,46.38255],[6.24379,46.38122],[6.24168,46.3797],[6.24039,46.37901],[6.23984,46.37863],[6.2394,46.37814],[6.23785,46.3774],[6.23683,46.37667],[6.23569,46.3754],[6.23504,46.3745],[6.23494,46.37395],[6.23431,46.37305],[6.23227,46.37105],[6.22768,46.3677],[6.22601,46.36648],[6.22394,46.36565],[6.22228,46.36435],[6.22127,46.3631],[6.22103,46.3622],[6.22042,46.36129],[6.21849,46.35983],[6.21748,46.35838],[6.21732,46.35805],[6.21686,46.35711],[6.2166,46.35693],[6.2148,46.35637],[6.21454,46.35619],[6.21417,46.35512],[6.21366,46.35415],[6.2133,46.35348],[6.21263,46.35275],[6.2095,46.34928],[6.20889,46.34749],[6.2089,46.34695],[6.20866,46.34605],[6.2088,46.34569],[6.20884,46.34407],[6.20833,46.34335],[6.20837,46.34191],[6.2085,46.34173],[6.20852,46.34065],[6.2084,46.34029],[6.20787,46.33972],[6.20739,46.3392],[6.20559,46.33792],[6.20504,46.33735],[6.20471,46.33701],[6.20459,46.33665],[6.20467,46.33288],[6.20469,46.33233],[6.20456,46.33197],[6.20231,46.32852],[6.20181,46.32744],[6.20157,46.32653],[6.2007,46.32508],[6.19972,46.32292],[6.19669,46.31856],[6.19657,46.3182],[6.19565,46.31729],[6.19439,46.31617],[6.19108,46.314],[6.18892,46.312],[6.18842,46.31147],[6.18347,46.30618],[6.18291,46.30564],[6.18194,46.30472],[6.18119,46.30364],[6.17954,46.30182],[6.17764,46.3],[6.1761,46.29917],[6.17429,46.29897],[6.17377,46.29878],[6.17224,46.29787],[6.1716,46.29714],[6.17125,46.29554],[6.17102,46.29443],[6.17107,46.29246],[6.17148,46.29138],[6.17163,46.29064],[6.17177,46.28994],[6.171,46.28976],[6.17074,46.28957],[6.17016,46.28669],[6.16979,46.28595],[6.1698,46.2856],[6.16955,46.28506],[6.16865,46.28379],[6.16866,46.28308],[6.17123,46.27968],[6.17124,46.2795],[6.17164,46.27897],[6.17209,46.27755],[6.1722,46.27717],[6.17218,46.27679],[6.17225,46.27492],[6.172,46.27456],[6.17123,46.27446],[6.1711,46.27428],[6.17062,46.27194],[6.17037,46.27157],[6.16938,46.27012],[6.16867,46.26777],[6.16841,46.26741],[6.16804,46.26633],[6.16805,46.26597],[6.16798,46.26519],[6.16749,46.26397],[6.16618,46.26445],[6.16536,46.26402],[6.16153,46.26062],[6.15936,46.25883],[6.1593,46.25838],[6.15928,46.25822],[6.1591,46.2576],[6.15892,46.25696],[6.15852,46.25637],[6.15804,46.25569],[6.15512,46.25296],[6.15385,46.25213],[6.1536,46.2516],[6.15362,46.25087],[6.15349,46.25069],[6.1535,46.25023],[6.15356,46.24799],[6.15383,46.24695],[6.15413,46.24582],[6.15415,46.24381],[6.15367,46.24277],[6.15243,46.24078],[6.15219,46.24005],[6.15209,46.23879],[6.15195,46.23861],[6.15198,46.23717],[6.15187,46.23699],[6.15206,46.23374],[6.15158,46.23285],[6.15137,46.23069],[6.15113,46.22997],[6.15114,46.22943],[6.15108,46.22925],[6.15051,46.22779],[6.15052,46.22708],[6.15201,46.22493],[6.15362,46.22351],[6.15455,46.22245],[6.15457,46.22174],[6.15333,46.21919],[6.15336,46.21775],[6.1542,46.21524],[6.15421,46.2147],[6.15466,46.21327],[6.15468,46.21257],[6.15428,46.21201],[6.15377,46.21164],[6.15212,46.21],[6.1511,46.20936],[6.15029,46.20859],[6.14927,46.20819],[6.1487,46.20797],[6.14953,46.20711],[6.15041,46.20619],[6.15091,46.20633],[6.1513,46.20639],[6.15364,46.20588],[6.15442,46.20579],[6.16262,46.20985],[6.16287,46.20994],[6.16364,46.20995],[6.16399,46.20973],[6.16423,46.20976],[6.16519,46.21015],[6.16769,46.21259],[6.16958,46.21337],[6.17057,46.21236],[6.17279,46.21329],[6.17366,46.21379],[6.17258,46.21458],[6.17619,46.2167],[6.17815,46.21973],[6.17867,46.22028],[6.17967,46.22181],[6.18397,46.22757],[6.18485,46.22854],[6.18682,46.23028],[6.19027,46.23393],[6.19097,46.23446],[6.19194,46.23657],[6.19261,46.23727],[6.19346,46.23872],[6.1936,46.23906],[6.19419,46.24053],[6.19413,46.24214],[6.19472,46.24421],[6.19353,46.24452],[6.19291,46.24509],[6.19286,46.24719],[6.19348,46.24914],[6.19445,46.25132],[6.19444,46.25187],[6.19391,46.25276],[6.19388,46.25402],[6.19485,46.25655],[6.19495,46.25709],[6.19492,46.25871],[6.19532,46.25927],[6.19596,46.2598],[6.19683,46.26107],[6.19757,46.26306],[6.19832,46.26413],[6.19947,46.26505],[6.19973,46.26505],[6.20234,46.2659],[6.20489,46.26638],[6.20826,46.2665],[6.20903,46.26669],[6.21002,46.26709],[6.21109,46.26752],[6.21147,46.26789],[6.2135,46.26925],[6.21426,46.27016],[6.21463,46.27143],[6.21514,46.27178],[6.21643,46.27235],[6.21719,46.27302],[6.21808,46.27381],[6.22049,46.27653],[6.22275,46.27998],[6.22655,46.28398],[6.22883,46.2867],[6.22934,46.28707],[6.23035,46.28744],[6.23473,46.28946],[6.23576,46.29018],[6.23688,46.29147],[6.2374,46.29218],[6.23789,46.29346],[6.23902,46.29509],[6.24298,46.29927],[6.24296,46.30035],[6.24168,46.30338],[6.24165,46.30501],[6.24179,46.30519],[6.24215,46.30582],[6.24437,46.30585],[6.24566,46.30632],[6.24643,46.30677],[6.24744,46.30714],[6.24874,46.30734],[6.24951,46.30762],[6.2504,46.30834],[6.25141,46.30979],[6.25206,46.31034],[6.25333,46.31179],[6.25392,46.31266],[6.25432,46.31324],[6.25465,46.31402],[6.25569,46.31652],[6.25808,46.31992],[6.25834,46.32012],[6.25897,46.32121],[6.25881,46.32229],[6.25708,46.32426],[6.25707,46.32497],[6.25782,46.32624],[6.25845,46.32678],[6.2601,46.32779],[6.26167,46.32835],[6.26269,46.32908],[6.26294,46.32944],[6.26305,46.33052],[6.26384,46.33107],[6.26459,46.33144],[6.26599,46.33253],[6.26645,46.33315],[6.26709,46.33403],[6.26839,46.33579],[6.27004,46.33763],[6.27055,46.33798],[6.27133,46.33816],[6.27184,46.33844],[6.27234,46.33898],[6.27701,46.34569],[6.27777,46.34662],[6.2779,46.34696],[6.27787,46.34828],[6.27786,46.3484],[6.27744,46.35],[6.27742,46.35091],[6.27755,46.3511],[6.2778,46.35128],[6.27907,46.35156],[6.28113,46.35239],[6.28186,46.35293],[6.28333,46.35403],[6.28741,46.35767],[6.28921,46.35886],[6.29127,46.35969],[6.29255,46.36061],[6.29357,46.36152],[6.29486,46.36207],[6.29719,46.36254],[6.29822,46.36291],[6.29951,46.36383],[6.30002,46.36419],[6.30259,46.36503],[6.30311,46.36539],[6.30336,46.36575],[6.30334,46.36664],[6.30346,46.36701],[6.30423,46.36756],[6.30526,46.36793],[6.30653,46.36813],[6.30695,46.36801],[6.30813,46.36769],[6.30917,46.3677],[6.31201,46.36863],[6.31401,46.36905],[6.31511,46.36929],[6.3164,46.36984],[6.32003,46.37015],[6.32103,46.37034],[6.32159,46.37034],[6.32314,46.37063],[6.32366,46.37081],[6.32557,46.37227],[6.32635,46.37273],[6.32712,46.37301],[6.32843,46.37291],[6.32895,46.37258],[6.32962,46.37186],[6.33103,46.37099],[6.3312,46.37089],[6.33172,46.37089],[6.33249,46.37117],[6.33353,46.37136],[6.33561,46.37138],[6.33722,46.37114],[6.33952,46.37079],[6.34082,46.3708],[6.34289,46.37127],[6.34369,46.37128],[6.34445,46.37129],[6.34547,46.37094],[6.34576,46.37094],[6.34683,46.3705],[6.34917,46.36908],[6.35074,46.36857],[6.351,46.36857],[6.35153,46.36829],[6.35166,46.36812],[6.35167,46.36758],[6.3513,46.36685],[6.35125,46.36408],[6.35124,46.36325],[6.35256,46.36237],[6.35296,46.36183],[6.35286,46.36003],[6.35459,46.35823],[6.35723,46.35629],[6.35802,46.3554],[6.35805,46.35396],[6.35966,46.35164],[6.36007,46.35055],[6.36042,46.35009],[6.36074,46.34967],[6.36153,46.34915],[6.36256,46.34879],[6.36283,46.34879],[6.36323,46.34852],[6.36401,46.34835],[6.36429,46.34816],[6.3648,46.34782],[6.3669,46.34703],[6.36717,46.34703],[6.36846,46.34659],[6.36872,46.3466],[6.37003,46.34616],[6.37186,46.34573],[6.37525,46.34522],[6.37655,46.34478],[6.37695,46.34442],[6.37786,46.34425],[6.37944,46.34353],[6.3797,46.34353],[6.38283,46.34259],[6.38625,46.34196],[6.38701,46.34182],[6.38961,46.34157],[6.39065,46.34158],[6.39164,46.34194],[6.39283,46.34286],[6.39332,46.3434],[6.39486,46.34558],[6.39485,46.34576],[6.39524,46.34612],[6.39533,46.34648],[6.39562,46.34667],[6.39614,46.34736],[6.3979,46.34973],[6.39917,46.35084],[6.40086,46.3512],[6.40171,46.35129],[6.40345,46.35142],[6.40394,46.3516],[6.405,46.35224],[6.40614,46.35333],[6.40614,46.3535],[6.4064,46.35369],[6.40639,46.35387],[6.40703,46.3546],[6.41035,46.35751],[6.41199,46.36004],[6.41263,46.36059],[6.41341,46.36096],[6.41444,46.36115],[6.416,46.36116],[6.41809,46.36073],[6.41913,46.36074],[6.42045,46.36093],[6.42432,46.36114],[6.4246,46.36124],[6.42666,46.36126],[6.42796,46.36109],[6.43004,46.36111],[6.43368,46.36187],[6.43574,46.36251],[6.43806,46.36308],[6.44064,46.36399],[6.44296,46.36527],[6.4439,46.36549],[6.44464,46.36582],[6.44671,46.36628],[6.44697,46.36647],[6.44868,46.36708],[6.45136,46.36809],[6.45342,46.36905],[6.456,46.36997],[6.45625,46.36997],[6.45959,46.37117],[6.45988,46.37117],[6.46349,46.37247],[6.46377,46.37248],[6.46556,46.37311],[6.46584,46.37312],[6.46918,46.37413],[6.47383,46.37597],[6.47539,46.37626],[6.47745,46.37699],[6.47825,46.37745],[6.47923,46.37926],[6.48111,46.37989],[6.4824,46.38254],[6.48299,46.38342],[6.48325,46.38435],[6.48324,46.3858],[6.48334,46.38663],[6.48358,46.38732],[6.48338,46.38758],[6.48336,46.38847],[6.48292,46.38991],[6.48288,46.39188],[6.48328,46.39306],[6.4843,46.39415],[6.48584,46.39542],[6.48738,46.39652],[6.49099,46.39834],[6.49253,46.39943],[6.49408,46.3999],[6.49538,46.4],[6.49668,46.40028],[6.4975,46.40065],[6.49848,46.4011],[6.50055,46.40184],[6.50289,46.40231],[6.5034,46.40249],[6.50572,46.40377],[6.5096,46.40515],[6.51167,46.40561],[6.51479,46.40601],[6.51661,46.40602],[6.51791,46.40576],[6.51898,46.40564],[6.52144,46.40507],[6.52196,46.4048],[6.52222,46.40481],[6.52353,46.4041],[6.52536,46.4033],[6.52982,46.40172],[6.53375,46.39986],[6.53506,46.39906],[6.53585,46.3988],[6.5369,46.39826],[6.53899,46.39756],[6.54107,46.39731],[6.54403,46.39652],[6.54546,46.39642],[6.55007,46.39662],[6.55044,46.39693],[6.55096,46.39712],[6.55226,46.39733],[6.5533,46.3975],[6.55744,46.39851],[6.56002,46.39899],[6.56107,46.39909],[6.56548,46.39993],[6.56704,46.40002],[6.5673,46.40012],[6.5686,46.40013],[6.57223,46.4007],[6.57431,46.4009],[6.57716,46.40154],[6.57846,46.40174],[6.57897,46.40192],[6.58099,46.40225],[6.58432,46.40264],[6.58758,46.40377],[6.58919,46.40403],[6.59004,46.40404],[6.59409,46.4034],[6.59573,46.40325],[6.59899,46.40369],[6.60132,46.40371],[6.60158,46.4038],[6.60469,46.40401],[6.60703,46.40438],[6.60755,46.40439],[6.61118,46.40513],[6.61313,46.40533],[6.61488,46.40525],[6.61534,46.40523],[6.61612,46.40517],[6.61634,46.40503],[6.61936,46.40505],[6.62133,46.40534],[6.62248,46.40611],[6.62475,46.40661],[6.62689,46.40676],[6.62713,46.40687],[6.62978,46.40689],[6.63157,46.40699],[6.63572,46.40765],[6.63624,46.40792],[6.63702,46.40811],[6.6378,46.40811],[6.63884,46.40785],[6.64093,46.40778],[6.64119,46.40769],[6.64353,46.4077],[6.64483,46.40789],[6.64908,46.40783],[6.65029,46.40784],[6.65055,46.40775],[6.65263,46.40768],[6.65524,46.40734],[6.65758,46.40726],[6.6581,46.40709],[6.65888,46.40709],[6.66227,46.40666],[6.66458,46.40662],[6.66565,46.4066],[6.66592,46.40651],[6.66852,46.40653],[6.66895,46.40659],[6.67163,46.407],[6.67474,46.40801],[6.67656,46.40883],[6.67837,46.40911],[6.67993,46.40912],[6.68019,46.40903],[6.68201,46.40896],[6.68357,46.4087],[6.6854,46.40871],[6.68591,46.4088],[6.68747,46.40944],[6.69084,46.40982],[6.70281,46.40981],[6.70307,46.40973],[6.70489,46.40974],[6.70515,46.40965],[6.70593,46.40965],[6.70619,46.40975],[6.71035,46.40977],[6.71166,46.4096],[6.71374,46.40961],[6.71533,46.40994],[6.71868,46.41],[6.71894,46.40992],[6.71998,46.40992],[6.72232,46.40949],[6.72314,46.4095],[6.72623,46.4096],[6.72962,46.40828],[6.73275,46.40767],[6.73563,46.40678],[6.73693,46.40652],[6.74084,46.40637],[6.74292,46.40602],[6.74604,46.40622],[6.7463,46.40611],[6.75003,46.40613],[6.75046,46.40614],[6.75333,46.40565],[6.75516,46.4051],[6.75672,46.40484],[6.75805,46.4045],[6.75825,46.40435],[6.75881,46.40414],[6.75934,46.40378],[6.75987,46.40307],[6.76065,46.40253],[6.76118,46.40235],[6.7643,46.4021],[6.76718,46.40149],[6.77004,46.4006],[6.772,46.39963],[6.77331,46.39927],[6.7738,46.39919],[6.77643,46.3992],[6.77695,46.39912],[6.77956,46.39814],[6.77983,46.39796],[6.78374,46.39664],[6.78479,46.39646],[6.78609,46.39647],[6.78765,46.3963],[6.78974,46.39559],[6.79055,46.39515],[6.79183,46.3947],[6.79313,46.39453],[6.79521,46.39454],[6.79677,46.39509],[6.79702,46.39527],[6.79884,46.39555],[6.80171,46.39566],[6.803,46.39585],[6.80508,46.39587],[6.8056,46.39577],[6.80605,46.39533],[6.80743,46.39524],[6.80821,46.39471],[6.81057,46.39355],[6.81306,46.39264],[6.81344,46.39248],[6.81527,46.39214],[6.81706,46.39206],[6.81787,46.39179],[6.81944,46.39081],[6.82309,46.38975],[6.8244,46.38886],[6.82546,46.38841],[6.82779,46.38815],[6.82936,46.38789],[6.82988,46.38772],[6.83248,46.38764],[6.83456,46.38801],[6.83534,46.38802],[6.84027,46.38894],[6.8426,46.38922],[6.84312,46.38941],[6.8452,46.38979],[6.84832,46.38981],[6.84911,46.38972],[6.84988,46.38962],[6.85275,46.38866],[6.8559,46.38725],[6.85641,46.38695],[6.85719,46.38669],[6.85875,46.38706],[6.85964,46.38841],[6.85964,46.38859],[6.86041,46.38968],[6.8604,46.3904],[6.86014,46.39093],[6.86013,46.39128],[6.85988,46.39165],[6.85933,46.39325],[6.85854,46.39469],[6.85853,46.39524],[6.85866,46.39542],[6.8597,46.39552],[6.86047,46.39642],[6.86099,46.39652],[6.86227,46.39571],[6.86474,46.39488],[6.86517,46.39472],[6.86543,46.39456],[6.86673,46.39421],[6.86751,46.39421],[6.86857,46.3944],[6.87141,46.39513],[6.87296,46.39532],[6.87413,46.39532],[6.87543,46.39569],[6.87647,46.39624],[6.87776,46.39651],[6.8788,46.39652],[6.87906,46.39643],[6.88011,46.39643],[6.88245,46.39617],[6.88348,46.39618],[6.88375,46.39628],[6.88453,46.39628],[6.88763,46.39692],[6.88868,46.39692],[6.88908,46.39666],[6.88985,46.39675],[6.89116,46.39649],[6.8943,46.39542],[6.89585,46.39534],[6.89678,46.39567],[6.89843,46.39625],[6.89875,46.39646],[6.89973,46.39716],[6.90088,46.39743],[6.90207,46.39744],[6.90311,46.39726],[6.90389,46.39727],[6.90543,46.39754],[6.90751,46.39755],[6.90959,46.3972],[6.9104,46.39694],[6.91066,46.39694],[6.91172,46.39649],[6.91326,46.39668],[6.91428,46.39648],[6.91588,46.39617],[6.91794,46.39618],[6.91925,46.39635],[6.91944,46.39648],[6.92024,46.39701],[6.92067,46.39744],[6.92325,46.39837],[6.92438,46.39957],[6.92489,46.40023],[6.92514,46.40069],[6.92526,46.40128],[6.92517,46.40294],[6.92594,46.40385],[6.92749,46.40484]]]}},{"type":"Feature","properties":{"name":"Neuenburgersee","aliases":["Lac de Neuchâtel"],"category":"lake","transboundary":false,"outsideSwitzerland":false,"source":"swissTLMRegio 2025"},"geometry":{"type":"Polygon","coordinates":[[[6.98564,47.01015],[6.98536,47.01073],[6.98419,47.01081],[6.98313,47.01004],[6.98207,47.01014],[6.98118,47.0096],[6.97904,47.00862],[6.97785,47.00926],[6.97739,47.00926],[6.9758,47.00824],[6.97587,47.00765],[6.97637,47.00724],[6.97413,47.00636],[6.97239,47.00502],[6.9715,47.00488],[6.96819,47.00438],[6.9617,47.00244],[6.96087,47.00213],[6.9606,47.00057],[6.96007,47.00003],[6.95954,46.9993],[6.95948,46.99878],[6.95851,46.99832],[6.95804,46.99837],[6.95772,46.99822],[6.95704,46.99778],[6.95693,46.99741],[6.95579,46.99672],[6.95369,46.99632],[6.95179,46.99693],[6.95151,46.99713],[6.95044,46.99665],[6.94999,46.99673],[6.94972,46.99647],[6.94959,46.99593],[6.94944,46.99559],[6.94978,46.99539],[6.94972,46.99505],[6.94643,46.9937],[6.94458,46.99343],[6.94287,46.99316],[6.94208,46.99304],[6.94104,46.99265],[6.94055,46.99299],[6.94005,46.99359],[6.9366,46.99221],[6.93617,46.99273],[6.93464,46.992],[6.93412,46.99162],[6.9345,46.99143],[6.93474,46.99107],[6.93325,46.99035],[6.93164,46.98974],[6.92993,46.9895],[6.92966,46.98968],[6.92915,46.98999],[6.92861,46.99017],[6.92755,46.99037],[6.92703,46.99023],[6.92579,46.98936],[6.92635,46.98871],[6.92539,46.98823],[6.92477,46.98865],[6.92011,46.9868],[6.91813,46.98592],[6.91583,46.98433],[6.91376,46.98274],[6.91322,46.9823],[6.90904,46.97997],[6.90678,46.97949],[6.90342,46.97952],[6.90205,46.97867],[6.90041,46.97824],[6.89891,46.97833],[6.89847,46.97893],[6.89652,46.97839],[6.89607,46.97827],[6.89189,46.97735],[6.8884,46.97667],[6.88586,46.97543],[6.88459,46.97492],[6.88279,46.97433],[6.88213,46.97366],[6.88139,46.97284],[6.87821,46.97155],[6.87678,46.97108],[6.87661,46.97084],[6.87648,46.96967],[6.87639,46.96881],[6.87575,46.96824],[6.87536,46.96806],[6.87548,46.96778],[6.87573,46.96744],[6.87587,46.96708],[6.87587,46.96618],[6.8751,46.96455],[6.87519,46.96249],[6.87526,46.96204],[6.8758,46.9606],[6.87589,46.95992],[6.87594,46.95962],[6.87595,46.9588],[6.87558,46.95772],[6.87531,46.95726],[6.87479,46.95646],[6.87414,46.95591],[6.87351,46.95491],[6.87272,46.95339],[6.87221,46.95194],[6.87222,46.95158],[6.87196,46.95104],[6.87185,46.94924],[6.87265,46.94771],[6.87239,46.94727],[6.87213,46.94709],[6.87188,46.94663],[6.87109,46.94636],[6.87057,46.94636],[6.86965,46.94608],[6.86859,46.94581],[6.86704,46.94531],[6.86487,46.9444],[6.86232,46.94308],[6.86102,46.94226],[6.86022,46.94226],[6.85944,46.94243],[6.85839,46.94243],[6.85682,46.94214],[6.85603,46.94188],[6.85558,46.94159],[6.85447,46.94088],[6.85358,46.9405],[6.85263,46.94043],[6.85158,46.94059],[6.85053,46.94059],[6.85,46.9405],[6.84883,46.94013],[6.84739,46.93967],[6.8466,46.93913],[6.84544,46.93786],[6.84465,46.93732],[6.84335,46.93668],[6.84257,46.93614],[6.84218,46.93578],[6.84114,46.93424],[6.84103,46.93394],[6.84076,46.93343],[6.84076,46.93307],[6.84038,46.93199],[6.8402,46.93046],[6.84006,46.92956],[6.83995,46.92884],[6.83977,46.92803],[6.83925,46.92749],[6.83847,46.92694],[6.83768,46.92694],[6.83715,46.92702],[6.83471,46.92778],[6.83378,46.92801],[6.83266,46.92813],[6.83221,46.92812],[6.83112,46.92768],[6.82984,46.92685],[6.82888,46.92577],[6.82819,46.92501],[6.827,46.9243],[6.82444,46.92373],[6.82204,46.92328],[6.82131,46.92314],[6.81957,46.92244],[6.81729,46.92104],[6.81527,46.91939],[6.81454,46.91894],[6.8139,46.91881],[6.81188,46.91874],[6.81133,46.91867],[6.80985,46.91817],[6.80889,46.91788],[6.80772,46.91751],[6.80719,46.91724],[6.80628,46.91651],[6.80611,46.9163],[6.80577,46.91588],[6.80421,46.91389],[6.80344,46.91299],[6.8024,46.91181],[6.80181,46.91136],[6.80071,46.91053],[6.79862,46.90945],[6.79758,46.90873],[6.79589,46.90728],[6.7938,46.90619],[6.79224,46.90519],[6.79119,46.90473],[6.79067,46.90437],[6.79016,46.90365],[6.79003,46.90293],[6.78965,46.9022],[6.78796,46.90076],[6.78708,46.90007],[6.78601,46.8993],[6.78549,46.89912],[6.78489,46.89873],[6.78386,46.89801],[6.78325,46.89759],[6.78277,46.89694],[6.78263,46.89641],[6.7816,46.89496],[6.78056,46.89424],[6.77873,46.8935],[6.77742,46.8935],[6.7769,46.89331],[6.77547,46.89223],[6.77494,46.89195],[6.77437,46.89178],[6.77243,46.89163],[6.7717,46.89144],[6.77038,46.88972],[6.77031,46.88962],[6.77022,46.88954],[6.76917,46.88839],[6.7666,46.88636],[6.76597,46.8856],[6.7657,46.88485],[6.76517,46.88296],[6.76375,46.87942],[6.76367,46.87878],[6.76311,46.87802],[6.76213,46.87656],[6.76132,46.8758],[6.75957,46.8729],[6.75753,46.87024],[6.75639,46.86799],[6.75631,46.86781],[6.75427,46.86546],[6.75234,46.86433],[6.75155,46.86393],[6.75076,46.86365],[6.74738,46.86156],[6.74451,46.86055],[6.74214,46.86],[6.74145,46.85969],[6.74111,46.85954],[6.74033,46.859],[6.73982,46.85828],[6.73865,46.85737],[6.73734,46.85691],[6.7363,46.85673],[6.73577,46.85644],[6.73539,46.85609],[6.73476,46.85508],[6.7341,46.85428],[6.73124,46.85256],[6.73071,46.85237],[6.72731,46.85208],[6.72549,46.85169],[6.72535,46.85165],[6.72522,46.85162],[6.72468,46.85143],[6.72235,46.85007],[6.72001,46.84898],[6.71925,46.84882],[6.7187,46.8487],[6.71728,46.84819],[6.71711,46.84813],[6.71651,46.84771],[6.71583,46.84724],[6.71532,46.8467],[6.71481,46.84525],[6.71169,46.8429],[6.71001,46.84127],[6.70898,46.84],[6.70807,46.83927],[6.70651,46.83854],[6.70417,46.83718],[6.70376,46.83704],[6.69973,46.83571],[6.69765,46.83471],[6.69556,46.83389],[6.69478,46.83334],[6.69441,46.8328],[6.69362,46.83225],[6.69153,46.83161],[6.69021,46.8313],[6.68891,46.83114],[6.68761,46.83068],[6.68696,46.82996],[6.68699,46.82834],[6.68673,46.82798],[6.6857,46.82752],[6.68491,46.82698],[6.68465,46.82662],[6.68439,46.82561],[6.68427,46.82544],[6.68375,46.82526],[6.6827,46.82525],[6.68218,46.82507],[6.68062,46.82416],[6.67906,46.82361],[6.6792,46.82271],[6.67881,46.82235],[6.67803,46.82198],[6.67647,46.82143],[6.67516,46.82115],[6.67411,46.82106],[6.67229,46.82042],[6.67098,46.81978],[6.66679,46.81832],[6.66551,46.81794],[6.66342,46.81748],[6.66263,46.81719],[6.66133,46.81701],[6.66054,46.81674],[6.65886,46.81529],[6.65705,46.81464],[6.65625,46.81428],[6.65561,46.81373],[6.65478,46.8128],[6.65327,46.8121],[6.64743,46.80818],[6.64508,46.80692],[6.64465,46.80669],[6.64405,46.80637],[6.64133,46.80536],[6.63884,46.80435],[6.63754,46.80352],[6.63677,46.80245],[6.6364,46.80137],[6.63631,46.79957],[6.63686,46.79773],[6.63711,46.79714],[6.63707,46.79653],[6.63713,46.79597],[6.6374,46.79543],[6.63848,46.794],[6.63992,46.79245],[6.64055,46.7926],[6.64163,46.79295],[6.64267,46.79349],[6.64319,46.7935],[6.64568,46.79121],[6.64414,46.79011],[6.64465,46.78977],[6.64617,46.78875],[6.64758,46.78773],[6.64906,46.78688],[6.6501,46.78716],[6.65193,46.78711],[6.65233,46.78708],[6.65259,46.7869],[6.65299,46.78637],[6.65352,46.78601],[6.65404,46.78582],[6.65536,46.78583],[6.65875,46.78668],[6.66075,46.78738],[6.6611,46.7875],[6.66138,46.78777],[6.66177,46.78794],[6.66266,46.78832],[6.66461,46.78887],[6.66985,46.78881],[6.6705,46.78904],[6.67117,46.78928],[6.67168,46.78964],[6.67192,46.78998],[6.67232,46.79055],[6.67324,46.79127],[6.67453,46.79174],[6.6761,46.7921],[6.67896,46.79338],[6.68313,46.79493],[6.68522,46.79531],[6.68651,46.79577],[6.68756,46.7964],[6.68965,46.79741],[6.69754,46.80004],[6.70315,46.80191],[6.70503,46.80254],[6.70686,46.80346],[6.70791,46.8039],[6.70855,46.8041],[6.71051,46.80474],[6.71417,46.80539],[6.71495,46.80567],[6.71547,46.80603],[6.71652,46.80712],[6.71702,46.80739],[6.71833,46.80776],[6.7208,46.80787],[6.72753,46.80777],[6.7292,46.80783],[6.72979,46.8079],[6.73077,46.80802],[6.73235,46.80803],[6.73418,46.80777],[6.73787,46.80671],[6.73839,46.80672],[6.73891,46.8069],[6.73969,46.80744],[6.74086,46.80854],[6.74138,46.80871],[6.74217,46.80863],[6.74265,46.8083],[6.74322,46.80809],[6.74375,46.80774],[6.74508,46.8065],[6.74547,46.80613],[6.74653,46.80542],[6.74864,46.80462],[6.74969,46.80445],[6.75048,46.80418],[6.7531,46.80366],[6.75573,46.80358],[6.75782,46.80395],[6.75912,46.80441],[6.76094,46.80541],[6.76536,46.80841],[6.7664,46.80894],[6.76818,46.81017],[6.77212,46.81286],[6.77368,46.81367],[6.77654,46.81567],[6.77836,46.81667],[6.77913,46.81725],[6.77979,46.81785],[6.78291,46.81994],[6.78447,46.8212],[6.78583,46.8222],[6.78733,46.82338],[6.78758,46.82375],[6.78901,46.82501],[6.7894,46.82555],[6.78978,46.82591],[6.79161,46.8269],[6.79387,46.8284],[6.79745,46.83077],[6.79967,46.83227],[6.80006,46.83263],[6.80058,46.83335],[6.80162,46.83408],[6.80344,46.83499],[6.80604,46.8368],[6.80865,46.83825],[6.80879,46.8383],[6.811,46.83917],[6.81139,46.83935],[6.81295,46.84021],[6.81464,46.84135],[6.81528,46.84162],[6.81595,46.8418],[6.817,46.84163],[6.81805,46.84163],[6.81857,46.84173],[6.82078,46.84236],[6.82262,46.84292],[6.82333,46.84311],[6.82393,46.84328],[6.82719,46.84438],[6.8285,46.84501],[6.82967,46.84548],[6.83138,46.84613],[6.83189,46.84648],[6.83228,46.84702],[6.83332,46.84729],[6.83385,46.8473],[6.83489,46.84748],[6.83542,46.84767],[6.83581,46.84803],[6.83593,46.84884],[6.8377,46.84961],[6.83826,46.85006],[6.83997,46.85111],[6.84061,46.85201],[6.84061,46.85255],[6.83974,46.85372],[6.84138,46.85372],[6.84192,46.85392],[6.84243,46.85418],[6.84474,46.85581],[6.84566,46.85699],[6.84972,46.85845],[6.84998,46.85863],[6.85077,46.8589],[6.85142,46.85926],[6.85312,46.86008],[6.85494,46.86081],[6.85677,46.86172],[6.85728,46.86172],[6.85808,46.86147],[6.85874,46.86151],[6.85963,46.86208],[6.8603,46.863],[6.86043,46.86336],[6.86042,46.8639],[6.86081,46.86461],[6.86481,46.86689],[6.86498,46.86698],[6.86707,46.8678],[6.86733,46.86798],[6.86942,46.86871],[6.87046,46.86926],[6.87137,46.87016],[6.8718,46.87067],[6.87436,46.87369],[6.87591,46.87513],[6.87794,46.87653],[6.88063,46.87836],[6.88321,46.88012],[6.88502,46.88192],[6.8858,46.88301],[6.8858,46.88337],[6.88584,46.88346],[6.88605,46.88391],[6.88866,46.88563],[6.88969,46.88618],[6.89259,46.8881],[6.8957,46.89006],[6.89609,46.89034],[6.89713,46.89107],[6.89765,46.89161],[6.89948,46.89306],[6.90008,46.8934],[6.90157,46.89424],[6.90208,46.89443],[6.90287,46.89496],[6.90326,46.89551],[6.90326,46.89587],[6.90246,46.89694],[6.90245,46.89748],[6.90284,46.89802],[6.90336,46.89839],[6.90519,46.89911],[6.90624,46.89966],[6.9082,46.90047],[6.9095,46.90102],[6.91107,46.90157],[6.91147,46.90175],[6.91408,46.90275],[6.91454,46.90298],[6.91591,46.90365],[6.91721,46.90448],[6.9189,46.90529],[6.92009,46.90584],[6.92197,46.90658],[6.92292,46.90666],[6.92389,46.90676],[6.92651,46.90686],[6.9273,46.90713],[6.92834,46.90777],[6.92873,46.90839],[6.92912,46.90921],[6.9291,46.91065],[6.92923,46.91101],[6.92974,46.91164],[6.9317,46.91256],[6.93236,46.91282],[6.9355,46.91392],[6.93588,46.91403],[6.93732,46.91446],[6.94087,46.91565],[6.94192,46.91619],[6.94244,46.91638],[6.94296,46.91674],[6.94327,46.91692],[6.94387,46.91737],[6.94426,46.91773],[6.94491,46.91863],[6.94583,46.91936],[6.94844,46.92063],[6.94923,46.9209],[6.94975,46.92117],[6.95066,46.92177],[6.95184,46.92253],[6.95236,46.92308],[6.95327,46.9238],[6.95353,46.92416],[6.95405,46.92453],[6.95496,46.92561],[6.95548,46.92598],[6.95601,46.92606],[6.95758,46.9267],[6.95967,46.92787],[6.9615,46.92869],[6.96228,46.92914],[6.96582,46.93042],[6.96647,46.93069],[6.96889,46.93232],[6.97248,46.93494],[6.97457,46.93603],[6.97692,46.93685],[6.97876,46.93776],[6.97967,46.93834],[6.98032,46.93875],[6.98057,46.93912],[6.98056,46.94019],[6.98031,46.94091],[6.98029,46.94235],[6.98042,46.9427],[6.98133,46.9438],[6.98237,46.94476],[6.9825,46.94488],[6.98355,46.9456],[6.9846,46.94615],[6.98708,46.94697],[6.9884,46.94733],[6.99128,46.94833],[6.99298,46.94906],[6.99429,46.94979],[6.99742,46.95196],[6.99899,46.95277],[7.0003,46.95323],[7.00083,46.95332],[7.00278,46.95336],[7.00398,46.95351],[7.00516,46.95397],[7.00607,46.95424],[7.00738,46.95487],[7.00895,46.95587],[7.01078,46.95678],[7.01157,46.95705],[7.01236,46.95714],[7.01367,46.9576],[7.01656,46.95959],[7.01707,46.95995],[7.01759,46.96013],[7.01814,46.96022],[7.01969,46.96023],[7.02022,46.96041],[7.02191,46.96185],[7.02254,46.96229],[7.02309,46.96258],[7.02348,46.96276],[7.02453,46.96294],[7.02506,46.96313],[7.02584,46.96322],[7.02715,46.96412],[7.02794,46.96485],[7.02806,46.96521],[7.02845,46.96574],[7.02871,46.96611],[7.02897,46.96683],[7.02949,46.96763],[7.02988,46.96809],[7.03119,46.969],[7.03336,46.97012],[7.03381,46.97035],[7.03564,46.97162],[7.03693,46.97288],[7.03759,46.97397],[7.03785,46.97469],[7.03901,46.97631],[7.03928,46.97657],[7.03954,46.97685],[7.04032,46.97793],[7.04025,46.97928],[7.04018,46.97991],[7.04086,46.98121],[7.04086,46.98147],[7.04084,46.98207],[7.04081,46.98298],[7.04225,46.98361],[7.04356,46.98451],[7.04408,46.98523],[7.0446,46.9856],[7.04525,46.98587],[7.04749,46.98659],[7.04939,46.98768],[7.04997,46.98813],[7.04997,46.98903],[7.0497,46.98975],[7.0489,46.99092],[7.04864,46.99119],[7.04665,46.99361],[7.04532,46.9954],[7.04426,46.99701],[7.04399,46.99729],[7.04333,46.99819],[7.042,46.99944],[7.04174,46.9998],[7.03816,47.00303],[7.03377,47.00635],[7.03275,47.00698],[7.03211,47.00728],[7.0314,47.0075],[7.03046,47.0075],[7.02983,47.00747],[7.02807,47.00716],[7.02647,47.00708],[7.02209,47.00333],[7.02196,47.00341],[7.02169,47.00358],[7.02149,47.00381],[7.02134,47.00493],[7.02087,47.00605],[7.0205,47.0063],[7.02004,47.00638],[7.01837,47.00636],[7.01461,47.00605],[7.01386,47.00584],[7.01344,47.00565],[7.0129,47.00518],[7.01239,47.00446],[7.01185,47.00428],[7.01087,47.0042],[7.01022,47.00418],[7.00927,47.00411],[7.00686,47.00408],[7.00527,47.00453],[7.00411,47.00556],[7.00316,47.00596],[7.00026,47.00604],[6.99947,47.00621],[6.99895,47.00621],[6.99763,47.00657],[6.99657,47.00728],[6.99458,47.00997],[6.99444,47.01004],[6.99402,47.01028],[6.99379,47.01015],[6.99175,47.01012],[6.99028,47.00954],[6.98832,47.00944],[6.98621,47.00981],[6.98564,47.01015]]]}},{"type":"Feature","properties":{"name":"Bielersee","aliases":["Lac de Bienne"],"category":"lake","transboundary":false,"outsideSwitzerland":false,"source":"swissTLMRegio 2025"},"geometry":{"type":"Polygon","coordinates":[[[7.20506,47.08865],[7.20506,47.08922],[7.20388,47.09174],[7.20387,47.09288],[7.20387,47.09336],[7.20399,47.09391],[7.2049,47.09535],[7.2049,47.09552],[7.20632,47.09698],[7.20654,47.09715],[7.20868,47.09887],[7.20923,47.09931],[7.21068,47.10075],[7.21134,47.10179],[7.21159,47.10219],[7.2125,47.10453],[7.21316,47.10543],[7.21522,47.10666],[7.21605,47.10715],[7.217,47.10805],[7.21776,47.10877],[7.21828,47.10985],[7.21838,47.11026],[7.21906,47.11309],[7.21931,47.11344],[7.21971,47.11471],[7.21997,47.11507],[7.22036,47.11615],[7.22047,47.1163],[7.22102,47.11705],[7.22272,47.11885],[7.22364,47.11958],[7.22391,47.11967],[7.2264,47.12183],[7.22732,47.12273],[7.22929,47.12507],[7.22951,47.12526],[7.23004,47.1257],[7.23047,47.12624],[7.23378,47.12918],[7.23494,47.13021],[7.23601,47.13168],[7.23616,47.13189],[7.23624,47.133],[7.23579,47.1335],[7.23466,47.13444],[7.23386,47.13489],[7.23307,47.13516],[7.23202,47.13515],[7.22623,47.13316],[7.22149,47.13118],[7.22091,47.13076],[7.21716,47.12813],[7.21662,47.12775],[7.21426,47.12693],[7.21241,47.12585],[7.21058,47.12423],[7.20874,47.12224],[7.20716,47.1208],[7.20603,47.12028],[7.20399,47.11932],[7.20217,47.11836],[7.19901,47.11628],[7.19428,47.11339],[7.1927,47.11259],[7.1906,47.11169],[7.1901,47.11151],[7.18692,47.11032],[7.1856,47.10942],[7.18364,47.10744],[7.17918,47.10356],[7.17629,47.10157],[7.17471,47.10067],[7.17296,47.09995],[7.1702,47.09883],[7.16522,47.09603],[7.16403,47.09515],[7.16319,47.09414],[7.16247,47.09376],[7.1622,47.09363],[7.15813,47.09166],[7.15778,47.09156],[7.15712,47.09141],[7.15667,47.09136],[7.15241,47.09089],[7.15112,47.09063],[7.14992,47.09026],[7.14464,47.08786],[7.13929,47.08534],[7.13804,47.08483],[7.136,47.08416],[7.13495,47.0842],[7.13201,47.08284],[7.12516,47.07977],[7.12122,47.07813],[7.11965,47.07759],[7.1165,47.07605],[7.11571,47.07551],[7.11519,47.07479],[7.11428,47.07227],[7.11233,47.06992],[7.11045,47.06824],[7.1103,47.06811],[7.10931,47.06722],[7.10807,47.06643],[7.10645,47.06571],[7.10461,47.06517],[7.09993,47.06299],[7.09609,47.06159],[7.09432,47.06122],[7.09235,47.0608],[7.09028,47.0603],[7.08941,47.06022],[7.08695,47.05998],[7.08574,47.05993],[7.08469,47.05987],[7.08404,47.05987],[7.08333,47.05987],[7.08276,47.05981],[7.08216,47.05948],[7.08152,47.05909],[7.08091,47.0588],[7.07959,47.05846],[7.07865,47.05823],[7.07797,47.05766],[7.07531,47.05625],[7.07438,47.05546],[7.0745,47.05461],[7.0749,47.05407],[7.07583,47.05334],[7.07636,47.05308],[7.07662,47.05308],[7.07787,47.05267],[7.078,47.05257],[7.0782,47.0521],[7.07821,47.05084],[7.07901,47.04958],[7.0806,47.04833],[7.08139,47.04806],[7.08192,47.04797],[7.08427,47.04798],[7.08455,47.04789],[7.08955,47.04791],[7.08981,47.048],[7.09087,47.048],[7.09323,47.04828],[7.09385,47.04828],[7.09455,47.04828],[7.09481,47.04819],[7.09613,47.0482],[7.09639,47.04811],[7.09876,47.04811],[7.10071,47.04837],[7.10146,47.04831],[7.1024,47.04785],[7.10285,47.04757],[7.10294,47.04741],[7.10272,47.04696],[7.10273,47.04588],[7.10326,47.0448],[7.10479,47.04285],[7.10565,47.04202],[7.10721,47.04082],[7.10776,47.0404],[7.10855,47.03996],[7.11014,47.03942],[7.11119,47.03924],[7.11172,47.03924],[7.11224,47.03943],[7.11303,47.03952],[7.11672,47.03926],[7.11698,47.03935],[7.11908,47.03945],[7.12145,47.0399],[7.12539,47.04126],[7.12763,47.04163],[7.12933,47.0419],[7.13091,47.04236],[7.13196,47.04254],[7.13459,47.04336],[7.13485,47.04336],[7.1359,47.04381],[7.13617,47.04381],[7.13879,47.04472],[7.13996,47.0453],[7.14062,47.04562],[7.14116,47.04589],[7.14154,47.04606],[7.14299,47.04671],[7.14431,47.04716],[7.14477,47.04739],[7.14667,47.04834],[7.14904,47.04915],[7.15061,47.04943],[7.15246,47.04943],[7.15509,47.04908],[7.15698,47.04928],[7.15877,47.04972],[7.15952,47.04999],[7.16376,47.05153],[7.16639,47.05288],[7.16875,47.05451],[7.17111,47.05685],[7.17162,47.05721],[7.17531,47.05902],[7.17557,47.05956],[7.17504,47.06028],[7.1749,47.06136],[7.1753,47.06172],[7.17564,47.06193],[7.17664,47.06255],[7.17634,47.06334],[7.17634,47.06496],[7.17646,47.06532],[7.17686,47.06586],[7.17778,47.06658],[7.17816,47.06676],[7.17862,47.06672],[7.17922,47.0665],[7.17982,47.06599],[7.18028,47.0656],[7.1816,47.06479],[7.18187,47.0647],[7.18318,47.0648],[7.1845,47.06525],[7.18513,47.06568],[7.18555,47.06597],[7.18948,47.0694],[7.19079,47.0712],[7.19093,47.07156],[7.19171,47.07228],[7.19223,47.073],[7.19249,47.07408],[7.19302,47.07534],[7.19432,47.07714],[7.19615,47.07896],[7.19862,47.0818],[7.19943,47.08273],[7.20071,47.08382],[7.20349,47.08616],[7.20494,47.08796],[7.20507,47.08832],[7.20506,47.08865]],[[7.12155,47.05914],[7.12462,47.06087],[7.12803,47.06268],[7.13249,47.06467],[7.13486,47.06612],[7.1364,47.06815],[7.13747,47.06954],[7.13773,47.06972],[7.14061,47.07387],[7.14126,47.07531],[7.1402,47.07621],[7.1402,47.07657],[7.14084,47.07747],[7.14164,47.07801],[7.14322,47.0781],[7.14559,47.07738],[7.14691,47.07676],[7.14823,47.07632],[7.14876,47.07595],[7.14876,47.07578],[7.14916,47.07524],[7.14943,47.07416],[7.14922,47.07387],[7.14864,47.07308],[7.14786,47.07236],[7.14746,47.07182],[7.14655,47.07092],[7.1455,47.07019],[7.14314,47.06893],[7.14156,47.06793],[7.13959,47.06649],[7.13645,47.06378],[7.13436,47.06162],[7.13357,47.06108],[7.1249,47.057],[7.12385,47.05664],[7.12305,47.05629],[7.11886,47.05447],[7.11597,47.05338],[7.1144,47.05257],[7.11283,47.05157],[7.1102,47.05022],[7.10784,47.04922],[7.10689,47.04889],[7.10574,47.04849],[7.10547,47.04831],[7.10495,47.04822],[7.10339,47.04765],[7.10312,47.04769],[7.10265,47.04791],[7.1018,47.04842],[7.10176,47.04873],[7.10782,47.05147],[7.1136,47.05445],[7.11727,47.05671],[7.12069,47.05866],[7.12155,47.05914]]]}},{"type":"Feature","properties":{"name":"Murtensee","aliases":["Lac de Morat"],"category":"lake","transboundary":false,"outsideSwitzerland":false,"source":"swissTLMRegio 2025"},"geometry":{"type":"Polygon","coordinates":[[[7.11681,46.95866],[7.11628,46.95866],[7.11523,46.95883],[7.11418,46.95883],[7.11392,46.95873],[7.11313,46.95873],[7.11208,46.95855],[7.11129,46.95828],[7.11103,46.95828],[7.10919,46.95764],[7.10893,46.95747],[7.10839,46.95737],[7.10736,46.95683],[7.1071,46.95683],[7.10683,46.95665],[7.10554,46.9561],[7.105,46.95575],[7.10448,46.95556],[7.10369,46.95512],[7.10344,46.95511],[7.10238,46.95457],[7.09981,46.95368],[7.09818,46.95319],[7.09793,46.95319],[7.09713,46.95293],[7.09687,46.95293],[7.09504,46.95229],[7.09477,46.95211],[7.09425,46.952],[7.09399,46.95184],[7.09079,46.95067],[7.08927,46.95003],[7.08848,46.94975],[7.08324,46.94794],[7.08298,46.94794],[7.08179,46.94751],[7.08114,46.9473],[7.08088,46.9473],[7.07957,46.94685],[7.07931,46.94685],[7.07721,46.94612],[7.07695,46.94612],[7.07564,46.94566],[7.07537,46.94565],[7.07354,46.94503],[7.07328,46.94503],[7.07223,46.94466],[7.07194,46.94466],[7.07092,46.94439],[7.06984,46.9443],[7.06934,46.94412],[7.06911,46.94411],[7.06803,46.94375],[7.06777,46.94375],[7.06751,46.94357],[7.06567,46.94293],[7.06436,46.9423],[7.06332,46.94158],[7.06305,46.94149],[7.0624,46.94094],[7.0624,46.94076],[7.06188,46.94004],[7.0615,46.93896],[7.0607,46.93788],[7.05967,46.93716],[7.05784,46.93634],[7.05705,46.93589],[7.05469,46.93507],[7.05207,46.93461],[7.05155,46.93443],[7.05128,46.93443],[7.05021,46.93405],[7.04997,46.93388],[7.04988,46.93375],[7.04958,46.93334],[7.04959,46.93316],[7.04881,46.9321],[7.04841,46.93172],[7.04685,46.93063],[7.04658,46.93054],[7.04554,46.92982],[7.0453,46.92973],[7.04288,46.92825],[7.04065,46.92686],[7.04031,46.92665],[7.03979,46.92647],[7.03874,46.92593],[7.03848,46.92593],[7.03717,46.92529],[7.03689,46.92529],[7.03612,46.92485],[7.0356,46.92466],[7.03534,46.92448],[7.03527,46.92433],[7.03518,46.92412],[7.03519,46.92341],[7.0343,46.92267],[7.03391,46.92213],[7.03418,46.92133],[7.03458,46.92079],[7.03485,46.92061],[7.03521,46.92007],[7.03537,46.91971],[7.03538,46.91917],[7.03487,46.91845],[7.03487,46.91792],[7.03532,46.9173],[7.03579,46.91665],[7.03605,46.91647],[7.03697,46.9154],[7.03855,46.91396],[7.04068,46.91235],[7.04081,46.91217],[7.04187,46.91146],[7.042,46.91128],[7.04543,46.90895],[7.04807,46.90752],[7.04885,46.90725],[7.04912,46.90725],[7.05096,46.90672],[7.05306,46.90637],[7.05339,46.90637],[7.0549,46.90637],[7.05571,46.90651],[7.05595,46.90655],[7.05675,46.90682],[7.05836,46.90717],[7.05936,46.90683],[7.05987,46.90648],[7.06041,46.90639],[7.06251,46.9064],[7.06276,46.90649],[7.06539,46.9065],[7.06617,46.90677],[7.06671,46.90704],[7.06748,46.90758],[7.06826,46.9083],[7.06932,46.90903],[7.06984,46.90921],[7.08071,46.91228],[7.08216,46.91303],[7.08347,46.91366],[7.08452,46.91412],[7.0851,46.91449],[7.08661,46.91547],[7.0887,46.91656],[7.08909,46.91692],[7.09013,46.91836],[7.09039,46.91908],[7.09039,46.91998],[7.08999,46.92034],[7.08999,46.92052],[7.08972,46.92088],[7.08934,46.92196],[7.08933,46.92268],[7.08958,46.92304],[7.0901,46.9234],[7.09115,46.92359],[7.0922,46.92323],[7.09326,46.92269],[7.09405,46.92242],[7.09431,46.92242],[7.09536,46.92214],[7.0972,46.92214],[7.09947,46.92255],[7.10035,46.92271],[7.10087,46.92289],[7.1013,46.92319],[7.1027,46.92416],[7.10454,46.92479],[7.10506,46.92515],[7.10532,46.92524],[7.10611,46.92579],[7.10703,46.92662],[7.10793,46.92777],[7.10846,46.92813],[7.10895,46.9284],[7.11084,46.92905],[7.11134,46.92922],[7.1116,46.92922],[7.11291,46.92976],[7.11553,46.9313],[7.11631,46.93166],[7.11762,46.93257],[7.11919,46.93402],[7.12037,46.93491],[7.12076,46.93544],[7.12128,46.93581],[7.12157,46.93618],[7.12232,46.93689],[7.12442,46.93852],[7.12455,46.9387],[7.12638,46.93997],[7.12795,46.94078],[7.12847,46.94114],[7.12952,46.94159],[7.12978,46.94176],[7.13188,46.94313],[7.13305,46.94421],[7.13357,46.94511],[7.13356,46.94655],[7.13343,46.94673],[7.1333,46.94745],[7.1321,46.94907],[7.13184,46.94925],[7.13144,46.94979],[7.13118,46.94997],[7.12986,46.9514],[7.1292,46.95194],[7.12893,46.9523],[7.12841,46.95266],[7.1259,46.955],[7.12566,46.95535],[7.12378,46.95696],[7.12299,46.9575],[7.12246,46.95768],[7.1222,46.95787],[7.12194,46.95787],[7.12015,46.95837],[7.11865,46.95839],[7.11839,46.95848],[7.11707,46.95856],[7.11681,46.95866]]]}},{"type":"Feature","properties":{"name":"Thunersee","aliases":["Lac de Thoune"],"category":"lake","transboundary":false,"outsideSwitzerland":false,"source":"swissTLMRegio 2025"},"geometry":{"type":"Polygon","coordinates":[[[7.73064,46.70402],[7.72874,46.70568],[7.72737,46.70665],[7.72628,46.70733],[7.72491,46.7081],[7.72397,46.70851],[7.72243,46.70891],[7.72104,46.70901],[7.719,46.70948],[7.71353,46.71133],[7.71229,46.71156],[7.71042,46.7119],[7.70648,46.71285],[7.70447,46.71339],[7.7019,46.71325],[7.70044,46.71361],[7.69703,46.71511],[7.69516,46.71526],[7.69401,46.71555],[7.69185,46.71684],[7.6902,46.71716],[7.68913,46.71737],[7.6876,46.7179],[7.68714,46.71827],[7.68603,46.71973],[7.68482,46.72165],[7.68432,46.72245],[7.68351,46.72344],[7.68293,46.72412],[7.68122,46.7254],[7.67983,46.72612],[7.67878,46.72681],[7.67671,46.72824],[7.67593,46.72865],[7.67529,46.72877],[7.67488,46.7285],[7.67441,46.72844],[7.67398,46.72854],[7.67241,46.72828],[7.67188,46.72828],[7.6711,46.72855],[7.66927,46.72983],[7.66862,46.73055],[7.66724,46.73146],[7.66729,46.73195],[7.66562,46.73199],[7.66405,46.73221],[7.66337,46.73253],[7.66248,46.73302],[7.66106,46.73442],[7.65861,46.73557],[7.65615,46.73767],[7.65574,46.73774],[7.6544,46.73794],[7.65383,46.73819],[7.65334,46.73859],[7.65292,46.73906],[7.65218,46.7407],[7.65082,46.74256],[7.64906,46.74342],[7.64762,46.743],[7.64658,46.7432],[7.64139,46.74586],[7.64094,46.74635],[7.64003,46.74771],[7.63944,46.74806],[7.63896,46.7476],[7.6382,46.74689],[7.63715,46.74619],[7.63584,46.74627],[7.63505,46.74582],[7.63269,46.74367],[7.63159,46.74314],[7.63151,46.7429],[7.63137,46.74242],[7.62993,46.74223],[7.62941,46.74197],[7.62941,46.74142],[7.62967,46.74123],[7.63073,46.74123],[7.63229,46.74196],[7.63282,46.74192],[7.63422,46.74171],[7.63438,46.74132],[7.63425,46.74093],[7.63267,46.7388],[7.63254,46.73826],[7.63187,46.73817],[7.63123,46.73808],[7.63097,46.73782],[7.63136,46.73737],[7.63227,46.73709],[7.63232,46.73647],[7.63175,46.73638],[7.63096,46.73601],[7.63071,46.7353],[7.6307,46.73457],[7.63043,46.7335],[7.62977,46.73297],[7.62983,46.73143],[7.63002,46.72905],[7.63001,46.72684],[7.62962,46.7263],[7.62883,46.72575],[7.6287,46.7254],[7.62954,46.72407],[7.62961,46.72396],[7.62961,46.72324],[7.63117,46.72225],[7.63287,46.72171],[7.63431,46.72115],[7.63562,46.72115],[7.63614,46.72134],[7.63665,46.72189],[7.63719,46.72189],[7.6381,46.72173],[7.63987,46.72134],[7.63993,46.72099],[7.6398,46.72043],[7.63757,46.72008],[7.63728,46.71954],[7.63728,46.71918],[7.6377,46.71881],[7.63896,46.71882],[7.64045,46.71873],[7.64254,46.71872],[7.6436,46.71854],[7.64411,46.71818],[7.64437,46.71782],[7.64436,46.71657],[7.64488,46.71476],[7.64481,46.71286],[7.64602,46.71208],[7.64636,46.71221],[7.64701,46.71218],[7.64747,46.71187],[7.64799,46.71121],[7.64944,46.71034],[7.65153,46.70953],[7.65488,46.70772],[7.65988,46.70466],[7.66053,46.70376],[7.66183,46.70267],[7.66235,46.70195],[7.66235,46.70108],[7.66235,46.70069],[7.663,46.69961],[7.66469,46.69835],[7.66548,46.69808],[7.66652,46.69799],[7.66913,46.69704],[7.67122,46.69627],[7.67279,46.69608],[7.6758,46.69602],[7.67763,46.69594],[7.68011,46.69589],[7.68246,46.69543],[7.68325,46.69516],[7.68664,46.69433],[7.6873,46.69412],[7.6878,46.69398],[7.68925,46.69353],[7.68951,46.69335],[7.68951,46.69281],[7.68912,46.69227],[7.68896,46.69183],[7.68885,46.69155],[7.68899,46.69101],[7.69055,46.69038],[7.69094,46.69002],[7.6908,46.68957],[7.68989,46.68947],[7.68884,46.68966],[7.68687,46.68958],[7.68689,46.68895],[7.68845,46.6884],[7.69054,46.68803],[7.69104,46.68786],[7.69236,46.68768],[7.69341,46.68767],[7.69785,46.68694],[7.69819,46.68683],[7.6989,46.68659],[7.70046,46.68577],[7.70201,46.68484],[7.70264,46.68456],[7.70338,46.68438],[7.70381,46.68422],[7.70446,46.68357],[7.70517,46.68273],[7.70544,46.68207],[7.70533,46.68122],[7.70455,46.67891],[7.70415,46.67634],[7.70427,46.67611],[7.70491,46.67516],[7.70707,46.67413],[7.71237,46.67272],[7.71575,46.67198],[7.71685,46.67159],[7.71954,46.67005],[7.71992,46.67001],[7.72178,46.67031],[7.72272,46.67036],[7.72544,46.66943],[7.72594,46.66908],[7.72635,46.66867],[7.72677,46.66749],[7.72715,46.66724],[7.72818,46.6669],[7.72843,46.66671],[7.72896,46.66662],[7.73011,46.66626],[7.73134,46.66605],[7.73584,46.6657],[7.73933,46.66525],[7.74245,46.66448],[7.74519,46.66329],[7.74571,46.66294],[7.74635,46.66274],[7.74653,46.66261],[7.74756,46.66187],[7.74807,46.66178],[7.7486,46.66194],[7.74913,46.66184],[7.74956,46.6616],[7.74993,46.66119],[7.75031,46.66063],[7.75055,46.66014],[7.751,46.6597],[7.75176,46.65919],[7.75334,46.65845],[7.75551,46.65798],[7.76029,46.65655],[7.76434,46.65771],[7.7654,46.65789],[7.7671,46.65783],[7.76879,46.6577],[7.77166,46.65697],[7.77271,46.65688],[7.77454,46.65741],[7.7756,46.65794],[7.77682,46.65835],[7.77732,46.65857],[7.77782,46.65866],[7.7786,46.65893],[7.78096,46.65928],[7.78331,46.65936],[7.78527,46.65985],[7.78658,46.6599],[7.78736,46.66008],[7.79028,46.66187],[7.79077,46.66186],[7.79156,46.66204],[7.79208,46.66231],[7.79248,46.66267],[7.79259,46.66271],[7.79431,46.66329],[7.79641,46.66455],[7.7968,46.6649],[7.79734,46.66508],[7.79785,46.66508],[7.80021,46.66615],[7.801,46.66642],[7.8023,46.66669],[7.80309,46.66676],[7.80569,46.66676],[7.80753,46.66631],[7.80805,46.66613],[7.8099,46.66486],[7.81274,46.66395],[7.81352,46.66341],[7.81403,46.66287],[7.81521,46.66216],[7.81573,46.66196],[7.81678,46.66196],[7.81783,46.66223],[7.81913,46.66231],[7.81992,46.66258],[7.82123,46.6633],[7.82283,46.66382],[7.82566,46.66544],[7.82781,46.66644],[7.82745,46.66677],[7.82727,46.66714],[7.82727,46.66786],[7.82739,46.66822],[7.828,46.66867],[7.82794,46.66903],[7.8282,46.66939],[7.82925,46.66993],[7.8303,46.67064],[7.83031,46.67136],[7.83,46.67171],[7.82951,46.67226],[7.82966,46.6727],[7.83142,46.67316],[7.83122,46.67346],[7.82952,46.67352],[7.82901,46.67335],[7.82775,46.67316],[7.82718,46.67308],[7.82614,46.67336],[7.8251,46.6739],[7.82427,46.6742],[7.82366,46.67443],[7.82305,46.67469],[7.82197,46.67517],[7.82132,46.6759],[7.82079,46.67625],[7.81975,46.67635],[7.81897,46.6768],[7.81755,46.6786],[7.81586,46.67987],[7.81534,46.68005],[7.81403,46.68005],[7.81336,46.68006],[7.81308,46.68064],[7.81355,46.68092],[7.81391,46.68166],[7.81339,46.68203],[7.81235,46.68249],[7.81148,46.68325],[7.80836,46.68326],[7.80732,46.68339],[7.80656,46.68355],[7.80595,46.68382],[7.80527,46.68442],[7.80343,46.68463],[7.80128,46.68531],[7.79982,46.68595],[7.79872,46.68562],[7.79759,46.68523],[7.79706,46.68515],[7.79628,46.68515],[7.79576,46.68528],[7.7946,46.68563],[7.79407,46.68578],[7.79369,46.68605],[7.79276,46.68664],[7.79185,46.68669],[7.78897,46.6858],[7.78818,46.68535],[7.78687,46.68492],[7.7853,46.68482],[7.78347,46.6842],[7.78216,46.68411],[7.78006,46.68358],[7.77957,46.68358],[7.77797,46.68331],[7.77719,46.68332],[7.77666,46.68314],[7.76803,46.68324],[7.76725,46.68344],[7.76608,46.68348],[7.76359,46.68345],[7.7615,46.68273],[7.76068,46.68229],[7.75835,46.68139],[7.75792,46.68138],[7.75652,46.68131],[7.75576,46.6814],[7.75417,46.68184],[7.75154,46.68222],[7.74946,46.68295],[7.74737,46.68412],[7.7466,46.68466],[7.74634,46.68503],[7.74635,46.68592],[7.74661,46.68628],[7.74651,46.68723],[7.74452,46.68885],[7.74385,46.68966],[7.74303,46.69159],[7.74304,46.69216],[7.74326,46.6926],[7.74332,46.69327],[7.74327,46.6939],[7.74305,46.69467],[7.74278,46.69507],[7.7427,46.69516],[7.74257,46.69524],[7.7415,46.69561],[7.74039,46.69576],[7.73963,46.69596],[7.73834,46.69654],[7.73785,46.69692],[7.73732,46.69786],[7.73716,46.69878],[7.73689,46.69966],[7.73651,46.70021],[7.73543,46.70131],[7.73514,46.70154],[7.73346,46.70227],[7.73247,46.70282],[7.73097,46.70372],[7.73064,46.70402]]]}},{"type":"Feature","properties":{"name":"Brienzersee","aliases":["Lac de Brienz"],"category":"lake","transboundary":false,"outsideSwitzerland":false,"source":"swissTLMRegio 2025"},"geometry":{"type":"Polygon","coordinates":[[[8.02218,46.75678],[8.01964,46.7578],[8.01884,46.75803],[8.01793,46.75831],[8.01643,46.75851],[8.01464,46.75806],[8.01172,46.75689],[8.00984,46.75624],[8.00755,46.75565],[8.0065,46.75546],[8.00515,46.75538],[8.00423,46.75541],[8.00078,46.75597],[7.99963,46.75588],[7.99854,46.75558],[7.99791,46.75541],[7.99725,46.7551],[7.99554,46.75429],[7.99432,46.75387],[7.99319,46.75359],[7.99257,46.75332],[7.99183,46.75272],[7.99092,46.75212],[7.99019,46.75191],[7.99004,46.75186],[7.98913,46.75169],[7.9881,46.75161],[7.98712,46.75135],[7.98558,46.75036],[7.98466,46.74994],[7.98244,46.7492],[7.98178,46.74909],[7.9808,46.74892],[7.98035,46.74862],[7.97962,46.74759],[7.97852,46.7469],[7.9771,46.74639],[7.97595,46.7461],[7.97409,46.74528],[7.97372,46.74478],[7.9737,46.74417],[7.97321,46.74213],[7.97268,46.74141],[7.97149,46.74033],[7.97017,46.73944],[7.96913,46.73887],[7.96806,46.73828],[7.96703,46.73784],[7.96518,46.73749],[7.96256,46.7375],[7.96151,46.73732],[7.96099,46.73705],[7.95993,46.73634],[7.95913,46.7349],[7.95768,46.73364],[7.95663,46.73312],[7.95584,46.73285],[7.95427,46.73259],[7.95295,46.73133],[7.95216,46.7308],[7.95097,46.72972],[7.94965,46.72883],[7.94913,46.72856],[7.94598,46.72759],[7.94506,46.72687],[7.944,46.72624],[7.94372,46.72614],[7.94243,46.72571],[7.94217,46.72571],[7.94138,46.72536],[7.94072,46.72481],[7.93914,46.72393],[7.93664,46.72214],[7.93598,46.72142],[7.93545,46.72034],[7.93452,46.71963],[7.93304,46.71893],[7.93242,46.71865],[7.93032,46.71731],[7.929,46.71668],[7.92784,46.71597],[7.92506,46.71445],[7.92427,46.71418],[7.92217,46.71311],[7.92086,46.71267],[7.92059,46.71267],[7.91973,46.7123],[7.91902,46.71187],[7.91836,46.71115],[7.91494,46.70892],[7.91284,46.70812],[7.91074,46.70704],[7.90916,46.70651],[7.90392,46.70554],[7.90338,46.70534],[7.90157,46.70465],[7.90103,46.70438],[7.89985,46.70349],[7.89919,46.70241],[7.89733,46.70107],[7.89577,46.70027],[7.89485,46.69955],[7.89458,46.69919],[7.89353,46.69848],[7.88933,46.69687],[7.88907,46.6967],[7.8875,46.69616],[7.88723,46.69616],[7.88697,46.69598],[7.88618,46.69572],[7.88592,46.69572],[7.88553,46.69536],[7.88539,46.69428],[7.88565,46.69392],[7.88641,46.69338],[7.88721,46.6931],[7.88799,46.69301],[7.88812,46.6931],[7.89022,46.69309],[7.89219,46.69333],[7.89388,46.69353],[7.89467,46.69352],[7.89517,46.69325],[7.89544,46.69289],[7.89596,46.69253],[7.89649,46.69253],[7.89701,46.69271],[7.89806,46.69279],[7.89832,46.6927],[7.89866,46.69233],[7.89858,46.69207],[7.89818,46.69171],[7.89791,46.69117],[7.8982,46.69096],[7.89843,46.69081],[7.899,46.68984],[7.90053,46.69018],[7.90252,46.69029],[7.90494,46.69021],[7.90622,46.69008],[7.90942,46.69],[7.91418,46.68967],[7.91736,46.68983],[7.92023,46.69048],[7.92301,46.69265],[7.92397,46.69342],[7.92745,46.69513],[7.9285,46.69555],[7.93093,46.69551],[7.93317,46.6965],[7.93812,46.6988],[7.93962,46.6997],[7.93989,46.70017],[7.94103,46.70223],[7.94335,46.70372],[7.94603,46.70482],[7.9509,46.70822],[7.95195,46.70876],[7.95326,46.7092],[7.95377,46.70929],[7.95562,46.70928],[7.9564,46.70946],[7.95927,46.70978],[7.95955,46.70979],[7.9606,46.71025],[7.96113,46.71096],[7.96113,46.71114],[7.96148,46.71148],[7.96218,46.71195],[7.96284,46.71284],[7.96285,46.71338],[7.96298,46.71356],[7.96561,46.71481],[7.96614,46.71499],[7.96666,46.71499],[7.9668,46.71463],[7.96613,46.7141],[7.96573,46.71355],[7.96573,46.71319],[7.96651,46.71283],[7.96703,46.71283],[7.96782,46.71309],[7.96889,46.71399],[7.96992,46.71434],[7.97198,46.71466],[7.9728,46.71478],[7.97385,46.71513],[7.97438,46.7155],[7.9778,46.71709],[7.98017,46.7186],[7.9828,46.71977],[7.98543,46.7212],[7.98647,46.72191],[7.98727,46.72263],[7.98938,46.72388],[7.99227,46.72503],[7.99385,46.72592],[7.99753,46.72725],[7.99884,46.72788],[8.0033,46.7293],[8.00541,46.73037],[8.00829,46.73161],[8.01198,46.73285],[8.01303,46.73303],[8.01486,46.73365],[8.01828,46.73507],[8.01881,46.73543],[8.0196,46.73632],[8.02113,46.73683],[8.02218,46.73719],[8.02309,46.73775],[8.02355,46.73846],[8.02562,46.73886],[8.02644,46.73917],[8.02754,46.7394],[8.02885,46.73911],[8.02971,46.73903],[8.03163,46.73916],[8.03267,46.73952],[8.03225,46.73999],[8.03247,46.74012],[8.033,46.74039],[8.03501,46.74123],[8.03666,46.74164],[8.0381,46.74188],[8.03932,46.74166],[8.04051,46.7416],[8.04357,46.74173],[8.04501,46.74163],[8.04639,46.74178],[8.04797,46.74184],[8.04856,46.74175],[8.04924,46.74186],[8.04956,46.74224],[8.04939,46.74264],[8.04834,46.7431],[8.04821,46.74328],[8.04835,46.74382],[8.04914,46.74444],[8.04941,46.74444],[8.0498,46.7448],[8.04981,46.74624],[8.04956,46.74696],[8.04891,46.74768],[8.04787,46.74813],[8.04761,46.74813],[8.04722,46.7485],[8.0471,46.74904],[8.04723,46.74949],[8.04776,46.75003],[8.04907,46.75038],[8.04908,46.7511],[8.0487,46.75164],[8.04765,46.75183],[8.04687,46.75228],[8.04662,46.75282],[8.0461,46.75319],[8.04479,46.75355],[8.04414,46.75428],[8.04337,46.75482],[8.04206,46.75528],[8.04128,46.75528],[8.03892,46.75502],[8.03708,46.75467],[8.03577,46.75423],[8.03447,46.75406],[8.03341,46.75406],[8.03315,46.75416],[8.03235,46.75416],[8.02949,46.75471],[8.02819,46.75535],[8.02792,46.75535],[8.02532,46.75627],[8.02474,46.75663],[8.02412,46.7566],[8.02218,46.75678]]]}},{"type":"Feature","properties":{"name":"Vierwaldstättersee","aliases":["Lac des Quatre-Cantons","Lake Lucerne"],"category":"lake","transboundary":false,"outsideSwitzerland":false,"source":"swissTLMRegio 2025"},"geometry":{"type":"Polygon","coordinates":[[[8.43373,47.074],[8.43373,47.07427],[8.43447,47.07476],[8.43507,47.07516],[8.43507,47.07534],[8.43535,47.07552],[8.43603,47.07767],[8.43684,47.07874],[8.43738,47.07901],[8.4387,47.07918],[8.43949,47.07943],[8.44002,47.07979],[8.44029,47.08015],[8.44005,47.08123],[8.43928,47.08233],[8.43902,47.0825],[8.43719,47.08315],[8.4364,47.08306],[8.4352,47.08218],[8.43471,47.08171],[8.43318,47.08021],[8.43103,47.07753],[8.43049,47.07718],[8.42969,47.07628],[8.42822,47.07522],[8.42529,47.07335],[8.42475,47.07282],[8.42421,47.07192],[8.42261,47.07086],[8.42232,47.06942],[8.42178,47.06871],[8.42031,47.06764],[8.41978,47.06746],[8.41676,47.06568],[8.41632,47.06542],[8.41446,47.06481],[8.41341,47.06491],[8.41106,47.06592],[8.41027,47.06574],[8.4092,47.06512],[8.40761,47.06451],[8.40736,47.06434],[8.40548,47.06309],[8.40454,47.06219],[8.40161,47.06025],[8.39974,47.05864],[8.39947,47.05828],[8.39894,47.05792],[8.39652,47.0556],[8.39573,47.05511],[8.39466,47.05445],[8.3936,47.05401],[8.38935,47.05179],[8.38777,47.0512],[8.38749,47.05109],[8.38553,47.04972],[8.38407,47.04881],[8.38177,47.04754],[8.38069,47.04593],[8.37882,47.0445],[8.37815,47.04361],[8.37754,47.0432],[8.37655,47.04272],[8.37406,47.0419],[8.37258,47.04141],[8.37163,47.04069],[8.3711,47.03962],[8.37056,47.0389],[8.3695,47.03801],[8.36763,47.03695],[8.36689,47.0367],[8.36658,47.0366],[8.36551,47.03589],[8.36471,47.03517],[8.36391,47.03482],[8.36233,47.03483],[8.36155,47.03502],[8.36025,47.03503],[8.35852,47.03486],[8.3576,47.03478],[8.35603,47.03479],[8.35523,47.03516],[8.35459,47.0357],[8.35433,47.03625],[8.35436,47.03768],[8.35463,47.0384],[8.35465,47.03948],[8.35452,47.03967],[8.35244,47.04094],[8.34947,47.04384],[8.3466,47.04584],[8.34451,47.04694],[8.34373,47.04748],[8.34179,47.04966],[8.34127,47.05002],[8.34101,47.05003],[8.33891,47.05067],[8.3376,47.05086],[8.33727,47.05103],[8.33707,47.05113],[8.33642,47.05123],[8.3359,47.0516],[8.33564,47.05196],[8.33528,47.05358],[8.33515,47.05412],[8.33477,47.05466],[8.33388,47.05513],[8.32978,47.05569],[8.32952,47.05542],[8.32845,47.05498],[8.32767,47.05499],[8.32609,47.05527],[8.32452,47.05582],[8.32135,47.05549],[8.31846,47.05533],[8.31819,47.05524],[8.31478,47.05527],[8.31398,47.05545],[8.31333,47.05532],[8.31058,47.05417],[8.30998,47.05387],[8.30947,47.05333],[8.31059,47.05307],[8.31127,47.05291],[8.3138,47.05303],[8.31691,47.04922],[8.3177,47.04922],[8.31849,47.04939],[8.32057,47.04803],[8.3219,47.04873],[8.32216,47.04873],[8.32373,47.04763],[8.32372,47.04746],[8.32347,47.04728],[8.3224,47.04711],[8.32214,47.04702],[8.32213,47.04684],[8.32604,47.04411],[8.32656,47.04393],[8.3284,47.04401],[8.33025,47.04435],[8.33157,47.04434],[8.33183,47.04416],[8.33209,47.0438],[8.33208,47.04326],[8.33114,47.04201],[8.33113,47.04165],[8.33203,47.04038],[8.3324,47.03912],[8.33279,47.03857],[8.33435,47.03748],[8.33887,47.03467],[8.33904,47.03457],[8.33968,47.03366],[8.3398,47.03312],[8.34071,47.03221],[8.3407,47.03185],[8.34017,47.03114],[8.33856,47.02971],[8.33802,47.029],[8.33748,47.02774],[8.33745,47.02594],[8.33757,47.02576],[8.33757,47.02522],[8.33807,47.02396],[8.33885,47.02305],[8.34041,47.0225],[8.3412,47.02213],[8.34198,47.02159],[8.34249,47.02086],[8.34379,47.01977],[8.34378,47.01942],[8.34087,47.01845],[8.34059,47.01827],[8.34058,47.01755],[8.34098,47.01719],[8.34126,47.0171],[8.34151,47.017],[8.34281,47.01609],[8.34332,47.01555],[8.34305,47.01501],[8.34221,47.01425],[8.34185,47.01376],[8.34183,47.01268],[8.3427,47.00962],[8.34268,47.00871],[8.34306,47.00764],[8.34305,47.0071],[8.34291,47.00692],[8.34239,47.00674],[8.34107,47.00657],[8.3401,47.00618],[8.33966,47.00584],[8.3391,47.00558],[8.33735,47.00505],[8.33658,47.00471],[8.33539,47.00376],[8.3345,47.00327],[8.33143,47.00193],[8.33069,47.00176],[8.32987,47.00176],[8.32925,47.00193],[8.32854,47.00222],[8.32782,47.00263],[8.3261,47.00398],[8.32383,47.00458],[8.32249,47.00534],[8.32214,47.00567],[8.32149,47.00688],[8.32079,47.00928],[8.32035,47.01017],[8.31857,47.01245],[8.31843,47.01269],[8.31776,47.01287],[8.31697,47.01279],[8.31678,47.01267],[8.31625,47.01237],[8.31591,47.01216],[8.31486,47.01271],[8.31409,47.01272],[8.31349,47.01252],[8.31287,47.01156],[8.31256,47.01135],[8.31234,47.0112],[8.30939,47.01047],[8.30882,47.0101],[8.30877,47.00761],[8.30891,47.00724],[8.30948,47.00696],[8.31024,47.00649],[8.31142,47.00569],[8.31298,47.00475],[8.31367,47.00408],[8.31428,47.00345],[8.31493,47.00228],[8.31553,47.0001],[8.31586,46.99934],[8.31854,46.99239],[8.31874,46.99178],[8.31873,46.99102],[8.31855,46.9905],[8.31622,46.98806],[8.31597,46.9873],[8.31615,46.98308],[8.31618,46.98236],[8.3173,46.98227],[8.31971,46.98164],[8.32105,46.98163],[8.32282,46.9821],[8.32623,46.9824],[8.32889,46.98366],[8.33001,46.98386],[8.33137,46.98389],[8.33277,46.98371],[8.33446,46.98338],[8.33494,46.98289],[8.33493,46.98237],[8.3344,46.98209],[8.33354,46.98106],[8.33328,46.97963],[8.33321,46.97753],[8.33252,46.97555],[8.33198,46.97491],[8.33144,46.97464],[8.33035,46.97428],[8.32705,46.97325],[8.32413,46.97272],[8.32259,46.97237],[8.32209,46.9722],[8.32029,46.97132],[8.31849,46.97085],[8.31717,46.97059],[8.31455,46.9703],[8.31284,46.97032],[8.31061,46.9703],[8.30958,46.97019],[8.30822,46.96988],[8.30651,46.96938],[8.30464,46.96914],[8.30364,46.96855],[8.30254,46.96809],[8.29943,46.9672],[8.29654,46.96481],[8.29568,46.96428],[8.29463,46.96414],[8.29343,46.96435],[8.29166,46.96304],[8.28996,46.96216],[8.28863,46.96171],[8.28805,46.96095],[8.28604,46.95999],[8.28507,46.95906],[8.28476,46.95849],[8.28435,46.9563],[8.28447,46.95604],[8.28524,46.95584],[8.28734,46.95567],[8.28818,46.95552],[8.28876,46.95552],[8.28892,46.95573],[8.28957,46.95745],[8.28995,46.95788],[8.29021,46.95802],[8.29074,46.9581],[8.29098,46.9581],[8.29228,46.95755],[8.2924,46.95682],[8.29217,46.95605],[8.29241,46.95557],[8.29305,46.95529],[8.29343,46.9552],[8.29502,46.95609],[8.29581,46.95618],[8.2962,46.95581],[8.29619,46.95539],[8.29616,46.95366],[8.29641,46.95293],[8.29733,46.95302],[8.29786,46.95328],[8.2988,46.95399],[8.29932,46.95417],[8.30079,46.95408],[8.30169,46.95433],[8.30236,46.95487],[8.30289,46.95513],[8.30289,46.9553],[8.30448,46.95638],[8.30685,46.95717],[8.30712,46.95717],[8.30899,46.95788],[8.31136,46.95912],[8.31361,46.96054],[8.31468,46.96099],[8.316,46.96124],[8.31917,46.9623],[8.32049,46.96292],[8.3221,46.96389],[8.32341,46.96433],[8.32446,46.96451],[8.32657,46.96521],[8.32894,46.96633],[8.32975,46.96671],[8.33148,46.96787],[8.3336,46.96875],[8.33524,46.96977],[8.33705,46.97089],[8.33745,46.97124],[8.33853,46.97267],[8.33873,46.97321],[8.33593,46.97481],[8.33536,46.97532],[8.33528,46.97673],[8.33441,46.97774],[8.33411,46.97814],[8.33401,46.97863],[8.33404,46.97949],[8.33419,46.97999],[8.33444,46.98086],[8.33533,46.98195],[8.33641,46.98146],[8.33701,46.9817],[8.33754,46.98184],[8.33755,46.98213],[8.33782,46.98231],[8.33815,46.9822],[8.33962,46.98274],[8.34014,46.98274],[8.34054,46.98309],[8.3416,46.98345],[8.34292,46.98361],[8.34321,46.98359],[8.34384,46.984],[8.34437,46.98422],[8.34546,46.98445],[8.3464,46.98429],[8.34714,46.98391],[8.34727,46.98398],[8.34737,46.9843],[8.34759,46.98458],[8.34809,46.9848],[8.34941,46.98497],[8.34951,46.98503],[8.34974,46.98619],[8.35001,46.98654],[8.35106,46.98688],[8.35202,46.98705],[8.35268,46.98708],[8.35305,46.98742],[8.35299,46.98853],[8.35287,46.98899],[8.35257,46.9895],[8.35255,46.98976],[8.35272,46.99015],[8.35333,46.99088],[8.35389,46.99109],[8.35441,46.9914],[8.35622,46.99298],[8.35648,46.99332],[8.35694,46.99464],[8.35723,46.99483],[8.36084,46.99591],[8.36163,46.99628],[8.3621,46.99664],[8.36274,46.99749],[8.36408,46.99856],[8.36489,46.99963],[8.36544,47.00143],[8.36666,47.00322],[8.36854,47.00464],[8.36958,47.00517],[8.37065,47.00525],[8.37483,47.00459],[8.3772,47.00448],[8.37746,47.00457],[8.37878,47.00456],[8.38168,47.00489],[8.38403,47.00488],[8.38483,47.00469],[8.38583,47.00468],[8.38773,47.00521],[8.39038,47.00536],[8.393,47.0057],[8.39695,47.00567],[8.39721,47.00558],[8.39905,47.00556],[8.40299,47.00509],[8.40904,47.00521],[8.41088,47.00492],[8.41481,47.00399],[8.4177,47.00387],[8.41796,47.00378],[8.41953,47.00368],[8.42032,47.00348],[8.42137,47.00347],[8.42217,47.00375],[8.42427,47.00382],[8.42559,47.00399],[8.42743,47.00397],[8.42927,47.00359],[8.42978,47.00359],[8.43189,47.00402],[8.43322,47.0041],[8.43532,47.00381],[8.43793,47.00298],[8.43898,47.00279],[8.43977,47.00278],[8.44056,47.0026],[8.44371,47.00257],[8.44502,47.00238],[8.44582,47.00264],[8.44688,47.00325],[8.4482,47.00334],[8.4503,47.00305],[8.45319,47.00294],[8.45476,47.00265],[8.4566,47.00255],[8.45844,47.00226],[8.46105,47.00161],[8.46262,47.00105],[8.46366,47.00032],[8.4643,46.9996],[8.4643,46.99924],[8.46363,46.9987],[8.46178,46.99809],[8.46097,46.99738],[8.45992,46.99676],[8.45832,46.99632],[8.45516,46.99599],[8.4528,46.99601],[8.4507,46.9963],[8.44833,46.99623],[8.4449,46.99572],[8.44437,46.99573],[8.43989,46.99486],[8.43565,46.99346],[8.43249,46.99286],[8.42878,46.99163],[8.42534,46.99022],[8.4242,46.98966],[8.42321,46.98916],[8.42084,46.98854],[8.4203,46.9882],[8.41975,46.98676],[8.41958,46.98478],[8.41945,46.98461],[8.41943,46.98371],[8.41956,46.98352],[8.4202,46.98262],[8.42176,46.98153],[8.42333,46.98097],[8.42437,46.98078],[8.42569,46.98077],[8.42622,46.98086],[8.42677,46.98075],[8.42725,46.98031],[8.42712,46.97995],[8.42605,46.97906],[8.42604,46.97852],[8.42658,46.97775],[8.42747,46.97734],[8.42904,46.97724],[8.43122,46.97676],[8.43245,46.97649],[8.43351,46.97648],[8.43534,46.97682],[8.43613,46.97681],[8.4364,46.9769],[8.43903,46.97688],[8.4406,46.97659],[8.44217,46.97649],[8.44401,46.97612],[8.44636,46.97528],[8.44766,46.97446],[8.44886,46.97396],[8.45043,46.97357],[8.45531,46.97315],[8.45686,46.97309],[8.45931,46.97329],[8.46026,46.97345],[8.46158,46.97344],[8.46236,46.9737],[8.46473,46.97368],[8.4663,46.97349],[8.46683,46.97357],[8.46854,46.97347],[8.4701,46.97291],[8.47141,46.97263],[8.4735,46.9718],[8.47687,46.96943],[8.47868,46.96798],[8.47933,46.96725],[8.48062,46.96643],[8.48167,46.96606],[8.48561,46.96585],[8.48744,46.96547],[8.48848,46.9651],[8.48875,46.9651],[8.48901,46.96492],[8.4911,46.96454],[8.49269,46.96488],[8.49374,46.96487],[8.49426,46.96478],[8.49524,46.96443],[8.49583,46.96413],[8.49687,46.96385],[8.49766,46.96385],[8.49845,46.96401],[8.49924,46.964],[8.50135,46.96426],[8.5024,46.96425],[8.50266,46.96434],[8.50582,46.96449],[8.51056,46.96508],[8.51319,46.96523],[8.51451,46.96549],[8.51605,46.966],[8.51743,46.96663],[8.51955,46.96742],[8.52034,46.96786],[8.52114,46.96813],[8.52538,46.97006],[8.52683,46.97057],[8.52816,46.97094],[8.52869,46.97093],[8.53132,46.97136],[8.53185,46.97135],[8.53528,46.97195],[8.53977,46.97299],[8.54056,46.97307],[8.54294,46.97359],[8.54373,46.97385],[8.54611,46.97436],[8.54716,46.97453],[8.54953,46.9746],[8.55085,46.97486],[8.55376,46.97582],[8.55641,46.97687],[8.55748,46.9774],[8.56012,46.97828],[8.56065,46.97854],[8.56119,46.9789],[8.56227,46.98051],[8.56334,46.98122],[8.5644,46.98174],[8.56784,46.98279],[8.57103,46.98411],[8.57367,46.98498],[8.57499,46.98524],[8.5787,46.98637],[8.57897,46.98655],[8.58268,46.98786],[8.58506,46.98892],[8.58639,46.98935],[8.58796,46.98925],[8.58955,46.98968],[8.59061,46.98976],[8.59243,46.98893],[8.59452,46.98828],[8.59557,46.98809],[8.59701,46.98738],[8.59734,46.98668],[8.59762,46.98652],[8.59816,46.98514],[8.5987,46.98464],[8.59872,46.98446],[8.59786,46.98354],[8.59706,46.98235],[8.59681,46.98163],[8.59662,46.98148],[8.59627,46.98067],[8.59595,46.9805],[8.59547,46.97991],[8.59558,46.97954],[8.59514,46.97924],[8.59424,46.97802],[8.59382,46.97771],[8.5939,46.97729],[8.59351,46.97705],[8.59312,46.97657],[8.59365,46.97532],[8.59392,46.97494],[8.5939,46.97461],[8.59374,46.97434],[8.59384,46.97325],[8.5943,46.97264],[8.5947,46.97182],[8.59553,46.96984],[8.59573,46.96898],[8.59577,46.96813],[8.59552,46.9675],[8.59496,46.9665],[8.59464,46.96447],[8.59375,46.96341],[8.59313,46.96175],[8.59212,46.96116],[8.59191,46.9609],[8.59184,46.96038],[8.59161,46.9601],[8.59126,46.95948],[8.59123,46.95861],[8.59131,46.95844],[8.59096,46.95804],[8.59051,46.95707],[8.59062,46.95686],[8.59051,46.95666],[8.59062,46.95619],[8.59088,46.95584],[8.59087,46.95567],[8.58997,46.95469],[8.58955,46.95453],[8.58942,46.95425],[8.58894,46.95392],[8.58922,46.95347],[8.58917,46.95328],[8.58862,46.95232],[8.5881,46.95187],[8.58765,46.9505],[8.58701,46.94947],[8.58685,46.94922],[8.58683,46.9485],[8.58709,46.94814],[8.58733,46.94724],[8.58717,46.94616],[8.5869,46.9458],[8.58649,46.94473],[8.58473,46.94258],[8.58431,46.94115],[8.5837,46.94026],[8.58297,46.93918],[8.58292,46.93702],[8.58249,46.93595],[8.58235,46.93577],[8.58077,46.93481],[8.58049,46.93444],[8.58048,46.9339],[8.58074,46.93318],[8.58111,46.93263],[8.58134,46.93137],[8.58152,46.93118],[8.58186,46.93083],[8.58237,46.93045],[8.58394,46.92991],[8.58601,46.92873],[8.58795,46.92727],[8.58795,46.92708],[8.58833,46.92653],[8.58845,46.92649],[8.58906,46.92561],[8.58955,46.92515],[8.58965,46.92498],[8.59022,46.92463],[8.59081,46.92448],[8.59174,46.92391],[8.59217,46.92376],[8.59383,46.92287],[8.59699,46.92178],[8.59767,46.92128],[8.59813,46.92061],[8.59805,46.91992],[8.59766,46.9193],[8.59638,46.91849],[8.59611,46.91822],[8.59534,46.91675],[8.59384,46.91527],[8.59381,46.91443],[8.59422,46.91265],[8.59437,46.91104],[8.59365,46.9076],[8.5937,46.9069],[8.59481,46.90554],[8.59562,46.90407],[8.5962,46.90271],[8.59669,46.90141],[8.5976,46.90152],[8.59818,46.90086],[8.59888,46.89978],[8.5986,46.8987],[8.59791,46.89739],[8.59896,46.89559],[8.60027,46.89377],[8.60125,46.89253],[8.60214,46.89179],[8.60369,46.89067],[8.60484,46.8907],[8.60577,46.89114],[8.60635,46.89162],[8.60637,46.89252],[8.60613,46.89324],[8.60615,46.89414],[8.60627,46.89433],[8.60734,46.89494],[8.60946,46.89555],[8.60908,46.89645],[8.61041,46.89717],[8.61053,46.89734],[8.61043,46.89788],[8.6107,46.89824],[8.61149,46.89868],[8.6119,46.89903],[8.61203,46.89939],[8.61283,46.89983],[8.61428,46.90005],[8.61587,46.90052],[8.61693,46.90051],[8.61769,46.90005],[8.61848,46.89995],[8.62007,46.90048],[8.62245,46.90153],[8.62259,46.90189],[8.62262,46.90315],[8.62275,46.90333],[8.62302,46.90351],[8.62328,46.9035],[8.62461,46.90394],[8.62488,46.9043],[8.62503,46.90538],[8.62517,46.90555],[8.62518,46.90627],[8.62532,46.90645],[8.62535,46.90807],[8.62523,46.90861],[8.6246,46.90952],[8.62408,46.90988],[8.62381,46.91025],[8.62174,46.91162],[8.62139,46.9127],[8.62155,46.91432],[8.62211,46.91593],[8.62292,46.917],[8.62369,46.91768],[8.62399,46.91825],[8.624,46.91861],[8.62375,46.91879],[8.62222,46.92097],[8.62195,46.92114],[8.62158,46.9217],[8.62159,46.92188],[8.62107,46.92242],[8.62108,46.92259],[8.62027,46.92337],[8.61978,46.92326],[8.61907,46.92334],[8.61851,46.92358],[8.61775,46.924],[8.6168,46.92466],[8.61666,46.9249],[8.61471,46.92582],[8.61331,46.92691],[8.61304,46.92727],[8.61292,46.92781],[8.61295,46.92907],[8.61282,46.92943],[8.61244,46.93015],[8.61167,46.93089],[8.61116,46.9316],[8.61117,46.93197],[8.61171,46.93268],[8.61201,46.93449],[8.61228,46.93484],[8.6127,46.93592],[8.61324,46.93663],[8.61325,46.93681],[8.61622,46.94074],[8.61678,46.94217],[8.61759,46.94324],[8.61959,46.94466],[8.61986,46.94501],[8.62002,46.94628],[8.62056,46.94699],[8.62111,46.94806],[8.62112,46.9486],[8.62083,46.94892],[8.6201,46.94969],[8.61997,46.95005],[8.62012,46.95059],[8.62001,46.95158],[8.62054,46.95247],[8.62055,46.95299],[8.62056,46.95356],[8.61983,46.95536],[8.61972,46.95645],[8.61949,46.95712],[8.61891,46.95726],[8.61766,46.95787],[8.61691,46.9585],[8.61627,46.95991],[8.61594,46.96097],[8.61464,46.96271],[8.61317,46.96861],[8.61268,46.96996],[8.61077,46.97368],[8.61061,46.9742],[8.61077,46.97484],[8.61041,46.97543],[8.61048,46.97885],[8.61104,46.98029],[8.61161,46.98244],[8.61167,46.98303],[8.61179,46.98424],[8.61192,46.98442],[8.61198,46.98694],[8.61161,46.98838],[8.61072,46.98947],[8.61045,46.99001],[8.61011,46.99163],[8.60934,46.99272],[8.60934,46.9929],[8.6087,46.99363],[8.60767,46.99436],[8.60688,46.99455],[8.60504,46.99456],[8.60478,46.99448],[8.60241,46.99441],[8.60163,46.99478],[8.6006,46.99587],[8.59982,46.99633],[8.59587,46.99628],[8.59535,46.99655],[8.59496,46.99647],[8.59339,46.99702],[8.59287,46.99739],[8.59185,46.99884],[8.5916,46.99956],[8.59095,47.00046],[8.59045,47.00101],[8.58916,47.00191],[8.58785,47.00212],[8.58627,47.00213],[8.58601,47.00222],[8.58337,47.00216],[8.58074,47.00183],[8.57927,47.00076],[8.57874,47.00058],[8.57716,47.00078],[8.57584,47.0008],[8.57347,47.00001],[8.57214,46.99939],[8.5704,46.99797],[8.56906,46.99771],[8.5675,46.99764],[8.56617,46.9972],[8.56511,46.99667],[8.56351,46.99561],[8.56256,46.99436],[8.56231,46.99418],[8.56019,46.99348],[8.55991,46.9933],[8.55897,46.99223],[8.5583,46.9917],[8.55698,46.99126],[8.55487,46.9911],[8.55434,46.99093],[8.55379,46.99058],[8.55169,46.98988],[8.54748,46.98992],[8.54659,46.99007],[8.54426,46.98986],[8.54204,46.98952],[8.54055,46.9894],[8.53627,46.98957],[8.5356,46.98972],[8.53418,46.99038],[8.53337,46.99127],[8.53197,46.99131],[8.53119,46.99167],[8.53069,46.99189],[8.53017,46.99192],[8.52823,46.99177],[8.52709,46.99177],[8.52631,46.99183],[8.5257,46.99196],[8.52497,46.99226],[8.52427,46.99278],[8.52401,46.99315],[8.52398,46.99355],[8.52386,46.99371],[8.52232,46.99403],[8.52179,46.99403],[8.51918,46.99504],[8.51839,46.99505],[8.5168,46.99444],[8.51548,46.99418],[8.51338,46.99411],[8.51311,46.99402],[8.50969,46.99396],[8.50495,46.99347],[8.50257,46.99304],[8.50152,46.99296],[8.49979,46.99203],[8.49845,46.99168],[8.49741,46.99174],[8.49635,46.99195],[8.49461,46.99211],[8.49342,46.99237],[8.49102,46.99395],[8.48998,46.99442],[8.48763,46.99516],[8.48684,46.99526],[8.4863,46.99543],[8.485,46.99544],[8.48315,46.99484],[8.48183,46.99476],[8.48079,46.99504],[8.47869,46.99533],[8.47555,46.99644],[8.47477,46.99699],[8.47478,46.99752],[8.47505,46.99788],[8.47559,46.99824],[8.47665,46.99859],[8.47744,46.99903],[8.47812,46.99992],[8.478,47.00082],[8.47841,47.00118],[8.48132,47.00241],[8.48424,47.00338],[8.48503,47.00355],[8.48556,47.00381],[8.48583,47.00417],[8.48583,47.00436],[8.48555,47.0048],[8.48494,47.00581],[8.48457,47.00725],[8.48393,47.00815],[8.48394,47.00833],[8.48342,47.00887],[8.48318,47.00995],[8.48319,47.01067],[8.48307,47.01085],[8.48309,47.01211],[8.48323,47.01229],[8.48285,47.0132],[8.48248,47.01455],[8.48222,47.01491],[8.4817,47.01528],[8.48092,47.01555],[8.47935,47.01575],[8.47856,47.01602],[8.47817,47.01639],[8.47713,47.01694],[8.47426,47.01804],[8.47323,47.01895],[8.47272,47.02003],[8.47221,47.02076],[8.47127,47.02121],[8.46946,47.02274],[8.46886,47.02439],[8.4682,47.02466],[8.46741,47.02467],[8.46714,47.02458],[8.46557,47.0246],[8.46503,47.02469],[8.46375,47.0256],[8.46328,47.02577],[8.4622,47.0256],[8.46147,47.02538],[8.46002,47.02465],[8.45947,47.02454],[8.45532,47.02492],[8.45474,47.0253],[8.454,47.02639],[8.45361,47.02676],[8.45027,47.02818],[8.44954,47.02868],[8.44891,47.02917],[8.44813,47.02994],[8.44647,47.03052],[8.4436,47.0319],[8.44282,47.032],[8.44096,47.03148],[8.43991,47.03149],[8.43783,47.03258],[8.43704,47.03286],[8.43678,47.03286],[8.43493,47.03234],[8.43361,47.03217],[8.43177,47.03218],[8.43045,47.03237],[8.42914,47.03239],[8.42835,47.03221],[8.42729,47.03222],[8.42584,47.03169],[8.4237,47.03027],[8.42265,47.02992],[8.42185,47.02984],[8.41896,47.02986],[8.4187,47.02996],[8.41687,47.02997],[8.41554,47.03016],[8.41449,47.03017],[8.41371,47.03036],[8.41318,47.03036],[8.41187,47.03073],[8.41082,47.03083],[8.41029,47.03066],[8.40869,47.02959],[8.40736,47.02889],[8.40445,47.02783],[8.40313,47.02757],[8.40208,47.02758],[8.40195,47.02776],[8.40196,47.02812],[8.40249,47.02883],[8.4025,47.02919],[8.40224,47.02938],[8.40173,47.02947],[8.40012,47.02867],[8.39906,47.02832],[8.39827,47.02833],[8.39724,47.02924],[8.39673,47.03014],[8.39673,47.0305],[8.397,47.03086],[8.3978,47.03139],[8.39822,47.03265],[8.39862,47.03318],[8.39942,47.03372],[8.40128,47.03424],[8.40182,47.0346],[8.4021,47.0364],[8.40278,47.03729],[8.40492,47.03907],[8.40731,47.04058],[8.40943,47.04128],[8.41209,47.04297],[8.4129,47.04323],[8.41473,47.04348],[8.41526,47.04366],[8.41692,47.04476],[8.4174,47.04508],[8.41925,47.04561],[8.41946,47.04578],[8.42032,47.0465],[8.42194,47.04864],[8.42274,47.04935],[8.42274,47.04953],[8.42449,47.05132],[8.42529,47.0519],[8.42769,47.05363],[8.42796,47.054],[8.42795,47.05439],[8.42789,47.05723],[8.42776,47.05741],[8.4278,47.05975],[8.42808,47.06064],[8.4293,47.06225],[8.42956,47.06235],[8.42997,47.06288],[8.43076,47.06323],[8.43156,47.06376],[8.43157,47.0643],[8.43106,47.06503],[8.43108,47.06593],[8.43128,47.06659],[8.43164,47.06772],[8.43204,47.06826],[8.43245,47.06915],[8.43248,47.07077],[8.43329,47.07185],[8.43332,47.07364],[8.43373,47.074]]]}},{"type":"Feature","properties":{"name":"Zugersee","aliases":["Lago di Zugo"],"category":"lake","transboundary":false,"outsideSwitzerland":false,"source":"swissTLMRegio 2025"},"geometry":{"type":"Polygon","coordinates":[[[8.47983,47.18299],[8.47931,47.18327],[8.47851,47.18327],[8.47798,47.1831],[8.4769,47.18248],[8.47639,47.18248],[8.47455,47.18313],[8.47402,47.18313],[8.4711,47.18208],[8.47057,47.18173],[8.47002,47.18101],[8.46947,47.1794],[8.4692,47.17904],[8.46866,47.17877],[8.4684,47.17878],[8.46735,47.17914],[8.46473,47.18025],[8.46407,47.18016],[8.46207,47.17901],[8.45782,47.17743],[8.45661,47.17654],[8.45533,47.17496],[8.45472,47.17422],[8.45447,47.17348],[8.4543,47.17296],[8.45441,47.17188],[8.45466,47.17116],[8.45539,47.17],[8.45569,47.16953],[8.45713,47.16863],[8.45739,47.16863],[8.45869,47.16771],[8.45971,47.16626],[8.46085,47.16373],[8.462,47.16174],[8.46212,47.16102],[8.46181,47.16085],[8.46079,47.16031],[8.46078,47.15988],[8.46078,47.15977],[8.4613,47.15923],[8.46208,47.15868],[8.46417,47.15785],[8.4644,47.15764],[8.46456,47.15749],[8.46456,47.15731],[8.46375,47.15677],[8.46296,47.15588],[8.46293,47.15426],[8.46329,47.15318],[8.46328,47.15264],[8.46314,47.15246],[8.46235,47.15229],[8.46102,47.15176],[8.46062,47.15123],[8.46033,47.14997],[8.45979,47.14925],[8.45925,47.1489],[8.45898,47.14854],[8.45975,47.1471],[8.45973,47.14621],[8.45959,47.14602],[8.45944,47.14477],[8.4598,47.14314],[8.46037,47.14242],[8.46096,47.14186],[8.46227,47.14096],[8.46253,47.14086],[8.46411,47.14085],[8.46463,47.14075],[8.46699,47.13983],[8.46752,47.13983],[8.46832,47.14035],[8.46832,47.14054],[8.46859,47.14072],[8.46937,47.14098],[8.47179,47.14249],[8.47284,47.14248],[8.47337,47.1423],[8.47388,47.14174],[8.47386,47.14067],[8.47372,47.1403],[8.47305,47.13942],[8.47211,47.13853],[8.4705,47.13728],[8.46996,47.13657],[8.46967,47.13495],[8.46925,47.13442],[8.46766,47.13344],[8.46672,47.13273],[8.46564,47.13148],[8.46523,47.1304],[8.46535,47.12986],[8.4653,47.12734],[8.46592,47.12536],[8.46588,47.1232],[8.46626,47.12231],[8.46716,47.12103],[8.46846,47.12021],[8.46842,47.12],[8.46911,47.11966],[8.46975,47.11894],[8.47079,47.11821],[8.4721,47.11766],[8.4734,47.11692],[8.47498,47.11645],[8.4755,47.11645],[8.47631,47.11717],[8.47684,47.11725],[8.47789,47.11706],[8.48025,47.1164],[8.4813,47.11639],[8.48209,47.11649],[8.48395,47.1171],[8.48553,47.11708],[8.48657,47.1169],[8.48815,47.11625],[8.48866,47.11589],[8.48893,47.11552],[8.48917,47.11463],[8.489,47.11264],[8.48858,47.11174],[8.48805,47.11103],[8.48752,47.11068],[8.4846,47.10981],[8.48327,47.1091],[8.47893,47.10773],[8.4777,47.10735],[8.47743,47.10717],[8.47702,47.10646],[8.47713,47.10538],[8.47686,47.10502],[8.47553,47.10413],[8.47462,47.10334],[8.47365,47.10253],[8.47205,47.10146],[8.46728,47.09907],[8.46686,47.09824],[8.46685,47.09748],[8.4671,47.09665],[8.46762,47.09601],[8.46881,47.09467],[8.47037,47.09342],[8.47151,47.09247],[8.47325,47.09105],[8.47629,47.08919],[8.47681,47.08882],[8.47864,47.08818],[8.48249,47.08627],[8.48362,47.08569],[8.48533,47.08464],[8.48674,47.08363],[8.48872,47.08226],[8.49003,47.08159],[8.4916,47.08131],[8.49264,47.08104],[8.49375,47.08053],[8.49528,47.07958],[8.49689,47.07875],[8.49992,47.07748],[8.50242,47.07621],[8.50617,47.0745],[8.50765,47.07346],[8.50902,47.07245],[8.5102,47.07142],[8.51129,47.07034],[8.51285,47.06971],[8.51335,47.06816],[8.51413,47.06728],[8.51585,47.06532],[8.51671,47.06424],[8.5177,47.06369],[8.51832,47.06352],[8.52018,47.06413],[8.52043,47.06431],[8.52259,47.06681],[8.52381,47.06788],[8.52557,47.07038],[8.52584,47.07056],[8.5261,47.07055],[8.52624,47.07073],[8.52727,47.07107],[8.52797,47.07162],[8.52825,47.07233],[8.52816,47.07449],[8.52754,47.0763],[8.52587,47.07847],[8.52473,47.08082],[8.52384,47.08209],[8.52333,47.08318],[8.52334,47.08354],[8.52295,47.08462],[8.52297,47.0857],[8.52312,47.08588],[8.52302,47.08786],[8.5236,47.09001],[8.52296,47.09074],[8.52269,47.09074],[8.52189,47.09138],[8.52179,47.09147],[8.5214,47.09201],[8.52078,47.09363],[8.51987,47.09436],[8.5191,47.09545],[8.5191,47.09563],[8.51832,47.09618],[8.51754,47.09637],[8.51702,47.09673],[8.51624,47.09746],[8.51509,47.09891],[8.51223,47.10109],[8.5118,47.10154],[8.51081,47.10255],[8.50888,47.10508],[8.50859,47.1057],[8.50838,47.10617],[8.50787,47.10653],[8.50655,47.10708],[8.50525,47.108],[8.50473,47.10818],[8.5037,47.10882],[8.50293,47.11063],[8.50153,47.11316],[8.50129,47.11406],[8.50053,47.11569],[8.50004,47.11749],[8.49939,47.11804],[8.49834,47.11841],[8.49743,47.11913],[8.49692,47.11968],[8.49591,47.12185],[8.49567,47.12329],[8.49542,47.12383],[8.49545,47.12545],[8.49573,47.12617],[8.4968,47.12724],[8.49762,47.12831],[8.49789,47.12903],[8.49805,47.13011],[8.4986,47.13136],[8.49914,47.13207],[8.49993,47.1326],[8.50153,47.13313],[8.50234,47.13366],[8.50463,47.13616],[8.50585,47.13777],[8.50586,47.13832],[8.50534,47.13903],[8.50456,47.13958],[8.50432,47.13994],[8.50434,47.14084],[8.50542,47.14299],[8.50558,47.14443],[8.50572,47.14461],[8.50574,47.14587],[8.50496,47.14815],[8.50514,47.14875],[8.50555,47.1492],[8.50635,47.14973],[8.50689,47.15045],[8.50731,47.1517],[8.50819,47.15271],[8.50839,47.15295],[8.50854,47.15385],[8.50908,47.15456],[8.51069,47.15581],[8.5107,47.15653],[8.51032,47.15706],[8.51019,47.15725],[8.51034,47.15797],[8.51129,47.15923],[8.51184,47.16048],[8.512,47.1621],[8.51241,47.16281],[8.51242,47.16317],[8.51297,47.16442],[8.51313,47.16512],[8.51326,47.16568],[8.51421,47.16711],[8.51463,47.16819],[8.51517,47.1689],[8.51507,47.16959],[8.51506,47.16979],[8.51442,47.17089],[8.51364,47.17144],[8.51259,47.17181],[8.51076,47.17227],[8.50786,47.17266],[8.50603,47.17331],[8.50524,47.17367],[8.50394,47.17458],[8.50342,47.17513],[8.5033,47.17549],[8.50265,47.17604],[8.50186,47.17622],[8.50054,47.17624],[8.49949,47.17642],[8.49858,47.17716],[8.4982,47.1777],[8.49793,47.1777],[8.49689,47.17816],[8.49662,47.17816],[8.49374,47.179],[8.49005,47.17948],[8.48662,47.17924],[8.48502,47.17881],[8.48369,47.17792],[8.48317,47.17774],[8.48236,47.17766],[8.4821,47.17784],[8.48227,47.17964],[8.4807,47.18038],[8.47966,47.18101],[8.47953,47.1812],[8.47954,47.18174],[8.47981,47.18209],[8.47983,47.18299]]]}},{"type":"Feature","properties":{"name":"Zürichsee","aliases":["Lago di Zurigo","Lake Zurich"],"category":"lake","transboundary":false,"outsideSwitzerland":false,"source":"swissTLMRegio 2025"},"geometry":{"type":"Polygon","coordinates":[[[8.55162,47.3546],[8.55164,47.35568],[8.55043,47.35732],[8.5483,47.36022],[8.54833,47.36262],[8.54753,47.36391],[8.54753,47.36421],[8.54737,47.36454],[8.54704,47.36478],[8.54529,47.36764],[8.54506,47.36766],[8.5444,47.36755],[8.54239,47.36707],[8.53924,47.3655],[8.53904,47.36537],[8.53947,47.36436],[8.53908,47.36395],[8.53869,47.36317],[8.5389,47.3618],[8.53899,47.36134],[8.53886,47.35954],[8.53868,47.35822],[8.53815,47.35654],[8.53798,47.3529],[8.53797,47.35102],[8.53817,47.34875],[8.53861,47.3472],[8.53952,47.34546],[8.54091,47.34315],[8.54175,47.34154],[8.54321,47.33894],[8.54528,47.33737],[8.54715,47.33541],[8.54963,47.33279],[8.55016,47.33195],[8.55125,47.32999],[8.55253,47.32716],[8.55315,47.32595],[8.55354,47.32484],[8.55406,47.32368],[8.55419,47.32307],[8.55518,47.32142],[8.55609,47.32033],[8.55768,47.3188],[8.5581,47.31804],[8.55841,47.31729],[8.55879,47.31637],[8.56028,47.3123],[8.56075,47.3113],[8.56182,47.30765],[8.56217,47.30649],[8.56284,47.30569],[8.56441,47.30431],[8.56503,47.30374],[8.56682,47.30199],[8.56826,47.3008],[8.56959,47.29963],[8.572,47.29741],[8.57387,47.29569],[8.57567,47.29357],[8.57836,47.29014],[8.57966,47.28872],[8.58098,47.28643],[8.58139,47.28573],[8.58225,47.28501],[8.58275,47.28425],[8.58335,47.28331],[8.58392,47.2824],[8.58457,47.28103],[8.58526,47.27766],[8.58593,47.27636],[8.58724,47.2744],[8.58979,47.27263],[8.59015,47.27215],[8.59268,47.26879],[8.59326,47.2677],[8.59343,47.26707],[8.59402,47.26614],[8.59578,47.26503],[8.59719,47.26459],[8.59901,47.26417],[8.60544,47.26168],[8.60728,47.26116],[8.60867,47.26066],[8.61094,47.25974],[8.61463,47.25816],[8.61489,47.25815],[8.61594,47.25779],[8.61805,47.25741],[8.61884,47.25713],[8.6191,47.25713],[8.61972,47.25686],[8.6208,47.25648],[8.62264,47.25529],[8.62394,47.25474],[8.62578,47.25427],[8.62736,47.25399],[8.62788,47.25398],[8.62926,47.25367],[8.62999,47.25351],[8.63445,47.25202],[8.63471,47.25202],[8.63707,47.2511],[8.6376,47.25109],[8.63919,47.25161],[8.64001,47.25251],[8.64095,47.25322],[8.64148,47.25339],[8.64307,47.25355],[8.64466,47.25354],[8.64571,47.25335],[8.64886,47.25232],[8.64911,47.25232],[8.65253,47.25103],[8.65369,47.25011],[8.6538,47.24884],[8.65418,47.24813],[8.6547,47.24776],[8.6581,47.24629],[8.65966,47.24519],[8.66044,47.24446],[8.66134,47.24338],[8.66184,47.24211],[8.66193,47.24121],[8.66259,47.2403],[8.66363,47.23957],[8.66728,47.23755],[8.67145,47.2349],[8.67564,47.23351],[8.67668,47.23295],[8.67746,47.23241],[8.67811,47.23168],[8.67862,47.23095],[8.67861,47.23077],[8.67951,47.22969],[8.68212,47.22795],[8.68447,47.22675],[8.68761,47.22582],[8.68928,47.22465],[8.69099,47.22344],[8.6929,47.22243],[8.6936,47.22207],[8.69989,47.21984],[8.70145,47.21901],[8.70301,47.21791],[8.70365,47.21719],[8.70378,47.21683],[8.70531,47.21465],[8.70609,47.21419],[8.70741,47.21409],[8.70819,47.21372],[8.70831,47.21318],[8.70802,47.2121],[8.70841,47.21156],[8.71087,47.20955],[8.71269,47.20836],[8.71333,47.20754],[8.71408,47.20592],[8.71472,47.20519],[8.71563,47.20446],[8.71746,47.20372],[8.7193,47.20325],[8.7214,47.20287],[8.72298,47.20276],[8.72406,47.20383],[8.72428,47.20397],[8.7246,47.20418],[8.72566,47.20453],[8.72725,47.2047],[8.72964,47.20511],[8.73124,47.20563],[8.73311,47.20678],[8.73498,47.20739],[8.73592,47.2081],[8.73675,47.20971],[8.73796,47.21061],[8.73875,47.21068],[8.73954,47.21031],[8.74005,47.2103],[8.74299,47.21135],[8.74352,47.21125],[8.74391,47.21089],[8.74415,47.21017],[8.74414,47.20945],[8.74387,47.20927],[8.74201,47.20893],[8.74148,47.20894],[8.74095,47.20876],[8.73935,47.20797],[8.73921,47.20761],[8.73947,47.20752],[8.74132,47.2075],[8.74343,47.20775],[8.7445,47.20809],[8.74611,47.20906],[8.74954,47.20894],[8.75035,47.20906],[8.75166,47.20927],[8.75642,47.20976],[8.7588,47.20964],[8.76089,47.20889],[8.76115,47.20888],[8.76214,47.20859],[8.76337,47.20823],[8.76403,47.20814],[8.76668,47.20811],[8.76723,47.20801],[8.76839,47.208],[8.76918,47.20781],[8.76971,47.20781],[8.77285,47.20705],[8.77445,47.20739],[8.77498,47.20774],[8.77555,47.20835],[8.7758,47.20863],[8.77594,47.20899],[8.77648,47.20917],[8.77964,47.20913],[8.77991,47.20904],[8.7807,47.20903],[8.78411,47.20836],[8.78728,47.20823],[8.7907,47.20783],[8.79176,47.20782],[8.79256,47.20826],[8.79296,47.20877],[8.79356,47.20859],[8.79564,47.20791],[8.79505,47.20742],[8.79464,47.20688],[8.79437,47.20617],[8.79436,47.20581],[8.79461,47.20562],[8.79619,47.2056],[8.79829,47.20495],[8.79986,47.20466],[8.8004,47.20484],[8.80042,47.20574],[8.80069,47.20609],[8.80096,47.20627],[8.80149,47.20635],[8.80332,47.20543],[8.8037,47.20514],[8.80527,47.20397],[8.80578,47.20379],[8.8121,47.20308],[8.81603,47.20186],[8.81707,47.20131],[8.81703,47.1996],[8.81727,47.19888],[8.81791,47.19797],[8.81881,47.19706],[8.81933,47.19678],[8.81986,47.19678],[8.82239,47.19757],[8.82318,47.19756],[8.82396,47.19727],[8.82552,47.19626],[8.82683,47.19588],[8.82921,47.19595],[8.83213,47.19676],[8.83319,47.19689],[8.83424,47.19651],[8.8351,47.19607],[8.83841,47.19439],[8.84068,47.19358],[8.84181,47.19318],[8.84233,47.19309],[8.84392,47.19316],[8.84465,47.19328],[8.84737,47.19375],[8.84817,47.19401],[8.84949,47.19426],[8.85029,47.19452],[8.85098,47.19505],[8.85177,47.19549],[8.85233,47.19656],[8.85234,47.19692],[8.85261,47.19728],[8.85318,47.19888],[8.85401,47.20031],[8.85402,47.20064],[8.85403,47.20104],[8.85417,47.20122],[8.85522,47.20121],[8.85548,47.20111],[8.85621,47.20119],[8.85602,47.20147],[8.8555,47.20175],[8.85434,47.20266],[8.85301,47.20258],[8.85263,47.20295],[8.85252,47.20385],[8.85279,47.20403],[8.85462,47.20355],[8.85509,47.20365],[8.85426,47.20473],[8.85426,47.2049],[8.85506,47.20508],[8.85559,47.20507],[8.85637,47.2047],[8.85663,47.2047],[8.8569,47.20478],[8.85838,47.20585],[8.86024,47.20618],[8.8605,47.20609],[8.86062,47.20573],[8.86049,47.20555],[8.85996,47.20547],[8.85942,47.20511],[8.85914,47.20459],[8.85913,47.20404],[8.85925,47.20386],[8.85978,47.20385],[8.8606,47.20492],[8.86114,47.20518],[8.86166,47.20518],[8.8618,47.20535],[8.86168,47.2059],[8.86182,47.20607],[8.86262,47.20623],[8.86288,47.20606],[8.86312,47.20516],[8.86386,47.20353],[8.86425,47.20298],[8.86477,47.20289],[8.86531,47.20315],[8.86545,47.20351],[8.86446,47.20621],[8.86447,47.20632],[8.86448,47.20676],[8.86462,47.20694],[8.86594,47.20701],[8.86938,47.20751],[8.87231,47.20819],[8.87442,47.20826],[8.876,47.20806],[8.87626,47.20787],[8.87649,47.20679],[8.87702,47.20669],[8.87887,47.20667],[8.87913,47.20676],[8.87941,47.20711],[8.87944,47.20837],[8.87997,47.20892],[8.88078,47.20917],[8.88184,47.20915],[8.88236,47.20906],[8.88341,47.20859],[8.88367,47.20859],[8.88555,47.20974],[8.88637,47.21009],[8.88742,47.21034],[8.88811,47.21033],[8.88874,47.21033],[8.89005,47.21013],[8.89057,47.20994],[8.89043,47.20959],[8.88964,47.20951],[8.88937,47.20942],[8.88924,47.20924],[8.88949,47.20888],[8.88932,47.20744],[8.88939,47.2073],[8.88957,47.20698],[8.89009,47.2068],[8.89062,47.20679],[8.89116,47.20706],[8.8917,47.20759],[8.89197,47.20768],[8.89329,47.20766],[8.89431,47.20701],[8.89458,47.20683],[8.89538,47.20682],[8.89552,47.20736],[8.8924,47.2092],[8.89241,47.20938],[8.89268,47.20956],[8.89425,47.20918],[8.89503,47.20881],[8.89633,47.20789],[8.89738,47.2077],[8.89751,47.20752],[8.89669,47.20681],[8.89669,47.20645],[8.89695,47.20635],[8.89879,47.20633],[8.90242,47.20698],[8.9049,47.20742],[8.91181,47.20913],[8.9195,47.21038],[8.92296,47.21125],[8.92402,47.21141],[8.92881,47.21278],[8.932,47.21346],[8.9344,47.21423],[8.93529,47.2147],[8.93574,47.21494],[8.936,47.21494],[8.93665,47.21522],[8.93761,47.21563],[8.93841,47.2159],[8.94,47.21615],[8.94186,47.21675],[8.94281,47.21746],[8.94475,47.21851],[8.94232,47.219],[8.94207,47.21918],[8.94237,47.21978],[8.94268,47.22037],[8.94278,47.22115],[8.94241,47.22205],[8.94242,47.22224],[8.94243,47.22286],[8.94257,47.22303],[8.94337,47.22321],[8.94602,47.22345],[8.94655,47.22362],[8.94736,47.22415],[8.94736,47.22433],[8.94777,47.22486],[8.94779,47.22558],[8.94773,47.22576],[8.9474,47.22587],[8.94392,47.22581],[8.94268,47.22583],[8.94106,47.22585],[8.93922,47.22614],[8.9321,47.22633],[8.93183,47.22642],[8.92972,47.22645],[8.92946,47.22654],[8.92576,47.22659],[8.9255,47.22668],[8.92048,47.22675],[8.91916,47.22658],[8.91889,47.22641],[8.91886,47.22533],[8.91872,47.22497],[8.91844,47.22461],[8.91791,47.22435],[8.91685,47.22436],[8.9158,47.22456],[8.91369,47.22459],[8.91077,47.22417],[8.90891,47.22375],[8.90731,47.22305],[8.90597,47.22261],[8.902,47.22204],[8.90147,47.22204],[8.89961,47.22153],[8.8988,47.221],[8.89812,47.22028],[8.89704,47.21958],[8.89651,47.2195],[8.89282,47.21963],[8.88883,47.21878],[8.88537,47.21776],[8.88351,47.21741],[8.88193,47.21734],[8.88166,47.21725],[8.87849,47.21729],[8.87823,47.21739],[8.87772,47.21811],[8.87773,47.21829],[8.87721,47.21866],[8.87432,47.21923],[8.87274,47.21943],[8.87143,47.21945],[8.87116,47.21954],[8.86799,47.21958],[8.86668,47.21987],[8.8651,47.2207],[8.86401,47.22157],[8.86197,47.22319],[8.85991,47.22346],[8.85779,47.22349],[8.85753,47.2234],[8.85488,47.22334],[8.85462,47.22326],[8.85277,47.22337],[8.8525,47.22328],[8.85173,47.22329],[8.85118,47.22312],[8.85091,47.22294],[8.85089,47.22222],[8.85048,47.22169],[8.84955,47.22098],[8.84939,47.22026],[8.85055,47.21935],[8.85161,47.21898],[8.85239,47.21888],[8.85291,47.21869],[8.85304,47.21851],[8.85302,47.21797],[8.85289,47.21779],[8.85236,47.2178],[8.85184,47.21798],[8.85052,47.218],[8.84839,47.21749],[8.8476,47.21741],[8.84573,47.21689],[8.84455,47.21699],[8.84406,47.2174],[8.8439,47.21754],[8.84285,47.21782],[8.84153,47.21784],[8.84127,47.21793],[8.83573,47.218],[8.8352,47.2181],[8.83363,47.21865],[8.83207,47.21957],[8.83051,47.22067],[8.82923,47.22195],[8.82741,47.22314],[8.82662,47.22342],[8.82583,47.22343],[8.82558,47.22352],[8.81897,47.22369],[8.81814,47.2238],[8.81739,47.22398],[8.81687,47.22434],[8.81631,47.22498],[8.81518,47.22668],[8.8151,47.22679],[8.81484,47.22725],[8.81301,47.22826],[8.81257,47.22852],[8.81266,47.22879],[8.81518,47.22974],[8.81581,47.22987],[8.8179,47.23041],[8.81846,47.23068],[8.81869,47.23107],[8.8179,47.23342],[8.81685,47.23634],[8.81633,47.23756],[8.8159,47.23785],[8.81485,47.23804],[8.813,47.23798],[8.81195,47.23816],[8.81169,47.23835],[8.80959,47.2391],[8.80828,47.23911],[8.80694,47.23886],[8.80562,47.23887],[8.8051,47.23897],[8.80379,47.23935],[8.80221,47.23963],[8.80182,47.24],[8.80183,47.24036],[8.80158,47.24072],[8.80053,47.24109],[8.79734,47.24059],[8.79441,47.23964],[8.79347,47.23893],[8.79252,47.23786],[8.79171,47.23733],[8.79011,47.23673],[8.78903,47.23583],[8.78875,47.23574],[8.78745,47.23576],[8.78703,47.23591],[8.78442,47.23642],[8.78363,47.23643],[8.77992,47.23541],[8.77859,47.23542],[8.77648,47.2358],[8.77463,47.23582],[8.77198,47.2355],[8.77119,47.23551],[8.76881,47.23526],[8.7659,47.2352],[8.76325,47.23496],[8.76064,47.23499],[8.75876,47.23501],[8.75745,47.23521],[8.75692,47.23539],[8.75534,47.23559],[8.75429,47.2356],[8.75084,47.23528],[8.74952,47.23503],[8.74793,47.23487],[8.74687,47.23488],[8.74477,47.23535],[8.74318,47.23537],[8.73867,47.23444],[8.73761,47.23445],[8.73656,47.23463],[8.73473,47.23556],[8.73342,47.23602],[8.73316,47.2362],[8.72688,47.23843],[8.7253,47.23872],[8.72398,47.23873],[8.72108,47.23913],[8.71819,47.23979],[8.71637,47.24044],[8.71494,47.24126],[8.71246,47.243],[8.71156,47.24409],[8.7108,47.24572],[8.71029,47.24644],[8.70977,47.2468],[8.70939,47.24692],[8.70849,47.24722],[8.70741,47.24756],[8.70583,47.24784],[8.70321,47.2485],[8.70189,47.2487],[8.69979,47.24944],[8.69535,47.25156],[8.69352,47.25221],[8.69167,47.2525],[8.69089,47.25278],[8.68972,47.25369],[8.68908,47.25459],[8.68896,47.25513],[8.68858,47.25568],[8.6878,47.25623],[8.68596,47.25706],[8.68255,47.25817],[8.67992,47.25856],[8.67908,47.25879],[8.67703,47.2594],[8.67361,47.26016],[8.66831,47.26217],[8.66654,47.26284],[8.66443,47.26322],[8.66365,47.2635],[8.66196,47.26478],[8.66092,47.26509],[8.66012,47.26515],[8.65906,47.26499],[8.65694,47.26501],[8.65668,47.26511],[8.65457,47.26521],[8.65325,47.2655],[8.65272,47.26551],[8.65194,47.26588],[8.6509,47.26661],[8.65064,47.26697],[8.64921,47.26806],[8.64842,47.26825],[8.64737,47.26826],[8.64472,47.26793],[8.64234,47.26796],[8.64076,47.26825],[8.63997,47.26852],[8.63893,47.26907],[8.63867,47.26925],[8.63803,47.27016],[8.63672,47.27098],[8.63595,47.27126],[8.63093,47.27185],[8.6283,47.27278],[8.62543,47.27444],[8.6236,47.27535],[8.62203,47.27608],[8.61941,47.27701],[8.61784,47.27784],[8.61497,47.27966],[8.6129,47.28184],[8.61095,47.2833],[8.61054,47.28382],[8.61044,47.28396],[8.60979,47.28476],[8.60669,47.28785],[8.60358,47.2904],[8.60228,47.29167],[8.5989,47.29458],[8.59866,47.29497],[8.59849,47.29528],[8.59814,47.29585],[8.59789,47.29675],[8.59779,47.29837],[8.5974,47.29891],[8.59585,47.30019],[8.59271,47.30157],[8.59088,47.30276],[8.59024,47.30366],[8.59008,47.30432],[8.58986,47.30448],[8.58961,47.3052],[8.5895,47.30628],[8.58874,47.30737],[8.58753,47.30832],[8.58456,47.31065],[8.58094,47.31428],[8.57992,47.31573],[8.57929,47.31754],[8.57813,47.31863],[8.57824,47.31927],[8.57882,47.32015],[8.57883,47.32069],[8.57771,47.32376],[8.57642,47.32557],[8.57499,47.32685],[8.57332,47.32902],[8.57307,47.32956],[8.57283,47.33083],[8.5722,47.33245],[8.5718,47.33303],[8.56925,47.3368],[8.56925,47.33698],[8.5681,47.33897],[8.56723,47.3415],[8.56724,47.34186],[8.56699,47.3424],[8.56662,47.34402],[8.56548,47.34565],[8.56364,47.34693],[8.56359,47.34702],[8.563,47.3482],[8.56236,47.3491],[8.56055,47.3511],[8.55938,47.35219],[8.55755,47.35338],[8.55713,47.35346],[8.55518,47.35385],[8.55466,47.35385],[8.55438,47.35395],[8.55267,47.35396],[8.55162,47.3546]],[[8.79791,47.20568],[8.79752,47.20595],[8.79743,47.20757],[8.7973,47.20775],[8.79744,47.20793],[8.7977,47.20802],[8.79823,47.20783],[8.79861,47.20711],[8.79939,47.20692],[8.79952,47.20674],[8.79909,47.20548],[8.79856,47.2054],[8.79791,47.20568]],[[8.79251,47.22183],[8.79225,47.22202],[8.79226,47.22239],[8.79294,47.2231],[8.794,47.22327],[8.79532,47.22325],[8.7961,47.22297],[8.79636,47.22261],[8.79635,47.22243],[8.79609,47.22225],[8.79529,47.22198],[8.79343,47.22175],[8.79251,47.22183]],[[8.77747,47.21725],[8.77695,47.21761],[8.77698,47.2187],[8.77765,47.21923],[8.77819,47.21949],[8.78005,47.2201],[8.78269,47.22016],[8.78348,47.21997],[8.78426,47.21942],[8.78452,47.21906],[8.78409,47.21852],[8.78357,47.21826],[8.78251,47.21791],[8.78038,47.21757],[8.77959,47.21758],[8.77906,47.2175],[8.77866,47.21731],[8.778,47.21716],[8.77747,47.21725]],[[8.80254,47.21733],[8.80558,47.21821],[8.80674,47.21837],[8.80749,47.21828],[8.80759,47.21753],[8.80847,47.2159],[8.80846,47.21554],[8.80819,47.21518],[8.80712,47.21474],[8.80474,47.21459],[8.80394,47.21433],[8.80327,47.2138],[8.80247,47.21363],[8.80194,47.21364],[8.80114,47.21338],[8.8006,47.21302],[8.79924,47.21142],[8.79877,47.20855],[8.79851,47.20837],[8.79739,47.20851],[8.79614,47.20867],[8.79374,47.20936],[8.79348,47.20967],[8.7938,47.21013],[8.7938,47.21027],[8.79381,47.21049],[8.79437,47.21175],[8.79466,47.21283],[8.79483,47.21426],[8.79538,47.21533],[8.79592,47.21569],[8.79778,47.21629],[8.79937,47.21655],[8.79991,47.21672],[8.80043,47.21671],[8.80254,47.21733]]]}},{"type":"Feature","properties":{"name":"Walensee","aliases":["Lago di Walenstadt"],"category":"lake","transboundary":false,"outsideSwitzerland":false,"source":"swissTLMRegio 2025"},"geometry":{"type":"Polygon","coordinates":[[[9.17167,47.13501],[9.17071,47.13489],[9.16386,47.13503],[9.16135,47.13504],[9.16031,47.13523],[9.15978,47.13542],[9.15875,47.13615],[9.15772,47.13671],[9.15378,47.13722],[9.15246,47.13724],[9.15193,47.13716],[9.15006,47.13656],[9.14926,47.13612],[9.14846,47.13586],[9.14714,47.13588],[9.14611,47.13662],[9.14588,47.1377],[9.14563,47.13807],[9.14511,47.13834],[9.14249,47.13838],[9.13906,47.13897],[9.13615,47.13901],[9.13589,47.13911],[9.13471,47.13903],[9.13418,47.13886],[9.13233,47.1388],[9.13025,47.13955],[9.12973,47.13982],[9.125,47.14052],[9.12342,47.14055],[9.1221,47.14039],[9.11946,47.14042],[9.1192,47.14052],[9.11762,47.14063],[9.11735,47.14055],[9.11551,47.14048],[9.11444,47.14014],[9.11418,47.14014],[9.1131,47.13944],[9.11173,47.13748],[9.11064,47.13677],[9.10851,47.13617],[9.10717,47.13547],[9.10674,47.13545],[9.10624,47.13522],[9.10519,47.13523],[9.10466,47.13533],[9.10206,47.13636],[9.10127,47.13637],[9.10075,47.1362],[9.09979,47.13549],[9.09964,47.13477],[9.10005,47.13416],[9.10093,47.13386],[9.10274,47.13292],[9.10353,47.13265],[9.10642,47.13076],[9.10656,47.13067],[9.10818,47.12961],[9.11028,47.12949],[9.11134,47.12966],[9.11345,47.12971],[9.11372,47.1298],[9.11397,47.12971],[9.11477,47.1297],[9.1153,47.12961],[9.11842,47.12838],[9.12001,47.12845],[9.12056,47.12836],[9.12171,47.12797],[9.12249,47.12787],[9.12275,47.12796],[9.12408,47.12794],[9.12435,47.12803],[9.12882,47.12787],[9.13041,47.12803],[9.132,47.12836],[9.13279,47.12835],[9.13306,47.12844],[9.13517,47.12841],[9.13543,47.12831],[9.13753,47.12819],[9.13911,47.1279],[9.14145,47.12705],[9.14379,47.12585],[9.1464,47.12509],[9.14982,47.12468],[9.15613,47.12441],[9.15797,47.12411],[9.1611,47.12298],[9.16608,47.12201],[9.16783,47.12133],[9.17024,47.12041],[9.17182,47.1203],[9.17225,47.12036],[9.17368,47.12054],[9.17526,47.12061],[9.17657,47.12023],[9.1773,47.11971],[9.17786,47.11949],[9.17997,47.11937],[9.18311,47.11887],[9.18468,47.11831],[9.18545,47.11776],[9.18623,47.11747],[9.18702,47.11746],[9.18933,47.11802],[9.19013,47.11805],[9.19128,47.11832],[9.19244,47.11832],[9.19411,47.11818],[9.19579,47.11767],[9.19747,47.11704],[9.19928,47.11692],[9.20093,47.1168],[9.20534,47.11581],[9.2071,47.11549],[9.20976,47.11535],[9.21064,47.11542],[9.21226,47.11536],[9.21574,47.11693],[9.216,47.11693],[9.21681,47.11727],[9.21812,47.11716],[9.21889,47.11689],[9.2202,47.11641],[9.22048,47.11641],[9.22189,47.11567],[9.22254,47.11475],[9.22253,47.11458],[9.22329,47.11402],[9.22538,47.11354],[9.22749,47.11342],[9.22775,47.1135],[9.2296,47.11357],[9.23623,47.11463],[9.23675,47.11462],[9.23914,47.11495],[9.24653,47.11483],[9.24678,47.11492],[9.24784,47.1149],[9.2481,47.11499],[9.24969,47.11505],[9.25145,47.11547],[9.25181,47.11556],[9.25262,47.11608],[9.25374,47.11644],[9.25515,47.11667],[9.25582,47.11702],[9.25597,47.11756],[9.25624,47.11792],[9.25678,47.11809],[9.25809,47.11807],[9.25836,47.11815],[9.25862,47.11806],[9.2602,47.11803],[9.26072,47.11785],[9.26124,47.11748],[9.26162,47.11737],[9.26228,47.11719],[9.26493,47.11742],[9.26625,47.11767],[9.26783,47.11764],[9.26914,47.11735],[9.27227,47.11631],[9.27279,47.11621],[9.27543,47.11626],[9.27622,47.11607],[9.27803,47.11523],[9.27886,47.11507],[9.2796,47.11494],[9.28146,47.11491],[9.28542,47.11547],[9.28754,47.11562],[9.28807,47.11579],[9.28861,47.11614],[9.28929,47.11685],[9.29024,47.11755],[9.29104,47.11781],[9.29157,47.11789],[9.29341,47.11786],[9.29446,47.11767],[9.29631,47.11764],[9.29684,47.11772],[9.29764,47.11797],[9.30033,47.11955],[9.30047,47.11973],[9.30049,47.12027],[9.30023,47.12063],[9.29999,47.12127],[9.30001,47.12181],[9.30029,47.12234],[9.30045,47.12315],[9.30128,47.12421],[9.30129,47.12439],[9.30265,47.12563],[9.30334,47.12703],[9.30337,47.12782],[9.30341,47.12859],[9.30329,47.12895],[9.30292,47.1295],[9.30223,47.12993],[9.30188,47.13014],[9.30136,47.13024],[9.29899,47.13028],[9.2966,47.12995],[9.29554,47.12971],[9.29475,47.12972],[9.29379,47.13009],[9.29149,47.13076],[9.2907,47.13077],[9.28779,47.13046],[9.28594,47.1304],[9.28358,47.13089],[9.28201,47.13073],[9.28094,47.13075],[9.28008,47.13102],[9.27911,47.13132],[9.27754,47.13108],[9.27568,47.13075],[9.27479,47.13035],[9.27463,47.1302],[9.27346,47.12993],[9.27313,47.12998],[9.2719,47.13051],[9.26959,47.13048],[9.26802,47.13078],[9.26696,47.13079],[9.2667,47.13089],[9.26617,47.13081],[9.26471,47.13079],[9.25853,47.13084],[9.25827,47.13093],[9.25721,47.13095],[9.25616,47.13115],[9.25578,47.13133],[9.25551,47.13125],[9.25499,47.13143],[9.25341,47.13164],[9.25317,47.13164],[9.25225,47.13166],[9.25183,47.13166],[9.25049,47.13142],[9.24997,47.13133],[9.24863,47.13072],[9.24758,47.13073],[9.24653,47.13103],[9.24522,47.13123],[9.24414,47.13104],[9.24098,47.13048],[9.23913,47.13051],[9.23887,47.13043],[9.23676,47.13055],[9.2352,47.13103],[9.23203,47.13107],[9.23124,47.13091],[9.2291,47.13013],[9.22857,47.13005],[9.22746,47.13008],[9.22542,47.13055],[9.22437,47.13056],[9.2225,47.13005],[9.22013,47.13009],[9.21856,47.13029],[9.21669,47.12996],[9.21617,47.12997],[9.21356,47.13055],[9.20987,47.13061],[9.20685,47.13117],[9.2062,47.1313],[9.20385,47.13214],[9.20228,47.13244],[9.19965,47.13275],[9.19728,47.13287],[9.1928,47.13384],[9.19208,47.1339],[9.19152,47.13395],[9.18916,47.13435],[9.18705,47.13438],[9.18679,47.13447],[9.18652,47.13439],[9.18415,47.13442],[9.18388,47.13433],[9.17941,47.13439],[9.17704,47.1348],[9.17547,47.13518],[9.17336,47.13521],[9.17167,47.13501]]]}},{"type":"Feature","properties":{"name":"Bodensee","aliases":["Lake Constance","Lac de Constance"],"category":"lake","transboundary":true,"outsideSwitzerland":false,"source":"swissTLMRegio 2025"},"geometry":{"type":"Polygon","coordinates":[[[9.05085,47.81678],[9.04431,47.81796],[9.0414,47.81864],[9.04034,47.81866],[9.03952,47.81829],[9.03938,47.81813],[9.03936,47.81741],[9.04014,47.81668],[9.04052,47.81614],[9.04049,47.81506],[9.04007,47.81452],[9.03983,47.81444],[9.03848,47.81492],[9.03781,47.81493],[9.03727,47.81474],[9.03548,47.81333],[9.03494,47.81261],[9.03492,47.81189],[9.03527,47.81027],[9.03378,47.80966],[9.03271,47.80948],[9.03216,47.80914],[9.03188,47.80861],[9.03172,47.80779],[9.03168,47.80663],[9.0322,47.8059],[9.03309,47.80499],[9.03441,47.80416],[9.036,47.8036],[9.03733,47.80332],[9.03917,47.80257],[9.03997,47.80256],[9.04021,47.80247],[9.04115,47.80173],[9.04481,47.79925],[9.04587,47.79888],[9.04694,47.79877],[9.04826,47.79831],[9.04878,47.79794],[9.0498,47.79649],[9.05027,47.79509],[9.05054,47.7945],[9.05264,47.79312],[9.05605,47.79127],[9.05711,47.79083],[9.05763,47.79044],[9.05892,47.78916],[9.05907,47.7888],[9.05983,47.78807],[9.06137,47.78625],[9.06254,47.78533],[9.06386,47.7847],[9.06439,47.78459],[9.06544,47.78394],[9.06659,47.78249],[9.06731,47.78178],[9.07038,47.77965],[9.07222,47.77872],[9.07459,47.77779],[9.07692,47.77632],[9.07826,47.77567],[9.08193,47.77355],[9.08851,47.77058],[9.09009,47.76964],[9.09088,47.76937],[9.09219,47.76863],[9.09351,47.76816],[9.0951,47.76796],[9.09722,47.76748],[9.09933,47.76673],[9.0996,47.76673],[9.10515,47.76467],[9.10647,47.76438],[9.10879,47.76423],[9.11072,47.76387],[9.11204,47.7634],[9.11439,47.76193],[9.11704,47.76117],[9.12099,47.75876],[9.12436,47.75639],[9.125,47.75565],[9.12669,47.75437],[9.12984,47.75262],[9.13186,47.75138],[9.13323,47.75068],[9.13351,47.75068],[9.13743,47.74846],[9.13933,47.74897],[9.14039,47.74882],[9.14145,47.74867],[9.14306,47.74874],[9.14575,47.74951],[9.14629,47.74986],[9.14816,47.7504],[9.149,47.75054],[9.14978,47.75053],[9.15031,47.75025],[9.15041,47.74935],[9.15069,47.74881],[9.15195,47.74735],[9.15239,47.74697],[9.15325,47.74625],[9.15481,47.74513],[9.15612,47.74441],[9.16042,47.74129],[9.16304,47.7399],[9.16331,47.73989],[9.16462,47.73915],[9.16489,47.73915],[9.16643,47.73832],[9.16804,47.73775],[9.1683,47.73757],[9.17016,47.73727],[9.17176,47.73725],[9.17387,47.7365],[9.17493,47.73585],[9.1758,47.73458],[9.17573,47.73224],[9.17584,47.7317],[9.17876,47.72698],[9.17873,47.72626],[9.17845,47.72572],[9.17843,47.72518],[9.17905,47.72391],[9.17978,47.72174],[9.17988,47.72065],[9.18025,47.71958],[9.181,47.71831],[9.18119,47.71722],[9.18173,47.71543],[9.18219,47.71397],[9.18216,47.71291],[9.18187,47.71236],[9.18105,47.71165],[9.18105,47.71149],[9.18063,47.71112],[9.18007,47.71022],[9.18005,47.70969],[9.18042,47.70896],[9.18039,47.70806],[9.18011,47.70735],[9.18061,47.70644],[9.18217,47.70516],[9.18507,47.70422],[9.18667,47.70338],[9.18762,47.70067],[9.18851,47.69939],[9.18877,47.69921],[9.19087,47.69835],[9.19247,47.69809],[9.19352,47.69779],[9.19456,47.69705],[9.19535,47.69668],[9.19668,47.69648],[9.1972,47.69629],[9.19808,47.69578],[9.19903,47.69518],[9.2027,47.69335],[9.20454,47.69204],[9.20606,47.69065],[9.20829,47.68911],[9.2088,47.68856],[9.20931,47.68783],[9.20931,47.68765],[9.21046,47.68619],[9.21098,47.68583],[9.21252,47.68439],[9.21286,47.68419],[9.21313,47.68378],[9.2134,47.68246],[9.21284,47.68175],[9.21188,47.68086],[9.21137,47.67763],[9.21162,47.6771],[9.21188,47.67692],[9.2148,47.67254],[9.21493,47.67218],[9.21659,47.67069],[9.21751,47.66996],[9.2184,47.66889],[9.21865,47.66817],[9.21856,47.66734],[9.21768,47.66708],[9.21501,47.66712],[9.21234,47.66682],[9.21207,47.66665],[9.21123,47.66558],[9.20986,47.66507],[9.20901,47.66435],[9.20823,47.6641],[9.20667,47.66439],[9.20219,47.66599],[9.20166,47.66609],[9.19966,47.66605],[9.19727,47.66687],[9.19569,47.6669],[9.19384,47.66728],[9.19173,47.66795],[9.19041,47.66815],[9.18775,47.66819],[9.18668,47.66811],[9.18214,47.66773],[9.18107,47.66784],[9.18045,47.66814],[9.17964,47.66839],[9.17866,47.6674],[9.17948,47.66675],[9.18037,47.66677],[9.18063,47.66658],[9.18076,47.66622],[9.18071,47.66496],[9.18119,47.66334],[9.18146,47.66297],[9.1813,47.66262],[9.18076,47.66244],[9.18034,47.66173],[9.18019,47.66117],[9.18028,47.65973],[9.18075,47.65911],[9.18165,47.65915],[9.18225,47.65918],[9.18275,47.65809],[9.1834,47.65728],[9.18416,47.65645],[9.18401,47.65592],[9.18278,47.65487],[9.18222,47.65414],[9.18221,47.65381],[9.1822,47.6536],[9.18273,47.65324],[9.18352,47.65304],[9.18381,47.65376],[9.18408,47.65385],[9.18514,47.65383],[9.18648,47.65417],[9.18702,47.65416],[9.18728,47.65407],[9.18727,47.65389],[9.18844,47.65279],[9.1921,47.65039],[9.19221,47.65021],[9.19193,47.64986],[9.19192,47.6495],[9.1926,47.64916],[9.19323,47.64885],[9.19429,47.64867],[9.19642,47.64864],[9.19762,47.6488],[9.1991,47.64903],[9.20016,47.64893],[9.20173,47.64818],[9.2041,47.64734],[9.20672,47.64604],[9.2071,47.6459],[9.20777,47.64566],[9.20838,47.64565],[9.2099,47.64563],[9.21151,47.64632],[9.21285,47.6463],[9.21362,47.64573],[9.21415,47.6452],[9.21422,47.64462],[9.21475,47.64321],[9.21526,47.64283],[9.21869,47.64171],[9.21999,47.64089],[9.22053,47.6404],[9.22141,47.63961],[9.22326,47.63904],[9.22377,47.63849],[9.22374,47.63759],[9.22387,47.63741],[9.22517,47.63649],[9.22783,47.63645],[9.22941,47.63597],[9.23021,47.63587],[9.23102,47.63622],[9.23198,47.63728],[9.23279,47.63736],[9.23384,47.63698],[9.23488,47.63634],[9.23498,47.63544],[9.23524,47.63505],[9.2357,47.63468],[9.23588,47.63454],[9.23641,47.63433],[9.23773,47.63413],[9.23962,47.6341],[9.2412,47.63435],[9.242,47.63434],[9.24358,47.63377],[9.24491,47.63366],[9.24729,47.63318],[9.24992,47.63223],[9.25044,47.63196],[9.25268,47.63029],[9.2534,47.62975],[9.25421,47.62947],[9.25633,47.62908],[9.25893,47.62733],[9.26156,47.62638],[9.26314,47.626],[9.26575,47.62512],[9.26735,47.62458],[9.26832,47.62547],[9.26911,47.62537],[9.2699,47.62499],[9.27132,47.62394],[9.27239,47.62315],[9.27449,47.62231],[9.27579,47.6222],[9.2779,47.62154],[9.27842,47.62126],[9.2801,47.61997],[9.2821,47.61894],[9.28246,47.61877],[9.28351,47.61839],[9.28457,47.61828],[9.28615,47.61788],[9.2906,47.61567],[9.29112,47.61548],[9.29271,47.61518],[9.29402,47.61463],[9.29744,47.6134],[9.2977,47.61339],[9.30072,47.61227],[9.30254,47.6108],[9.30437,47.61012],[9.30458,47.60999],[9.30593,47.60903],[9.30683,47.60814],[9.30683,47.60794],[9.30749,47.60739],[9.30748,47.60721],[9.30798,47.60668],[9.30917,47.60574],[9.31045,47.60517],[9.31097,47.60481],[9.31437,47.60305],[9.31505,47.60262],[9.31838,47.60056],[9.31983,47.59954],[9.32166,47.5987],[9.32349,47.59768],[9.3244,47.59695],[9.32466,47.59694],[9.32726,47.5951],[9.33013,47.59371],[9.33145,47.59324],[9.33274,47.59259],[9.33459,47.59192],[9.33721,47.59071],[9.33826,47.59033],[9.33934,47.58977],[9.34113,47.58885],[9.34323,47.58791],[9.34428,47.58754],[9.34562,47.58787],[9.34642,47.58786],[9.34665,47.58777],[9.34746,47.58721],[9.34745,47.58702],[9.34859,47.58613],[9.34887,47.58593],[9.35071,47.58518],[9.35832,47.58245],[9.35852,47.58227],[9.35885,47.58227],[9.36255,47.58099],[9.36463,47.58027],[9.37105,47.5774],[9.37274,47.57654],[9.37405,47.57607],[9.37589,47.57568],[9.37643,47.57567],[9.378,47.5751],[9.37877,47.57419],[9.37955,47.5739],[9.38138,47.5736],[9.38193,47.57342],[9.38308,47.5725],[9.38307,47.57232],[9.38348,47.57195],[9.38409,47.57068],[9.38461,47.5704],[9.38593,47.5702],[9.38619,47.57],[9.38644,47.56949],[9.3864,47.56857],[9.38626,47.56839],[9.3855,47.56787],[9.38547,47.56823],[9.38549,47.56877],[9.38512,47.56913],[9.38371,47.56911],[9.38155,47.56899],[9.38146,47.56834],[9.38155,47.56658],[9.3818,47.56622],[9.3822,47.56624],[9.3826,47.56639],[9.38328,47.56637],[9.38396,47.56622],[9.38402,47.56518],[9.38364,47.56308],[9.38311,47.56164],[9.38149,47.55964],[9.38124,47.55923],[9.38191,47.55839],[9.38202,47.55766],[9.38199,47.55686],[9.38156,47.55597],[9.38152,47.55507],[9.38216,47.55434],[9.38322,47.5539],[9.38399,47.55359],[9.38477,47.55303],[9.38619,47.55175],[9.38623,47.55152],[9.38683,47.5512],[9.38682,47.55084],[9.38611,47.54959],[9.38594,47.54869],[9.38652,47.54791],[9.38734,47.54687],[9.38837,47.54595],[9.38966,47.54503],[9.39069,47.54442],[9.3909,47.54429],[9.39278,47.54318],[9.39617,47.5414],[9.39748,47.54085],[9.39827,47.54057],[9.39853,47.54056],[9.40062,47.53962],[9.40141,47.53944],[9.40324,47.5386],[9.40403,47.53838],[9.40481,47.53794],[9.4056,47.53766],[9.40716,47.53673],[9.41116,47.5336],[9.4135,47.53212],[9.41792,47.52962],[9.42234,47.52693],[9.42247,47.52675],[9.4223,47.52585],[9.42307,47.52512],[9.42489,47.52417],[9.42646,47.52335],[9.42908,47.52241],[9.43013,47.52203],[9.43101,47.52159],[9.43184,47.52213],[9.43305,47.52253],[9.43435,47.52248],[9.43518,47.52215],[9.43576,47.52143],[9.43624,47.52106],[9.43798,47.5206],[9.43961,47.5198],[9.44038,47.51924],[9.44091,47.51869],[9.44139,47.51779],[9.4415,47.51707],[9.44094,47.51635],[9.43929,47.51494],[9.43684,47.51347],[9.43671,47.50986],[9.43682,47.50932],[9.43719,47.50859],[9.43718,47.50823],[9.43873,47.50713],[9.43952,47.50693],[9.44051,47.50678],[9.44165,47.50698],[9.44272,47.50715],[9.44618,47.50736],[9.4472,47.50707],[9.44761,47.5067],[9.44773,47.50632],[9.4477,47.50544],[9.44818,47.50417],[9.45024,47.50234],[9.45102,47.50192],[9.45442,47.50064],[9.45521,47.50054],[9.45942,47.49948],[9.46495,47.49831],[9.46574,47.49804],[9.46758,47.49763],[9.46942,47.49696],[9.47071,47.49604],[9.47093,47.49568],[9.47276,47.49403],[9.47431,47.49292],[9.47614,47.49217],[9.47691,47.49161],[9.47757,47.49071],[9.4783,47.4897],[9.47829,47.48952],[9.47867,47.48897],[9.47903,47.48789],[9.47898,47.48681],[9.47909,47.48645],[9.47986,47.48535],[9.48012,47.48517],[9.48023,47.48479],[9.48335,47.48295],[9.48518,47.48229],[9.48676,47.48199],[9.49069,47.4817],[9.49098,47.48217],[9.4947,47.48154],[9.49447,47.48103],[9.49889,47.47989],[9.49969,47.47988],[9.50209,47.48019],[9.50262,47.48018],[9.50716,47.48091],[9.51036,47.48121],[9.51116,47.4812],[9.51222,47.48136],[9.51329,47.48134],[9.51595,47.48147],[9.51772,47.48161],[9.5194,47.48168],[9.52101,47.48192],[9.52154,47.48191],[9.52394,47.48231],[9.5298,47.4823],[9.53084,47.48263],[9.53168,47.4829],[9.53274,47.48333],[9.53729,47.48414],[9.53997,47.4849],[9.54214,47.48586],[9.5438,47.48692],[9.54418,47.48726],[9.54531,47.48868],[9.54556,47.48928],[9.54632,47.491],[9.54634,47.49136],[9.54676,47.49207],[9.54757,47.4926],[9.54923,47.49337],[9.55164,47.4945],[9.5528,47.49525],[9.55355,47.49573],[9.55395,47.49608],[9.55431,47.49639],[9.55577,47.4982],[9.5558,47.49892],[9.5549,47.49982],[9.55479,47.50038],[9.55577,47.50162],[9.55599,47.50263],[9.55671,47.50286],[9.55906,47.50257],[9.56101,47.50133],[9.56156,47.50035],[9.5624,47.50055],[9.56278,47.50086],[9.56367,47.5015],[9.56565,47.50297],[9.56619,47.50323],[9.567,47.50349],[9.56834,47.50366],[9.56969,47.50364],[9.56992,47.50352],[9.57012,47.5019],[9.57047,47.50063],[9.57171,47.49845],[9.57171,47.49827],[9.57271,47.49681],[9.57348,47.49626],[9.57512,47.4956],[9.57538,47.4955],[9.57555,47.49543],[9.57584,47.49532],[9.57975,47.49353],[9.58132,47.49297],[9.58158,47.49278],[9.58184,47.49278],[9.5821,47.49259],[9.58497,47.49146],[9.58615,47.49066],[9.58782,47.48952],[9.5886,47.48923],[9.58994,47.48948],[9.59073,47.48946],[9.591,47.48955],[9.59364,47.4895],[9.59392,47.4894],[9.59524,47.48938],[9.59551,47.48928],[9.59975,47.4892],[9.60005,47.48929],[9.60122,47.48936],[9.60348,47.48949],[9.60592,47.48993],[9.60669,47.49006],[9.60767,47.49009],[9.60882,47.49011],[9.60936,47.49019],[9.61181,47.49195],[9.61423,47.49272],[9.61451,47.49298],[9.61478,47.49306],[9.61626,47.49412],[9.6167,47.49464],[9.61688,47.49572],[9.61729,47.49607],[9.61808,47.49624],[9.61889,47.49622],[9.61918,47.49618],[9.61974,47.49611],[9.62206,47.4958],[9.62365,47.49577],[9.62394,47.49583],[9.62526,47.4961],[9.62635,47.49679],[9.62937,47.49926],[9.62939,47.49962],[9.62901,47.50017],[9.62902,47.50035],[9.62943,47.5007],[9.62944,47.50088],[9.62969,47.50108],[9.62998,47.50107],[9.63074,47.50014],[9.631,47.50004],[9.63154,47.50021],[9.6329,47.50109],[9.63404,47.50251],[9.63446,47.5034],[9.63447,47.50376],[9.63557,47.50464],[9.63702,47.50526],[9.64017,47.50662],[9.64113,47.50732],[9.64182,47.50803],[9.64289,47.50829],[9.64543,47.50825],[9.64581,47.50824],[9.64607,47.50813],[9.64741,47.5081],[9.64793,47.508],[9.64857,47.50745],[9.64855,47.50709],[9.64813,47.50656],[9.64717,47.50585],[9.64691,47.50531],[9.64699,47.5046],[9.64658,47.50425],[9.64498,47.50417],[9.64363,47.50369],[9.64309,47.50332],[9.64225,47.50228],[9.64061,47.5013],[9.63976,47.50006],[9.6397,47.49862],[9.63994,47.49789],[9.64018,47.49771],[9.64018,47.49753],[9.64145,47.49589],[9.64286,47.4946],[9.64453,47.49333],[9.64644,47.49147],[9.64682,47.49092],[9.64863,47.48972],[9.64967,47.48914],[9.65121,47.48868],[9.6523,47.48866],[9.65284,47.48892],[9.65327,47.48963],[9.65315,47.48999],[9.6529,47.49018],[9.6513,47.49066],[9.65081,47.49103],[9.65094,47.49139],[9.65122,47.49147],[9.65335,47.49152],[9.65362,47.4916],[9.65389,47.49178],[9.65488,47.4932],[9.65542,47.49346],[9.65622,47.49344],[9.65701,47.49325],[9.6604,47.49184],[9.66252,47.4918],[9.66278,47.49161],[9.66351,47.49055],[9.66378,47.49015],[9.66455,47.48959],[9.66535,47.48949],[9.6659,47.49001],[9.66592,47.49056],[9.66504,47.49165],[9.66494,47.49256],[9.66391,47.49322],[9.66313,47.49358],[9.6626,47.49368],[9.66125,47.49308],[9.66018,47.49303],[9.65966,47.4932],[9.65837,47.49412],[9.65812,47.49451],[9.65801,47.49501],[9.65857,47.49574],[9.65939,47.49626],[9.66093,47.49685],[9.66064,47.4975],[9.66065,47.49784],[9.6612,47.49821],[9.66254,47.49863],[9.66334,47.49862],[9.66596,47.49767],[9.66701,47.49746],[9.6678,47.49744],[9.66834,47.49762],[9.66866,47.49815],[9.66837,47.49834],[9.66803,47.49841],[9.66785,47.49844],[9.66707,47.49899],[9.66722,47.49935],[9.6673,47.50115],[9.6668,47.50207],[9.66682,47.50242],[9.66713,47.50313],[9.66753,47.50366],[9.66762,47.50411],[9.66771,47.50456],[9.66695,47.50548],[9.66672,47.50637],[9.6657,47.50748],[9.66404,47.50895],[9.66145,47.51053],[9.65952,47.51201],[9.65966,47.51218],[9.65992,47.51218],[9.66149,47.51161],[9.66306,47.51086],[9.66667,47.50836],[9.6682,47.50689],[9.66934,47.50525],[9.66994,47.50398],[9.66992,47.50362],[9.6704,47.50235],[9.67072,47.50055],[9.6708,47.49856],[9.6709,47.49838],[9.67085,47.49712],[9.67135,47.49639],[9.67191,47.4971],[9.67194,47.498],[9.67208,47.49818],[9.67229,47.49997],[9.6726,47.50105],[9.67265,47.50213],[9.67232,47.50375],[9.67207,47.50412],[9.67181,47.50502],[9.67087,47.5072],[9.67117,47.50728],[9.67189,47.50682],[9.67267,47.50573],[9.67278,47.50518],[9.67327,47.50427],[9.67348,47.50336],[9.67459,47.50083],[9.67484,47.50064],[9.67537,47.50054],[9.67575,47.50019],[9.67543,47.49244],[9.67529,47.49227],[9.67526,47.49156],[9.67499,47.49137],[9.67472,47.49138],[9.67394,47.49166],[9.67337,47.49159],[9.67335,47.49104],[9.67493,47.4901],[9.67635,47.49046],[9.67692,47.49943],[9.67707,47.49979],[9.67759,47.49987],[9.67918,47.49957],[9.67998,47.49956],[9.68105,47.49989],[9.68407,47.50147],[9.68444,47.50181],[9.68445,47.50197],[9.6853,47.50305],[9.68584,47.50312],[9.6861,47.50304],[9.68623,47.50287],[9.68621,47.50249],[9.68592,47.50194],[9.68414,47.50055],[9.68184,47.49898],[9.68124,47.49809],[9.68119,47.49683],[9.68104,47.49648],[9.68023,47.49602],[9.67872,47.49499],[9.67884,47.49461],[9.67991,47.49459],[9.68097,47.49477],[9.68177,47.49475],[9.68229,47.49454],[9.68241,47.49438],[9.68241,47.4942],[9.68213,47.49404],[9.68079,47.4936],[9.68052,47.49343],[9.67954,47.49236],[9.6791,47.49129],[9.67905,47.49021],[9.67956,47.48966],[9.6801,47.48992],[9.68071,47.49171],[9.68141,47.49262],[9.68223,47.49312],[9.68331,47.49355],[9.68586,47.49417],[9.6868,47.49438],[9.68708,47.49474],[9.68711,47.49563],[9.68667,47.49763],[9.68629,47.50123],[9.68683,47.50149],[9.68736,47.50148],[9.68762,47.5013],[9.68785,47.50057],[9.68811,47.49731],[9.68823,47.49697],[9.68848,47.49678],[9.68876,47.49678],[9.68903,47.49695],[9.68911,47.49876],[9.68925,47.49911],[9.68939,47.49928],[9.68992,47.49927],[9.6902,47.49945],[9.69175,47.50159],[9.69176,47.50194],[9.69151,47.50212],[9.68888,47.50282],[9.68874,47.50298],[9.68878,47.50388],[9.68841,47.50425],[9.68855,47.50443],[9.68936,47.50468],[9.69016,47.50474],[9.69464,47.50404],[9.69557,47.50372],[9.69752,47.50308],[9.69908,47.50224],[9.70398,47.49891],[9.7048,47.49863],[9.70478,47.49898],[9.70296,47.50079],[9.70133,47.50211],[9.69979,47.50358],[9.69893,47.50486],[9.69912,47.50629],[9.6997,47.50754],[9.69972,47.5079],[9.70013,47.50825],[9.70066,47.50824],[9.70105,47.50787],[9.70182,47.50742],[9.70235,47.50731],[9.70315,47.50739],[9.70427,47.50799],[9.70521,47.50887],[9.7063,47.50957],[9.70791,47.50999],[9.70817,47.5098],[9.70815,47.50944],[9.70714,47.5082],[9.70743,47.50802],[9.70796,47.5081],[9.7087,47.50868],[9.70975,47.5095],[9.71029,47.50967],[9.71082,47.50966],[9.71266,47.50936],[9.71424,47.50897],[9.71638,47.50825],[9.71677,47.50811],[9.71717,47.50798],[9.71765,47.50782],[9.71923,47.5077],[9.72243,47.50853],[9.72378,47.50851],[9.72642,47.50801],[9.72721,47.50799],[9.72788,47.50811],[9.72855,47.50823],[9.72988,47.50821],[9.73092,47.50792],[9.73436,47.50731],[9.73833,47.50714],[9.7415,47.50672],[9.74174,47.50599],[9.742,47.50581],[9.74223,47.5058],[9.74307,47.50605],[9.74333,47.50605],[9.74549,47.50682],[9.74849,47.50847],[9.74947,47.50892],[9.75065,47.50967],[9.75149,47.51039],[9.75235,47.51181],[9.75313,47.51449],[9.75322,47.51651],[9.75324,47.51699],[9.75305,47.51809],[9.75266,47.519],[9.75268,47.51936],[9.75243,47.51973],[9.75244,47.52009],[9.75159,47.52172],[9.75149,47.52226],[9.75084,47.523],[9.74816,47.52539],[9.74543,47.52748],[9.7443,47.52835],[9.74266,47.53027],[9.74176,47.53101],[9.74094,47.5312],[9.73965,47.53132],[9.73939,47.5315],[9.73927,47.53171],[9.73941,47.53204],[9.73891,47.53277],[9.73881,47.53314],[9.73801,47.53333],[9.73747,47.53325],[9.73535,47.53329],[9.73482,47.5334],[9.73118,47.53501],[9.73028,47.536],[9.7287,47.53946],[9.72784,47.54091],[9.72566,47.54311],[9.72416,47.54512],[9.72222,47.54681],[9.72065,47.5481],[9.71967,47.54881],[9.71964,47.54897],[9.7172,47.55012],[9.71484,47.55089],[9.71421,47.55162],[9.71343,47.552],[9.71263,47.55202],[9.71129,47.55168],[9.70567,47.55098],[9.70436,47.551],[9.70381,47.55092],[9.70329,47.5512],[9.70332,47.55191],[9.70307,47.55229],[9.70281,47.55247],[9.70202,47.55249],[9.69905,47.55147],[9.69717,47.55105],[9.69664,47.55115],[9.6961,47.55088],[9.69318,47.55104],[9.68954,47.55291],[9.68901,47.55283],[9.68741,47.55286],[9.68715,47.55296],[9.68503,47.55309],[9.68476,47.553],[9.6838,47.55067],[9.68338,47.55057],[9.68289,47.55058],[9.68172,47.55096],[9.68293,47.55367],[9.68296,47.55439],[9.6816,47.55585],[9.68143,47.55604],[9.68073,47.55821],[9.68041,47.55839],[9.67915,47.55878],[9.67862,47.55879],[9.67701,47.55828],[9.67516,47.55859],[9.67385,47.55897],[9.67252,47.559],[9.67118,47.55876],[9.66852,47.55881],[9.66691,47.55865],[9.66289,47.55774],[9.65996,47.55744],[9.6573,47.55749],[9.65704,47.55759],[9.65518,47.55769],[9.65307,47.55811],[9.65098,47.55887],[9.64991,47.5594],[9.64889,47.5599],[9.6463,47.56139],[9.64423,47.56278],[9.64386,47.56351],[9.64367,47.56531],[9.6433,47.56604],[9.64174,47.56706],[9.63992,47.56799],[9.63952,47.56791],[9.63856,47.56721],[9.63803,47.56722],[9.63329,47.56839],[9.63247,47.5684],[9.63178,47.56734],[9.63098,47.56717],[9.62965,47.5672],[9.62887,47.56748],[9.62861,47.56767],[9.62863,47.56821],[9.62905,47.56874],[9.62974,47.56926],[9.63164,47.57022],[9.63164,47.5704],[9.62932,47.57197],[9.62879,47.57198],[9.62637,47.57158],[9.62558,47.57159],[9.62424,47.57144],[9.62185,47.57148],[9.62132,47.5714],[9.62104,47.57123],[9.62033,47.57017],[9.61898,47.56983],[9.6182,47.56993],[9.61715,47.57031],[9.6169,47.57032],[9.6161,47.57069],[9.61583,47.5707],[9.61558,47.57088],[9.615,47.57109],[9.61322,47.57174],[9.61087,47.57277],[9.60931,47.57361],[9.60801,47.57453],[9.60764,47.57508],[9.60767,47.57598],[9.60795,47.57633],[9.608,47.57741],[9.60632,47.5787],[9.6053,47.5798],[9.60482,47.58105],[9.60464,47.58305],[9.60417,47.58468],[9.60354,47.58559],[9.60307,47.58596],[9.60213,47.5867],[9.60082,47.58735],[9.59925,47.58792],[9.59662,47.5886],[9.59503,47.5889],[9.59264,47.58895],[9.59023,47.58845],[9.58912,47.58811],[9.58874,47.58811],[9.58658,47.58744],[9.58446,47.58703],[9.58259,47.58706],[9.58234,47.58716],[9.58047,47.58719],[9.58022,47.5873],[9.57941,47.58731],[9.57805,47.58715],[9.57646,47.58664],[9.57428,47.58551],[9.57372,47.58534],[9.57214,47.58528],[9.56976,47.58559],[9.56767,47.58635],[9.5671,47.58645],[9.56447,47.5865],[9.56421,47.58641],[9.56182,47.58646],[9.56155,47.58637],[9.56024,47.58657],[9.55997,47.58676],[9.55998,47.58694],[9.56135,47.58817],[9.56234,47.5896],[9.56239,47.59067],[9.56187,47.59104],[9.56108,47.59133],[9.56004,47.59135],[9.55975,47.59117],[9.55763,47.58815],[9.55708,47.5878],[9.55681,47.58773],[9.5563,47.58809],[9.55618,47.58845],[9.5562,47.58899],[9.55665,47.58973],[9.55639,47.59035],[9.55667,47.59085],[9.55685,47.59195],[9.55672,47.59213],[9.55621,47.5923],[9.55567,47.59231],[9.55513,47.59206],[9.55519,47.59045],[9.55468,47.5898],[9.55395,47.58993],[9.55282,47.59085],[9.55255,47.59085],[9.55173,47.59033],[9.55172,47.59015],[9.55198,47.58996],[9.55329,47.58947],[9.55354,47.58931],[9.55367,47.58896],[9.5534,47.58877],[9.55313,47.58877],[9.55179,47.58926],[9.55052,47.5899],[9.54948,47.59064],[9.54923,47.59099],[9.54666,47.59321],[9.54512,47.59477],[9.54476,47.59567],[9.54347,47.5966],[9.54268,47.59689],[9.54057,47.59728],[9.53926,47.59775],[9.53819,47.59777],[9.53685,47.59744],[9.53605,47.59745],[9.53579,47.59755],[9.53527,47.59792],[9.53529,47.59828],[9.53557,47.59863],[9.53666,47.59933],[9.53681,47.59969],[9.53629,47.60006],[9.53524,47.60053],[9.53448,47.60108],[9.53345,47.60236],[9.53255,47.6031],[9.53045,47.60385],[9.53019,47.60404],[9.52957,47.60513],[9.52935,47.60639],[9.52861,47.60766],[9.52824,47.60857],[9.5283,47.6101],[9.52843,47.61326],[9.5283,47.61343],[9.52834,47.61433],[9.5281,47.61521],[9.52816,47.61665],[9.52803,47.61676],[9.52537,47.61681],[9.52327,47.61757],[9.52276,47.61793],[9.52125,47.6203],[9.52023,47.62138],[9.51859,47.62359],[9.5185,47.62467],[9.51837,47.62485],[9.51831,47.62683],[9.51805,47.62756],[9.5167,47.62974],[9.51674,47.63082],[9.51703,47.63136],[9.51784,47.63206],[9.51841,47.63277],[9.5178,47.63422],[9.51718,47.63513],[9.51641,47.63588],[9.51356,47.63808],[9.5112,47.63902],[9.50875,47.64084],[9.5048,47.64471],[9.50363,47.64635],[9.5034,47.64708],[9.50302,47.64762],[9.50171,47.64828],[9.49883,47.64941],[9.49639,47.65068],[9.49398,47.65148],[9.49386,47.65156],[9.49372,47.65166],[9.49136,47.65251],[9.49056,47.65261],[9.49004,47.6528],[9.48896,47.65282],[9.48815,47.65265],[9.48739,47.65321],[9.48684,47.65322],[9.48456,47.65161],[9.48385,47.65111],[9.48221,47.65025],[9.48115,47.64999],[9.48008,47.65019],[9.47906,47.65088],[9.47775,47.65177],[9.47693,47.65204],[9.47537,47.65234],[9.47244,47.65239],[9.47137,47.65223],[9.47029,47.6518],[9.46812,47.65067],[9.46674,47.6498],[9.46663,47.64975],[9.46648,47.64971],[9.46435,47.64974],[9.46383,47.65002],[9.46333,47.65111],[9.46283,47.65166],[9.46076,47.65331],[9.4581,47.65336],[9.45731,47.65373],[9.45626,47.65447],[9.45549,47.65521],[9.455,47.65548],[9.45485,47.65549],[9.4547,47.65549],[9.45339,47.65596],[9.44997,47.65674],[9.44576,47.65816],[9.44471,47.65837],[9.4438,47.65831],[9.4423,47.65822],[9.43855,47.65766],[9.43749,47.65777],[9.43565,47.65834],[9.43408,47.65908],[9.43252,47.66019],[9.43052,47.6619],[9.42451,47.66623],[9.42371,47.66682],[9.4224,47.66729],[9.42081,47.66759],[9.4195,47.66797],[9.41896,47.66798],[9.41779,47.6682],[9.41738,47.66828],[9.41658,47.66829],[9.41525,47.66849],[9.41127,47.66855],[9.41033,47.66876],[9.40875,47.66958],[9.40662,47.66961],[9.40649,47.66958],[9.40637,47.66954],[9.40557,47.66955],[9.40515,47.66948],[9.40316,47.66917],[9.40237,47.66918],[9.40183,47.66926],[9.40157,47.66946],[9.39973,47.67011],[9.3992,47.67021],[9.3984,47.67022],[9.39814,47.67013],[9.3973,47.66927],[9.39676,47.66908],[9.39464,47.66947],[9.39425,47.66966],[9.39212,47.66961],[9.39171,47.6695],[9.39077,47.66927],[9.38995,47.66874],[9.38935,47.66822],[9.38872,47.66768],[9.3879,47.66716],[9.38709,47.6669],[9.38416,47.66687],[9.38255,47.66653],[9.38147,47.66619],[9.38015,47.66612],[9.37775,47.66652],[9.37644,47.667],[9.37564,47.66718],[9.37511,47.66719],[9.37458,47.66711],[9.37242,47.66643],[9.37136,47.66662],[9.37056,47.66664],[9.37002,47.66647],[9.3692,47.66576],[9.36784,47.66497],[9.36703,47.66472],[9.36676,47.66472],[9.36245,47.66335],[9.36058,47.6632],[9.36003,47.66303],[9.35813,47.6618],[9.3576,47.66163],[9.35509,47.66222],[9.35212,47.66226],[9.35029,47.66229],[9.34924,47.66249],[9.34608,47.66362],[9.34582,47.66381],[9.34375,47.66462],[9.34112,47.66577],[9.34031,47.66613],[9.33744,47.66772],[9.33562,47.66838],[9.33533,47.66839],[9.3327,47.66942],[9.33061,47.67053],[9.32815,47.67236],[9.32684,47.67302],[9.32525,47.67358],[9.32447,47.67378],[9.32021,47.67385],[9.31622,47.67437],[9.31279,47.67496],[9.31147,47.67543],[9.31016,47.67608],[9.30783,47.67756],[9.30676,47.67794],[9.30568,47.67805],[9.30491,47.67833],[9.30438,47.67874],[9.30296,47.67953],[9.29954,47.68084],[9.29797,47.68168],[9.29349,47.6831],[9.28984,47.68469],[9.28929,47.68497],[9.28552,47.68772],[9.28352,47.68887],[9.28213,47.68967],[9.28004,47.69105],[9.27716,47.69245],[9.27531,47.69292],[9.27451,47.69294],[9.2737,47.69259],[9.27174,47.69361],[9.26963,47.69436],[9.26823,47.69463],[9.26751,47.69476],[9.26646,47.69524],[9.26597,47.69559],[9.26479,47.69705],[9.26391,47.69778],[9.26204,47.69843],[9.25967,47.69947],[9.25496,47.70188],[9.25104,47.70419],[9.2487,47.70585],[9.24635,47.70723],[9.2431,47.70962],[9.23893,47.71239],[9.23779,47.7142],[9.23665,47.71602],[9.23407,47.71841],[9.23198,47.71978],[9.23134,47.72069],[9.23097,47.72158],[9.23008,47.72287],[9.22984,47.72306],[9.22903,47.72316],[9.2285,47.72334],[9.22771,47.72444],[9.22788,47.72479],[9.22897,47.72532],[9.22899,47.72586],[9.22872,47.72687],[9.22862,47.72725],[9.22851,47.72764],[9.22813,47.72803],[9.2276,47.72822],[9.22708,47.72858],[9.22682,47.72895],[9.22684,47.72949],[9.22781,47.73053],[9.22783,47.73109],[9.22645,47.73381],[9.22663,47.73514],[9.22689,47.73565],[9.2272,47.73623],[9.22731,47.73932],[9.22708,47.74037],[9.22669,47.74092],[9.22564,47.74138],[9.22484,47.74139],[9.22401,47.74114],[9.22326,47.74124],[9.2226,47.74197],[9.22248,47.74251],[9.22197,47.74324],[9.21857,47.74518],[9.20935,47.74866],[9.20531,47.74928],[9.20512,47.74932],[9.20087,47.75031],[9.19822,47.75107],[9.1969,47.75127],[9.19556,47.75129],[9.19397,47.75167],[9.19291,47.75222],[9.19136,47.75333],[9.18876,47.75481],[9.18509,47.75738],[9.18273,47.75868],[9.18141,47.75914],[9.17903,47.75963],[9.17561,47.76077],[9.17296,47.76179],[9.1727,47.76197],[9.17191,47.76217],[9.169,47.76347],[9.16771,47.76422],[9.16321,47.76562],[9.16216,47.76618],[9.1619,47.76618],[9.16164,47.76637],[9.15953,47.76712],[9.15742,47.76805],[9.15716,47.76805],[9.15452,47.76897],[9.15213,47.76948],[9.15,47.7696],[9.14974,47.76969],[9.14814,47.76971],[9.14599,47.76939],[9.14519,47.7694],[9.14254,47.76989],[9.13989,47.77063],[9.13937,47.77101],[9.13808,47.77229],[9.13781,47.77229],[9.13491,47.77334],[9.1336,47.77416],[9.1304,47.77834],[9.12927,47.7807],[9.12719,47.78252],[9.1251,47.78383],[9.1222,47.78485],[9.12116,47.7854],[9.11801,47.78761],[9.11697,47.78816],[9.11458,47.789],[9.11248,47.78993],[9.11091,47.79104],[9.10962,47.79231],[9.10857,47.79305],[9.10699,47.79379],[9.10673,47.7938],[9.10514,47.79436],[9.10329,47.79474],[9.1017,47.79522],[9.0972,47.796],[9.09666,47.79619],[9.09613,47.79638],[9.09586,47.79638],[9.09359,47.79726],[9.09297,47.7975],[9.0927,47.79768],[9.08926,47.7989],[9.08588,47.80084],[9.08243,47.80233],[9.07796,47.80473],[9.07508,47.80666],[9.07166,47.80815],[9.07035,47.80896],[9.06853,47.81062],[9.06854,47.8108],[9.06827,47.81098],[9.06687,47.81298],[9.06659,47.81316],[9.0666,47.81335],[9.06557,47.81426],[9.06486,47.81475],[9.06374,47.81554],[9.06295,47.81591],[9.06136,47.81621],[9.06056,47.81622],[9.06002,47.81614],[9.05732,47.81527],[9.05625,47.81518],[9.05546,47.81548],[9.05481,47.81582],[9.05441,47.81603],[9.05335,47.81632],[9.05085,47.81678]],[[9.19665,47.70379],[9.19586,47.70387],[9.1948,47.70425],[9.19428,47.70461],[9.19348,47.7049],[9.18959,47.70507],[9.18859,47.70585],[9.18849,47.70695],[9.18891,47.70748],[9.18918,47.70757],[9.19025,47.70755],[9.19105,47.70772],[9.19269,47.70896],[9.19351,47.70939],[9.19539,47.7099],[9.1962,47.70989],[9.19646,47.70998],[9.19779,47.70987],[9.20016,47.70902],[9.20224,47.70764],[9.20274,47.70655],[9.20273,47.70619],[9.20309,47.70513],[9.20266,47.7042],[9.20198,47.7037],[9.20171,47.7036],[9.19665,47.70379]],[[9.68243,47.55043],[9.68364,47.55015],[9.68464,47.55022],[9.68678,47.55054],[9.69052,47.55082],[9.69104,47.55063],[9.6922,47.5498],[9.69218,47.54944],[9.6919,47.54909],[9.6916,47.54819],[9.6906,47.54695],[9.69007,47.5466],[9.68872,47.54618],[9.68844,47.546],[9.68828,47.54511],[9.68773,47.54458],[9.68692,47.54441],[9.68663,47.54451],[9.68626,47.54488],[9.68617,47.54542],[9.6859,47.54551],[9.68511,47.54553],[9.683,47.54478],[9.68253,47.54441],[9.68253,47.54423],[9.68226,47.54414],[9.68173,47.54424],[9.67861,47.54583],[9.67756,47.54621],[9.67679,47.54677],[9.67654,47.54713],[9.67671,47.54821],[9.67707,47.54866],[9.67728,47.54892],[9.67782,47.54929],[9.6789,47.54961],[9.68076,47.54966],[9.68103,47.54973],[9.68166,47.55047],[9.68205,47.55052],[9.68243,47.55043]]]}},{"type":"Feature","properties":{"name":"Greyerzersee","aliases":["Lac de la Gruyère"],"category":"lake","transboundary":false,"outsideSwitzerland":false,"source":"swissTLMRegio 2025"},"geometry":{"type":"Polygon","coordinates":[[[7.11139,46.71679],[7.11313,46.7177],[7.11392,46.71762],[7.1153,46.7182],[7.11517,46.71861],[7.11493,46.71903],[7.11451,46.7189],[7.11407,46.71892],[7.11357,46.71904],[7.11297,46.71929],[7.11252,46.7196],[7.11226,46.71994],[7.11195,46.71931],[7.11156,46.71918],[7.10974,46.71879],[7.10909,46.71806],[7.10831,46.71752],[7.10701,46.71689],[7.10596,46.71617],[7.10584,46.71419],[7.10533,46.71329],[7.10455,46.71274],[7.1035,46.71247],[7.10311,46.71247],[7.10272,46.71247],[7.10193,46.71265],[7.10114,46.713],[7.10062,46.71309],[7.09984,46.713],[7.09931,46.71264],[7.09865,46.7124],[7.0988,46.71138],[7.09854,46.71102],[7.0975,46.71029],[7.09672,46.71002],[7.09462,46.70993],[7.09436,46.70974],[7.09437,46.7092],[7.09411,46.70884],[7.09254,46.70821],[7.0915,46.70803],[7.08968,46.70792],[7.08841,46.70748],[7.08963,46.70719],[7.09112,46.707],[7.09216,46.70713],[7.09373,46.70704],[7.09504,46.70624],[7.09635,46.70561],[7.09727,46.70489],[7.09689,46.70381],[7.09689,46.70327],[7.09637,46.70299],[7.09571,46.70309],[7.09506,46.70318],[7.09427,46.70318],[7.09336,46.70245],[7.09271,46.70173],[7.09272,46.70101],[7.09312,46.69939],[7.09313,46.69778],[7.09289,46.69741],[7.092,46.69676],[7.0899,46.69598],[7.0899,46.6958],[7.09161,46.69574],[7.09281,46.69542],[7.09467,46.69463],[7.09577,46.69463],[7.0976,46.69437],[7.09838,46.69437],[7.09917,46.69419],[7.09943,46.69402],[7.09944,46.69276],[7.09959,46.69241],[7.10036,46.6915],[7.10089,46.6915],[7.10141,46.69168],[7.10377,46.69286],[7.10454,46.69331],[7.10621,46.69458],[7.10701,46.69412],[7.10715,46.69359],[7.10533,46.6925],[7.10467,46.69196],[7.10429,46.69142],[7.10425,46.6909],[7.10457,46.68942],[7.10444,46.68906],[7.10391,46.68863],[7.10313,46.68836],[7.1013,46.68799],[7.10065,46.68745],[7.1,46.68638],[7.09922,46.68583],[7.09687,46.68501],[7.09661,46.68501],[7.09427,46.6841],[7.09298,46.6832],[7.08946,46.67995],[7.08777,46.67815],[7.08594,46.67823],[7.08568,46.67805],[7.08751,46.67698],[7.08804,46.67644],[7.08805,46.67554],[7.08779,46.67464],[7.08727,46.67454],[7.08648,46.6749],[7.08517,46.67508],[7.08439,46.67499],[7.08413,46.67481],[7.0849,46.67446],[7.08531,46.67445],[7.08583,46.67418],[7.08636,46.67364],[7.08624,46.6713],[7.08508,46.66968],[7.08456,46.66914],[7.08404,46.66887],[7.08352,46.66869],[7.08116,46.66859],[7.08064,46.66851],[7.07986,46.66813],[7.07968,46.66792],[7.07958,46.66773],[7.07999,46.6676],[7.08156,46.66751],[7.08183,46.66733],[7.08183,46.66697],[7.08144,46.66643],[7.0804,46.66553],[7.08041,46.66481],[7.08093,46.66391],[7.08081,46.66301],[7.08003,46.66229],[7.07951,46.66202],[7.07919,46.66157],[7.07977,46.66148],[7.0803,46.66175],[7.08173,46.66283],[7.08198,46.66319],[7.08211,46.66463],[7.08236,46.66535],[7.08288,46.66608],[7.08314,46.66626],[7.08575,46.66635],[7.08628,46.66627],[7.08706,46.66591],[7.08759,46.666],[7.08836,46.66672],[7.08927,46.66798],[7.08953,46.66817],[7.08979,46.66853],[7.09005,46.66943],[7.09031,46.66961],[7.09083,46.66961],[7.09397,46.66899],[7.0958,46.66881],[7.09646,46.66828],[7.09659,46.66738],[7.09608,46.66648],[7.09573,46.66611],[7.09347,46.66377],[7.09114,46.66223],[7.09115,46.66097],[7.09207,46.66026],[7.09338,46.65972],[7.09416,46.65927],[7.09506,46.65749],[7.09575,46.65613],[7.09576,46.65541],[7.09511,46.65379],[7.09473,46.65199],[7.09355,46.65036],[7.09344,46.65],[7.09344,46.64946],[7.09331,46.64927],[7.09346,46.64641],[7.09321,46.64622],[7.09255,46.64514],[7.09256,46.64478],[7.09229,46.64403],[7.09204,46.64334],[7.09205,46.64262],[7.09298,46.64065],[7.09299,46.63903],[7.0926,46.63849],[7.0926,46.63831],[7.09293,46.63757],[7.093,46.63741],[7.093,46.63651],[7.09354,46.63453],[7.09354,46.63399],[7.09341,46.63381],[7.09263,46.63336],[7.09264,46.63174],[7.09277,46.63121],[7.09187,46.62994],[7.09187,46.62977],[7.092,46.62958],[7.09226,46.62949],[7.09332,46.62967],[7.09383,46.62958],[7.09383,46.62886],[7.09423,46.62832],[7.09475,46.62806],[7.09554,46.62797],[7.09606,46.62779],[7.09619,46.62761],[7.09619,46.62743],[7.09593,46.62734],[7.09541,46.62734],[7.09463,46.62716],[7.09385,46.62661],[7.09359,46.62625],[7.0936,46.62445],[7.09453,46.62302],[7.09479,46.62212],[7.09519,46.62158],[7.09519,46.6214],[7.09611,46.62014],[7.09704,46.61745],[7.09705,46.61601],[7.09733,46.61568],[7.0981,46.61534],[7.09967,46.61539],[7.10123,46.6163],[7.10175,46.61602],[7.10306,46.61477],[7.10385,46.61423],[7.10475,46.61392],[7.10671,46.61397],[7.10699,46.61406],[7.10764,46.6146],[7.10763,46.6155],[7.10632,46.61657],[7.10629,46.62107],[7.10655,46.62197],[7.10654,46.62269],[7.10641,46.62305],[7.10562,46.62395],[7.10588,46.62449],[7.10584,46.63007],[7.10544,46.63097],[7.10556,46.63313],[7.1053,46.63385],[7.10437,46.6351],[7.10293,46.63636],[7.10253,46.6369],[7.10264,46.64049],[7.10172,46.64112],[7.10185,46.6413],[7.10185,46.64238],[7.10132,46.64327],[7.10144,46.64473],[7.10026,46.64598],[7.09947,46.64651],[7.09854,46.64683],[7.0988,46.64912],[7.09919,46.6502],[7.09904,46.65308],[7.0989,46.65326],[7.09876,46.6547],[7.09837,46.65524],[7.09719,46.6561],[7.09719,46.65636],[7.09719,46.6575],[7.09726,46.65772],[7.09746,46.65791],[7.09774,46.658],[7.09799,46.65793],[7.09858,46.65744],[7.09876,46.65747],[7.09895,46.65774],[7.09902,46.6581],[7.09887,46.65845],[7.09887,46.65875],[7.09913,46.65911],[7.09944,46.65932],[7.09965,46.65947],[7.09965,46.65966],[7.09938,46.66055],[7.09886,46.66082],[7.09807,46.66099],[7.09755,46.66153],[7.09754,46.66189],[7.09802,46.66242],[7.09819,46.66261],[7.10028,46.66352],[7.10236,46.6647],[7.10262,46.6647],[7.10367,46.66407],[7.1042,46.66389],[7.10446,46.66389],[7.10459,46.66407],[7.10432,46.66461],[7.10432,46.66515],[7.10462,46.66566],[7.10405,46.66578],[7.10353,46.66578],[7.10286,46.66641],[7.10198,46.66681],[7.10183,46.66883],[7.10182,46.67009],[7.10036,46.67135],[7.09971,46.67224],[7.09982,46.67368],[7.10008,46.6744],[7.10112,46.67531],[7.10242,46.67594],[7.10346,46.67666],[7.1045,46.67811],[7.10476,46.67829],[7.10528,46.6782],[7.10632,46.67749],[7.1066,46.67712],[7.1066,46.67658],[7.10633,46.67622],[7.1064,46.67547],[7.10687,46.67568],[7.10713,46.67586],[7.10791,46.67677],[7.1079,46.67839],[7.10816,46.67848],[7.10894,46.67848],[7.1092,46.67857],[7.10933,46.67875],[7.10933,46.67911],[7.10894,46.67947],[7.10893,46.67965],[7.11102,46.68073],[7.11115,46.68091],[7.11101,46.68163],[7.10956,46.68343],[7.1093,46.68415],[7.10812,46.68504],[7.10825,46.6854],[7.10903,46.6855],[7.11008,46.68514],[7.1106,46.68478],[7.11152,46.68353],[7.11218,46.68299],[7.11244,46.6829],[7.11259,46.68308],[7.11258,46.68362],[7.11217,46.68434],[7.1123,46.68452],[7.11413,46.68461],[7.11467,46.68443],[7.11558,46.68372],[7.11613,46.68353],[7.11649,46.68417],[7.11648,46.68507],[7.11857,46.6857],[7.12013,46.68679],[7.12117,46.68769],[7.12169,46.68841],[7.12195,46.68913],[7.12194,46.69003],[7.12246,46.69167],[7.12154,46.69165],[7.12127,46.69156],[7.12024,46.69084],[7.11959,46.68994],[7.11959,46.68957],[7.11934,46.68904],[7.11869,46.68849],[7.11711,46.68777],[7.11582,46.68732],[7.11477,46.68722],[7.11294,46.68785],[7.11241,46.68821],[7.11188,46.6891],[7.11148,46.6909],[7.112,46.69162],[7.11199,46.69288],[7.11133,46.6945],[7.11067,46.6954],[7.10962,46.69611],[7.10857,46.69656],[7.10674,46.69692],[7.10595,46.69691],[7.10543,46.69709],[7.10543,46.69745],[7.10594,46.69817],[7.10594,46.69907],[7.10567,46.69943],[7.10489,46.69997],[7.1041,46.70033],[7.1041,46.70069],[7.10448,46.70159],[7.10371,46.70168],[7.10239,46.7014],[7.10083,46.7024],[7.10029,46.70274],[7.10016,46.70292],[7.10016,46.70346],[7.10041,46.70436],[7.10041,46.70544],[7.10027,46.7058],[7.10001,46.70616],[7.0987,46.70697],[7.09856,46.70715],[7.09869,46.70823],[7.09908,46.70859],[7.09974,46.70899],[7.1009,46.70967],[7.10142,46.7104],[7.10142,46.71076],[7.1022,46.71085],[7.10378,46.7104],[7.10456,46.71031],[7.10587,46.71032],[7.10639,46.71041],[7.10691,46.71068],[7.10717,46.71158],[7.10756,46.71193],[7.10861,46.71194],[7.10887,46.71213],[7.10912,46.71267],[7.10938,46.71411],[7.10989,46.71555],[7.11027,46.71609],[7.11139,46.71679]],[[7.1003,46.69947],[7.10045,46.69992],[7.10062,46.69997],[7.10099,46.69993],[7.10121,46.69981],[7.10156,46.69941],[7.10166,46.69902],[7.10159,46.69882],[7.10139,46.69876],[7.10089,46.6988],[7.10031,46.69925],[7.1003,46.69947]],[[7.09373,46.68219],[7.09394,46.68249],[7.09444,46.68287],[7.09491,46.68309],[7.09584,46.68344],[7.09637,46.68354],[7.09691,46.68347],[7.09698,46.68331],[7.09686,46.68316],[7.09546,46.68263],[7.09464,46.682],[7.09429,46.68191],[7.09403,46.68193],[7.09378,46.68205],[7.09373,46.68219]]]}},{"type":"Feature","properties":{"name":"Langensee / Lago Maggiore","aliases":["Langensee","Lago Maggiore"],"category":"lake","transboundary":true,"outsideSwitzerland":false,"source":"swissTLMRegio 2025"},"geometry":{"type":"Polygon","coordinates":[[[8.84727,46.17293],[8.84651,46.17348],[8.84537,46.17458],[8.84494,46.17491],[8.84389,46.17571],[8.84321,46.17622],[8.84271,46.17695],[8.84262,46.17839],[8.84238,46.17911],[8.84228,46.17921],[8.84161,46.17939],[8.83825,46.17952],[8.83464,46.18029],[8.83336,46.1803],[8.83282,46.18013],[8.83177,46.17942],[8.82925,46.1773],[8.8282,46.17659],[8.82689,46.17616],[8.82585,46.17608],[8.8218,46.17463],[8.81906,46.17364],[8.81567,46.17297],[8.8141,46.17289],[8.81148,46.17248],[8.81096,46.17242],[8.8097,46.17223],[8.80866,46.17224],[8.8084,46.17215],[8.80581,46.17218],[8.80529,46.17228],[8.80503,46.17219],[8.80425,46.1722],[8.80347,46.17203],[8.80303,46.17173],[8.80268,46.1715],[8.80265,46.17081],[8.80497,46.16754],[8.80531,46.16693],[8.80526,46.16625],[8.806,46.1643],[8.80575,46.16066],[8.80486,46.16046],[8.8047,46.15935],[8.80476,46.15776],[8.80467,46.15667],[8.80389,46.15572],[8.80409,46.15528],[8.80565,46.15547],[8.80622,46.15451],[8.80593,46.15351],[8.8044,46.15257],[8.80398,46.15144],[8.8001,46.1506],[8.79811,46.1509],[8.79684,46.15062],[8.79593,46.14999],[8.79553,46.14945],[8.79552,46.14927],[8.79486,46.14856],[8.79354,46.1475],[8.79171,46.1468],[8.78911,46.14655],[8.78497,46.1467],[8.78394,46.14689],[8.78289,46.14722],[8.78214,46.14745],[8.78163,46.14773],[8.78088,46.14828],[8.78037,46.14882],[8.7796,46.14928],[8.77678,46.14995],[8.77446,46.15087],[8.77319,46.15179],[8.77256,46.15252],[8.77258,46.15324],[8.77144,46.15356],[8.76783,46.1555],[8.76759,46.15571],[8.76536,46.15449],[8.76431,46.15414],[8.76277,46.15461],[8.76173,46.15462],[8.76043,46.15419],[8.76017,46.15401],[8.75938,46.15375],[8.75912,46.15375],[8.75312,46.15166],[8.75156,46.15133],[8.74793,46.15118],[8.74584,46.15058],[8.74455,46.15032],[8.74193,46.14945],[8.74116,46.14928],[8.73855,46.14868],[8.73725,46.14852],[8.7361,46.14814],[8.73568,46.148],[8.73437,46.14719],[8.73357,46.14649],[8.73344,46.14613],[8.73135,46.14323],[8.73022,46.14167],[8.72903,46.1406],[8.72535,46.13831],[8.72496,46.13795],[8.72439,46.13763],[8.72391,46.13733],[8.72259,46.13627],[8.72258,46.13609],[8.72218,46.13555],[8.72218,46.13519],[8.72177,46.1343],[8.72153,46.13397],[8.72016,46.13216],[8.71962,46.13108],[8.71934,46.13001],[8.71877,46.1292],[8.71864,46.12804],[8.71754,46.12535],[8.71704,46.12467],[8.71674,46.12428],[8.71556,46.12339],[8.71552,46.12177],[8.71538,46.12123],[8.71392,46.11963],[8.71209,46.11884],[8.71157,46.11849],[8.71102,46.11788],[8.71076,46.11759],[8.71009,46.11653],[8.70967,46.11527],[8.70952,46.11419],[8.70911,46.11348],[8.70806,46.11268],[8.70623,46.1118],[8.70478,46.11056],[8.70331,46.10908],[8.70172,46.10699],[8.70066,46.1061],[8.69986,46.10503],[8.69945,46.10396],[8.69944,46.1036],[8.69918,46.10321],[8.69916,46.10282],[8.69876,46.10217],[8.69665,46.10021],[8.69637,46.09949],[8.69621,46.09752],[8.69549,46.095],[8.69496,46.09429],[8.6938,46.09335],[8.69364,46.09323],[8.69362,46.09215],[8.69358,46.09071],[8.6935,46.08729],[8.69458,46.08558],[8.69563,46.08394],[8.69565,46.07998],[8.69641,46.07888],[8.69729,46.07816],[8.69782,46.07742],[8.6978,46.07688],[8.69579,46.07441],[8.69551,46.07386],[8.69549,46.07314],[8.69602,46.07277],[8.69909,46.07175],[8.7001,46.07089],[8.70025,46.07076],[8.70112,46.07001],[8.70127,46.06973],[8.70174,46.06881],[8.70222,46.06713],[8.70212,46.06263],[8.7031,46.06118],[8.70516,46.06008],[8.70606,46.05935],[8.70689,46.05682],[8.70879,46.05499],[8.70888,46.05355],[8.7086,46.05248],[8.7074,46.05069],[8.7071,46.0489],[8.70857,46.04564],[8.70868,46.04455],[8.70889,46.04258],[8.70937,46.04131],[8.70948,46.04023],[8.70998,46.03969],[8.71254,46.0384],[8.71317,46.03785],[8.71329,46.03749],[8.71332,46.03335],[8.71291,46.03227],[8.71184,46.03085],[8.71132,46.03049],[8.70793,46.02909],[8.70569,46.0275],[8.70439,46.02697],[8.70134,46.02535],[8.69839,46.02443],[8.6958,46.02392],[8.69269,46.0235],[8.68855,46.02328],[8.68618,46.02138],[8.68546,46.02054],[8.68395,46.01975],[8.68288,46.01951],[8.68211,46.01955],[8.68124,46.01985],[8.67894,46.02105],[8.67816,46.02106],[8.67764,46.02089],[8.67594,46.01964],[8.67194,46.01411],[8.66864,46.01162],[8.66668,46.00984],[8.66392,46.00771],[8.66391,46.00753],[8.66246,46.00593],[8.66072,46.00343],[8.66072,46.00326],[8.65965,46.00164],[8.65829,45.9986],[8.65616,45.99574],[8.6559,45.99557],[8.65497,45.99432],[8.65418,45.9936],[8.65299,45.992],[8.65245,45.99164],[8.64985,45.99068],[8.64882,45.99015],[8.64776,45.98953],[8.64605,45.98829],[8.64434,45.98669],[8.64354,45.98561],[8.64352,45.98472],[8.64298,45.98347],[8.64035,45.98134],[8.63917,45.98027],[8.63718,45.97813],[8.63556,45.97684],[8.635,45.97666],[8.62946,45.97182],[8.62827,45.96939],[8.6267,45.96802],[8.62591,45.96708],[8.62519,45.96538],[8.62384,45.96076],[8.62352,45.96024],[8.623,45.9597],[8.62219,45.95905],[8.62195,45.95868],[8.62153,45.95841],[8.62078,45.9577],[8.62021,45.95717],[8.61916,45.95646],[8.6152,45.95432],[8.61317,45.95346],[8.6116,45.95267],[8.60717,45.95011],[8.60179,45.9462],[8.59788,45.94426],[8.59372,45.94278],[8.5932,45.94242],[8.5924,45.94153],[8.59122,45.94064],[8.58837,45.93977],[8.58656,45.93943],[8.58501,45.93936],[8.58475,45.93927],[8.58347,45.93928],[8.58215,45.93889],[8.58035,45.9381],[8.57957,45.93789],[8.57688,45.93678],[8.5754,45.93607],[8.57511,45.93574],[8.57576,45.93513],[8.57576,45.93477],[8.57471,45.93334],[8.57418,45.93326],[8.57341,45.93362],[8.57231,45.93376],[8.57135,45.93374],[8.57167,45.93352],[8.57249,45.93295],[8.57272,45.93147],[8.57232,45.93094],[8.57154,45.9304],[8.56972,45.92961],[8.56867,45.9289],[8.56801,45.92819],[8.56797,45.92603],[8.56717,45.92478],[8.56716,45.9246],[8.56677,45.92424],[8.56505,45.92192],[8.56504,45.92174],[8.56478,45.92157],[8.56332,45.9196],[8.56305,45.9187],[8.56301,45.91708],[8.56236,45.91655],[8.56184,45.91637],[8.56107,45.91637],[8.56004,45.91675],[8.55896,45.91753],[8.55801,45.91821],[8.55649,45.91967],[8.55574,45.92076],[8.55574,45.92094],[8.55486,45.92166],[8.55409,45.92185],[8.55074,45.92188],[8.54972,45.92243],[8.54921,45.92298],[8.54746,45.92552],[8.54657,45.92642],[8.54491,45.92788],[8.54392,45.92897],[8.54264,45.9298],[8.54138,45.93106],[8.54036,45.9317],[8.53985,45.9318],[8.53661,45.93304],[8.53575,45.93337],[8.53473,45.93356],[8.53165,45.93458],[8.52882,45.93506],[8.52651,45.93562],[8.52369,45.93699],[8.5219,45.93701],[8.51934,45.93794],[8.51805,45.93822],[8.51678,45.93877],[8.51623,45.93919],[8.51514,45.94005],[8.51385,45.9406],[8.51306,45.94069],[8.51256,45.94088],[8.51139,45.94098],[8.50894,45.94118],[8.50587,45.94166],[8.50408,45.94223],[8.50266,45.94292],[8.50203,45.94323],[8.50165,45.94326],[8.50074,45.94333],[8.49815,45.94255],[8.49737,45.9421],[8.49723,45.94193],[8.49722,45.94121],[8.49787,45.94066],[8.49837,45.94048],[8.49888,45.94047],[8.49992,45.94073],[8.50199,45.94098],[8.50431,45.94077],[8.50482,45.94059],[8.50559,45.9405],[8.50866,45.93939],[8.50943,45.93884],[8.50955,45.93848],[8.50941,45.93812],[8.50837,45.9376],[8.50734,45.93761],[8.5058,45.93798],[8.50247,45.93909],[8.50067,45.93946],[8.49981,45.93951],[8.49907,45.93944],[8.49828,45.93927],[8.49737,45.93883],[8.49558,45.93722],[8.49366,45.93643],[8.49272,45.93637],[8.49077,45.93654],[8.48964,45.93655],[8.48884,45.93637],[8.48553,45.93405],[8.48457,45.93355],[8.48331,45.93233],[8.48278,45.93094],[8.48292,45.92991],[8.48461,45.92892],[8.4887,45.92752],[8.49024,45.9267],[8.49421,45.9246],[8.49733,45.92209],[8.50053,45.91922],[8.50209,45.91847],[8.5036,45.91775],[8.50603,45.91593],[8.50602,45.91575],[8.50677,45.91529],[8.50804,45.91366],[8.50889,45.91131],[8.50888,45.91077],[8.50848,45.91006],[8.50831,45.90898],[8.50819,45.9088],[8.50817,45.90754],[8.50828,45.90718],[8.50854,45.90682],[8.51031,45.90581],[8.51096,45.90527],[8.51146,45.90454],[8.51183,45.90346],[8.51237,45.90268],[8.51537,45.90019],[8.51852,45.89656],[8.51864,45.8962],[8.52092,45.89401],[8.5213,45.89347],[8.52205,45.89274],[8.52264,45.8924],[8.52307,45.8921],[8.5241,45.89173],[8.52591,45.89226],[8.5272,45.89224],[8.52771,45.89215],[8.52797,45.89197],[8.5295,45.8914],[8.53079,45.89122],[8.53232,45.89067],[8.53487,45.88902],[8.53716,45.88792],[8.5387,45.88736],[8.54178,45.88669],[8.54561,45.88522],[8.54715,45.88503],[8.54766,45.88485],[8.54844,45.88475],[8.55534,45.88234],[8.55687,45.88152],[8.55992,45.87942],[8.56182,45.87778],[8.56372,45.87596],[8.56371,45.87578],[8.56434,45.87523],[8.5651,45.87415],[8.56585,45.87342],[8.56585,45.87324],[8.56648,45.87269],[8.56648,45.87251],[8.56748,45.87106],[8.56759,45.87034],[8.56896,45.86781],[8.56982,45.86582],[8.57026,45.8624],[8.57087,45.86041],[8.57098,45.85951],[8.57122,45.85897],[8.57133,45.85789],[8.57217,45.85518],[8.5724,45.85356],[8.57288,45.85211],[8.57287,45.85157],[8.57313,45.85139],[8.57397,45.84886],[8.57397,45.8485],[8.57521,45.84633],[8.57544,45.84507],[8.57629,45.84236],[8.57626,45.8411],[8.574,45.83789],[8.57349,45.83771],[8.57292,45.83774],[8.57072,45.83515],[8.57072,45.8345],[8.57019,45.83379],[8.5677,45.83201],[8.56782,45.83128],[8.56856,45.83002],[8.56848,45.82572],[8.56844,45.82373],[8.56802,45.82247],[8.56684,45.82104],[8.56605,45.82042],[8.56501,45.81989],[8.56346,45.81955],[8.56217,45.81947],[8.56166,45.81912],[8.56125,45.81858],[8.56098,45.81787],[8.56005,45.81661],[8.55954,45.81626],[8.55886,45.81601],[8.55836,45.81564],[8.55655,45.81494],[8.55551,45.81477],[8.55345,45.81479],[8.55243,45.81498],[8.55115,45.81544],[8.55003,45.81616],[8.5495,45.81653],[8.54899,45.81654],[8.54821,45.8161],[8.54701,45.81431],[8.54675,45.8136],[8.54634,45.81306],[8.54607,45.81216],[8.54605,45.81126],[8.5464,45.80964],[8.54638,45.80856],[8.54598,45.80803],[8.54416,45.80714],[8.54364,45.80661],[8.54363,45.80607],[8.5435,45.80589],[8.54345,45.80373],[8.54318,45.80302],[8.54252,45.80194],[8.54043,45.80034],[8.54003,45.79963],[8.53999,45.79783],[8.54023,45.79747],[8.54138,45.79656],[8.54275,45.79456],[8.54271,45.79258],[8.54284,45.7924],[8.54282,45.7915],[8.54295,45.79131],[8.54291,45.78934],[8.54303,45.78916],[8.54311,45.7885],[8.54325,45.78718],[8.54446,45.78357],[8.5448,45.78123],[8.54492,45.78105],[8.54491,45.78033],[8.54538,45.77816],[8.54575,45.77726],[8.54837,45.77345],[8.54913,45.77273],[8.55141,45.77117],[8.55345,45.77007],[8.55471,45.76916],[8.55521,45.76849],[8.55793,45.76697],[8.56009,45.76558],[8.56132,45.76518],[8.56177,45.7649],[8.56257,45.76429],[8.56354,45.76335],[8.56366,45.76289],[8.56287,45.76114],[8.56371,45.76096],[8.56353,45.76008],[8.56313,45.75936],[8.56312,45.75882],[8.56311,45.75846],[8.56411,45.75701],[8.56436,45.75683],[8.5664,45.75609],[8.56743,45.75599],[8.56845,45.75571],[8.56898,45.7557],[8.56922,45.75552],[8.56904,45.75318],[8.56941,45.75227],[8.56914,45.75192],[8.5681,45.7513],[8.56771,45.75077],[8.56769,45.74987],[8.56806,45.74915],[8.56817,45.74824],[8.56854,45.74769],[8.56943,45.74697],[8.57119,45.74605],[8.57476,45.74377],[8.57807,45.74248],[8.57935,45.74157],[8.58009,45.74066],[8.58148,45.73956],[8.58185,45.73902],[8.58232,45.73685],[8.58229,45.73506],[8.58241,45.73487],[8.5824,45.73433],[8.58277,45.73343],[8.58415,45.73216],[8.58528,45.73071],[8.58552,45.72998],[8.58551,45.72944],[8.58523,45.72855],[8.58521,45.72729],[8.58533,45.72693],[8.58645,45.7253],[8.58683,45.72493],[8.5876,45.72447],[8.58887,45.72437],[8.58913,45.72446],[8.59067,45.72453],[8.59172,45.7247],[8.59455,45.72566],[8.59611,45.72646],[8.59689,45.72672],[8.59713,45.7268],[8.59792,45.72707],[8.59895,45.72715],[8.59921,45.72705],[8.5992,45.72687],[8.59971,45.72651],[8.60125,45.72641],[8.60151,45.72649],[8.60178,45.72721],[8.60229,45.72729],[8.60383,45.72728],[8.60485,45.72708],[8.60665,45.72653],[8.60739,45.72641],[8.60793,45.72634],[8.61255,45.72629],[8.6128,45.72619],[8.61434,45.72611],[8.61486,45.72608],[8.61512,45.72599],[8.61973,45.72558],[8.62101,45.7253],[8.62254,45.7251],[8.62408,45.72473],[8.62484,45.72445],[8.62611,45.72416],[8.62739,45.72361],[8.62784,45.72351],[8.62875,45.72351],[8.62903,45.72368],[8.6287,45.72414],[8.62798,45.72459],[8.62692,45.72505],[8.6245,45.72643],[8.62375,45.72671],[8.62143,45.72718],[8.62015,45.72728],[8.61939,45.72766],[8.61953,45.72855],[8.62046,45.72962],[8.62046,45.72998],[8.62034,45.73034],[8.61908,45.73107],[8.6183,45.73108],[8.61805,45.731],[8.61687,45.73011],[8.61584,45.72976],[8.6148,45.72923],[8.61375,45.72834],[8.61245,45.72773],[8.6104,45.72776],[8.60835,45.72803],[8.60758,45.72804],[8.60682,45.7285],[8.60669,45.72862],[8.60606,45.72923],[8.60569,45.72978],[8.60571,45.73085],[8.60613,45.73229],[8.60639,45.73283],[8.60771,45.73443],[8.6076,45.73497],[8.60697,45.73588],[8.60647,45.73625],[8.60596,45.73643],[8.60469,45.73653],[8.60415,45.73627],[8.6035,45.73555],[8.60272,45.73511],[8.60143,45.73495],[8.60103,45.73481],[8.59936,45.73425],[8.59873,45.7348],[8.59837,45.73606],[8.59841,45.73786],[8.59754,45.73931],[8.59745,45.74111],[8.59732,45.74129],[8.59734,45.74219],[8.59761,45.74291],[8.59762,45.74344],[8.5975,45.74363],[8.59739,45.74471],[8.59655,45.74741],[8.59656,45.74777],[8.59446,45.75176],[8.5935,45.755],[8.59287,45.75555],[8.5921,45.75583],[8.59057,45.75611],[8.58954,45.75648],[8.58827,45.7565],[8.58774,45.75642],[8.58567,45.75571],[8.58516,45.75581],[8.58496,45.7561],[8.58492,45.75645],[8.58518,45.75698],[8.58522,45.7586],[8.58435,45.75987],[8.58346,45.76077],[8.58272,45.76186],[8.58247,45.76258],[8.58183,45.76336],[8.58006,45.76405],[8.57983,45.76441],[8.57984,45.76513],[8.57996,45.76531],[8.58002,45.76837],[8.58042,45.7689],[8.5825,45.77023],[8.58328,45.77049],[8.58405,45.77058],[8.58664,45.77145],[8.58716,45.77171],[8.58783,45.77261],[8.58784,45.77315],[8.58732,45.77324],[8.58681,45.77307],[8.58589,45.77236],[8.58433,45.77165],[8.58356,45.77166],[8.58305,45.77185],[8.58191,45.77276],[8.58063,45.77277],[8.57728,45.77226],[8.57443,45.77166],[8.57392,45.77167],[8.57186,45.77133],[8.57109,45.77143],[8.57032,45.7717],[8.56932,45.77261],[8.56881,45.77334],[8.56809,45.77551],[8.56759,45.77623],[8.56544,45.77805],[8.56392,45.77915],[8.56354,45.77969],[8.56355,45.78023],[8.56409,45.7813],[8.56464,45.7831],[8.56467,45.78454],[8.56405,45.7858],[8.56406,45.78634],[8.56434,45.78706],[8.56606,45.78974],[8.56674,45.79153],[8.56701,45.79189],[8.56729,45.79333],[8.56862,45.79511],[8.56864,45.79637],[8.56828,45.79764],[8.56831,45.7989],[8.56845,45.79926],[8.56897,45.79996],[8.57048,45.80131],[8.57185,45.80219],[8.57289,45.80254],[8.57521,45.80279],[8.57701,45.80278],[8.57906,45.80239],[8.58212,45.80119],[8.58545,45.80052],[8.58571,45.80034],[8.58749,45.79969],[8.58801,45.79969],[8.58878,45.79995],[8.58919,45.8003],[8.5897,45.80048],[8.59098,45.80047],[8.59149,45.80037],[8.59201,45.80054],[8.59254,45.80108],[8.5928,45.80116],[8.59332,45.80115],[8.59433,45.80079],[8.59536,45.8006],[8.59652,45.80059],[8.59729,45.80085],[8.59899,45.80209],[8.60159,45.80324],[8.60264,45.80448],[8.60396,45.80573],[8.605,45.80644],[8.60682,45.80723],[8.60747,45.80776],[8.608,45.80847],[8.60895,45.81045],[8.60898,45.81189],[8.60849,45.81333],[8.6085,45.81383],[8.60851,45.81405],[8.60838,45.81423],[8.60844,45.81693],[8.60808,45.81801],[8.60783,45.81838],[8.60786,45.81964],[8.60812,45.82013],[8.60849,45.82054],[8.60865,45.82071],[8.61047,45.82141],[8.61147,45.82195],[8.61295,45.823],[8.61334,45.82354],[8.61339,45.8257],[8.61353,45.82624],[8.6138,45.82659],[8.61406,45.82677],[8.61534,45.82666],[8.61865,45.82473],[8.6189,45.82465],[8.61966,45.82464],[8.62019,45.82472],[8.62071,45.82499],[8.62304,45.82577],[8.62409,45.82639],[8.62492,45.82706],[8.62566,45.82764],[8.62618,45.82781],[8.62618,45.82817],[8.62672,45.82923],[8.62678,45.83211],[8.62517,45.83466],[8.6239,45.83548],[8.62394,45.83764],[8.62382,45.83782],[8.62383,45.83854],[8.62348,45.83993],[8.62337,45.84016],[8.62311,45.84062],[8.62317,45.84368],[8.62305,45.84404],[8.62298,45.84414],[8.62268,45.84458],[8.62268,45.84476],[8.62168,45.84585],[8.62081,45.8473],[8.62069,45.84784],[8.62044,45.8482],[8.62023,45.84973],[8.61997,45.85028],[8.62002,45.85262],[8.62029,45.85369],[8.62031,45.85495],[8.62007,45.85514],[8.6193,45.85505],[8.61904,45.85488],[8.61748,45.85435],[8.61619,45.85437],[8.61491,45.85474],[8.61415,45.85529],[8.61211,45.85603],[8.61172,45.85639],[8.61174,45.85729],[8.61189,45.85765],[8.61228,45.85801],[8.61203,45.85828],[8.61191,45.85882],[8.61042,45.86031],[8.61027,45.86046],[8.61028,45.86064],[8.61002,45.86082],[8.60927,45.86191],[8.60877,45.86227],[8.60773,45.86273],[8.60724,45.8631],[8.60699,45.86346],[8.60705,45.86634],[8.60656,45.86778],[8.60594,45.86887],[8.60509,45.87104],[8.60384,45.87285],[8.60359,45.87303],[8.60284,45.87412],[8.60144,45.87558],[8.60082,45.87612],[8.59995,45.87672],[8.59802,45.87804],[8.59777,45.8784],[8.59768,45.88002],[8.59795,45.88074],[8.59861,45.88127],[8.59965,45.8818],[8.59986,45.88209],[8.60001,45.88227],[8.60031,45.88269],[8.60059,45.88359],[8.60099,45.88431],[8.601,45.88477],[8.60102,45.88575],[8.60066,45.88683],[8.59941,45.88864],[8.59868,45.89063],[8.59779,45.89136],[8.59472,45.89229],[8.59434,45.89265],[8.59423,45.89373],[8.59506,45.89624],[8.59598,45.89714],[8.59625,45.89767],[8.59618,45.90055],[8.59759,45.90232],[8.59817,45.90305],[8.59884,45.9043],[8.59952,45.90628],[8.60018,45.90699],[8.60202,45.90832],[8.60382,45.9083],[8.60511,45.90856],[8.60666,45.90863],[8.60974,45.90806],[8.61181,45.90804],[8.61362,45.90829],[8.6157,45.90917],[8.617,45.90915],[8.61801,45.90887],[8.61872,45.9091],[8.61956,45.90999],[8.61958,45.91044],[8.6202,45.91115],[8.61879,45.91256],[8.61823,45.91242],[8.61742,45.91377],[8.61632,45.91402],[8.61479,45.91493],[8.61274,45.9155],[8.61172,45.91605],[8.61174,45.91713],[8.61241,45.91802],[8.61581,45.92068],[8.61754,45.923],[8.61859,45.92362],[8.62197,45.92512],[8.62379,45.92573],[8.62559,45.9258],[8.62715,45.92632],[8.62976,45.92755],[8.63209,45.92807],[8.63365,45.92859],[8.6343,45.92903],[8.63496,45.92948],[8.63786,45.93233],[8.6393,45.9334],[8.64116,45.93589],[8.64182,45.93642],[8.64365,45.93757],[8.6473,45.93942],[8.64991,45.9411],[8.65121,45.94154],[8.65199,45.94162],[8.65379,45.9416],[8.65559,45.94104],[8.65635,45.94112],[8.65854,45.94254],[8.6608,45.94342],[8.66159,45.94395],[8.66211,45.94448],[8.66253,45.94592],[8.66256,45.947],[8.66231,45.94772],[8.66194,45.94807],[8.66201,45.94867],[8.66206,45.94901],[8.66225,45.95051],[8.66176,45.95177],[8.66178,45.95266],[8.66205,45.95339],[8.66287,45.95446],[8.6639,45.95517],[8.66913,45.95817],[8.67174,45.9594],[8.67304,45.95984],[8.67404,45.96038],[8.6758,45.96161],[8.67638,45.96174],[8.67662,45.96203],[8.67704,45.96226],[8.67866,45.96265],[8.67989,45.96279],[8.6805,45.96291],[8.68077,45.96305],[8.68132,45.96344],[8.68177,45.96388],[8.68245,45.96486],[8.68296,45.96522],[8.68426,45.96566],[8.6853,45.96582],[8.68633,45.96581],[8.68661,45.96599],[8.68685,45.96598],[8.68763,45.96624],[8.68868,45.96713],[8.68999,45.96793],[8.69233,45.9687],[8.69416,45.9695],[8.69625,45.97074],[8.69902,45.97323],[8.70006,45.97384],[8.7002,45.97402],[8.707,45.978],[8.71069,45.98137],[8.71207,45.98514],[8.71201,45.9882],[8.71215,45.98837],[8.71218,45.98981],[8.71231,45.98999],[8.71257,45.99017],[8.71335,45.99034],[8.71856,45.99208],[8.71936,45.99279],[8.71964,45.99319],[8.72015,45.99386],[8.72015,45.99404],[8.72066,45.99482],[8.72109,45.99547],[8.7218,45.99603],[8.72384,45.9976],[8.72489,45.99796],[8.72541,45.99795],[8.72567,45.99812],[8.73263,45.99811],[8.73394,45.99856],[8.73447,45.99892],[8.73464,45.99912],[8.7358,46.00052],[8.73659,46.00123],[8.74051,46.00326],[8.74315,46.00521],[8.74406,46.00609],[8.74526,46.00764],[8.74646,46.00913],[8.74699,46.00948],[8.74739,46.01001],[8.74739,46.01019],[8.74778,46.01073],[8.74904,46.01413],[8.74984,46.0152],[8.75089,46.01609],[8.75169,46.01734],[8.75173,46.01896],[8.75161,46.01914],[8.75151,46.0204],[8.75126,46.02095],[8.7513,46.02257],[8.75185,46.02364],[8.75175,46.0249],[8.7515,46.02544],[8.751,46.02599],[8.751,46.02617],[8.74948,46.02745],[8.74873,46.02853],[8.74853,46.03069],[8.74827,46.03124],[8.74715,46.03269],[8.74667,46.03414],[8.74463,46.03524],[8.74341,46.03611],[8.74209,46.03705],[8.73888,46.0377],[8.73771,46.03793],[8.73669,46.03829],[8.73644,46.0383],[8.7349,46.03895],[8.73338,46.04005],[8.73275,46.04096],[8.73292,46.04239],[8.73315,46.04267],[8.73349,46.04416],[8.73402,46.04571],[8.73404,46.04661],[8.73382,46.04683],[8.73279,46.04788],[8.73285,46.0504],[8.73326,46.0513],[8.73419,46.05255],[8.73422,46.05363],[8.73348,46.05543],[8.73174,46.05815],[8.73174,46.05833],[8.73099,46.05942],[8.731,46.0596],[8.73037,46.06051],[8.72976,46.06178],[8.72979,46.06339],[8.73007,46.06411],[8.73087,46.06536],[8.73129,46.06662],[8.73131,46.06716],[8.73144,46.06733],[8.73149,46.06931],[8.731,46.07058],[8.73037,46.07149],[8.73038,46.07167],[8.72875,46.07384],[8.7257,46.07595],[8.72519,46.07649],[8.72432,46.07776],[8.72383,46.07957],[8.72334,46.08029],[8.72283,46.08066],[8.72181,46.08103],[8.7213,46.0814],[8.72105,46.08176],[8.72081,46.08266],[8.72085,46.08446],[8.72168,46.08643],[8.72194,46.08679],[8.72326,46.08767],[8.72509,46.08855],[8.72902,46.09085],[8.73022,46.09227],[8.73311,46.09404],[8.73494,46.09546],[8.73548,46.09599],[8.73602,46.09689],[8.73603,46.09724],[8.73644,46.09832],[8.73652,46.10156],[8.73665,46.10174],[8.73681,46.10299],[8.73762,46.10424],[8.73814,46.1046],[8.73919,46.10504],[8.73997,46.10512],[8.74049,46.10529],[8.74153,46.10546],[8.74386,46.10552],[8.74412,46.10561],[8.74541,46.10559],[8.74567,46.1055],[8.75032,46.10545],[8.75058,46.10535],[8.75421,46.10531],[8.75681,46.10636],[8.75733,46.10636],[8.75759,46.10653],[8.75837,46.10669],[8.75915,46.10669],[8.75993,46.10695],[8.76229,46.10809],[8.76387,46.10916],[8.76519,46.11058],[8.76799,46.11231],[8.76848,46.11261],[8.76862,46.11297],[8.77047,46.11475],[8.77087,46.11528],[8.77206,46.11635],[8.77327,46.11722],[8.77509,46.11838],[8.77745,46.11962],[8.77844,46.12006],[8.7798,46.12067],[8.78138,46.12164],[8.78244,46.12271],[8.7826,46.12378],[8.783,46.1245],[8.78483,46.12574],[8.78666,46.12598],[8.78875,46.12659],[8.78985,46.12711],[8.79216,46.12845],[8.79347,46.12896],[8.79399,46.12905],[8.79496,46.12938],[8.7966,46.12991],[8.79712,46.13018],[8.79817,46.13088],[8.7987,46.13142],[8.79924,46.13213],[8.79924,46.13231],[8.7995,46.1324],[8.79977,46.13276],[8.80135,46.13364],[8.80292,46.13425],[8.80489,46.13566],[8.80622,46.13691],[8.80701,46.13743],[8.8091,46.13813],[8.81066,46.13847],[8.81249,46.13908],[8.81432,46.13987],[8.81458,46.13986],[8.81549,46.14017],[8.81614,46.14038],[8.82265,46.14192],[8.82473,46.14217],[8.82628,46.14215],[8.82654,46.14206],[8.82784,46.14213],[8.83096,46.14272],[8.83232,46.14287],[8.83252,46.14289],[8.83433,46.14287],[8.83589,46.14302],[8.83692,46.14337],[8.83772,46.14381],[8.83892,46.14505],[8.83892,46.14523],[8.83975,46.14634],[8.84065,46.14701],[8.84116,46.14719],[8.84169,46.14718],[8.84272,46.1469],[8.84452,46.1466],[8.84582,46.14659],[8.84686,46.14675],[8.8495,46.14769],[8.85104,46.14823],[8.8513,46.14823],[8.8526,46.14867],[8.85364,46.14883],[8.85443,46.14909],[8.85522,46.14962],[8.8554,46.14988],[8.85642,46.15122],[8.85772,46.1513],[8.85867,46.15102],[8.85901,46.15092],[8.86004,46.15091],[8.8603,46.15099],[8.86212,46.15106],[8.86524,46.15174],[8.86652,46.15182],[8.86704,46.1518],[8.8672,46.15205],[8.86721,46.15234],[8.86722,46.15325],[8.86671,46.15343],[8.86567,46.15336],[8.86542,46.15345],[8.86529,46.15363],[8.86519,46.15471],[8.86586,46.15542],[8.86574,46.15579],[8.86522,46.15588],[8.86482,46.15553],[8.86415,46.15464],[8.86387,46.15392],[8.86334,46.15321],[8.86255,46.15286],[8.85996,46.15289],[8.85842,46.15327],[8.85792,46.15381],[8.85767,46.15454],[8.85717,46.1549],[8.85719,46.15574],[8.85719,46.15598],[8.8576,46.15652],[8.85864,46.15695],[8.86175,46.15692],[8.86201,46.157],[8.86357,46.15698],[8.86383,46.15707],[8.86642,46.15704],[8.86725,46.15739],[8.86682,46.15757],[8.86449,46.15778],[8.86347,46.15815],[8.86235,46.1589],[8.86161,46.15896],[8.861,46.15902],[8.85842,46.15895],[8.857,46.15904],[8.85639,46.15937],[8.85617,46.15981],[8.85615,46.16015],[8.85688,46.16131],[8.85683,46.16193],[8.85723,46.16228],[8.85749,46.16228],[8.85879,46.16271],[8.86274,46.16492],[8.86428,46.16556],[8.86354,46.16589],[8.86251,46.16599],[8.8612,46.16556],[8.86094,46.16538],[8.86015,46.16521],[8.85923,46.16487],[8.85728,46.16417],[8.85702,46.16417],[8.85597,46.16374],[8.85571,46.16374],[8.8552,46.16402],[8.85524,46.16546],[8.85537,46.16563],[8.85615,46.16571],[8.85692,46.16516],[8.85743,46.16507],[8.85862,46.16551],[8.85927,46.16594],[8.85915,46.16631],[8.85838,46.16686],[8.85839,46.16704],[8.85945,46.16783],[8.85972,46.1682],[8.86025,46.1689],[8.86093,46.17015],[8.86107,46.17069],[8.86085,46.17195],[8.86047,46.1725],[8.86009,46.17276],[8.85982,46.17243],[8.85978,46.1708],[8.85831,46.16902],[8.85791,46.16866],[8.85713,46.1684],[8.85635,46.16832],[8.85569,46.16779],[8.85568,46.16761],[8.85529,46.16725],[8.85502,46.16708],[8.85452,46.16699],[8.85399,46.16718],[8.85348,46.16755],[8.85286,46.16845],[8.85248,46.16954],[8.85212,46.17008],[8.8506,46.17118],[8.84727,46.17293]],[[8.578,45.7701],[8.57801,45.77028],[8.57827,45.77054],[8.57853,45.77081],[8.57879,45.7709],[8.57956,45.77089],[8.57981,45.77071],[8.57981,45.77035],[8.57929,45.77008],[8.57826,45.77],[8.578,45.7701]],[[8.73647,46.13544],[8.73648,46.13572],[8.73669,46.13606],[8.73718,46.13646],[8.73778,46.13671],[8.7381,46.13659],[8.73812,46.13633],[8.7371,46.13526],[8.73667,46.13521],[8.73647,46.13544]],[[8.70596,46.0244],[8.7059,46.02461],[8.70604,46.02514],[8.70642,46.02543],[8.70669,46.02551],[8.70708,46.02546],[8.70741,46.02531],[8.7075,46.02517],[8.70747,46.02501],[8.70724,46.02465],[8.70682,46.02434],[8.70614,46.02434],[8.70596,46.0244]],[[8.55614,45.91864],[8.55653,45.91845],[8.55718,45.91782],[8.55713,45.91742],[8.55687,45.91723],[8.55658,45.91711],[8.55623,45.91707],[8.55582,45.91713],[8.55554,45.91728],[8.55509,45.91774],[8.5551,45.91825],[8.55525,45.91843],[8.55559,45.91865],[8.55614,45.91864]],[[8.73525,46.13254],[8.73526,46.13288],[8.73612,46.13439],[8.73671,46.13462],[8.73729,46.13468],[8.73782,46.13462],[8.73805,46.13445],[8.7381,46.13414],[8.73798,46.13377],[8.73729,46.13306],[8.73676,46.13281],[8.73575,46.1325],[8.73525,46.13254]],[[8.5226,45.90076],[8.5217,45.90093],[8.52031,45.90203],[8.51968,45.90275],[8.51956,45.90347],[8.51969,45.90365],[8.52021,45.90365],[8.52072,45.90346],[8.52174,45.90291],[8.52314,45.90181],[8.52339,45.90146],[8.52338,45.9011],[8.52297,45.90074],[8.5226,45.90076]],[[8.52791,45.89548],[8.5274,45.89566],[8.52663,45.89621],[8.52614,45.89711],[8.52615,45.89765],[8.52641,45.8981],[8.52719,45.89836],[8.52745,45.89836],[8.52796,45.89827],[8.52873,45.89772],[8.52922,45.89681],[8.5292,45.89574],[8.52894,45.89538],[8.52791,45.89548]],[[8.53731,45.91134],[8.53676,45.91168],[8.53675,45.91195],[8.53819,45.91333],[8.53896,45.91391],[8.5398,45.91397],[8.54036,45.9139],[8.54115,45.9134],[8.5413,45.91311],[8.54116,45.9123],[8.54045,45.91172],[8.53994,45.91156],[8.5378,45.9113],[8.53731,45.91134]]]}},{"type":"Feature","properties":{"name":"Luganersee / Lago di Lugano","aliases":["Luganersee","Lago di Lugano","Ceresio"],"category":"lake","transboundary":true,"outsideSwitzerland":false,"source":"swissTLMRegio 2025"},"geometry":{"type":"Polygon","coordinates":[[[8.88801,45.95628],[8.88827,45.95637],[8.89111,45.95633],[8.89186,45.95614],[8.89238,45.95578],[8.89238,45.9556],[8.89275,45.95505],[8.89269,45.95289],[8.89187,45.9511],[8.89186,45.95056],[8.89248,45.94984],[8.893,45.94974],[8.89426,45.94882],[8.89501,45.94791],[8.89549,45.94665],[8.89545,45.94503],[8.89499,45.9443],[8.89478,45.94396],[8.89399,45.94352],[8.89217,45.94282],[8.89203,45.94264],[8.8916,45.94103],[8.89066,45.9396],[8.8897,45.93746],[8.88956,45.93692],[8.88949,45.93422],[8.89008,45.93223],[8.89143,45.92969],[8.89155,45.92933],[8.89152,45.92825],[8.89261,45.92536],[8.89298,45.92482],[8.89374,45.92437],[8.89578,45.92361],[8.89743,45.92233],[8.89947,45.92149],[8.90111,45.92021],[8.90135,45.91949],[8.90133,45.91877],[8.90091,45.91751],[8.90088,45.91662],[8.90164,45.91589],[8.902,45.91516],[8.90187,45.91498],[8.90186,45.91444],[8.90092,45.91302],[8.9006,45.91068],[8.89988,45.90983],[8.89888,45.90908],[8.89861,45.90873],[8.89858,45.90765],[8.89896,45.90728],[8.90253,45.90589],[8.90431,45.90495],[8.90482,45.90487],[8.90536,45.90504],[8.90614,45.90575],[8.90694,45.90682],[8.90737,45.90843],[8.90805,45.90968],[8.90911,45.91075],[8.91016,45.91146],[8.91068,45.91163],[8.9112,45.91198],[8.91161,45.9127],[8.91176,45.91359],[8.91214,45.91395],[8.91294,45.91421],[8.91319,45.9142],[8.9171,45.9155],[8.91734,45.91561],[8.91814,45.91594],[8.92023,45.91708],[8.9223,45.91723],[8.92438,45.91794],[8.92569,45.91872],[8.9265,45.91979],[8.92717,45.92032],[8.92794,45.92058],[8.92924,45.92083],[8.92964,45.92128],[8.92988,45.92153],[8.93004,45.92208],[8.93007,45.92334],[8.93075,45.92441],[8.93154,45.92512],[8.93519,45.9266],[8.93585,45.92713],[8.93639,45.92785],[8.9372,45.92945],[8.93777,45.93126],[8.93818,45.9316],[8.93948,45.93239],[8.93999,45.93248],[8.94052,45.93274],[8.94207,45.93299],[8.94285,45.93325],[8.94538,45.93609],[8.94669,45.93698],[8.94878,45.93794],[8.94956,45.93811],[8.95085,45.93809],[8.95137,45.93799],[8.95187,45.93763],[8.95233,45.93714],[8.95363,45.9358],[8.95438,45.93525],[8.95668,45.93441],[8.9595,45.93365],[8.96077,45.9331],[8.96191,45.93218],[8.96369,45.93099],[8.96851,45.92849],[8.96977,45.92758],[8.97103,45.9263],[8.97102,45.92612],[8.9714,45.92575],[8.97139,45.92557],[8.97263,45.92358],[8.97298,45.92231],[8.97295,45.92123],[8.97253,45.91998],[8.97253,45.91548],[8.9728,45.91511],[8.97414,45.9133],[8.97462,45.91185],[8.97446,45.91077],[8.97364,45.90917],[8.97349,45.90845],[8.97362,45.90827],[8.97412,45.90826],[8.97517,45.90861],[8.97594,45.9085],[8.97616,45.9076],[8.97642,45.90724],[8.97684,45.90694],[8.9772,45.90688],[8.97772,45.90687],[8.97835,45.90686],[8.98017,45.90746],[8.98078,45.90814],[8.98097,45.90835],[8.98124,45.90906],[8.98171,45.91176],[8.98212,45.91265],[8.98213,45.91301],[8.98268,45.91396],[8.98308,45.91462],[8.98336,45.91551],[8.98343,45.91785],[8.98356,45.91803],[8.9811,45.92214],[8.97919,45.92454],[8.97773,45.92612],[8.97717,45.92918],[8.97594,45.92992],[8.97506,45.93024],[8.97351,45.9312],[8.97132,45.93257],[8.96781,45.93446],[8.96734,45.93521],[8.96695,45.93668],[8.96737,45.93793],[8.9669,45.93915],[8.96497,45.94042],[8.96422,45.94115],[8.9641,45.9415],[8.96418,45.94421],[8.96461,45.946],[8.96503,45.94708],[8.9652,45.94914],[8.9651,45.94959],[8.96397,45.95051],[8.9628,45.95251],[8.96151,45.95269],[8.95901,45.95285],[8.95951,45.95686],[8.96503,45.95639],[8.96572,45.95633],[8.96649,45.95784],[8.96652,45.95893],[8.9664,45.95929],[8.96654,45.95947],[8.96655,45.96001],[8.96695,45.96091],[8.96696,45.96127],[8.96779,45.96288],[8.96794,45.96341],[8.96848,45.96431],[8.96904,45.96574],[8.9693,45.96609],[8.96988,45.96825],[8.97043,45.9695],[8.97045,45.97022],[8.97009,45.97112],[8.97011,45.97166],[8.97237,45.97414],[8.97368,45.97485],[8.97472,45.9752],[8.9748,45.97532],[8.97498,45.97556],[8.97515,45.97663],[8.97502,45.977],[8.97428,45.9779],[8.9743,45.97862],[8.97483,45.97916],[8.97486,45.98024],[8.97499,45.98059],[8.97632,45.98148],[8.97685,45.98201],[8.97792,45.98343],[8.97812,45.98393],[8.97819,45.98417],[8.97833,45.9846],[8.97874,45.98513],[8.97954,45.98585],[8.9819,45.98734],[8.98295,45.98786],[8.98399,45.98821],[8.98583,45.98926],[8.99078,45.9909],[8.99312,45.9914],[8.99494,45.99167],[8.99806,45.9926],[8.99832,45.9926],[9.00197,45.99389],[9.003,45.99407],[9.00482,45.99412],[9.00664,45.99473],[9.00821,45.99543],[9.00874,45.99578],[9.01138,45.99791],[9.01206,45.99898],[9.01257,45.99924],[9.01492,45.99975],[9.01854,45.99988],[9.01984,46.00013],[9.02623,46.00232],[9.02714,46.00264],[9.02899,46.00387],[9.02977,46.00422],[9.03501,46.00792],[9.03583,46.00827],[9.03662,46.0088],[9.03808,46.01022],[9.04032,46.01181],[9.04163,46.01242],[9.04372,46.0131],[9.04424,46.01319],[9.04579,46.01317],[9.04681,46.01288],[9.04887,46.01258],[9.04989,46.01221],[9.05015,46.01221],[9.05041,46.01229],[9.05186,46.01335],[9.05238,46.01343],[9.05365,46.01279],[9.05958,46.01225],[9.06009,46.01215],[9.06086,46.01187],[9.06137,46.01151],[9.06188,46.0114],[9.06316,46.01138],[9.06449,46.01182],[9.06602,46.0118],[9.06801,46.01146],[9.06962,46.01121],[9.07117,46.01109],[9.07194,46.0109],[9.07323,46.01079],[9.07451,46.01051],[9.07683,46.01047],[9.07759,46.01037],[9.07914,46.00998],[9.07939,46.0098],[9.08144,46.00905],[9.08247,46.00886],[9.08324,46.00885],[9.08402,46.00911],[9.08534,46.00999],[9.08588,46.01016],[9.08638,46.01015],[9.08651,46.01006],[9.08702,46.00996],[9.08906,46.00912],[9.09061,46.0091],[9.0932,46.00933],[9.09607,46.01028],[9.09999,46.01193],[9.10499,46.01474],[9.10565,46.01545],[9.10582,46.01652],[9.10686,46.01696],[9.1079,46.01702],[9.10842,46.01721],[9.10947,46.01782],[9.11173,46.01977],[9.11277,46.02011],[9.11407,46.02027],[9.11564,46.02097],[9.11696,46.02185],[9.11987,46.02414],[9.12197,46.0251],[9.1233,46.02652],[9.12382,46.02661],[9.12396,46.02678],[9.12422,46.02687],[9.12577,46.02694],[9.12603,46.02702],[9.12619,46.02792],[9.12646,46.02828],[9.12608,46.02856],[9.12508,46.02983],[9.12445,46.03038],[9.12429,46.03085],[9.12409,46.03101],[9.12409,46.03119],[9.1245,46.0319],[9.12451,46.03226],[9.12389,46.03307],[9.12352,46.03354],[9.12217,46.03453],[9.12114,46.03448],[9.12031,46.03472],[9.11951,46.03507],[9.11773,46.03681],[9.11738,46.03686],[9.11598,46.03635],[9.1144,46.03538],[9.11075,46.03427],[9.10918,46.03348],[9.10656,46.03253],[9.10446,46.03139],[9.10288,46.03035],[9.10155,46.02928],[9.10062,46.02821],[9.0993,46.02733],[9.09825,46.0269],[9.09591,46.02621],[9.09433,46.02542],[9.09277,46.025],[9.09121,46.02474],[9.0894,46.02469],[9.08914,46.0246],[9.08475,46.02475],[9.08267,46.02424],[9.08086,46.02427],[9.07983,46.02447],[9.07829,46.02449],[9.07802,46.02458],[9.07493,46.02463],[9.07156,46.02414],[9.07001,46.02407],[9.06974,46.02398],[9.06587,46.02404],[9.06433,46.02433],[9.06279,46.02435],[9.06096,46.02402],[9.05941,46.02404],[9.05916,46.02414],[9.05787,46.02415],[9.05761,46.02425],[9.05425,46.0243],[9.05246,46.02486],[9.05015,46.02543],[9.04964,46.02553],[9.04835,46.02555],[9.046,46.02486],[9.04497,46.02479],[9.04393,46.02453],[9.04325,46.02364],[9.04221,46.02321],[9.04039,46.02296],[9.03859,46.02308],[9.03807,46.023],[9.03546,46.02213],[9.03365,46.02216],[9.03268,46.0219],[9.03158,46.02156],[9.03,46.02102],[9.02922,46.02069],[9.02817,46.02017],[9.02681,46.01921],[9.02553,46.01832],[9.0242,46.01736],[9.02342,46.01682],[9.02189,46.01612],[9.01478,46.01289],[9.01294,46.01174],[9.01149,46.01068],[9.00817,46.00749],[9.00712,46.00679],[9.00633,46.00645],[9.00488,46.00538],[9.0041,46.00521],[9.00206,46.00587],[8.99895,46.00573],[8.99817,46.00547],[8.99635,46.00513],[8.9948,46.00515],[8.99428,46.00507],[8.9935,46.00481],[8.99164,46.00374],[8.98618,46.00168],[8.98592,46.00168],[8.98384,46.00099],[8.98176,46.00066],[8.97738,46.00082],[8.97636,46.001],[8.97482,46.00156],[8.97406,46.00211],[8.9733,46.00284],[8.97295,46.0037],[8.97241,46.00372],[8.97204,46.00392],[8.97149,46.00454],[8.97149,46.00486],[8.9708,46.00576],[8.97004,46.00613],[8.96849,46.00633],[8.96695,46.00635],[8.96564,46.00601],[8.96512,46.00565],[8.96417,46.00405],[8.96386,46.00351],[8.96341,46.00327],[8.96305,46.00328],[8.96245,46.00351],[8.96169,46.00394],[8.95998,46.00482],[8.95914,46.00481],[8.9583,46.00455],[8.95758,46.00432],[8.95591,46.00406],[8.95438,46.00388],[8.9538,46.00366],[8.95345,46.00316],[8.9532,46.00237],[8.95268,46.00056],[8.95192,45.99943],[8.95102,45.99819],[8.9504,45.99727],[8.9496,45.99601],[8.94955,45.99552],[8.94955,45.99493],[8.94988,45.99457],[8.95075,45.99416],[8.95578,45.99209],[8.95756,45.99117],[8.95794,45.99029],[8.95796,45.98955],[8.95831,45.98847],[8.95829,45.98775],[8.95788,45.98667],[8.95785,45.9856],[8.95872,45.98469],[8.95851,45.98163],[8.95898,45.98],[8.95895,45.97892],[8.95827,45.97749],[8.95652,45.97518],[8.95362,45.9727],[8.95214,45.97074],[8.95118,45.96877],[8.9509,45.96787],[8.95088,45.96696],[8.95074,45.96679],[8.95041,45.95942],[8.95054,45.95893],[8.95167,45.95801],[8.95262,45.95765],[8.95412,45.95739],[8.95654,45.95711],[8.95574,45.95288],[8.95462,45.95307],[8.95281,45.95309],[8.95256,45.95318],[8.95044,45.95312],[8.94817,45.95306],[8.94713,45.9529],[8.94583,45.95246],[8.94426,45.95167],[8.9436,45.95114],[8.94293,45.95025],[8.94212,45.94882],[8.94198,45.94829],[8.94193,45.94681],[8.94191,45.94595],[8.93951,45.9431],[8.93948,45.94202],[8.93908,45.94131],[8.93779,45.94019],[8.93604,45.93865],[8.92953,45.93136],[8.92897,45.93095],[8.92807,45.9303],[8.92688,45.92923],[8.92583,45.92852],[8.92479,45.92809],[8.92347,45.92721],[8.92215,45.92596],[8.9216,45.92559],[8.92136,45.92544],[8.92082,45.92538],[8.91907,45.92426],[8.91821,45.92394],[8.91639,45.92353],[8.91566,45.92346],[8.91524,45.92327],[8.91448,45.92319],[8.91344,45.92338],[8.91216,45.92385],[8.91065,45.92495],[8.90989,45.92568],[8.9099,45.92585],[8.90965,45.92604],[8.90865,45.92749],[8.90739,45.92841],[8.90535,45.92933],[8.90326,45.93085],[8.90282,45.93117],[8.90103,45.93182],[8.89964,45.93292],[8.89852,45.93437],[8.89857,45.93617],[8.89983,45.93975],[8.90008,45.94011],[8.90106,45.94262],[8.90404,45.9478],[8.90406,45.9487],[8.9042,45.94905],[8.90455,45.94946],[8.90527,45.9503],[8.90529,45.95119],[8.90493,45.9521],[8.90494,45.95247],[8.90418,45.9531],[8.90393,45.95347],[8.90397,45.95473],[8.9041,45.95508],[8.90503,45.95579],[8.90524,45.95608],[8.90543,45.95633],[8.90531,45.95669],[8.90481,45.95723],[8.90303,45.95825],[8.90214,45.95898],[8.90196,45.96186],[8.9007,45.9635],[8.90077,45.96584],[8.89991,45.96711],[8.89969,45.96855],[8.8988,45.96964],[8.89882,45.97036],[8.89982,45.97208],[8.90141,45.97483],[8.90155,45.97518],[8.90158,45.97644],[8.90225,45.97733],[8.90396,45.97875],[8.90463,45.97964],[8.90505,45.98072],[8.90558,45.98125],[8.90743,45.9824],[8.90917,45.98507],[8.9096,45.98633],[8.90998,45.98686],[8.90998,45.98704],[8.91066,45.98757],[8.91132,45.98845],[8.91147,45.98918],[8.91256,45.99115],[8.91271,45.99204],[8.91195,45.99259],[8.91198,45.99346],[8.912,45.99422],[8.91106,45.99489],[8.90933,45.99544],[8.90881,45.9957],[8.90882,45.99623],[8.90857,45.99642],[8.90812,45.99653],[8.90759,45.99638],[8.90725,45.99568],[8.90692,45.99539],[8.90608,45.99517],[8.90524,45.99506],[8.90403,45.9947],[8.90279,45.99332],[8.90214,45.99306],[8.90159,45.99307],[8.90138,45.99327],[8.90036,45.99356],[8.89913,45.99357],[8.89773,45.9917],[8.89654,45.99064],[8.89557,45.98958],[8.89507,45.98903],[8.89494,45.98867],[8.89491,45.98786],[8.8949,45.98724],[8.89612,45.9847],[8.89611,45.98416],[8.89635,45.98344],[8.89609,45.97858],[8.89621,45.9784],[8.89631,45.97714],[8.89566,45.97629],[8.89552,45.9761],[8.89457,45.97482],[8.89404,45.97429],[8.89378,45.9742],[8.89358,45.97398],[8.89261,45.97413],[8.89158,45.97414],[8.8908,45.97388],[8.88993,45.97334],[8.8887,45.97256],[8.88635,45.97169],[8.88596,45.97134],[8.88582,45.97098],[8.88579,45.96972],[8.88608,45.96911],[8.88752,45.967],[8.88777,45.96681],[8.888,45.96627],[8.88877,45.96554],[8.88877,45.96536],[8.88965,45.96464],[8.88976,45.96391],[8.88922,45.96302],[8.88789,45.96213],[8.88712,45.96179],[8.88478,45.96109],[8.88116,45.9606],[8.88038,45.96061],[8.87935,45.96043],[8.8778,45.96045],[8.87601,45.96094],[8.87447,45.9615],[8.87422,45.96168],[8.87371,45.96178],[8.87254,45.9622],[8.87166,45.96252],[8.87143,45.96269],[8.87103,45.96307],[8.87105,45.96379],[8.87118,45.96397],[8.87141,45.96557],[8.87148,45.96603],[8.8715,45.9663],[8.87269,45.96719],[8.87392,45.96787],[8.87426,45.96807],[8.87466,45.9686],[8.87469,45.96932],[8.87418,45.97005],[8.87254,45.97151],[8.87026,45.97307],[8.86922,45.9729],[8.86713,45.97176],[8.86531,45.97115],[8.86349,45.97072],[8.86296,45.97037],[8.86254,45.96912],[8.86187,45.96822],[8.86136,45.96791],[8.86108,45.96742],[8.86107,45.96688],[8.86118,45.96645],[8.86142,45.96562],[8.86241,45.96417],[8.86343,45.96344],[8.86572,45.96224],[8.86641,45.96211],[8.86726,45.96195],[8.86811,45.96139],[8.86851,45.96112],[8.87241,45.96161],[8.87318,45.96142],[8.87381,45.96087],[8.87458,45.96059],[8.8756,45.9604],[8.87624,45.95985],[8.87613,45.95875],[8.87593,45.95824],[8.87642,45.95724],[8.87743,45.95615],[8.87845,45.95569],[8.88181,45.95591],[8.88207,45.956],[8.88336,45.95598],[8.88465,45.95615],[8.88801,45.95628]]]}},{"type":"Feature","properties":{"name":"Lago di Como","aliases":["Lake Como","Lario"],"category":"lake","transboundary":false,"outsideSwitzerland":true,"source":"swissTLMRegio 2025"},"geometry":{"type":"Polygon","coordinates":[[[9.36338,45.88404],[9.36149,45.88532],[9.36066,45.8862],[9.35792,45.89044],[9.35587,45.89183],[9.35427,45.8933],[9.35365,45.89367],[9.34787,45.89588],[9.34648,45.89611],[9.34465,45.89581],[9.34298,45.89519],[9.34135,45.89482],[9.33983,45.89469],[9.3369,45.89408],[9.33613,45.89409],[9.33511,45.89447],[9.3341,45.8952],[9.33311,45.8963],[9.3316,45.89741],[9.33136,45.89777],[9.33152,45.89867],[9.33144,45.90011],[9.33066,45.90372],[9.33005,45.90462],[9.32929,45.90518],[9.32855,45.90609],[9.32697,45.90901],[9.32611,45.9101],[9.32601,45.911],[9.32577,45.91136],[9.32375,45.91275],[9.31936,45.91264],[9.31504,45.91433],[9.31378,45.91516],[9.31385,45.91714],[9.31349,45.91805],[9.31262,45.91896],[9.31213,45.91986],[9.31134,45.92312],[9.31137,45.92402],[9.31091,45.92601],[9.31098,45.92745],[9.31182,45.92959],[9.31186,45.93067],[9.31126,45.93194],[9.31129,45.93284],[9.31245,45.93423],[9.31279,45.93643],[9.31233,45.94097],[9.31176,45.94216],[9.30919,45.945],[9.3091,45.94534],[9.30499,45.94784],[9.30323,45.94953],[9.30243,45.94959],[9.30189,45.94985],[9.30153,45.95047],[9.30157,45.95193],[9.30119,45.95364],[9.30178,45.9563],[9.30209,45.95916],[9.30111,45.95974],[9.30074,45.96028],[9.30087,45.96388],[9.30194,45.96512],[9.30186,45.96639],[9.30124,45.96712],[9.30125,45.96748],[9.30164,45.96773],[9.30291,45.96754],[9.30324,45.96763],[9.30355,45.96811],[9.30095,45.97081],[9.29952,45.97312],[9.29631,45.97707],[9.29599,45.9777],[9.29603,45.97874],[9.29685,45.98007],[9.29639,45.98277],[9.29621,45.98319],[9.29526,45.98393],[9.29487,45.9845],[9.29453,45.98553],[9.29253,45.98696],[9.29197,45.98778],[9.29064,45.99444],[9.29063,45.99551],[9.29156,45.99987],[9.29142,46.00267],[9.29103,46.00477],[9.29035,46.00588],[9.28666,46.00982],[9.28551,46.00985],[9.28423,46.01014],[9.28346,46.01015],[9.28218,46.01062],[9.28221,46.01134],[9.28275,46.01224],[9.28334,46.01421],[9.28323,46.01475],[9.28297,46.01493],[9.28313,46.01619],[9.28435,46.01743],[9.28514,46.01796],[9.28619,46.01839],[9.28685,46.01892],[9.28689,46.02001],[9.28647,46.02288],[9.28412,46.0258],[9.28414,46.02665],[9.28383,46.02664],[9.28382,46.02692],[9.28409,46.02759],[9.28873,46.03153],[9.28986,46.03214],[9.29197,46.0325],[9.29309,46.03285],[9.29427,46.03346],[9.29907,46.03693],[9.30014,46.03849],[9.30098,46.03918],[9.3014,46.03933],[9.30116,46.04074],[9.30067,46.04146],[9.29903,46.04274],[9.29921,46.04418],[9.29961,46.04444],[9.30064,46.04452],[9.30221,46.04503],[9.30434,46.0468],[9.30488,46.04733],[9.30466,46.04859],[9.30546,46.0493],[9.30641,46.05072],[9.31025,46.05327],[9.31185,46.05486],[9.31236,46.06169],[9.3108,46.06568],[9.31031,46.06641],[9.30931,46.06733],[9.3095,46.06912],[9.30899,46.06949],[9.3072,46.06997],[9.30582,46.07107],[9.30402,46.07137],[9.30172,46.07222],[9.30096,46.07268],[9.29968,46.07315],[9.29868,46.07398],[9.29905,46.07739],[9.29985,46.07809],[9.30144,46.07915],[9.30724,46.0823],[9.30933,46.08298],[9.31034,46.08315],[9.31074,46.08427],[9.30929,46.08825],[9.30946,46.08867],[9.31018,46.08942],[9.30935,46.08979],[9.30984,46.09028],[9.30986,46.09107],[9.31055,46.09214],[9.31187,46.09293],[9.31376,46.09524],[9.31549,46.09665],[9.31553,46.09791],[9.3162,46.09843],[9.31662,46.09933],[9.31663,46.09987],[9.31613,46.1006],[9.31615,46.10114],[9.31657,46.10185],[9.31899,46.10452],[9.32035,46.10628],[9.32038,46.10718],[9.31964,46.10828],[9.31918,46.1099],[9.31881,46.11045],[9.31818,46.111],[9.31665,46.11157],[9.31589,46.11212],[9.31552,46.11248],[9.31518,46.11393],[9.31467,46.1143],[9.31237,46.11497],[9.31174,46.11552],[9.31139,46.11678],[9.31142,46.1175],[9.31278,46.11946],[9.31492,46.1214],[9.31596,46.12175],[9.31779,46.12208],[9.31908,46.12196],[9.32169,46.12254],[9.32615,46.12428],[9.32926,46.1244],[9.33031,46.12484],[9.33295,46.12641],[9.33401,46.12667],[9.33581,46.12672],[9.33632,46.12645],[9.3368,46.12554],[9.33678,46.12482],[9.33609,46.12374],[9.33479,46.12359],[9.33398,46.12253],[9.33292,46.12191],[9.32873,46.12054],[9.32739,46.11913],[9.32503,46.11782],[9.32473,46.1171],[9.32524,46.11673],[9.32703,46.11625],[9.33195,46.11634],[9.33358,46.11659],[9.33752,46.11833],[9.33954,46.1187],[9.34333,46.11801],[9.3447,46.11811],[9.34602,46.1185],[9.34606,46.12013],[9.34608,46.12052],[9.34715,46.12176],[9.34723,46.12392],[9.3469,46.12555],[9.3464,46.1261],[9.34511,46.12612],[9.34409,46.12667],[9.34399,46.12758],[9.34223,46.12905],[9.34002,46.12959],[9.3402,46.13025],[9.34088,46.13113],[9.34247,46.13219],[9.34352,46.13271],[9.3451,46.13323],[9.34827,46.13506],[9.35013,46.13647],[9.35197,46.13716],[9.35405,46.13757],[9.35484,46.13792],[9.3577,46.13823],[9.36002,46.13774],[9.36337,46.13742],[9.36623,46.138],[9.36885,46.13885],[9.37093,46.139],[9.37224,46.13933],[9.3733,46.1404],[9.3734,46.14327],[9.37421,46.14381],[9.3755,46.14414],[9.37685,46.14537],[9.37896,46.14624],[9.37937,46.14685],[9.37917,46.14777],[9.37831,46.14974],[9.37697,46.15153],[9.37647,46.15277],[9.37647,46.15375],[9.37716,46.15505],[9.37893,46.15641],[9.38151,46.15978],[9.38156,46.16122],[9.38103,46.16447],[9.38078,46.16484],[9.37876,46.16631],[9.37841,46.16704],[9.37845,46.16794],[9.37937,46.16882],[9.38303,46.16993],[9.38642,46.17041],[9.38875,46.17028],[9.39106,46.16979],[9.3921,46.16977],[9.39419,46.17036],[9.39578,46.17115],[9.39631,46.17159],[9.39553,46.1716],[9.39319,46.17119],[9.38363,46.1719],[9.38181,46.17184],[9.38103,46.17167],[9.37792,46.17181],[9.3761,46.17149],[9.374,46.17079],[9.37215,46.16966],[9.37032,46.16916],[9.36746,46.16893],[9.36618,46.16932],[9.36517,46.17005],[9.36414,46.17034],[9.36336,46.17026],[9.36151,46.16967],[9.3597,46.16943],[9.35603,46.16805],[9.35429,46.16646],[9.35246,46.16613],[9.34772,46.16369],[9.34625,46.16264],[9.34463,46.16068],[9.34053,46.15823],[9.34012,46.15752],[9.34023,46.15338],[9.33888,46.15178],[9.33782,46.15117],[9.33652,46.15074],[9.33574,46.15075],[9.33365,46.15016],[9.33157,46.14992],[9.33014,46.14995],[9.32885,46.15015],[9.32732,46.15063],[9.32577,46.15083],[9.32132,46.14937],[9.31873,46.14934],[9.31563,46.14956],[9.312,46.14945],[9.30937,46.14843],[9.3087,46.148],[9.30764,46.14775],[9.30744,46.14753],[9.30665,46.1448],[9.30737,46.14286],[9.30734,46.14214],[9.30614,46.1409],[9.30582,46.13928],[9.30515,46.13848],[9.30409,46.13777],[9.30173,46.13692],[9.29886,46.13634],[9.29394,46.13625],[9.29289,46.13599],[9.29157,46.13511],[9.29116,46.13458],[9.29113,46.1335],[9.29149,46.13277],[9.29132,46.13169],[9.28998,46.13028],[9.28893,46.12966],[9.28814,46.12941],[9.28748,46.12889],[9.28726,46.12636],[9.28751,46.12601],[9.28736,46.12537],[9.28695,46.12484],[9.28642,46.12448],[9.2825,46.12347],[9.2817,46.12276],[9.28156,46.12222],[9.28218,46.1215],[9.28252,46.12059],[9.28238,46.11969],[9.27937,46.11506],[9.27909,46.11434],[9.27906,46.11345],[9.27954,46.11236],[9.27964,46.11146],[9.27957,46.10948],[9.27913,46.10786],[9.2791,46.10697],[9.2796,46.10607],[9.27937,46.10354],[9.27962,46.10336],[9.27959,46.10227],[9.27904,46.10139],[9.27902,46.10067],[9.27975,46.09988],[9.28089,46.09866],[9.28101,46.0983],[9.28083,46.09704],[9.2817,46.0963],[9.28207,46.0954],[9.28203,46.09414],[9.28134,46.09289],[9.2813,46.09163],[9.28202,46.09],[9.28201,46.08964],[9.2816,46.08911],[9.28029,46.08868],[9.27963,46.08815],[9.2796,46.08725],[9.27996,46.08652],[9.28006,46.08562],[9.27898,46.0842],[9.27897,46.08384],[9.27842,46.08295],[9.27841,46.08259],[9.27891,46.08204],[9.27887,46.08114],[9.27847,46.08061],[9.27831,46.07971],[9.27893,46.0788],[9.27937,46.07663],[9.27962,46.07627],[9.28114,46.07535],[9.28109,46.07391],[9.27989,46.07303],[9.27985,46.07159],[9.27903,46.07052],[9.27745,46.06965],[9.27484,46.06888],[9.27444,46.06853],[9.27429,46.06781],[9.27388,46.06727],[9.27152,46.06614],[9.27093,46.06399],[9.27012,46.06311],[9.26579,46.06102],[9.26327,46.05926],[9.26233,46.05801],[9.26217,46.0573],[9.26213,46.05604],[9.26249,46.05513],[9.26231,46.05369],[9.26177,46.05298],[9.26072,46.05255],[9.25979,46.05184],[9.25778,46.04954],[9.256,46.04669],[9.25474,46.04365],[9.25339,46.04187],[9.2527,46.04062],[9.25089,46.04056],[9.24803,46.04007],[9.24596,46.0401],[9.24451,46.03904],[9.24372,46.03878],[9.24243,46.03872],[9.2419,46.03845],[9.24044,46.03722],[9.23949,46.03579],[9.23929,46.02969],[9.23962,46.02805],[9.23999,46.02751],[9.24289,46.02529],[9.24301,46.02494],[9.24352,46.02475],[9.24402,46.0242],[9.24425,46.02348],[9.24421,46.02239],[9.24367,46.02169],[9.24209,46.02073],[9.24026,46.02003],[9.23947,46.01951],[9.23906,46.01897],[9.23873,46.01682],[9.23909,46.01591],[9.23906,46.015],[9.23806,46.01251],[9.23746,46.00946],[9.2366,46.00695],[9.23654,46.00497],[9.23676,46.00407],[9.23961,46.00025],[9.24058,45.99843],[9.24117,45.99662],[9.24109,45.99428],[9.24081,45.99357],[9.23997,45.9932],[9.23931,45.99194],[9.23696,45.98909],[9.23571,45.98825],[9.22814,45.98453],[9.22574,45.98367],[9.22335,45.98255],[9.22216,45.98232],[9.22099,45.98245],[9.22007,45.98275],[9.21969,45.98306],[9.21816,45.98346],[9.2171,45.98354],[9.21575,45.98288],[9.2157,45.98218],[9.21484,45.98164],[9.21278,45.98132],[9.20917,45.98129],[9.2076,45.98069],[9.20599,45.97873],[9.2018,45.97709],[9.20132,45.97616],[9.20102,45.97556],[9.19912,45.97389],[9.19793,45.9731],[9.19791,45.97256],[9.19854,45.97183],[9.19905,45.97173],[9.20112,45.97197],[9.20162,45.97151],[9.20316,45.97113],[9.20341,45.97094],[9.20309,45.96915],[9.20418,45.96679],[9.20416,45.96625],[9.20364,45.96608],[9.20251,45.96718],[9.20123,45.9672],[9.20045,45.96703],[9.19864,45.96706],[9.19736,45.96726],[9.19659,45.96745],[9.19585,45.96818],[9.19507,45.96846],[9.19276,45.96886],[9.1907,45.96889],[9.18797,45.96816],[9.18706,45.96805],[9.18525,45.96816],[9.18164,45.96813],[9.17958,45.96843],[9.17729,45.96919],[9.17574,45.9693],[9.17508,45.96877],[9.17427,45.96771],[9.17348,45.96718],[9.17139,45.96649],[9.16993,45.96526],[9.16889,45.96482],[9.16664,45.96324],[9.16376,45.96175],[9.15797,45.95806],[9.153,45.95634],[9.15119,45.95609],[9.15017,45.9562],[9.14772,45.95518],[9.14272,45.95286],[9.13509,45.94854],[9.13455,45.94789],[9.13324,45.94701],[9.13296,45.9463],[9.13203,45.94558],[9.13135,45.94433],[9.13118,45.94185],[9.13087,45.93714],[9.13054,45.93692],[9.13035,45.93298],[9.13046,45.932],[9.13132,45.93082],[9.13298,45.92592],[9.13326,45.92277],[9.13357,45.92161],[9.13342,45.92073],[9.13417,45.91892],[9.13424,45.91676],[9.1346,45.91603],[9.13448,45.91208],[9.13405,45.91082],[9.13353,45.91012],[9.13347,45.90885],[9.13371,45.90813],[9.13457,45.90685],[9.13645,45.90511],[9.13682,45.90439],[9.13868,45.9022],[9.14077,45.89893],[9.1419,45.89801],[9.14317,45.89745],[9.14418,45.89672],[9.14668,45.89416],[9.14675,45.89218],[9.14647,45.89128],[9.14442,45.8879],[9.14441,45.88754],[9.14373,45.88629],[9.14064,45.88237],[9.1402,45.8804],[9.13954,45.87969],[9.13821,45.87881],[9.13481,45.87697],[9.13244,45.87548],[9.12983,45.87417],[9.12562,45.87162],[9.12354,45.87075],[9.12146,45.87025],[9.11677,45.8687],[9.1134,45.86776],[9.11052,45.86636],[9.10921,45.86548],[9.1072,45.86299],[9.10391,45.8607],[9.10183,45.86001],[9.09872,45.85952],[9.09741,45.85882],[9.09675,45.85829],[9.09554,45.8565],[9.09298,45.85442],[9.09186,45.8535],[9.09127,45.85171],[9.09118,45.84864],[9.09038,45.84758],[9.0896,45.84705],[9.08829,45.84662],[9.08598,45.84693],[9.08366,45.84696],[9.08184,45.84645],[9.08051,45.84485],[9.08047,45.84359],[9.08095,45.8425],[9.08094,45.84196],[9.07959,45.84],[9.07957,45.83928],[9.07902,45.83803],[9.07727,45.83545],[9.07674,45.83491],[9.07543,45.83421],[9.07449,45.83315],[9.07353,45.83268],[9.07346,45.83155],[9.07306,45.83081],[9.07062,45.82795],[9.06995,45.82484],[9.06897,45.8228],[9.06845,45.82201],[9.06794,45.82168],[9.06821,45.821],[9.06841,45.81902],[9.0694,45.81738],[9.07014,45.81665],[9.07091,45.81637],[9.07245,45.81635],[9.07581,45.81675],[9.07684,45.81674],[9.07734,45.81637],[9.07822,45.81487],[9.0803,45.81506],[9.08214,45.81562],[9.08404,45.81668],[9.08357,45.81817],[9.08332,45.81853],[9.08169,45.81981],[9.07982,45.82183],[9.07859,45.82364],[9.07823,45.82436],[9.07825,45.8249],[9.07929,45.82552],[9.0801,45.82677],[9.08167,45.82764],[9.08452,45.8285],[9.08762,45.82882],[9.08944,45.82942],[9.09153,45.83038],[9.09429,45.83232],[9.09643,45.83502],[9.0971,45.83587],[9.09973,45.83755],[9.10133,45.83923],[9.10282,45.84191],[9.10439,45.84252],[9.10444,45.84413],[9.10603,45.84591],[9.10702,45.84877],[9.10861,45.85019],[9.11019,45.85116],[9.11124,45.85204],[9.11431,45.85542],[9.11447,45.85649],[9.11375,45.85812],[9.11378,45.8592],[9.11418,45.85974],[9.11522,45.86009],[9.11832,45.86021],[9.11988,45.86073],[9.12245,45.86069],[9.12425,45.86031],[9.12915,45.8605],[9.1317,45.85974],[9.13375,45.85962],[9.1358,45.85914],[9.1376,45.85911],[9.14173,45.85941],[9.14278,45.85994],[9.14541,45.8617],[9.14925,45.86488],[9.15003,45.86531],[9.15085,45.86674],[9.15138,45.86709],[9.15267,45.86716],[9.15345,45.86742],[9.15452,45.86866],[9.15637,45.87026],[9.15677,45.87079],[9.15747,45.8724],[9.15751,45.87366],[9.15717,45.8751],[9.15607,45.87728],[9.15612,45.87872],[9.15695,45.88069],[9.15741,45.88284],[9.15719,45.88419],[9.15648,45.88618],[9.1568,45.88816],[9.15655,45.88859],[9.15595,45.88961],[9.15552,45.8918],[9.15539,45.89249],[9.15431,45.89485],[9.15423,45.89666],[9.15399,45.8972],[9.15405,45.89918],[9.15347,45.90099],[9.1535,45.90207],[9.15541,45.90546],[9.15544,45.90636],[9.15509,45.90743],[9.15435,45.90871],[9.15441,45.91051],[9.15496,45.91158],[9.15499,45.91248],[9.15415,45.91447],[9.15379,45.91592],[9.15258,45.91792],[9.15281,45.92115],[9.15049,45.92947],[9.15054,45.93109],[9.15137,45.93269],[9.15141,45.93413],[9.1517,45.93503],[9.15343,45.9368],[9.15501,45.93777],[9.15868,45.93924],[9.16414,45.94096],[9.16518,45.94147],[9.16856,45.94224],[9.17013,45.94275],[9.17144,45.94354],[9.17313,45.9441],[9.17327,45.94415],[9.1737,45.94421],[9.1743,45.94431],[9.17769,45.94552],[9.18003,45.94602],[9.18317,45.94722],[9.18448,45.94748],[9.18755,45.94725],[9.1904,45.94739],[9.19169,45.94764],[9.19482,45.94858],[9.1956,45.94866],[9.1997,45.94841],[9.20101,45.94848],[9.20205,45.94883],[9.20403,45.95024],[9.20535,45.95094],[9.20639,45.95128],[9.2069,45.95127],[9.20717,45.95145],[9.21001,45.95158],[9.2108,45.95193],[9.21199,45.95265],[9.21659,45.95544],[9.21738,45.95614],[9.21873,45.95792],[9.22056,45.9587],[9.22123,45.95923],[9.22164,45.95995],[9.22181,45.96138],[9.22302,45.9628],[9.22381,45.96315],[9.2251,45.96313],[9.22614,45.96365],[9.22795,45.96363],[9.22821,45.9638],[9.23024,45.96647],[9.23223,45.96824],[9.23411,45.97037],[9.23556,45.97142],[9.23635,45.97177],[9.23712,45.97176],[9.23764,45.97193],[9.24002,45.97342],[9.24237,45.97447],[9.24477,45.97677],[9.24687,45.9779],[9.24866,45.97838],[9.25076,45.97829],[9.25232,45.97862],[9.25258,45.9788],[9.25448,45.98147],[9.2569,45.98431],[9.26046,45.98668],[9.261,45.98739],[9.26122,45.98991],[9.26176,45.99079],[9.2636,45.99185],[9.26516,45.99218],[9.26697,45.99215],[9.26824,45.9915],[9.26847,45.99078],[9.26835,45.98718],[9.26819,45.98629],[9.26764,45.98522],[9.2666,45.98478],[9.2658,45.98426],[9.26553,45.9839],[9.2655,45.98301],[9.26624,45.98191],[9.2666,45.981],[9.26689,45.9783],[9.26749,45.97685],[9.26747,45.97631],[9.26772,45.97594],[9.26873,45.97539],[9.26967,45.97249],[9.27018,45.9724],[9.27105,45.97148],[9.27091,45.97058],[9.2698,45.9688],[9.26922,45.96665],[9.26773,45.9647],[9.26742,45.96326],[9.26879,45.9618],[9.27082,45.96069],[9.27195,45.95977],[9.27267,45.95814],[9.27419,45.9573],[9.27598,45.95682],[9.27661,45.95627],[9.27759,45.95482],[9.27769,45.95373],[9.27755,45.95356],[9.27873,45.95039],[9.27882,45.94949],[9.27953,45.94732],[9.28037,45.94532],[9.28372,45.94131],[9.28382,45.94041],[9.2834,45.93951],[9.28336,45.93825],[9.28392,45.9359],[9.28417,45.93554],[9.28568,45.93444],[9.28727,45.93208],[9.28707,45.92973],[9.28766,45.9281],[9.28761,45.92685],[9.28934,45.92448],[9.28981,45.92303],[9.29089,45.92085],[9.29213,45.91921],[9.29375,45.91774],[9.29463,45.91647],[9.29554,45.91402],[9.29639,45.91176],[9.30127,45.90763],[9.30164,45.90691],[9.30172,45.90568],[9.30311,45.90402],[9.307,45.90217],[9.30886,45.9009],[9.31131,45.9004],[9.31178,45.90019],[9.31222,45.89986],[9.3142,45.89702],[9.31618,45.89463],[9.317,45.89332],[9.3187,45.89277],[9.31942,45.89237],[9.32285,45.88931],[9.3255,45.8875],[9.32802,45.88636],[9.33282,45.8861],[9.33715,45.88486],[9.33821,45.88473],[9.34105,45.88375],[9.34308,45.88272],[9.34462,45.8827],[9.3487,45.88128],[9.35399,45.87777],[9.35601,45.87674],[9.3583,45.87589],[9.35905,45.87534],[9.36003,45.87371],[9.36141,45.87242],[9.36213,45.87133],[9.3649,45.8693],[9.36602,45.8682],[9.36624,45.8673],[9.36734,45.86566],[9.36771,45.86475],[9.36779,45.85989],[9.36829,45.8597],[9.37155,45.85965],[9.37244,45.85976],[9.37321,45.85958],[9.37374,45.85884],[9.37491,45.85824],[9.3759,45.85741],[9.37612,45.85561],[9.37647,45.85487],[9.3776,45.85357],[9.38265,45.85132],[9.38695,45.85036],[9.38765,45.85033],[9.38811,45.85084],[9.38829,45.85151],[9.38786,45.85182],[9.38749,45.85258],[9.38738,45.85357],[9.38751,45.85425],[9.38803,45.85504],[9.38913,45.85606],[9.38917,45.85629],[9.38895,45.85642],[9.38699,45.85654],[9.38549,45.85716],[9.385,45.85759],[9.38468,45.85822],[9.3847,45.85885],[9.38511,45.85952],[9.38304,45.86138],[9.38245,45.86254],[9.38208,45.86465],[9.38168,45.86553],[9.37903,45.8676],[9.37846,45.86814],[9.37813,45.86872],[9.37749,45.87371],[9.37726,45.87467],[9.37678,45.87523],[9.37263,45.8785],[9.37044,45.87995],[9.36652,45.88244],[9.36338,45.88404]],[[9.18093,45.96724],[9.1807,45.96689],[9.17912,45.96592],[9.17703,45.96523],[9.17574,45.96517],[9.17497,45.96537],[9.17447,45.96572],[9.17461,45.96608],[9.17539,45.96652],[9.17721,45.96677],[9.17904,45.96754],[9.17983,45.96767],[9.18075,45.96771],[9.18093,45.96724]]]}}]}