{"type":"FeatureCollection","features":[{"type":"Feature","properties":{"name":"Rhein","aliases":["Rhine","Reno"],"category":"river","source":"swissTLMRegio 2025"},"geometry":{"type":"MultiLineString","coordinates":[[[9.44059,46.83781],[9.44275,46.83882],[9.44455,46.83943],[9.44618,46.83976],[9.44918,46.84032]],[[9.43574,46.83583],[9.44059,46.83781]],[[7.72256,47.5434],[7.72198,47.54441],[7.72109,47.54475],[7.71983,47.5449],[7.7173,47.54458],[7.71617,47.5442],[7.71504,47.5439]],[[7.71504,47.5439],[7.71424,47.54316],[7.71363,47.54272],[7.71274,47.54187],[7.7122,47.53989]],[[9.54394,46.94731],[9.54358,46.94821],[9.54339,46.94911],[9.54335,46.95001],[9.54347,46.95092],[9.54351,46.95102],[9.54376,46.95185],[9.5442,46.95281],[9.54481,46.95382],[9.5456,46.95488]],[[9.54585,46.94521],[9.54449,46.9467],[9.54417,46.947],[9.54394,46.94731]],[[8.60461,47.6424],[8.60479,47.64294],[8.60507,47.6433],[8.60561,47.64356],[8.60672,47.64396],[8.6074,47.64419],[8.60802,47.64435],[8.60879,47.64445],[8.61002,47.64451],[8.61242,47.64448],[8.61321,47.64438],[8.61392,47.64434]],[[8.14581,47.59737],[8.14442,47.59686],[8.14172,47.59587],[8.14028,47.59523],[8.13865,47.59436],[8.13765,47.59375],[8.1369,47.59285],[8.13636,47.59178],[8.13574,47.58986],[8.13505,47.58865],[8.13341,47.58708]],[[8.17313,47.60123],[8.1711,47.60133],[8.1703,47.60097],[8.16908,47.60063],[8.16843,47.60045]],[[8.16843,47.60045],[8.16274,47.59984],[8.15458,47.59891],[8.15162,47.59872],[8.14925,47.59851],[8.14772,47.59806],[8.14581,47.59737]],[[8.54273,47.57131],[8.54114,47.57213],[8.53948,47.57282],[8.53769,47.57343],[8.53575,47.57396],[8.53373,47.57438],[8.53175,47.57466],[8.52986,47.575],[8.52609,47.57582],[8.52191,47.5768],[8.51853,47.57743],[8.51456,47.57805],[8.51291,47.57846],[8.51076,47.57909],[8.5073,47.5802],[8.50342,47.58153],[8.50118,47.58215],[8.50008,47.58238],[8.49904,47.58254],[8.49808,47.58265],[8.49719,47.58269],[8.49639,47.58267],[8.49567,47.58259]],[[8.5558,47.5542],[8.5552,47.5545],[8.55468,47.5548],[8.55375,47.55552],[8.55295,47.55638],[8.5523,47.55738],[8.55196,47.55809],[8.55169,47.55886],[8.55117,47.56135],[8.55065,47.56306],[8.54992,47.56504],[8.54955,47.56565],[8.54899,47.56634],[8.54824,47.56712],[8.54732,47.56797],[8.54622,47.56888],[8.54502,47.56979],[8.54381,47.57063],[8.54273,47.57131]],[[8.58066,47.57782],[8.57687,47.57726],[8.57606,47.57709],[8.57532,47.57688],[8.57465,47.57662],[8.57404,47.57632],[8.5735,47.57597],[8.57304,47.57559],[8.57267,47.57517],[8.57185,47.57379],[8.57143,47.57272],[8.57118,47.57175],[8.57104,47.57068],[8.5707,47.56909],[8.57022,47.56751],[8.56961,47.56601],[8.56895,47.56475],[8.56836,47.56383],[8.56686,47.5618],[8.56567,47.56036],[8.56087,47.55477],[8.56035,47.55438],[8.55981,47.55408],[8.55925,47.55388],[8.55867,47.55377],[8.55806,47.55375],[8.55741,47.55381],[8.5567,47.55395],[8.5558,47.5542]],[[8.59035,47.59605],[8.58853,47.59569],[8.58659,47.59508],[8.58605,47.59491],[8.58444,47.59439],[8.58338,47.59387]],[[8.59674,47.60693],[8.59652,47.6056],[8.59569,47.60381],[8.5956,47.603],[8.59551,47.60183],[8.59613,47.59967],[8.59611,47.59877],[8.59597,47.59841],[8.59538,47.59785],[8.59405,47.59701],[8.5922,47.59638],[8.59035,47.59605]],[[8.61091,47.67323],[8.61049,47.67158],[8.6104,47.67077],[8.61025,47.67011],[8.61028,47.66878],[8.61028,47.66852],[8.61046,47.66774],[8.61053,47.66744],[8.61091,47.66654],[8.61181,47.66527],[8.61404,47.66363],[8.61563,47.66293]],[[8.66449,47.6873],[8.66209,47.68767],[8.65896,47.6888],[8.65764,47.68944],[8.65332,47.69255],[8.65226,47.6931],[8.65041,47.69366],[8.64777,47.69476],[8.64725,47.69513],[8.64619,47.69559],[8.64487,47.69596],[8.6438,47.69597],[8.64075,47.69538],[8.63898,47.69476],[8.63817,47.69459],[8.63523,47.69417],[8.63324,47.69413],[8.63178,47.69397]],[[8.67161,47.68626],[8.67107,47.68609],[8.6709,47.68604],[8.6707,47.68601],[8.67049,47.68601],[8.67029,47.68604],[8.67007,47.68609],[8.66968,47.6862],[8.66932,47.68631],[8.66838,47.68667],[8.668,47.68681],[8.66763,47.68691],[8.66744,47.68696],[8.66726,47.68699],[8.66706,47.68701],[8.66686,47.68699],[8.66623,47.68687],[8.66602,47.68686],[8.66582,47.68687],[8.66563,47.68691],[8.66543,47.68697],[8.66484,47.68717],[8.66449,47.6873]],[[8.72914,47.69408],[8.72571,47.694],[8.72167,47.69304],[8.71887,47.69214]],[[8.80582,47.6796],[8.8047,47.67972],[8.8035,47.67956],[8.79985,47.67756],[8.79687,47.677]],[[8.82916,47.67624],[8.82823,47.67628],[8.82717,47.67648],[8.82545,47.67704],[8.8244,47.67741],[8.82109,47.67844],[8.81792,47.67919],[8.81672,47.67925],[8.81525,47.67923],[8.81418,47.67906],[8.81096,47.67811],[8.81043,47.67811],[8.80937,47.67831],[8.80765,47.67896],[8.80582,47.6796]],[[8.84432,47.66511],[8.84295,47.66581],[8.84209,47.6664],[8.84144,47.66713],[8.84094,47.66821],[8.84071,47.66984],[8.84021,47.67092],[8.8393,47.67183],[8.83799,47.67268],[8.83694,47.6733],[8.83616,47.67385],[8.83379,47.67496],[8.83129,47.67598],[8.82916,47.67624]],[[8.85569,47.66196],[8.85437,47.66265],[8.85358,47.66293],[8.85252,47.66313],[8.84936,47.66433],[8.8475,47.66463],[8.8467,47.66464],[8.84432,47.66511]],[[8.85958,47.65965],[8.85817,47.66027],[8.85647,47.66155],[8.85569,47.66196]],[[9.66043,47.45022],[9.66491,47.45377],[9.66602,47.45483],[9.66784,47.45714],[9.6693,47.46035],[9.66977,47.46214],[9.66996,47.46339],[9.6712,47.49604],[9.67135,47.49639]],[[9.58894,47.3193],[9.58952,47.32007],[9.59122,47.32311],[9.59339,47.32864],[9.59583,47.33489],[9.59742,47.33892],[9.5985,47.34169],[9.60023,47.34587],[9.60137,47.34777],[9.60355,47.35017],[9.60739,47.35359],[9.61394,47.35875],[9.62055,47.36395],[9.62568,47.36776]],[[9.4773,47.05311],[9.47349,47.06263],[9.47345,47.0644],[9.47423,47.06575],[9.47617,47.06722],[9.48119,47.07005]],[[9.54699,46.97804],[9.52839,46.99432],[9.52546,46.99689],[9.51911,47.00268],[9.5181,47.0036],[9.51583,47.00616],[9.51318,47.00908],[9.51193,47.01091],[9.51148,47.01207]],[[9.54646,46.90928],[9.54677,46.90966],[9.54731,46.91019],[9.54961,46.91176],[9.55284,46.91378],[9.55473,46.91518],[9.55542,46.91589],[9.55644,46.91857]],[[9.48839,47.03967],[9.48645,47.04176],[9.48325,47.04503],[9.47889,47.05065],[9.4773,47.05311]],[[9.48119,47.07005],[9.48256,47.07058],[9.49201,47.07422],[9.50345,47.08087],[9.50581,47.08224]],[[9.65269,47.40607],[9.65264,47.40919],[9.65271,47.40994],[9.65269,47.41011],[9.65175,47.41774],[9.65118,47.42259],[9.65107,47.42369],[9.65052,47.4268],[9.64788,47.43238],[9.64735,47.43366],[9.64707,47.4347],[9.64671,47.4364],[9.64659,47.43714],[9.64673,47.43784],[9.64753,47.43957],[9.64829,47.44033],[9.65245,47.44387],[9.65797,47.44826],[9.65867,47.44883],[9.66043,47.45022]],[[9.55616,47.29674],[9.55691,47.29793],[9.55761,47.29873],[9.55931,47.2998]],[[9.55931,47.2998],[9.56729,47.30449],[9.5683,47.30495],[9.57217,47.30669],[9.57983,47.31065],[9.58024,47.31096],[9.58391,47.31368],[9.58688,47.31662],[9.58884,47.31919],[9.58894,47.3193]],[[9.53125,47.27229],[9.53234,47.27362]],[[9.53108,47.26631],[9.53108,47.27072],[9.53125,47.27229]],[[9.53234,47.27362],[9.53492,47.2753],[9.53559,47.27558],[9.54048,47.2777],[9.54474,47.27954],[9.54806,47.28151],[9.54936,47.28268],[9.55025,47.28365],[9.55099,47.2848],[9.55349,47.28903],[9.55427,47.29077],[9.55555,47.29473],[9.5557,47.29522],[9.55616,47.29674]],[[9.50581,47.08224],[9.51351,47.08669],[9.51565,47.08801],[9.51687,47.08975],[9.52074,47.09853],[9.52161,47.10148],[9.52131,47.10476],[9.51842,47.11647],[9.51648,47.12328],[9.51383,47.13283],[9.51048,47.14138],[9.50831,47.14492],[9.505,47.14856],[9.50066,47.15312],[9.49669,47.15828],[9.49322,47.16306],[9.49158,47.16704],[9.48746,47.1793],[9.48695,47.18253],[9.48739,47.18573],[9.48887,47.19164],[9.49058,47.19739],[9.49148,47.19959],[9.49738,47.20805],[9.50037,47.21199],[9.5009,47.21399],[9.50141,47.21739],[9.50261,47.2213],[9.50398,47.22413],[9.50552,47.22625],[9.51165,47.23313],[9.52013,47.2432],[9.52159,47.24539],[9.52955,47.26139],[9.53071,47.26394],[9.53108,47.26631]],[[9.55016,46.96965],[9.55038,46.97032]],[[9.55038,46.97032],[9.55036,46.97093]],[[9.55036,46.97093],[9.55035,46.97222],[9.55013,46.97376],[9.54949,46.97528],[9.54838,46.97689],[9.54699,46.97804]],[[9.54585,46.94521],[9.54529,46.94844],[9.54513,46.95022],[9.54522,46.95231],[9.5456,46.95488]],[[9.55644,46.91857],[9.55672,46.91986],[9.55705,46.92203],[9.55805,46.93028],[9.55806,46.93105],[9.55801,46.93179],[9.55788,46.93249],[9.55769,46.93314],[9.55742,46.93374],[9.55709,46.93429],[9.55673,46.93472],[9.55639,46.93503],[9.55438,46.93643],[9.55087,46.93867],[9.54951,46.93973],[9.54857,46.94053],[9.54784,46.94124],[9.54727,46.94191],[9.54679,46.94261],[9.54641,46.94336],[9.5461,46.94422],[9.54585,46.94521]],[[9.50929,47.01783],[9.50811,47.01963],[9.5054,47.02245],[9.505,47.0229],[9.50465,47.02328],[9.493,47.03491],[9.48839,47.03967]],[[9.51148,47.01207],[9.50929,47.01783]],[[9.53999,46.89361],[9.54026,46.89448],[9.54023,46.897],[9.54027,46.8979],[9.54032,46.89853]],[[8.58338,47.59387],[8.58188,47.59279],[8.58025,47.59119],[8.57943,47.59012],[8.57916,47.58976],[8.57846,47.58797],[8.57848,47.5859],[8.57853,47.58527],[8.57981,47.58274]],[[9.62568,47.36776],[9.63091,47.3716],[9.6346,47.37471],[9.63653,47.37661],[9.6391,47.37925],[9.64193,47.38254],[9.64462,47.3864],[9.64688,47.39019],[9.64835,47.39321],[9.6494,47.39585],[9.65101,47.39999],[9.65221,47.4031],[9.65264,47.40538],[9.65269,47.40607]],[[9.54032,46.89853],[9.54047,46.89908],[9.54058,46.89933],[9.54187,46.90201],[9.54327,46.90414],[9.54497,46.90735],[9.54646,46.90928]],[[9.43574,46.83583],[9.4363,46.83656],[9.4374,46.83829],[9.4379,46.83889],[9.43797,46.83898],[9.43864,46.83956],[9.43919,46.83994],[9.44016,46.84024],[9.44148,46.84043],[9.44267,46.84046],[9.44498,46.84036],[9.44583,46.84032],[9.44918,46.84032]],[[9.44918,46.84032],[9.45177,46.84056],[9.45595,46.84076],[9.45836,46.84104],[9.46026,46.84136],[9.4622,46.84176],[9.46419,46.84224],[9.46631,46.84283]],[[9.46631,46.84283],[9.46862,46.84346],[9.47207,46.84432],[9.47239,46.84438],[9.47899,46.84567],[9.48209,46.84622],[9.48503,46.84689],[9.48628,46.8472],[9.48697,46.84745],[9.48748,46.84764],[9.48865,46.84822],[9.48979,46.84894],[9.49085,46.84977],[9.49192,46.85075],[9.49295,46.85182],[9.49453,46.85361]],[[9.49453,46.85361],[9.49607,46.85524],[9.49846,46.85763],[9.50017,46.85915],[9.5022,46.86065],[9.50462,46.86223],[9.50885,46.86483]],[[9.50885,46.86483],[9.51136,46.86616],[9.51357,46.8672],[9.51569,46.86805],[9.51848,46.86897],[9.51986,46.86947],[9.52153,46.87017],[9.52309,46.87091],[9.52478,46.87183],[9.52624,46.87278],[9.52783,46.87409],[9.52932,46.87543],[9.53008,46.87616],[9.53077,46.87694],[9.53132,46.87768],[9.53173,46.87839],[9.53279,46.88169],[9.53352,46.88349],[9.534,46.88454],[9.5344,46.88525],[9.53644,46.88794],[9.53765,46.88963],[9.53844,46.89085],[9.53963,46.8928],[9.53988,46.89326],[9.53999,46.89361]],[[9.40883,46.82551],[9.41054,46.82616],[9.41216,46.82691],[9.41348,46.82768],[9.41441,46.82841],[9.41508,46.82917],[9.41578,46.83014],[9.41601,46.83058],[9.41629,46.83148],[9.41646,46.83176],[9.4167,46.83201],[9.41714,46.83231],[9.41772,46.83254],[9.41841,46.8327],[9.42123,46.83295],[9.42369,46.83331],[9.4253,46.83366],[9.42767,46.8344],[9.42911,46.83474],[9.42977,46.83483],[9.43033,46.83486],[9.43083,46.83485],[9.4314,46.83476],[9.43195,46.83474],[9.43268,46.83478],[9.43338,46.83487],[9.43404,46.83503],[9.43467,46.83524],[9.43522,46.8355],[9.43574,46.83583]],[[9.24921,46.78455],[9.25129,46.78469],[9.25286,46.78466],[9.25455,46.78428],[9.2558,46.78378]],[[8.57981,47.58274],[8.58135,47.5802],[8.5816,47.57984],[8.58166,47.57921],[8.58144,47.5784],[8.58066,47.57782]],[[9.5456,46.95488],[9.54603,46.95746],[9.54677,46.9596],[9.54737,46.96184]],[[9.54737,46.96184],[9.54851,46.96401],[9.54929,46.96585],[9.5498,46.96759],[9.55016,46.96965]],[[7.79727,47.55932],[7.79718,47.55918],[7.79707,47.55907],[7.79695,47.55898],[7.79679,47.55888],[7.79661,47.55881],[7.79644,47.55874],[7.79603,47.55863]],[[7.60362,47.55741],[7.60149,47.55738],[7.59936,47.55735],[7.59818,47.55748],[7.59737,47.55764],[7.59539,47.55856],[7.5922,47.56018],[7.59027,47.56167]],[[7.58581,47.57705],[7.58619,47.58301],[7.58676,47.58416]],[[7.58676,47.58416],[7.58875,47.5882]],[[7.58875,47.5882],[7.58927,47.58927],[7.59018,47.59112]],[[7.59027,47.56167],[7.58956,47.56244],[7.58889,47.56316],[7.5869,47.56559],[7.58644,47.56675],[7.58574,47.56928],[7.58559,47.57072],[7.58577,47.57259],[7.58587,47.5753],[7.58581,47.57705]],[[7.62003,47.56041],[7.61875,47.5601]],[[7.61875,47.5601],[7.61072,47.55843],[7.60668,47.55775],[7.60362,47.55741]],[[7.72256,47.5434],[7.72214,47.54339],[7.72129,47.54341],[7.72109,47.5434],[7.7209,47.54338],[7.72068,47.54336],[7.7205,47.54332],[7.72031,47.54327],[7.71992,47.54314],[7.71867,47.54264],[7.71763,47.54219],[7.71693,47.54189],[7.71624,47.54158],[7.71592,47.54141],[7.71512,47.54095],[7.71468,47.54075]],[[7.64049,47.55995],[7.63924,47.5608],[7.63805,47.56145],[7.63673,47.56199],[7.63508,47.5625]],[[8.13098,47.58496],[8.12941,47.58493],[8.12777,47.58473],[8.12716,47.58468]],[[7.71311,47.54023],[7.7122,47.53989]],[[7.71468,47.54075],[7.71311,47.54023]],[[8.22946,47.60651],[8.22906,47.60647],[8.22884,47.60643],[8.22843,47.60641],[8.22823,47.60641],[8.22782,47.60642],[8.22738,47.60646],[8.22718,47.60649],[8.22697,47.60652],[8.2268,47.60659],[8.22661,47.60665],[8.22647,47.60675],[8.22631,47.60683],[8.22616,47.60694],[8.22605,47.60706],[8.22581,47.60729],[8.22551,47.60767],[8.22524,47.60805],[8.22513,47.60824]],[[8.87659,47.65634],[8.87364,47.65535],[8.86817,47.65745],[8.86465,47.65887]],[[8.86465,47.65887],[8.85958,47.65965]],[[9.21348,47.65725],[9.19397,47.66059]],[[9.23567,47.65815],[9.21348,47.65725]],[[9.2833,47.65267],[9.26895,47.65762],[9.25706,47.6605],[9.24908,47.66064],[9.23567,47.65815]],[[9.33701,47.63412],[9.31733,47.64092]],[[9.34748,47.63049],[9.33701,47.63412]],[[9.35294,47.6286],[9.34748,47.63049]],[[9.31733,47.64092],[9.2833,47.65267]],[[9.38526,47.61741],[9.37623,47.62054]],[[9.43445,47.60035],[9.42106,47.605]],[[9.42106,47.605],[9.38526,47.61741]],[[9.4464,47.5962],[9.43962,47.59855]],[[9.43962,47.59855],[9.43445,47.60035]],[[9.46817,47.57952],[9.4542,47.59157],[9.4464,47.5962]],[[9.49214,47.55886],[9.46817,47.57952]],[[9.55184,47.53855],[9.53316,47.53708],[9.523,47.53781]],[[9.50404,47.54857],[9.50043,47.55172]],[[9.49617,47.55537],[9.49214,47.55886]],[[9.50043,47.55172],[9.49617,47.55537]],[[9.51592,47.5383],[9.50404,47.54857]],[[9.523,47.53781],[9.51592,47.5383]],[[9.60279,47.53861],[9.5641,47.54448]],[[9.5641,47.54448],[9.55184,47.53855]],[[9.6208,47.53648],[9.60279,47.53861]],[[9.67135,47.49639],[9.67151,47.50134],[9.67085,47.50479],[9.66932,47.50723],[9.66502,47.51556]],[[9.66502,47.51556],[9.66196,47.52046]],[[9.66196,47.52046],[9.65986,47.52298]],[[9.65986,47.52298],[9.65667,47.5265]],[[9.65667,47.5265],[9.65452,47.52875]],[[9.65176,47.53073],[9.648,47.53314]],[[9.65452,47.52875],[9.65176,47.53073]],[[9.648,47.53314],[9.6208,47.53648]],[[9.17866,47.6674],[9.17438,47.66995],[9.17067,47.67102],[9.16412,47.67167]],[[9.37623,47.62054],[9.37409,47.62128]],[[9.37409,47.62128],[9.35294,47.6286]],[[9.19397,47.66059],[9.18102,47.66727],[9.17993,47.66772],[9.17866,47.6674]],[[7.70687,47.53779],[7.70547,47.5375],[7.70508,47.5374],[7.7049,47.53735],[7.70472,47.53728],[7.70423,47.53701],[7.70203,47.53595],[7.70053,47.53523],[7.7,47.53498],[7.69964,47.53485],[7.69891,47.53458],[7.69837,47.53439],[7.69796,47.53429],[7.6974,47.53416],[7.69698,47.53409],[7.69637,47.53401],[7.69554,47.53393],[7.69409,47.53382],[7.69307,47.53377],[7.69225,47.53373],[7.69142,47.53373],[7.69059,47.53374],[7.68976,47.53376],[7.68791,47.53386],[7.68723,47.53388],[7.68625,47.53393],[7.68377,47.53394],[7.68294,47.53395],[7.68233,47.53399],[7.68129,47.53406],[7.68067,47.53413],[7.68026,47.53417],[7.67966,47.53425],[7.67926,47.53432],[7.67824,47.5345],[7.67765,47.53462],[7.67707,47.53476],[7.67629,47.53494],[7.6757,47.5351],[7.67476,47.53538],[7.67308,47.53591],[7.67159,47.53642],[7.67102,47.53658],[7.67065,47.53669],[7.66984,47.53685],[7.66964,47.5369],[7.66946,47.53696],[7.66927,47.53703],[7.66911,47.5371],[7.66894,47.53718],[7.66879,47.53729],[7.66848,47.53748],[7.6678,47.538],[7.66702,47.53865],[7.66609,47.53974],[7.66568,47.54023],[7.6652,47.54086],[7.66495,47.54124],[7.66479,47.54149],[7.66466,47.54176],[7.66458,47.54204],[7.66447,47.54259],[7.66439,47.54287],[7.66425,47.54328],[7.66409,47.54369],[7.66391,47.54408],[7.66378,47.54435],[7.66355,47.54474],[7.66339,47.545],[7.66302,47.54551],[7.66281,47.54576],[7.66261,47.546],[7.66239,47.54623],[7.66223,47.54634],[7.66208,47.54643],[7.66193,47.54651],[7.66175,47.5466],[7.66157,47.54666],[7.66082,47.54691],[7.65991,47.54727],[7.65955,47.54737],[7.65934,47.54742],[7.65894,47.54748],[7.65854,47.54753],[7.65585,47.5477],[7.65482,47.54778],[7.65442,47.54783],[7.65421,47.54788],[7.65381,47.54795],[7.65343,47.54806],[7.65304,47.54816],[7.65287,47.54824],[7.65251,47.54839],[7.65221,47.54855],[7.65136,47.54898],[7.65035,47.54947],[7.65003,47.54965],[7.64974,47.54986],[7.64961,47.54996],[7.64937,47.55018],[7.64915,47.55042],[7.64854,47.55115],[7.64761,47.55241],[7.64711,47.55303],[7.64629,47.554],[7.6437,47.55702],[7.64326,47.55751],[7.6428,47.55797],[7.64232,47.55841],[7.6417,47.55899],[7.64117,47.55942],[7.64049,47.55995]],[[7.76937,47.55234],[7.76877,47.55221],[7.76699,47.55184],[7.76602,47.55161],[7.76505,47.55136],[7.76313,47.55085],[7.76216,47.55059],[7.7602,47.5501],[7.75923,47.54987],[7.75886,47.54976],[7.75849,47.54965],[7.7583,47.54956],[7.75798,47.54939],[7.75784,47.5493],[7.75768,47.5492],[7.7573,47.54886],[7.75694,47.54852],[7.75584,47.54749],[7.7555,47.54714],[7.75536,47.54704],[7.75524,47.54693],[7.75508,47.54684],[7.75492,47.54677],[7.75431,47.54663],[7.75395,47.54651],[7.75369,47.54641],[7.75266,47.54604],[7.7523,47.54592],[7.7519,47.54582],[7.7517,47.54578],[7.7515,47.54576],[7.75129,47.54576],[7.75088,47.54578],[7.74908,47.54547],[7.74847,47.54538],[7.74806,47.54534],[7.74745,47.54527],[7.74662,47.54518],[7.74417,47.54498],[7.73429,47.54424],[7.73243,47.5441],[7.73121,47.54401],[7.72852,47.54388],[7.72727,47.5438],[7.72625,47.54371],[7.72511,47.54361],[7.72358,47.54349],[7.72256,47.5434]],[[7.79603,47.55863],[7.79547,47.55845],[7.79468,47.55823],[7.79313,47.55784],[7.79274,47.55774],[7.79257,47.55768],[7.79238,47.5576],[7.79222,47.55751],[7.79174,47.55726],[7.79075,47.55672],[7.79046,47.55654],[7.79031,47.55643],[7.79001,47.55622],[7.78986,47.55613],[7.7897,47.55605],[7.78953,47.55599],[7.78933,47.55595],[7.78913,47.55592],[7.78849,47.55588],[7.78768,47.55579],[7.78748,47.55576],[7.78728,47.55574],[7.78707,47.55568],[7.78671,47.55557],[7.78613,47.55538],[7.78541,47.55512],[7.7847,47.5548],[7.78451,47.55474],[7.78435,47.55469],[7.78414,47.55463],[7.78375,47.55455],[7.78335,47.55451],[7.7817,47.55434],[7.78047,47.55423],[7.77657,47.55388],[7.77596,47.55385],[7.77472,47.5538],[7.77409,47.55375],[7.77387,47.55372],[7.77369,47.55368],[7.77331,47.55356],[7.77243,47.5532],[7.77206,47.55306],[7.77149,47.55289],[7.77073,47.55268],[7.77013,47.55253],[7.76937,47.55234]],[[7.83856,47.58404],[7.83815,47.58426],[7.83785,47.58446],[7.83758,47.58468],[7.83719,47.58501],[7.83688,47.58538],[7.83629,47.58611],[7.83573,47.58688],[7.83552,47.58712],[7.8354,47.58722],[7.83527,47.58734],[7.83511,47.58743],[7.83495,47.58753],[7.83478,47.58759],[7.83461,47.58768],[7.83422,47.58781],[7.83381,47.58794],[7.83368,47.58798],[7.83328,47.5881],[7.8327,47.58826],[7.83231,47.58836],[7.83193,47.58844],[7.83152,47.5885],[7.83072,47.58862],[7.82867,47.58886],[7.82663,47.58908],[7.8262,47.58914],[7.82562,47.58924],[7.82521,47.58931],[7.82481,47.58934],[7.8246,47.58935],[7.82418,47.58935],[7.82377,47.58933],[7.82335,47.58929],[7.82272,47.58921],[7.82252,47.58917],[7.82213,47.58908],[7.82116,47.58885],[7.82054,47.58874],[7.82034,47.5887],[7.82015,47.58864],[7.81998,47.58857],[7.81984,47.5885],[7.8197,47.58839],[7.81945,47.58816],[7.81935,47.58805],[7.81913,47.5878],[7.81869,47.58714],[7.8183,47.5865],[7.81759,47.58518],[7.81664,47.58348],[7.81631,47.58281],[7.81597,47.58215],[7.81571,47.58147],[7.8154,47.58066],[7.81517,47.57998],[7.81496,47.57928],[7.81487,47.57887],[7.8148,47.57846],[7.81463,47.57705],[7.81457,47.57663],[7.81442,47.57595],[7.81422,47.57527],[7.8137,47.5736],[7.81352,47.57306],[7.8134,47.57279],[7.81327,47.57253],[7.8132,47.57241],[7.81301,47.57215],[7.81237,47.57142],[7.81217,47.57117],[7.81183,47.57067]],[[7.86877,47.58981],[7.86673,47.5896],[7.86467,47.58939],[7.86386,47.5893],[7.86326,47.58918],[7.86286,47.5891],[7.86246,47.58901],[7.86151,47.58875],[7.86094,47.58856],[7.86058,47.58843],[7.86039,47.58836],[7.86006,47.5882],[7.85975,47.58802],[7.85943,47.58784],[7.85838,47.58716],[7.85759,47.58669],[7.85709,47.58644],[7.85675,47.58628],[7.85657,47.5862],[7.85621,47.58607],[7.85585,47.58595],[7.85452,47.58555],[7.85396,47.58537],[7.8536,47.58522],[7.85268,47.58488],[7.85232,47.58475],[7.85196,47.58464],[7.85138,47.58447],[7.85099,47.58436],[7.85042,47.58422],[7.84901,47.58393],[7.84823,47.58377],[7.84782,47.58371],[7.84742,47.58365],[7.84721,47.58363],[7.8468,47.5836],[7.8464,47.58359],[7.84556,47.5836],[7.84513,47.58359],[7.84328,47.58347],[7.84266,47.58345],[7.84204,47.58345],[7.84162,47.58347],[7.84103,47.5835],[7.84061,47.58357],[7.8402,47.58364],[7.83921,47.58383],[7.83881,47.58394],[7.83856,47.58404]],[[7.90347,47.58237],[7.90227,47.58293],[7.90194,47.58308],[7.90163,47.58328],[7.90134,47.58347],[7.90107,47.58369],[7.90002,47.58456],[7.89899,47.58545],[7.8986,47.58576],[7.89831,47.58597],[7.898,47.58616],[7.89771,47.58634],[7.89623,47.58713],[7.89513,47.58777],[7.89485,47.58794],[7.89423,47.58833],[7.89391,47.58851],[7.89376,47.5886],[7.89357,47.58866],[7.89321,47.58879],[7.89264,47.58895],[7.89206,47.5891],[7.89147,47.58925],[7.8897,47.58964],[7.8887,47.58985],[7.8881,47.58996],[7.88749,47.59006],[7.88668,47.59019],[7.88607,47.59027],[7.88547,47.59031],[7.88505,47.59036],[7.88464,47.59033],[7.88422,47.59033],[7.8836,47.59027],[7.88216,47.59008],[7.87991,47.58984],[7.8791,47.58976],[7.87867,47.58974],[7.87827,47.58972],[7.87786,47.58971],[7.87725,47.58974],[7.87683,47.58978],[7.8756,47.58991],[7.87519,47.58996],[7.87332,47.58997],[7.87208,47.58997],[7.87083,47.58995],[7.86979,47.5899],[7.86877,47.58981]],[[7.98048,47.5566],[7.97964,47.5566],[7.97903,47.5566],[7.97778,47.55665],[7.97696,47.55669],[7.97611,47.55674],[7.9753,47.5568],[7.97449,47.55688],[7.97345,47.55698],[7.97246,47.55711],[7.97161,47.55721],[7.97081,47.55733],[7.9698,47.5575],[7.96942,47.55759],[7.96902,47.55767],[7.96825,47.55787]],[[8.02409,47.55204],[8.02391,47.55197],[8.02371,47.55193],[8.02349,47.55191],[8.02309,47.5519],[8.02183,47.55188],[8.0206,47.55184],[8.02,47.55184],[8.01977,47.55184],[8.01956,47.55187],[8.01936,47.5519],[8.01871,47.55204],[8.01733,47.55228],[8.01691,47.55236],[8.01652,47.55244],[8.01577,47.55265],[8.01517,47.55283],[8.01462,47.55302],[8.01407,47.55322],[8.0134,47.55353],[8.01255,47.55395],[8.01175,47.55438],[8.01047,47.55509],[8.01015,47.55529],[8.00957,47.55571],[8.00925,47.55593],[8.00898,47.55609],[8.0088,47.55617],[8.00864,47.55624],[8.00827,47.55636],[8.00772,47.55652],[8.00694,47.55673],[8.00435,47.55727],[8.00355,47.55743],[8.00276,47.55758],[8.00235,47.55765],[8.00214,47.55767],[8.00174,47.5577],[8.00105,47.55772],[8.00022,47.55778],[7.99981,47.5578],[7.9996,47.5578],[7.99919,47.55781],[7.99739,47.55785],[7.99608,47.55786],[7.99298,47.55759],[7.99215,47.55755],[7.99113,47.5575],[7.99009,47.55743],[7.98947,47.55736],[7.98907,47.55732],[7.98847,47.55721],[7.98686,47.55692],[7.98626,47.55683],[7.98585,47.55679],[7.98544,47.55674],[7.98461,47.5567],[7.98379,47.55668],[7.98234,47.55665],[7.98048,47.5566]],[[8.03639,47.55413],[8.03516,47.55396],[8.03393,47.55383],[8.03312,47.55375],[8.03147,47.55364],[8.02962,47.55348],[8.02817,47.55334],[8.02779,47.55328],[8.02757,47.55325],[8.02719,47.55316],[8.0268,47.55306],[8.02641,47.55295],[8.02585,47.55277],[8.02548,47.55265],[8.02531,47.55258],[8.02445,47.55219],[8.02409,47.55204]],[[8.04892,47.55758],[8.04863,47.5574],[8.04832,47.55721],[8.04799,47.55704],[8.04764,47.55689],[8.04709,47.55668],[8.04696,47.55664],[8.04448,47.55583],[8.0439,47.55566],[8.04314,47.55544],[8.04237,47.55523],[8.04179,47.55509],[8.041,47.55492],[8.04001,47.55472],[8.03902,47.55455],[8.03795,47.55438],[8.03779,47.55436],[8.03639,47.55413]],[[8.06959,47.56595],[8.06938,47.56596],[8.06898,47.56594],[8.06837,47.56588],[8.06776,47.56577],[8.06717,47.56564],[8.06641,47.56542],[8.06546,47.56512],[8.06455,47.56479],[8.06435,47.56472],[8.06417,47.56468],[8.06398,47.56466],[8.06377,47.56466],[8.06313,47.5647],[8.06272,47.56474],[8.06211,47.56482],[8.06151,47.56494],[8.0613,47.56496],[8.0611,47.56497],[8.06089,47.56497],[8.06069,47.56494],[8.06052,47.56488],[8.06033,47.56481],[8.06015,47.56471],[8.06001,47.56462],[8.05987,47.56451],[8.05963,47.56428],[8.05931,47.56392],[8.05892,47.56342],[8.05882,47.56331],[8.05868,47.5632],[8.05854,47.56309],[8.05822,47.5629],[8.05758,47.56255],[8.05627,47.56187],[8.05579,47.56161],[8.05533,47.56133],[8.05422,47.56049],[8.05392,47.56029],[8.0536,47.56012],[8.05312,47.55987],[8.05204,47.55942],[8.05171,47.55926],[8.0512,47.55902],[8.05056,47.55865]],[[8.08794,47.55886],[8.08753,47.55887],[8.0869,47.55887],[8.08649,47.55888],[8.08608,47.55887],[8.08544,47.55883],[8.08504,47.55882],[8.08484,47.55882],[8.08463,47.55882],[8.08442,47.55886],[8.08423,47.55889],[8.08403,47.55893],[8.08385,47.55899],[8.08346,47.55911],[8.08291,47.55931],[8.08144,47.55983],[8.08071,47.56009],[8.08016,47.5603],[8.07964,47.56053],[8.07931,47.56069],[8.07881,47.56095],[8.07832,47.56122],[8.07787,47.56149],[8.07695,47.56206],[8.07651,47.56235],[8.07608,47.56266],[8.07539,47.56319],[8.07406,47.56426],[8.07327,47.56492],[8.073,47.56513],[8.07271,47.56533],[8.07256,47.56542],[8.07238,47.5655],[8.07222,47.56557],[8.07184,47.56569],[8.07164,47.56575],[8.07124,47.56583],[8.07085,47.56588],[8.07022,47.56593],[8.06959,47.56595]],[[8.11053,47.58376],[8.11023,47.58356],[8.10826,47.58211],[8.10772,47.58168],[8.10721,47.58125],[8.10682,47.58093],[8.10643,47.58058],[8.1062,47.58035],[8.10588,47.57999],[8.10556,47.57964],[8.10523,47.57927],[8.10495,47.5789],[8.10466,47.57852],[8.10443,47.57815],[8.10419,47.57775],[8.10405,47.57749],[8.10386,47.57709],[8.10372,47.57667],[8.10363,47.57625],[8.10355,47.57584],[8.10351,47.57556],[8.10351,47.57528],[8.10352,47.57429]],[[8.10352,47.57429],[8.10348,47.57318],[8.10346,47.57248],[8.10341,47.57192],[8.10334,47.57136],[8.10321,47.57066],[8.10307,47.56997],[8.1028,47.56885],[8.10268,47.56831],[8.1025,47.56775],[8.10234,47.56736],[8.10211,47.56682],[8.10185,47.56626],[8.10155,47.56575],[8.10127,47.56523],[8.1009,47.56472],[8.10063,47.56435],[8.10028,47.56398],[8.09995,47.56364],[8.09969,47.56342],[8.09942,47.56321],[8.09898,47.5629],[8.09838,47.5625],[8.09824,47.56241],[8.09763,47.56204],[8.09716,47.56176],[8.09668,47.56149],[8.09618,47.56124],[8.09586,47.56107],[8.09515,47.56076],[8.09374,47.56017],[8.09271,47.5597],[8.09236,47.55956],[8.09217,47.5595],[8.0918,47.55939],[8.09141,47.55929],[8.09101,47.55922],[8.0904,47.55911],[8.08959,47.55901],[8.08898,47.55894],[8.08855,47.55891],[8.08794,47.55886]],[[8.12716,47.58468],[8.12653,47.58466],[8.12591,47.58466],[8.12507,47.58469],[8.12365,47.5848],[8.12036,47.58511],[8.1183,47.58529],[8.11787,47.58531],[8.11746,47.58532],[8.11726,47.58531],[8.11686,47.5853],[8.11625,47.58523],[8.11481,47.58503],[8.11377,47.58492],[8.11339,47.58487],[8.11299,47.58479],[8.11279,47.58474],[8.11244,47.5846],[8.11156,47.58421],[8.11085,47.58393],[8.11067,47.58385],[8.11053,47.58376]],[[8.17223,47.59996],[8.17204,47.59971],[8.17182,47.59947],[8.17137,47.59898],[8.17093,47.59852]],[[8.17093,47.59852],[8.17058,47.59818],[8.1702,47.59785],[8.16992,47.59764],[8.16961,47.59744],[8.1693,47.59727],[8.16834,47.59672],[8.16728,47.59606],[8.16694,47.59588],[8.16661,47.5957],[8.16627,47.59558],[8.16606,47.5955],[8.1657,47.59539],[8.16529,47.59531],[8.1649,47.59524],[8.16429,47.59515],[8.16366,47.59507],[8.16325,47.59504],[8.16284,47.59503],[8.16264,47.59504],[8.16223,47.59508],[8.16183,47.59515],[8.16143,47.59523],[8.16105,47.59532],[8.16028,47.59554],[8.15971,47.59573],[8.15821,47.59623],[8.15766,47.5964],[8.15726,47.5965],[8.15687,47.59658],[8.15626,47.59668],[8.15484,47.5969],[8.15403,47.59704],[8.15383,47.59706],[8.15364,47.59708],[8.15322,47.59706],[8.1526,47.59703],[8.15198,47.59695],[8.151,47.59682],[8.15076,47.59679],[8.14992,47.5967],[8.14952,47.59664],[8.14912,47.59659],[8.14892,47.59654],[8.14872,47.59649],[8.14836,47.59637],[8.14802,47.59621],[8.14766,47.59605],[8.1467,47.59553],[8.14622,47.59526],[8.14466,47.59432],[8.14403,47.59397],[8.1437,47.5938],[8.14335,47.59365],[8.14298,47.59353],[8.1426,47.59342],[8.14162,47.59319],[8.14085,47.59295],[8.14047,47.59283],[8.14029,47.59277],[8.14012,47.59269],[8.13996,47.59261],[8.13982,47.59249],[8.13968,47.5924],[8.13942,47.59217],[8.13922,47.59193],[8.13902,47.59169],[8.13893,47.59156],[8.13887,47.59142],[8.13878,47.59128],[8.1387,47.59101],[8.13863,47.59074],[8.13862,47.5906],[8.1386,47.59046],[8.13865,47.59018],[8.13871,47.5899],[8.13883,47.58948],[8.13903,47.5888],[8.1393,47.58812],[8.13938,47.58784],[8.13941,47.58756],[8.13938,47.58741],[8.13937,47.58728],[8.13931,47.58714],[8.13925,47.58702],[8.13915,47.5869],[8.13903,47.58678],[8.13876,47.58655],[8.13822,47.58612],[8.13774,47.58565],[8.13761,47.58554],[8.13748,47.58544],[8.13732,47.58536],[8.13716,47.58528],[8.13698,47.58521],[8.13678,47.58517],[8.13658,47.58514],[8.13615,47.58508],[8.13574,47.58505],[8.13511,47.58501],[8.13429,47.58499],[8.13326,47.58496],[8.13098,47.58496]],[[8.19081,47.6122],[8.19047,47.61168],[8.19003,47.61104],[8.1892,47.60992],[8.18844,47.60892],[8.18767,47.60793],[8.18736,47.60756],[8.18724,47.60745],[8.18713,47.60733],[8.18686,47.60712],[8.18658,47.60691],[8.186,47.60651],[8.18553,47.6062],[8.1854,47.6061],[8.18508,47.60593],[8.18477,47.60574],[8.18445,47.60559],[8.18426,47.60552],[8.18407,47.60545],[8.18369,47.60536],[8.18307,47.60525],[8.18289,47.6052],[8.1805,47.60471],[8.17911,47.60442],[8.17832,47.60423],[8.17698,47.60387],[8.17639,47.60371],[8.17603,47.60358],[8.17585,47.6035],[8.17569,47.60342],[8.17552,47.60334],[8.17524,47.60316],[8.17497,47.60293],[8.17435,47.60236],[8.1737,47.6018],[8.17335,47.60147],[8.17313,47.60123]],[[8.21678,47.62087],[8.21622,47.62105],[8.21564,47.62122],[8.21508,47.62137],[8.21446,47.62152],[8.21388,47.62166],[8.21331,47.6218],[8.21294,47.62187],[8.21231,47.62199],[8.2117,47.62209],[8.21109,47.62216],[8.21048,47.62225],[8.20987,47.62231],[8.20946,47.62235],[8.20883,47.6224],[8.20841,47.6224],[8.20779,47.62241],[8.20717,47.6224],[8.20656,47.62236],[8.20592,47.62232],[8.20552,47.62229],[8.20489,47.62222],[8.2045,47.62216],[8.2039,47.62205],[8.20332,47.6219],[8.20273,47.62175],[8.20139,47.62135],[8.20083,47.62117],[8.20027,47.62098],[8.19991,47.62085],[8.19953,47.62071],[8.19921,47.62054],[8.19905,47.62047],[8.19874,47.62028],[8.19845,47.62009],[8.19757,47.61947],[8.19606,47.61852],[8.19576,47.61832],[8.19549,47.61811],[8.19525,47.61789],[8.19498,47.61766],[8.19452,47.6172],[8.19343,47.61601],[8.19312,47.61564],[8.1928,47.61528],[8.19253,47.6149],[8.19218,47.61439],[8.19211,47.61427],[8.19081,47.6122]],[[8.22513,47.60824],[8.22498,47.60858],[8.22477,47.60913],[8.22466,47.60953],[8.22452,47.61009],[8.2244,47.61064],[8.22435,47.61092],[8.22433,47.61122],[8.22427,47.61191],[8.22421,47.61233],[8.22415,47.6126],[8.22402,47.61301],[8.22385,47.61341],[8.22337,47.61435],[8.22318,47.61474],[8.22303,47.61516],[8.22273,47.61597],[8.22258,47.61637],[8.2224,47.61678],[8.22234,47.61691],[8.22206,47.61746],[8.22184,47.61785],[8.22166,47.61809],[8.22154,47.61822],[8.22132,47.61844],[8.22119,47.61855],[8.22093,47.61876],[8.22062,47.61897],[8.22032,47.61915],[8.21953,47.61961],[8.21904,47.61988],[8.21838,47.62023],[8.21804,47.62038],[8.21769,47.62053],[8.21733,47.62066],[8.21678,47.62087]],[[8.24377,47.61377],[8.24337,47.61377],[8.24295,47.61377],[8.24234,47.61379],[8.24165,47.61407],[8.24104,47.61423],[8.24012,47.61418],[8.23971,47.61418],[8.23951,47.61416],[8.23931,47.61413],[8.23911,47.61406],[8.23893,47.61399],[8.23859,47.61383],[8.23828,47.61364],[8.23799,47.61345],[8.23772,47.61322],[8.23748,47.613]],[[8.23748,47.613],[8.23727,47.61276],[8.23655,47.61191],[8.23632,47.61167],[8.23606,47.61145],[8.23544,47.6109],[8.23395,47.60972],[8.23329,47.60918],[8.23279,47.60873],[8.23191,47.60794],[8.23141,47.60749],[8.23114,47.60728],[8.23088,47.60706],[8.23074,47.60698],[8.23058,47.60688],[8.23043,47.60679],[8.23025,47.60673],[8.23004,47.60665],[8.22986,47.60658],[8.22946,47.60651]],[[8.25094,47.61507],[8.24923,47.61457],[8.24845,47.61436],[8.24786,47.61421],[8.24748,47.61414],[8.24708,47.61407],[8.24645,47.61399],[8.24544,47.61386],[8.24461,47.6138],[8.2442,47.61377],[8.24377,47.61377]],[[8.29857,47.60713],[8.29845,47.60727],[8.29823,47.60751],[8.29789,47.60785],[8.29752,47.6082],[8.29726,47.60843],[8.29699,47.60863],[8.29666,47.60882],[8.29633,47.60898],[8.29582,47.60921],[8.29475,47.60965],[8.29285,47.6105],[8.29213,47.61079],[8.29142,47.61108],[8.29069,47.61133],[8.29014,47.61153],[8.28957,47.61171],[8.289,47.61189],[8.28843,47.61203],[8.28803,47.61213],[8.28745,47.61225],[8.28684,47.61236],[8.28623,47.61246],[8.28542,47.61257],[8.28501,47.61263],[8.28438,47.61268],[8.28254,47.61282],[8.28173,47.61295],[8.28131,47.61299],[8.28111,47.61301],[8.28092,47.61301],[8.2805,47.61299],[8.28009,47.61296],[8.27946,47.61289],[8.27884,47.61281],[8.27825,47.6127],[8.27746,47.61254],[8.27607,47.61221],[8.27432,47.6118],[8.27354,47.61162],[8.27295,47.6115],[8.27234,47.61139],[8.27154,47.61125],[8.27092,47.61116],[8.2699,47.61102],[8.26908,47.61094],[8.26827,47.61086],[8.26745,47.61081],[8.26702,47.6108],[8.26662,47.61078],[8.26619,47.61081],[8.26578,47.61088],[8.26558,47.61091],[8.26539,47.61097],[8.2652,47.61103],[8.26488,47.61119],[8.26473,47.61129],[8.26444,47.61151],[8.26419,47.61173],[8.26407,47.61186],[8.2638,47.61222],[8.26346,47.61274],[8.26284,47.61378],[8.26224,47.61486],[8.26202,47.61522],[8.26185,47.61547],[8.26164,47.61573],[8.26145,47.61597],[8.26132,47.6161],[8.26121,47.61619],[8.26105,47.61631],[8.26091,47.61639],[8.26074,47.61645],[8.26052,47.61652],[8.26032,47.61656],[8.25991,47.61659],[8.25971,47.61661],[8.2595,47.61661],[8.25907,47.6166],[8.25805,47.61652],[8.2556,47.61625],[8.25518,47.6162],[8.25478,47.61612],[8.2542,47.61598],[8.25342,47.61578],[8.25094,47.61507]],[[8.32698,47.57343],[8.32627,47.5737],[8.32555,47.57399],[8.32503,47.57422],[8.3247,47.57439],[8.32421,47.57466],[8.32394,47.57485],[8.32336,47.57525],[8.3221,47.5762],[8.32064,47.5772],[8.31994,47.57771],[8.31942,47.57814],[8.31917,47.57837],[8.31896,47.5786],[8.31861,47.57896],[8.31779,47.57994],[8.31745,47.58033],[8.31645,47.58135],[8.31611,47.5817],[8.31571,47.58204],[8.31547,47.58226],[8.3152,47.58247],[8.31489,47.58266],[8.31384,47.58334],[8.31343,47.58365],[8.31245,47.58438],[8.31215,47.58458],[8.31186,47.58477],[8.31138,47.58504],[8.31087,47.58529],[8.31037,47.58551],[8.30998,47.58564],[8.3098,47.58571],[8.3094,47.58579],[8.3082,47.58603],[8.30622,47.58646],[8.30564,47.5866],[8.30525,47.58671],[8.30488,47.58682],[8.30449,47.58693],[8.30416,47.58707],[8.3036,47.5873],[8.3031,47.58753],[8.30242,47.58786],[8.30193,47.58812],[8.30161,47.58832],[8.3013,47.5885],[8.30102,47.58871],[8.30036,47.58922],[8.29996,47.58956],[8.29972,47.58979],[8.29935,47.59013],[8.29915,47.59039],[8.29894,47.59062],[8.29874,47.59086],[8.29838,47.59136],[8.29773,47.59239],[8.29712,47.59329],[8.29678,47.59381],[8.29657,47.59419],[8.29645,47.59447],[8.29634,47.59474],[8.29622,47.59515],[8.29617,47.59544],[8.29613,47.59571],[8.29611,47.59599],[8.29612,47.59627],[8.29613,47.59655],[8.29618,47.59696],[8.29631,47.59781],[8.29639,47.59823],[8.29653,47.59879],[8.29685,47.60003],[8.29712,47.60099],[8.29773,47.60305],[8.29808,47.60355],[8.29814,47.6037],[8.29822,47.60381],[8.29827,47.60395],[8.29836,47.60437],[8.29845,47.60521],[8.29851,47.60549],[8.29874,47.60619],[8.29877,47.60634],[8.29879,47.60647],[8.29878,47.60661],[8.29877,47.60674],[8.29872,47.60687],[8.29864,47.607],[8.29857,47.60713]],[[8.3632,47.57088],[8.36207,47.57118],[8.3615,47.57135],[8.36087,47.57146],[8.36046,47.57151],[8.36005,47.57155],[8.35964,47.57154],[8.35881,47.57152],[8.35819,47.57155],[8.35654,47.57162],[8.35526,47.5717],[8.352,47.57189],[8.34972,47.57201],[8.34828,47.57207],[8.34641,47.5721],[8.3456,47.5721],[8.34496,47.57208],[8.34436,47.57203],[8.34312,47.5719],[8.34251,47.57184],[8.34188,47.5718],[8.34061,47.57176],[8.33827,47.57178],[8.33802,47.57178],[8.33738,47.5718],[8.33656,47.57184],[8.33553,47.57189],[8.33284,47.57206],[8.33223,47.57213],[8.3316,47.5722],[8.33101,47.57231],[8.33021,47.57247],[8.32943,47.57267],[8.32848,47.57294],[8.32772,47.57318],[8.32698,47.57343]],[[8.4033,47.57773],[8.40236,47.57801],[8.40139,47.57827],[8.401,47.57838],[8.40061,47.57844],[8.39999,47.57855],[8.39979,47.57858],[8.39938,47.57861],[8.39897,47.57862],[8.39875,47.57863],[8.39834,47.57861],[8.39814,47.57861],[8.39792,47.57857],[8.39776,47.57855],[8.39755,47.5785],[8.39714,47.5784],[8.39658,47.57822],[8.3962,47.5781],[8.39583,47.57796],[8.39548,47.57783],[8.39516,47.57766],[8.3947,47.57738],[8.3941,47.57698],[8.3932,47.5764],[8.39306,47.5763],[8.3926,47.57601],[8.39192,47.57549],[8.39138,47.57506],[8.39097,47.57473],[8.39061,47.57441],[8.39001,47.57382],[8.38958,47.57335],[8.38938,47.5731],[8.38917,47.57285],[8.38891,47.57248],[8.38879,47.57221],[8.38868,47.57194],[8.38858,47.57167],[8.38832,47.57084],[8.38823,47.57056],[8.38789,47.56976],[8.38759,47.56909],[8.38731,47.56855],[8.38724,47.56842],[8.38716,47.56829],[8.38705,47.56816],[8.38678,47.56796],[8.3865,47.56776],[8.38619,47.56756],[8.38588,47.56738],[8.38556,47.5672],[8.38539,47.56713],[8.3852,47.56706],[8.38503,47.56698],[8.38483,47.56691],[8.38464,47.56688],[8.38444,47.56685],[8.38423,47.56687],[8.38401,47.56688],[8.38382,47.56691],[8.38245,47.56723],[8.38115,47.56792],[8.38081,47.56808],[8.38011,47.56839],[8.37976,47.56855],[8.37938,47.56868],[8.37901,47.56879],[8.37882,47.56883],[8.37841,47.56888],[8.37759,47.56895],[8.37718,47.56901],[8.37677,47.56908],[8.37536,47.56933],[8.37497,47.5694],[8.37477,47.56943],[8.37353,47.5695],[8.37167,47.56962],[8.37085,47.56968],[8.37003,47.56976],[8.36779,47.57004],[8.36694,47.57009],[8.36655,47.57013],[8.36616,47.5702],[8.36555,47.57032],[8.36437,47.57057],[8.3632,47.57088]],[[8.40765,47.5761],[8.40678,47.57648],[8.40626,47.5767],[8.40571,47.57691],[8.40516,47.57711],[8.40442,47.57736],[8.4033,47.57773]],[[8.45845,47.57382],[8.45769,47.57381],[8.45689,47.57373],[8.45605,47.57358],[8.45526,47.57339],[8.44739,47.57103],[8.44096,47.56909],[8.43923,47.56869],[8.43738,47.56836],[8.4356,47.56812],[8.4338,47.56796],[8.43271,47.56797],[8.43166,47.56804],[8.43058,47.56818],[8.42949,47.56839],[8.42817,47.56873],[8.42672,47.56924],[8.42607,47.56943],[8.42266,47.57043],[8.41739,47.57213],[8.4156,47.57279],[8.41324,47.57373],[8.40765,47.5761]],[[8.49567,47.58259],[8.49493,47.58244],[8.49412,47.58221],[8.49326,47.5819],[8.4924,47.58154],[8.49136,47.58104],[8.49035,47.5805],[8.48836,47.57928],[8.48774,47.57896],[8.48705,47.57874],[8.48625,47.57859],[8.48539,47.57854],[8.4842,47.57861],[8.48221,47.57896],[8.4798,47.57931],[8.47911,47.57929],[8.47841,47.5792],[8.4777,47.57903],[8.47696,47.57879],[8.47621,47.57848],[8.47539,47.57808],[8.47417,47.57738]],[[8.59678,47.64026],[8.5971,47.63944],[8.59725,47.63904],[8.59753,47.63823],[8.59765,47.63781],[8.59768,47.63767],[8.59769,47.63724],[8.59776,47.63487],[8.59779,47.63388],[8.59783,47.63346],[8.59785,47.63319],[8.59796,47.63248],[8.59814,47.63166],[8.59826,47.63124],[8.59853,47.63035],[8.59936,47.62833],[8.59954,47.62792],[8.59976,47.62724],[8.59993,47.62683],[8.60006,47.62656],[8.60025,47.62617],[8.6007,47.62538],[8.60109,47.62474],[8.60152,47.6241],[8.60196,47.62346],[8.60241,47.62283],[8.60286,47.62221],[8.60317,47.62183],[8.60439,47.62036],[8.60495,47.61962],[8.60538,47.61898],[8.6056,47.61859],[8.60576,47.61832],[8.60588,47.61806],[8.60598,47.61778],[8.60606,47.6175],[8.60609,47.61737],[8.60613,47.61696],[8.60616,47.61611],[8.60615,47.61583],[8.60611,47.61555],[8.60609,47.6154],[8.60599,47.61513],[8.60589,47.61486],[8.6056,47.61419],[8.60549,47.61392],[8.60535,47.61363],[8.6052,47.61339],[8.60492,47.61302],[8.60459,47.61265],[8.60424,47.61231],[8.6036,47.61175],[8.60268,47.61101],[8.60186,47.61037],[8.60128,47.60996],[8.60084,47.60968],[8.60036,47.60939],[8.59911,47.60867],[8.59862,47.60839],[8.59812,47.60815],[8.59777,47.608],[8.5976,47.60791],[8.59748,47.60781],[8.59723,47.60758],[8.59674,47.60693]],[[8.60491,47.65227],[8.60473,47.65201],[8.60461,47.65174],[8.6045,47.65147],[8.60435,47.65107],[8.60426,47.65078],[8.60418,47.65051],[8.60388,47.64926],[8.60381,47.64898],[8.60368,47.64872],[8.60354,47.64845],[8.60326,47.64809],[8.60304,47.64784],[8.60247,47.64726],[8.60225,47.64702],[8.60214,47.64691],[8.60196,47.64682],[8.6018,47.64673],[8.60163,47.64666],[8.60069,47.64634],[8.59831,47.6455],[8.59795,47.64534],[8.59778,47.64527],[8.5976,47.64518],[8.59747,47.64509],[8.59733,47.64498],[8.59709,47.64475],[8.59665,47.64427],[8.59654,47.64414],[8.59646,47.64402],[8.5964,47.64389],[8.59636,47.64361]],[[8.61392,47.64434],[8.6142,47.64454],[8.61432,47.64466],[8.61455,47.64488],[8.61476,47.64514],[8.61483,47.64527],[8.61498,47.64553],[8.61504,47.64567],[8.61508,47.6458],[8.61508,47.64595],[8.6151,47.64678],[8.61507,47.64708],[8.61505,47.64734],[8.61494,47.64804],[8.61486,47.64846],[8.61476,47.64874],[8.61466,47.649],[8.61434,47.64967],[8.61405,47.65035],[8.61391,47.65061],[8.61383,47.65075],[8.61362,47.65098],[8.61327,47.65134],[8.61276,47.65178],[8.6125,47.652],[8.6121,47.65231],[8.61178,47.6525],[8.61164,47.65259],[8.61129,47.65276],[8.61061,47.65308],[8.60994,47.65342],[8.60958,47.65356],[8.60922,47.6537],[8.60905,47.65376],[8.60884,47.65381],[8.60867,47.65387],[8.60847,47.65389],[8.60824,47.6539],[8.60804,47.6539],[8.6074,47.65387],[8.6072,47.65383],[8.607,47.65379],[8.60683,47.65372],[8.60665,47.65365],[8.60649,47.65355],[8.60636,47.65346]],[[8.61563,47.66293],[8.61757,47.6621],[8.61827,47.66179],[8.61894,47.66148],[8.61962,47.66114],[8.62058,47.66061],[8.62168,47.65996],[8.62274,47.6593],[8.62379,47.65862],[8.62526,47.65763],[8.62626,47.65691],[8.62793,47.65568],[8.62835,47.65537],[8.62863,47.65515],[8.62901,47.65482],[8.62912,47.6547],[8.62933,47.65446],[8.62951,47.6542],[8.62969,47.65395],[8.62983,47.65368],[8.62996,47.65341],[8.63005,47.65314],[8.63007,47.653],[8.6301,47.65272],[8.63012,47.6523],[8.63011,47.65188],[8.63006,47.65145],[8.62999,47.65118],[8.62995,47.65105],[8.62974,47.65065],[8.62945,47.65012],[8.62937,47.64999],[8.62889,47.64922],[8.62858,47.6487],[8.62831,47.64817],[8.62771,47.64697],[8.62745,47.64644],[8.62716,47.64592],[8.62689,47.64553],[8.62652,47.64503],[8.62566,47.64391],[8.62507,47.64301],[8.62478,47.64264],[8.62456,47.64241],[8.62443,47.6423],[8.62416,47.64209],[8.62356,47.64165],[8.62233,47.64089],[8.62185,47.64063],[8.62151,47.64047],[8.62134,47.64038],[8.62096,47.64026],[8.6206,47.64014],[8.61886,47.63965],[8.61829,47.6395],[8.61789,47.63941],[8.61709,47.63927],[8.61629,47.63913],[8.61528,47.63898],[8.61426,47.63884],[8.61345,47.63873],[8.61262,47.63865],[8.61182,47.63858],[8.61098,47.63852],[8.61014,47.63847],[8.60933,47.63844],[8.60871,47.63843],[8.60808,47.63843],[8.60766,47.63846],[8.60724,47.6385],[8.60684,47.63856],[8.60664,47.63862],[8.60646,47.63868],[8.60627,47.63874],[8.6061,47.63882],[8.60579,47.63901],[8.60548,47.63921],[8.60508,47.63953],[8.60496,47.63964],[8.60484,47.63975],[8.60447,47.64025],[8.60401,47.64074]],[[8.60461,47.6424],[8.60477,47.6425],[8.60559,47.64294],[8.60578,47.64302],[8.60597,47.64306],[8.60615,47.64308],[8.60637,47.64306],[8.60679,47.64301],[8.60802,47.64296],[8.60907,47.64297],[8.60969,47.64299],[8.60989,47.643],[8.61031,47.64305],[8.61091,47.64316],[8.61131,47.64324],[8.61189,47.64338],[8.61229,47.64348],[8.61246,47.64355],[8.61284,47.64369],[8.613,47.64376],[8.61316,47.64385],[8.61346,47.64404],[8.61392,47.64434]],[[8.71887,47.69214],[8.71809,47.69171],[8.71756,47.69147],[8.71721,47.69132],[8.71684,47.69118],[8.71666,47.69112],[8.71648,47.69109],[8.71627,47.69104],[8.71606,47.69103],[8.71565,47.69101],[8.71502,47.691],[8.71418,47.69103],[8.71377,47.69104],[8.71336,47.691],[8.71275,47.69095],[8.71234,47.69091],[8.71191,47.69089],[8.7113,47.69089],[8.71046,47.69091],[8.70942,47.69095],[8.70881,47.69102],[8.7084,47.69108],[8.70782,47.69121],[8.70704,47.69141],[8.7057,47.69181],[8.70534,47.69195],[8.70497,47.69208],[8.7048,47.69215],[8.70447,47.69232],[8.70416,47.6925],[8.70354,47.69288],[8.70324,47.69307],[8.70274,47.69333],[8.70153,47.69387],[8.70031,47.69441]],[[8.70031,47.69441],[8.69979,47.69463],[8.69923,47.69482],[8.69828,47.69511],[8.69654,47.69559],[8.69384,47.69633],[8.69308,47.69652],[8.69249,47.69666],[8.69188,47.69679],[8.69147,47.69683],[8.69107,47.69689],[8.69086,47.69689],[8.69068,47.69682],[8.69052,47.69674],[8.68971,47.69629],[8.6892,47.69603],[8.68904,47.69594],[8.68894,47.69583],[8.68882,47.69571],[8.68872,47.6956],[8.68846,47.69504],[8.68837,47.69492],[8.68816,47.69468],[8.68792,47.69446],[8.68754,47.69412],[8.68699,47.69369],[8.68547,47.69255],[8.68518,47.69233],[8.68488,47.69215],[8.68455,47.69198],[8.68265,47.69112],[8.68231,47.69095],[8.682,47.69079],[8.68153,47.69049],[8.68092,47.6901],[8.68066,47.6899],[8.67997,47.68937],[8.67969,47.68916],[8.67939,47.68898],[8.67921,47.6889],[8.67886,47.68872],[8.67871,47.68864],[8.67834,47.68852],[8.67756,47.68832],[8.67659,47.68805],[8.67548,47.68768]],[[8.67548,47.68768],[8.67454,47.68737],[8.67363,47.68705],[8.67219,47.68647],[8.67161,47.68626]],[[8.79687,47.677],[8.79569,47.67673],[8.79508,47.6766],[8.79468,47.67654],[8.79407,47.67645],[8.79364,47.67641],[8.79324,47.6764],[8.79262,47.6764],[8.7922,47.6764],[8.79178,47.67646],[8.79158,47.67647],[8.79138,47.6765],[8.79119,47.67654],[8.7908,47.67663],[8.79002,47.67685],[8.78926,47.67707],[8.7885,47.6773],[8.78776,47.67754],[8.78683,47.67786],[8.78609,47.67813],[8.78538,47.67841],[8.78464,47.67869],[8.78219,47.67973],[8.78165,47.67994],[8.78014,47.68066],[8.77924,47.68104],[8.7787,47.68125],[8.7776,47.68164],[8.77615,47.68218],[8.7754,47.68243],[8.77504,47.68256],[8.77484,47.68262],[8.77469,47.68271],[8.77452,47.6828],[8.77423,47.68299],[8.77407,47.68309],[8.77378,47.68331],[8.7733,47.68375],[8.77225,47.68478],[8.77186,47.68513],[8.7711,47.6858],[8.7707,47.68611],[8.77055,47.68621],[8.77022,47.68639],[8.76993,47.68658],[8.76959,47.68675],[8.76874,47.68715],[8.76785,47.68753],[8.76714,47.6878],[8.76623,47.68814],[8.76566,47.68832],[8.76433,47.68872],[8.76377,47.68891],[8.76305,47.68918],[8.76125,47.68987],[8.75979,47.69041],[8.75905,47.69066],[8.75845,47.69082],[8.7577,47.69103],[8.7571,47.69118],[8.75633,47.69135],[8.75572,47.69148],[8.75513,47.69158],[8.75389,47.69173],[8.75349,47.69179],[8.75185,47.69203],[8.75,47.69227],[8.74939,47.69233],[8.74898,47.69236],[8.74878,47.69236],[8.74836,47.69236],[8.74711,47.69227]],[[8.74711,47.69227],[8.74691,47.69227],[8.74648,47.69226],[8.74607,47.69229],[8.74546,47.69232],[8.74482,47.69237],[8.74401,47.69247],[8.7432,47.69258],[8.74239,47.6927],[8.74158,47.69282],[8.74097,47.69293],[8.74037,47.69303],[8.73999,47.69313],[8.73843,47.69352],[8.73763,47.69369],[8.73703,47.6938],[8.73624,47.69393],[8.73541,47.69405],[8.73479,47.69411],[8.73438,47.69415],[8.73396,47.69417],[8.73355,47.69415],[8.73252,47.69408],[8.73211,47.69407],[8.73107,47.69406],[8.72914,47.69408]],[[8.89389,47.65013],[8.89118,47.65145],[8.88685,47.65447],[8.88364,47.6557],[8.88033,47.65641],[8.87659,47.65634]],[[8.91785,47.65379],[8.91332,47.65272],[8.9084,47.65201],[8.90644,47.65142],[8.90366,47.65009],[8.9017,47.64972],[8.89941,47.64956],[8.89594,47.64956],[8.89504,47.64973],[8.89389,47.65013]],[[8.93003,47.65679],[8.92774,47.65656],[8.9264,47.65618],[8.92273,47.65456],[8.91944,47.65418],[8.91785,47.65379]],[[8.96664,47.66748],[8.96472,47.66663],[8.96278,47.66565],[8.95693,47.66438],[8.95553,47.66385],[8.95161,47.66182],[8.94842,47.66124],[8.94726,47.66089],[8.94569,47.66003],[8.94364,47.65811],[8.94242,47.65759],[8.93831,47.65709],[8.93165,47.65696],[8.93003,47.65679]],[[8.97692,47.67098],[8.97605,47.67038],[8.97177,47.6695],[8.97029,47.66909],[8.96664,47.66748]],[[9.00953,47.68355],[9.00774,47.68262],[9.00395,47.68091],[9.00052,47.67965],[8.99128,47.67668],[8.98982,47.67634],[8.98471,47.6757],[8.98135,47.6749],[8.98006,47.6743],[8.97915,47.67366],[8.97692,47.67098]],[[9.02415,47.68823],[9.02021,47.6878],[9.0181,47.68733],[9.01608,47.68671],[9.0138,47.68577],[9.00953,47.68355]],[[9.07711,47.68001],[9.07275,47.68096],[9.06064,47.68242],[9.04984,47.68405],[9.04067,47.6857],[9.03816,47.68621],[9.02988,47.68791],[9.02726,47.6882],[9.02415,47.68823]],[[9.11246,47.67365],[9.11008,47.67519],[9.10556,47.67752],[9.10062,47.67942],[9.09543,47.68082],[9.09238,47.68125],[9.08925,47.68131],[9.08731,47.68114],[9.08177,47.68024],[9.0792,47.68004],[9.07711,47.68001]],[[9.13957,47.66565],[9.13407,47.66738],[9.13075,47.66764],[9.12757,47.66859],[9.12293,47.66916],[9.11922,47.6701],[9.1173,47.67082],[9.11551,47.67168],[9.11323,47.67316],[9.11246,47.67365]],[[9.15805,47.66961],[9.1551,47.66911],[9.15218,47.66884],[9.14931,47.66899],[9.14683,47.66798],[9.14431,47.66639],[9.14226,47.66565],[9.14185,47.66561],[9.14123,47.66558],[9.14086,47.66556],[9.14041,47.66559],[9.13998,47.6656],[9.13957,47.66565]],[[8.24377,47.61377],[8.24324,47.61353],[8.24243,47.61318],[8.2419,47.61318],[8.2403,47.61293],[8.23897,47.61293],[8.23748,47.613]],[[9.54737,46.96184],[9.54724,46.96474],[9.54759,46.96627],[9.54778,46.96679],[9.54801,46.96724],[9.54859,46.968],[9.55016,46.96965]],[[7.63508,47.5625],[7.63418,47.56274],[7.63325,47.56291],[7.63228,47.563],[7.63128,47.56301],[7.63025,47.56295],[7.62917,47.56283],[7.62802,47.56263],[7.62658,47.56232]],[[7.95806,47.55915],[7.95767,47.55903],[7.9575,47.55898],[7.95714,47.55883],[7.95681,47.55867],[7.95646,47.5585],[7.956,47.55822],[7.9557,47.55803],[7.95528,47.55773],[7.95485,47.55741],[7.95446,47.55709],[7.95409,47.55675],[7.95387,47.55651],[7.95366,47.55626],[7.95348,47.556],[7.95336,47.55576],[7.95325,47.55548],[7.95313,47.55506],[7.95298,47.55437],[7.95279,47.55325],[7.95272,47.55283],[7.95263,47.55242],[7.95247,47.55187],[7.95225,47.55119],[7.952,47.55051],[7.95159,47.54956],[7.95125,47.5489],[7.95097,47.54837],[7.9507,47.54799],[7.95048,47.54774],[7.95017,47.54738],[7.94993,47.54716],[7.94968,47.54694],[7.94914,47.54651],[7.94871,47.54619],[7.94824,47.54591],[7.94792,47.54574],[7.94775,47.54567],[7.94758,47.54559],[7.94739,47.54553],[7.94719,47.54546],[7.94681,47.54538],[7.94659,47.54535],[7.94618,47.54531],[7.94577,47.54528],[7.94557,47.54527],[7.94514,47.5453],[7.94473,47.54531],[7.94432,47.54536],[7.94309,47.54551],[7.94269,47.54557]],[[7.94269,47.54557],[7.94228,47.54565],[7.94189,47.54574],[7.94154,47.54586],[7.94115,47.54597],[7.94078,47.54611],[7.93915,47.54674],[7.93744,47.54736],[7.93531,47.54786],[7.93454,47.54808],[7.93416,47.54817],[7.93377,47.54824],[7.93335,47.5483],[7.93274,47.54837],[7.93233,47.54839],[7.93211,47.54841],[7.93191,47.54841],[7.9315,47.54839],[7.93089,47.54835],[7.92965,47.54825],[7.9284,47.54814],[7.92782,47.54808],[7.92718,47.54806],[7.92657,47.54807],[7.92575,47.54811],[7.9243,47.54824],[7.92369,47.54832],[7.92247,47.54848],[7.92184,47.54857],[7.92143,47.54859],[7.92041,47.54867],[7.92,47.54871],[7.9196,47.54876],[7.91919,47.54884],[7.91881,47.54894],[7.91824,47.54911],[7.91786,47.54924],[7.91734,47.54944],[7.91698,47.54959],[7.91663,47.54975],[7.9163,47.54992],[7.91583,47.5502],[7.91522,47.55058],[7.91465,47.55098],[7.91423,47.5513],[7.91328,47.55205],[7.91216,47.55288],[7.91189,47.55309],[7.91164,47.55332],[7.91142,47.55355],[7.9113,47.55365],[7.91122,47.55379],[7.91105,47.55405],[7.91086,47.55442],[7.91048,47.55525],[7.91035,47.55551],[7.91011,47.55591],[7.90955,47.55681],[7.90935,47.55721],[7.90924,47.55748],[7.90909,47.55788],[7.90894,47.55845],[7.90882,47.55899],[7.90858,47.56011],[7.90848,47.56066],[7.90842,47.56108],[7.90838,47.5615],[7.90837,47.56178],[7.90838,47.56192],[7.90841,47.5622],[7.9085,47.56248],[7.9086,47.56275],[7.90866,47.5629],[7.90882,47.56314],[7.909,47.5634],[7.90929,47.56377],[7.91008,47.56476],[7.91113,47.56596],[7.91155,47.56646],[7.91201,47.56708],[7.91209,47.56721],[7.91222,47.56748],[7.91226,47.56761],[7.91236,47.56789],[7.91243,47.5683],[7.9125,47.56859],[7.91258,47.56915],[7.91259,47.56971],[7.91259,47.57013],[7.91257,47.57041],[7.91249,47.57082],[7.91239,47.5711],[7.9123,47.57137],[7.91217,47.57163],[7.91196,47.57205],[7.91173,47.57243],[7.91133,47.57308],[7.91091,47.57371],[7.91012,47.57485],[7.90856,47.57699],[7.90756,47.57832],[7.90734,47.57861],[7.90617,47.58011],[7.90576,47.58059],[7.90544,47.58096],[7.90511,47.58131],[7.90488,47.58154],[7.90476,47.58166],[7.90461,47.58176],[7.90445,47.58185],[7.90412,47.58202],[7.90347,47.58237]],[[8.63178,47.69397],[8.6298,47.69339],[8.62804,47.6927],[8.62728,47.69232],[8.62664,47.69193],[8.62615,47.69157],[8.62579,47.69112],[8.62564,47.69073],[8.62554,47.69029],[8.62555,47.68953],[8.62579,47.68878],[8.62693,47.68625],[8.62832,47.683],[8.62856,47.68156],[8.62854,47.68066],[8.62812,47.67976],[8.62716,47.67878],[8.62581,47.6779],[8.62505,47.67773],[8.62206,47.67686],[8.62019,47.67661],[8.61939,47.67688],[8.61887,47.67725],[8.61848,47.67761],[8.61784,47.6787],[8.61638,47.67918]],[[8.4727,47.57654],[8.47066,47.5755],[8.46793,47.57428],[8.46688,47.57394],[8.46586,47.57369],[8.46487,47.57353],[8.46388,47.57344],[8.46295,47.57343],[8.46194,47.57347],[8.45845,47.57382]],[[7.64049,47.55995],[7.63895,47.55989],[7.63792,47.56011],[7.63659,47.56039],[7.63553,47.56048],[7.63154,47.56048],[7.62994,47.56049]],[[7.71195,47.5382],[7.70983,47.53757],[7.70876,47.53739],[7.70797,47.53749],[7.70717,47.53776],[7.70687,47.53779]],[[7.7122,47.53989],[7.70891,47.53844]],[[8.61638,47.67918],[8.61541,47.67903],[8.61467,47.67889],[8.61393,47.67866],[8.61262,47.67767],[8.61221,47.67714],[8.61179,47.67624],[8.61148,47.67445],[8.61091,47.67323]],[[7.62994,47.56049],[7.62516,47.56013],[7.62356,47.56005],[7.62224,47.56005],[7.6217,47.56014],[7.62003,47.56041]],[[7.71311,47.54023],[7.71381,47.53966],[7.71302,47.53891],[7.71195,47.5382]],[[7.70891,47.53844],[7.70838,47.53821],[7.70785,47.53802],[7.70765,47.53794],[7.70745,47.53791],[7.70687,47.53779]],[[8.47333,47.57689],[8.4727,47.57654]],[[7.62658,47.56232],[7.62424,47.56176],[7.62264,47.56122],[7.62003,47.56041]],[[7.81183,47.57067],[7.81152,47.57029],[7.81142,47.57017],[7.81118,47.56994],[7.81091,47.56974],[7.8106,47.56954],[7.81032,47.56934],[7.81002,47.56916],[7.80951,47.5689],[7.809,47.56866],[7.80831,47.56835],[7.80729,47.56789],[7.80603,47.56738],[7.8055,47.56715],[7.80466,47.56675],[7.80398,47.5664],[7.80351,47.56615],[7.80305,47.56587],[7.80277,47.56566],[7.80212,47.56511],[7.80184,47.56491],[7.80154,47.5647],[7.80092,47.56432],[7.80064,47.56413],[7.80048,47.56403],[7.80038,47.56392],[7.80026,47.56381],[7.8002,47.56366],[7.80013,47.56353],[7.79987,47.563],[7.79971,47.56273],[7.79935,47.56223],[7.7985,47.5611],[7.79779,47.5601],[7.79759,47.55985],[7.79727,47.55932]],[[7.96825,47.55787],[7.96654,47.55837],[7.96573,47.55857],[7.9642,47.55892],[7.96359,47.55907],[7.96323,47.55918],[7.96227,47.55947],[7.96189,47.55957],[7.9617,47.55962],[7.96149,47.55966],[7.96129,47.55966],[7.96107,47.55967],[7.96085,47.55966],[7.96048,47.55962],[7.95984,47.55952],[7.95944,47.55946],[7.95885,47.55934],[7.95845,47.55925],[7.95806,47.55915]],[[8.05056,47.55865],[8.04965,47.55808],[8.04892,47.55758]],[[9.16412,47.67167],[9.161,47.67134],[9.15805,47.66961]],[[8.60636,47.65346],[8.60557,47.65279],[8.60527,47.6526],[8.60512,47.6525],[8.605,47.65239],[8.60491,47.65227]],[[8.59636,47.64361],[8.59634,47.64334],[8.59637,47.64262],[8.5964,47.64177],[8.59644,47.64136],[8.5965,47.64108],[8.59662,47.64067],[8.59678,47.64026]],[[8.60401,47.64074],[8.60392,47.64086],[8.60385,47.641],[8.60382,47.64112],[8.60383,47.64126],[8.60387,47.64141],[8.60399,47.64168],[8.60416,47.64194],[8.60426,47.64206],[8.60436,47.64218],[8.60449,47.6423],[8.60461,47.6424]],[[8.17313,47.60123],[8.17292,47.60098],[8.17223,47.59996]],[[8.13341,47.58708],[8.13153,47.58565],[8.13098,47.58496]],[[8.47417,47.57738],[8.47333,47.57689]]]}},{"type":"Feature","properties":{"name":"Aare","aliases":["Aar"],"category":"river","source":"swissTLMRegio 2025"},"geometry":{"type":"MultiLineString","coordinates":[[[8.21258,47.48728],[8.21346,47.48771],[8.21477,47.48816],[8.21573,47.48842],[8.21707,47.48903],[8.2176,47.48922],[8.21893,47.48966],[8.22,47.48983],[8.22358,47.48976],[8.22477,47.48971],[8.22848,47.48914],[8.23001,47.48892]],[[8.3089,46.61866],[8.30784,46.61875],[8.30757,46.61892],[8.3075,46.61915],[8.30764,46.61945],[8.30794,46.61966],[8.30891,46.6198]],[[7.47835,47.19248],[7.47983,47.19357],[7.4812,47.19542],[7.48315,47.19742],[7.48538,47.19892]],[[8.06128,47.40762],[8.06762,47.41031],[8.06847,47.41041]],[[8.29317,46.56412],[8.30592,46.56753],[8.31589,46.57168],[8.32186,46.57225],[8.32697,46.57196],[8.33154,46.57395]],[[8.28175,46.56155],[8.29317,46.56412]],[[8.23972,47.56056],[8.24097,47.56066],[8.24337,47.561],[8.24523,47.56117],[8.2487,47.56168],[8.2503,47.56212],[8.25083,47.56239],[8.25164,47.56292],[8.25313,47.56489],[8.25381,47.56579],[8.25477,47.56758],[8.25508,47.56902]],[[8.23836,47.4945],[8.2385,47.49504],[8.23856,47.49561],[8.23854,47.49627],[8.23836,47.49736],[8.23804,47.49816],[8.23791,47.49857],[8.23785,47.49896]],[[8.25508,47.56902],[8.25509,47.57108],[8.25482,47.57193],[8.25458,47.57271],[8.25367,47.57452]],[[8.3089,46.61866],[8.30891,46.6198]],[[8.30443,46.63667],[8.30295,46.63859],[8.30227,46.64001],[8.30203,46.64079],[8.30194,46.64165],[8.30222,46.64239],[8.30321,46.64352],[8.30369,46.64415],[8.30384,46.64496],[8.3037,46.64617],[8.30354,46.64685],[8.30313,46.64741],[8.30243,46.64823],[8.29818,46.65184]],[[8.30435,46.63332],[8.30466,46.63444],[8.30474,46.63531],[8.30443,46.63667]],[[8.30891,46.6198],[8.30889,46.62102],[8.30819,46.62304],[8.30812,46.6236],[8.30815,46.62414],[8.30837,46.62489],[8.3084,46.62539],[8.3082,46.62584],[8.30771,46.62634],[8.30709,46.62672],[8.30645,46.62701],[8.30623,46.62724],[8.30607,46.62778],[8.30604,46.62828],[8.30588,46.62858],[8.30547,46.62904],[8.30492,46.62975],[8.30464,46.63026],[8.30438,46.6315],[8.30413,46.63222],[8.304,46.63285],[8.30435,46.63332]],[[8.31025,46.61526],[8.30971,46.61602],[8.30965,46.61647],[8.30962,46.61712],[8.30952,46.61768],[8.3093,46.61821],[8.3089,46.61866]],[[8.2681,46.67113],[8.26598,46.67112],[8.26533,46.67119],[8.26503,46.67132],[8.26453,46.67174],[8.26427,46.67192],[8.2639,46.67204],[8.26294,46.67213],[8.26252,46.67234]],[[8.28764,46.66059],[8.28672,46.66124],[8.28617,46.66138],[8.28372,46.66134],[8.28341,46.6614],[8.28298,46.66169],[8.2827,46.66234],[8.28241,46.66251],[8.28106,46.66271],[8.28015,46.6629],[8.27861,46.66354],[8.27804,46.66426],[8.27669,46.66691],[8.27639,46.66745],[8.27554,46.66792],[8.27451,46.66822],[8.27341,46.66836],[8.27277,46.66849],[8.27244,46.6687],[8.27126,46.66995],[8.27066,46.67045],[8.26984,46.67084],[8.2681,46.67113]],[[8.29818,46.65184],[8.29714,46.65279],[8.29468,46.65461],[8.29404,46.65551],[8.29379,46.65613],[8.29313,46.657],[8.2925,46.65771],[8.29132,46.65856],[8.29046,46.6593],[8.28969,46.65968],[8.28889,46.65978],[8.28837,46.65996],[8.28785,46.66033],[8.28764,46.66059]],[[8.23291,46.70227],[8.23121,46.70375],[8.2304,46.70469],[8.22956,46.70609],[8.22852,46.70758],[8.2276,46.7083],[8.22605,46.70936]],[[8.26252,46.67234],[8.26198,46.67331],[8.26139,46.67384],[8.26048,46.6744],[8.25823,46.67509],[8.25724,46.67549],[8.25633,46.67595],[8.25561,46.67627],[8.25517,46.67663],[8.255,46.67699],[8.25481,46.67798],[8.25491,46.67842],[8.25459,46.67882],[8.25395,46.6792],[8.25253,46.6795],[8.25183,46.67991],[8.25111,46.68068],[8.25068,46.68126],[8.25028,46.68162],[8.24915,46.68232],[8.2486,46.68277],[8.24834,46.68321],[8.24828,46.68365],[8.24808,46.68417],[8.24761,46.68463],[8.24706,46.68484],[8.24455,46.68521],[8.24394,46.68552],[8.24328,46.68608],[8.24259,46.68731],[8.24227,46.68769],[8.2423,46.68803],[8.24249,46.68846],[8.24252,46.68869],[8.24243,46.68905],[8.24224,46.68949],[8.24227,46.68988],[8.24246,46.69018],[8.24264,46.6905],[8.24265,46.69097],[8.24222,46.6917],[8.24125,46.69235],[8.24057,46.6929],[8.24019,46.69353],[8.24014,46.69413],[8.24051,46.69577],[8.24046,46.69631],[8.24013,46.69686],[8.23857,46.69798],[8.23291,46.70227]],[[8.31461,46.6092],[8.31229,46.61049],[8.31174,46.61088],[8.31164,46.61131],[8.31169,46.61165],[8.31197,46.61216],[8.31197,46.61243],[8.31187,46.61264],[8.31123,46.61298],[8.31111,46.61323],[8.31106,46.61383],[8.31066,46.61467]],[[8.33154,46.57395],[8.33313,46.57476],[8.33409,46.57535],[8.33477,46.57582],[8.33526,46.57609],[8.33615,46.57636],[8.33625,46.57652],[8.33621,46.5772],[8.33626,46.57768],[8.33643,46.57795],[8.33706,46.57843],[8.3372,46.57897],[8.33694,46.57933],[8.33593,46.58014]],[[8.32622,46.59086],[8.32397,46.59236],[8.32359,46.59284],[8.32336,46.59447],[8.32234,46.59573],[8.32209,46.59682],[8.32171,46.59718],[8.32172,46.59772],[8.32265,46.59879],[8.32253,46.59933],[8.32124,46.60024],[8.31905,46.60206],[8.31763,46.60351],[8.31531,46.60506],[8.31472,46.60565],[8.31482,46.60731],[8.31537,46.60856],[8.31498,46.60911],[8.31461,46.6092]],[[7.90531,47.35038],[7.90554,47.35156],[7.90585,47.35263],[7.90653,47.3547],[7.90694,47.35596],[7.90698,47.35758],[7.90753,47.35972],[7.90804,47.36054]],[[7.57157,47.22073],[7.57418,47.22303]],[[7.71453,47.2295],[7.71516,47.22926],[7.71685,47.22829],[7.7175,47.22802],[7.71923,47.22773]],[[7.82575,47.26699],[7.82824,47.26777],[7.83118,47.26846],[7.83261,47.26891],[7.83363,47.26933],[7.83602,47.27085],[7.83721,47.27193],[7.8408,47.27462],[7.84253,47.27623],[7.84454,47.27892],[7.84494,47.28],[7.84505,47.28092]],[[7.22951,47.12526],[7.23324,47.1249],[7.24495,47.12278],[7.25553,47.12069]],[[7.43187,47.1825],[7.43188,47.18376],[7.43229,47.18481],[7.43319,47.18575],[7.43505,47.18652]],[[7.39401,47.16171],[7.3952,47.16223],[7.39995,47.16394],[7.40074,47.16412],[7.40206,47.1643],[7.40417,47.1643],[7.40575,47.16412],[7.40633,47.16404]],[[7.55329,47.21336],[7.55491,47.2167],[7.55558,47.21759],[7.55597,47.21795],[7.5565,47.21822],[7.55703,47.2184],[7.55914,47.21876],[7.5602,47.21885],[7.56363,47.21885],[7.56627,47.21857],[7.56759,47.21857],[7.56918,47.21902],[7.57116,47.22046],[7.57157,47.22073]],[[7.21763,47.0476],[7.21051,47.04767],[7.20603,47.04811],[7.19997,47.04936],[7.1976,47.05016],[7.19311,47.0524],[7.18783,47.05536],[7.18572,47.05671],[7.18436,47.0574],[7.17994,47.06047]],[[7.90801,47.34294],[7.90581,47.34751],[7.90529,47.34913],[7.90531,47.35038]],[[7.73381,47.23063],[7.73429,47.2314],[7.7347,47.23248],[7.73589,47.23409],[7.73669,47.23481],[7.73749,47.23526],[7.74066,47.2357],[7.74225,47.23615],[7.74331,47.23668],[7.7445,47.23758],[7.74503,47.2383],[7.74543,47.23956],[7.74557,47.24063],[7.74651,47.24279],[7.74797,47.24459],[7.74877,47.24512],[7.74956,47.24548],[7.75115,47.24575],[7.75406,47.24583],[7.75644,47.24582],[7.75776,47.24582],[7.76024,47.24624],[7.76252,47.24716],[7.76411,47.24787],[7.76477,47.24827],[7.7665,47.2493],[7.76915,47.25065],[7.77047,47.25109],[7.77126,47.25118],[7.7739,47.25081],[7.77708,47.2508],[7.77893,47.25107],[7.78025,47.25151],[7.78105,47.25196],[7.78268,47.25366],[7.78406,47.2558],[7.78606,47.25765]],[[7.36943,47.14298],[7.37175,47.14261],[7.37455,47.14236],[7.3761,47.14243],[7.37742,47.14288],[7.379,47.1436],[7.38216,47.1454],[7.38453,47.14702],[7.38546,47.14792],[7.38657,47.14969],[7.38769,47.15188],[7.38822,47.15332],[7.38953,47.15692],[7.39032,47.15836],[7.39111,47.15944],[7.3923,47.1607],[7.39401,47.16171]],[[7.66896,47.23773],[7.66977,47.23791]],[[7.33549,47.14366],[7.3369,47.14399],[7.33867,47.14425],[7.34325,47.14424],[7.34709,47.14412]],[[7.64874,47.23916],[7.65123,47.23936],[7.65219,47.23937],[7.65308,47.23933],[7.65399,47.23922],[7.65487,47.23905],[7.65573,47.23882],[7.65657,47.23852]],[[7.84505,47.28092],[7.8455,47.28351],[7.84763,47.28656],[7.84844,47.28817],[7.84938,47.28943],[7.85137,47.29104],[7.85172,47.29153],[7.85183,47.29171],[7.85596,47.29819],[7.85819,47.30093],[7.85959,47.30343],[7.86076,47.30613],[7.86118,47.30657],[7.86289,47.30834]],[[7.63871,47.23715],[7.63979,47.23726],[7.64096,47.23746],[7.6444,47.23824],[7.64641,47.23874],[7.64758,47.23897],[7.64874,47.23916]],[[7.60989,47.23254],[7.61522,47.23167],[7.61796,47.23117],[7.61911,47.23104],[7.62044,47.23101],[7.62163,47.23109],[7.62268,47.23129],[7.62365,47.23164],[7.62486,47.23217],[7.62581,47.23266],[7.6266,47.23312],[7.62724,47.23357],[7.62858,47.23476],[7.62978,47.23562],[7.63039,47.23597],[7.63101,47.23627],[7.63158,47.23649],[7.63314,47.23685],[7.635,47.23709],[7.63681,47.23719],[7.63871,47.23715]],[[7.48538,47.19892],[7.48506,47.19983],[7.48506,47.20235],[7.48535,47.20325],[7.48596,47.20401],[7.48691,47.20487],[7.48796,47.2055],[7.48928,47.20604],[7.49087,47.20631],[7.49245,47.20631],[7.49404,47.20604],[7.49562,47.2054],[7.49773,47.20396],[7.50076,47.20144],[7.503,47.1991],[7.50432,47.19829],[7.50617,47.19775],[7.5114,47.19788],[7.51388,47.19779]],[[7.51388,47.19779],[7.51748,47.19748],[7.52105,47.19773],[7.52414,47.19832],[7.5279,47.19948],[7.52976,47.20044],[7.53169,47.20197],[7.5336,47.204],[7.53458,47.20561],[7.53483,47.20601],[7.53562,47.20655],[7.53615,47.20682],[7.53786,47.20727],[7.54156,47.20789],[7.54283,47.20812],[7.545,47.20834],[7.54764,47.20834],[7.54843,47.20843],[7.55028,47.20905],[7.5512,47.20977],[7.55147,47.21013],[7.55329,47.21336]],[[7.43505,47.18652],[7.43701,47.18671],[7.4378,47.18662],[7.43859,47.18635],[7.43919,47.18591],[7.44049,47.1834],[7.44102,47.18203],[7.44163,47.18124],[7.44268,47.18079],[7.44392,47.18069],[7.44537,47.181],[7.44944,47.18309],[7.45083,47.18435],[7.45139,47.18567],[7.4513,47.18662],[7.44928,47.1899],[7.44928,47.19031],[7.44955,47.19084],[7.45008,47.19111],[7.4506,47.19111],[7.45113,47.19102],[7.45245,47.19048],[7.45324,47.1903],[7.45509,47.19019]],[[7.40633,47.16404],[7.4109,47.16349],[7.41195,47.16358],[7.41433,47.16448],[7.41564,47.16538],[7.41683,47.16664],[7.41736,47.1679],[7.41775,47.16988],[7.41868,47.17186],[7.4196,47.17258],[7.42082,47.17307],[7.42187,47.17338],[7.42461,47.17419],[7.42717,47.17419],[7.42987,47.17542],[7.4313,47.17612],[7.43257,47.17715],[7.4327,47.17875],[7.43253,47.18035],[7.43187,47.1825]],[[7.66977,47.23791],[7.6704,47.23793],[7.67199,47.2382],[7.67463,47.23819],[7.67575,47.23801],[7.67911,47.23701],[7.67964,47.23692],[7.68193,47.23686],[7.68308,47.23683],[7.68413,47.23664],[7.68703,47.23565],[7.68783,47.23547],[7.68941,47.23519],[7.69238,47.235],[7.69522,47.23487],[7.69746,47.23473],[7.70158,47.23391],[7.70799,47.23252],[7.71055,47.23161],[7.71453,47.2295]],[[7.65657,47.23852],[7.65759,47.23822],[7.65878,47.23777],[7.66036,47.23723],[7.66194,47.23687],[7.66274,47.23678],[7.66367,47.23675],[7.66485,47.23677],[7.66644,47.23704],[7.66749,47.2374],[7.66896,47.23773]],[[7.45509,47.19019],[7.45826,47.19021],[7.46037,47.19039],[7.46612,47.19131],[7.47185,47.19195],[7.47672,47.19224],[7.47835,47.19248]],[[7.8996,47.32178],[7.89898,47.32215],[7.89846,47.32255],[7.89798,47.32301],[7.8976,47.32349],[7.89729,47.324],[7.89708,47.32452],[7.89701,47.32482],[7.89694,47.3256],[7.89698,47.32632],[7.8971,47.327],[7.89733,47.3277],[7.89764,47.32838],[7.89808,47.32916],[7.89984,47.33191],[7.90025,47.3326],[7.90333,47.33654],[7.90587,47.33887],[7.90747,47.34012],[7.90813,47.34084],[7.9084,47.34138],[7.90801,47.34294]],[[7.47251,46.92657],[7.47135,46.92736],[7.46447,46.93194],[7.46277,46.93338],[7.46198,46.93464],[7.46158,46.93554],[7.4608,46.93608],[7.45975,46.93644],[7.45922,46.93653],[7.45791,46.93635],[7.45449,46.93509],[7.4533,46.9346],[7.45239,46.93446],[7.44976,46.93446],[7.44845,46.93491],[7.44635,46.93653],[7.44543,46.93779],[7.44542,46.94022],[7.44552,46.94123],[7.44576,46.94217]],[[7.52337,46.90574],[7.52238,46.90645],[7.52108,46.90716],[7.51138,46.91197],[7.50938,46.9131],[7.5074,46.91456],[7.5059,46.91601],[7.50348,46.91871],[7.50271,46.91945],[7.50188,46.92006],[7.50038,46.92079],[7.48616,46.92694],[7.48461,46.92735],[7.4836,46.92746],[7.48256,46.92737],[7.48189,46.92722],[7.48108,46.92699],[7.4802,46.92646],[7.47694,46.92465],[7.47618,46.92455],[7.47548,46.92462],[7.47472,46.92483],[7.47395,46.92539],[7.47251,46.92657]],[[7.46526,46.97729],[7.46168,46.97792],[7.45631,46.97862],[7.45585,46.97881],[7.45532,46.97927],[7.45494,46.97974],[7.45475,46.98026],[7.45473,46.98166],[7.45461,46.98255],[7.45396,46.98411],[7.45352,46.98554],[7.45328,46.98682],[7.45316,46.99049],[7.4531,46.991],[7.45293,46.99128],[7.45255,46.99153],[7.45208,46.99161],[7.45113,46.9916]],[[7.8817,47.31282],[7.88271,47.31256],[7.88366,47.31242],[7.88452,47.31236],[7.88528,47.31236],[7.88598,47.31243],[7.88662,47.31257],[7.8872,47.31278],[7.88775,47.31307],[7.8884,47.31351],[7.88889,47.31402]],[[7.88889,47.31402],[7.88939,47.31474],[7.89024,47.31608],[7.89197,47.31717]],[[7.47835,47.19248],[7.48314,47.19333],[7.48471,47.19387],[7.48603,47.19473],[7.48673,47.19569],[7.48681,47.19688],[7.4865,47.19771],[7.48538,47.19892]],[[8.0415,47.39634],[8.04325,47.3967],[8.04535,47.39718],[8.04694,47.39749]],[[7.99639,47.3717],[7.9982,47.37398],[7.9996,47.376],[8.00012,47.3769],[8.00053,47.37772],[8.00082,47.37846],[8.00142,47.38062],[8.00208,47.38245],[8.00265,47.38361],[8.00294,47.38405],[8.0037,47.38485],[8.00478,47.38576],[8.00591,47.38651],[8.007,47.38705],[8.00812,47.38743],[8.00922,47.38761],[8.00976,47.38764],[8.01029,47.38761],[8.01082,47.38754],[8.01134,47.38742],[8.01185,47.38725],[8.01239,47.38702]],[[8.02848,47.39453],[8.03136,47.39434]],[[7.96529,47.36716],[7.96552,47.36756],[7.96576,47.36787],[7.96604,47.36811],[7.96636,47.36831],[7.96675,47.36846],[7.96723,47.36859],[7.96868,47.3688],[7.9704,47.36887],[7.97209,47.36883],[7.97354,47.3687],[7.97483,47.36844],[7.97838,47.36747],[7.98132,47.36651],[7.98336,47.36576],[7.98507,47.36511],[7.98631,47.36471],[7.98776,47.36439],[7.98926,47.36418],[7.99068,47.3641],[7.99187,47.36415],[7.99285,47.36433],[7.99325,47.36447],[7.99358,47.36463],[7.99386,47.36482],[7.99406,47.36504]],[[8.06666,47.40752],[8.06695,47.40854],[8.06776,47.4098],[8.06847,47.41041]],[[8.13986,47.41432],[8.14281,47.41472],[8.14404,47.41496],[8.14459,47.41514],[8.14506,47.41535],[8.14545,47.4156],[8.14577,47.4159]],[[7.99406,47.36504],[7.99525,47.36732],[7.99639,47.3717]],[[8.03136,47.39434],[8.03313,47.39433],[8.03658,47.39476],[8.04004,47.39573],[8.0415,47.39634]],[[8.01239,47.38702],[8.01443,47.38571],[8.01523,47.38526],[8.01596,47.38491],[8.01663,47.38465],[8.01724,47.38449],[8.01778,47.38442],[8.01825,47.38445],[8.01938,47.38486],[8.02016,47.38524],[8.02064,47.38553],[8.02102,47.38583],[8.02128,47.38611],[8.02279,47.38936],[8.02384,47.39144],[8.0247,47.39287],[8.02503,47.39329],[8.02547,47.39359],[8.02666,47.3941],[8.02762,47.39439],[8.02848,47.39453]],[[8.06847,47.41041],[8.07043,47.41126],[8.07145,47.41155],[8.07229,47.41175],[8.07414,47.41192],[8.07626,47.41191],[8.07732,47.41181],[8.07917,47.41144],[8.08076,47.41144],[8.08223,47.41179],[8.08333,47.41237],[8.08409,47.41268],[8.08516,47.41312],[8.08649,47.41338],[8.08808,47.41355],[8.09073,47.41363],[8.09842,47.4137],[8.10505,47.41369],[8.10721,47.41359],[8.10986,47.41348],[8.11302,47.41298]],[[8.11408,47.41282],[8.11826,47.41216],[8.11914,47.41206],[8.12,47.41202],[8.12116,47.41202],[8.1225,47.41209],[8.12612,47.41248],[8.13986,47.41432]],[[7.57171,46.80152],[7.57067,46.80304],[7.57041,46.80376],[7.57015,46.80771],[7.56965,46.80909]],[[7.57123,46.82044],[7.57082,46.8218],[7.57022,46.82312],[7.56677,46.82862],[7.56312,46.83397],[7.56108,46.83757],[7.55963,46.84043],[7.55905,46.84205],[7.55706,46.85117],[7.55654,46.85358],[7.55612,46.85502],[7.55497,46.85697],[7.55039,46.86365],[7.54725,46.86843],[7.54365,46.87412],[7.54212,46.87708],[7.54097,46.8805],[7.53871,46.88888],[7.53785,46.89128],[7.53694,46.89267],[7.53583,46.89418],[7.53395,46.89633],[7.53168,46.89848],[7.52851,46.9015],[7.52523,46.9042],[7.52337,46.90574]],[[7.56965,46.80909],[7.5695,46.81014],[7.56964,46.81068],[7.5699,46.8114],[7.5703,46.81194],[7.57076,46.81299],[7.57159,46.81499],[7.57188,46.81671],[7.57186,46.8179],[7.5716,46.81905],[7.57123,46.82044]],[[7.90804,47.36054],[7.90964,47.36288],[7.91314,47.36647],[7.91562,47.36872],[7.91697,47.36965],[7.9181,47.37012],[7.91879,47.37026],[7.91976,47.37025],[7.92035,47.37008],[7.92108,47.36947],[7.92166,47.36855],[7.92244,47.36697]],[[7.92244,47.36697],[7.92415,47.36339],[7.92467,47.36264],[7.92545,47.36199],[7.92983,47.35909],[7.93057,47.35881],[7.93161,47.35859],[7.93251,47.35856],[7.9339,47.35871],[7.93667,47.35917],[7.93899,47.35971],[7.94189,47.36035],[7.94453,47.36063],[7.94723,47.36056],[7.94945,47.36018],[7.95363,47.35869],[7.95755,47.35705],[7.95839,47.35669],[7.95963,47.35618],[7.96059,47.35585],[7.96141,47.35565],[7.96216,47.35555],[7.96289,47.35555],[7.96363,47.35566],[7.96439,47.35589],[7.96524,47.35624],[7.96584,47.35661],[7.96637,47.35703],[7.9668,47.3575],[7.9671,47.35801],[7.96726,47.35852],[7.96727,47.35905],[7.9666,47.36045],[7.96586,47.36171],[7.96548,47.36249],[7.96508,47.36355],[7.96483,47.36458],[7.96477,47.36533],[7.96482,47.366],[7.96499,47.36661],[7.96529,47.36716]],[[7.89197,47.31717],[7.89322,47.31759]],[[7.30295,47.13165],[7.30414,47.13256],[7.30861,47.13572],[7.31045,47.13662],[7.31292,47.13736],[7.31607,47.13796],[7.31857,47.13843],[7.32609,47.1408],[7.33466,47.14341]],[[7.34709,47.14412],[7.34973,47.14403],[7.36336,47.14351],[7.36943,47.14298]],[[7.26259,46.98069],[7.26311,46.98116],[7.26346,46.98174],[7.26361,46.98236],[7.26353,46.98299],[7.26326,46.98362],[7.26279,46.98424],[7.26212,46.98486],[7.26126,46.98546],[7.25837,46.98711]],[[7.45113,46.9916],[7.45019,46.99137],[7.44912,46.99068],[7.44859,46.98996],[7.44833,46.98924],[7.44813,46.98808],[7.44806,46.98709],[7.44767,46.98583],[7.44701,46.98493],[7.44601,46.98407],[7.44492,46.98312],[7.44302,46.98223],[7.44247,46.9818],[7.44227,46.9815],[7.44232,46.98115],[7.44262,46.98062],[7.44299,46.9802],[7.44349,46.97992],[7.44414,46.97979],[7.44513,46.97978],[7.44582,46.97983],[7.44655,46.98017],[7.44724,46.98043],[7.44788,46.98053],[7.44858,46.9805],[7.44914,46.98022],[7.44983,46.9794],[7.45004,46.97862],[7.4498,46.97768],[7.44921,46.977],[7.44831,46.9764],[7.44764,46.97617],[7.44699,46.97613],[7.44654,46.97623],[7.44554,46.97715],[7.44463,46.97793],[7.44373,46.97836],[7.44316,46.97837],[7.44238,46.9782],[7.44145,46.97767],[7.44116,46.97735],[7.4407,46.97674],[7.44031,46.97584],[7.44007,46.97179],[7.43991,46.97078],[7.43947,46.96993],[7.43838,46.96954],[7.43734,46.96957],[7.43658,46.96983],[7.43601,46.97022],[7.43521,46.97117],[7.43471,46.97256],[7.43439,46.97332],[7.434,46.97386],[7.43295,46.97458],[7.43108,46.97523],[7.43003,46.97527],[7.42912,46.97513],[7.42703,46.97467],[7.42559,46.97422],[7.42414,46.97359],[7.42256,46.97305],[7.42204,46.97296],[7.41921,46.97283]],[[7.89322,47.31759],[7.89716,47.32019],[7.89811,47.32059],[7.89886,47.321],[7.89937,47.3214],[7.8996,47.32178]],[[7.60393,46.77564],[7.59684,46.78756],[7.59456,46.79121],[7.59194,46.79448],[7.59187,46.79457],[7.59046,46.79554],[7.5901,46.79579],[7.58709,46.79729],[7.58415,46.79822],[7.58048,46.79943],[7.57446,46.80051],[7.57263,46.80105],[7.57171,46.80152]],[[7.57418,47.22303],[7.57578,47.22453],[7.57647,47.22508],[7.57716,47.22554],[7.57789,47.22596],[7.57866,47.22632],[7.57951,47.22665],[7.58046,47.22696],[7.58911,47.22955]],[[7.25895,46.97844],[7.25904,46.97861],[7.26147,46.98007],[7.26259,46.98069]],[[7.2738,47.03271],[7.2741,47.03312],[7.27432,47.03353],[7.27447,47.03396],[7.27456,47.03443],[7.27457,47.03536],[7.27433,47.03742]],[[7.24078,47.00452],[7.24115,47.00538],[7.24254,47.00623],[7.24409,47.00689],[7.2454,47.00725],[7.25355,47.00862],[7.25513,47.00898],[7.2567,47.00952],[7.25775,47.01006],[7.2588,47.01096],[7.25972,47.01222],[7.25985,47.01258],[7.25985,47.01402],[7.25945,47.01492],[7.25826,47.01654],[7.25615,47.0187],[7.25549,47.01941],[7.25496,47.02013],[7.25495,47.02103],[7.25522,47.02175],[7.25561,47.02229],[7.25639,47.02301],[7.26007,47.02545],[7.26427,47.02734],[7.26793,47.02898],[7.26946,47.02973],[7.27078,47.03044],[7.27187,47.03109],[7.27274,47.03169],[7.27338,47.03223],[7.2738,47.03271]],[[7.27332,47.0391],[7.27213,47.04107],[7.27072,47.04243],[7.27003,47.04314],[7.26931,47.0438],[7.26855,47.0444],[7.26776,47.04495],[7.26693,47.04544],[7.26605,47.04587],[7.26514,47.04626],[7.26418,47.04659],[7.2632,47.04687],[7.26218,47.0471],[7.26109,47.04728],[7.25993,47.04743],[7.2574,47.0476],[7.25401,47.04766],[7.21763,47.0476]],[[7.5912,47.23039],[7.59391,47.23131],[7.59602,47.23185],[7.59813,47.23221],[7.60263,47.23265],[7.60381,47.23269],[7.60831,47.23269],[7.60989,47.23254]],[[7.28598,46.96967],[7.28654,46.971],[7.2868,46.97214],[7.28656,46.97274],[7.28618,46.97329],[7.28564,46.97383],[7.28494,46.97436],[7.28399,46.97492],[7.28292,46.97542],[7.28202,46.97576],[7.28148,46.97592],[7.28095,46.97603],[7.28039,46.97609],[7.27982,46.97609],[7.27918,46.97605],[7.27856,46.97596],[7.27725,46.97564],[7.27594,46.97515],[7.27459,46.9745],[7.27347,46.97385],[7.27239,46.97311],[7.27108,46.9723],[7.27044,46.97198],[7.26984,46.97175],[7.26922,46.97156],[7.26861,46.97144],[7.26804,46.9714],[7.26758,46.97143],[7.26663,46.97161],[7.26583,46.97184],[7.26506,46.97213],[7.26438,46.97246],[7.26358,46.97301],[7.26226,46.97426],[7.26118,46.97501],[7.25954,46.97598],[7.25884,46.97672],[7.25852,46.97763],[7.25895,46.97844]],[[8.20071,47.48586],[8.2031,47.4867],[8.2045,47.48706],[8.2051,47.48723],[8.20563,47.48732],[8.20629,47.48742],[8.20722,47.4874],[8.20821,47.48743],[8.20895,47.48747],[8.21258,47.48728]],[[8.2228,47.59808],[8.2224,47.59879],[8.22218,47.59957],[8.22214,47.60042],[8.22228,47.60136],[8.22252,47.60218],[8.22287,47.60312],[8.22449,47.60667],[8.22513,47.60824]],[[8.22943,47.5291],[8.22805,47.53174],[8.22754,47.53278],[8.22614,47.53692],[8.22618,47.53882],[8.22645,47.54007],[8.22672,47.54061],[8.22726,47.54114],[8.23004,47.54299],[8.23116,47.544],[8.23183,47.54471],[8.23198,47.54597],[8.23186,47.54652],[8.23134,47.54741],[8.2303,47.54868],[8.22885,47.54977],[8.22808,47.55039]],[[8.23415,47.51303],[8.2346,47.51672],[8.23438,47.51993],[8.23389,47.52212],[8.23337,47.5232],[8.23038,47.52745],[8.22943,47.5291]],[[8.23614,47.5075],[8.23595,47.50957],[8.2348,47.51231],[8.23415,47.51303]],[[8.19367,47.48259],[8.19398,47.48305],[8.1947,47.48379],[8.19643,47.48459],[8.19737,47.48494],[8.19883,47.4852],[8.20071,47.48586]],[[8.21258,47.48728],[8.21465,47.48681],[8.21597,47.48653],[8.21782,47.48634],[8.22074,47.48632],[8.2226,47.48657],[8.225,47.4871],[8.22767,47.48798],[8.23001,47.48892]],[[8.22584,47.59547],[8.2239,47.59692],[8.22331,47.59748],[8.2228,47.59808]],[[8.16268,47.41986],[8.16373,47.42165],[8.16375,47.42327],[8.16356,47.42419],[8.16313,47.42633],[8.16318,47.43029],[8.16268,47.43263],[8.16271,47.43497],[8.16313,47.43623],[8.16503,47.43927],[8.16599,47.44161],[8.16591,47.44399],[8.16477,47.44774],[8.16417,47.45107]],[[8.16567,47.46631],[8.16639,47.46677],[8.1679,47.46749],[8.16938,47.46795],[8.17046,47.46811],[8.17312,47.46873],[8.17632,47.46979],[8.18273,47.47289],[8.18433,47.47324],[8.18566,47.47323],[8.18804,47.47277],[8.18963,47.47276],[8.19096,47.47311],[8.19203,47.47364],[8.19378,47.47507],[8.19445,47.47597],[8.19473,47.47668],[8.19474,47.47958],[8.19367,47.48259]],[[8.14577,47.4159],[8.15,47.41571],[8.15573,47.41663],[8.15637,47.41675],[8.15797,47.4171],[8.16036,47.41798],[8.16155,47.41894],[8.16268,47.41986]],[[7.63944,46.74806],[7.63849,46.74844],[7.6369,46.74986],[7.63638,46.75058],[7.63623,46.75102]],[[8.13514,46.74566],[8.10523,46.7478],[8.10114,46.74775],[8.09702,46.74738],[8.09309,46.74674],[8.08893,46.74612],[8.08604,46.74584],[8.07669,46.74461],[8.074,46.74431],[8.07243,46.74423],[8.06817,46.74418],[8.05967,46.74421],[8.05282,46.74404],[8.04835,46.74382]],[[8.19184,46.72366],[8.18728,46.72428],[8.18213,46.72476]],[[8.21228,46.72125],[8.2118,46.72125],[8.21076,46.72103],[8.21019,46.72107],[8.20976,46.72129],[8.20897,46.72195],[8.20847,46.72213],[8.20775,46.72227],[8.20311,46.72234],[8.20067,46.72241],[8.19823,46.72264],[8.19184,46.72366]],[[8.18213,46.72476],[8.17898,46.72577],[8.17664,46.72678],[8.17287,46.72878],[8.15897,46.73675],[8.14798,46.74273],[8.14558,46.74386],[8.14317,46.74467],[8.14082,46.74519],[8.13869,46.74545],[8.13514,46.74566]],[[8.22808,47.55039],[8.22728,47.55113],[8.2265,47.55257],[8.22653,47.55419],[8.22708,47.55545],[8.22802,47.5567],[8.22937,47.55795],[8.23125,47.55911],[8.23258,47.55946],[8.23871,47.5604],[8.23972,47.56056]],[[8.23637,47.50376],[8.23629,47.50546],[8.23614,47.5075]],[[8.23785,47.49896],[8.237,47.49961],[8.23621,47.50033],[8.23556,47.50124],[8.23557,47.5016],[8.23625,47.50285],[8.23637,47.50376]],[[8.23001,47.48892],[8.23516,47.4918],[8.23667,47.4931],[8.23836,47.4945]],[[8.22605,46.70936],[8.2198,46.71228],[8.21921,46.71258],[8.21862,46.71305],[8.21804,46.71366],[8.21699,46.71541],[8.21596,46.71699],[8.21557,46.7177],[8.21502,46.71893],[8.21468,46.71954],[8.21403,46.72026],[8.21299,46.72102],[8.21228,46.72125]],[[8.33593,46.58014],[8.33396,46.58127],[8.33301,46.58236],[8.33251,46.58363],[8.33122,46.5854],[8.32872,46.58723],[8.32698,46.5898]],[[8.32698,46.5898],[8.32656,46.59034]],[[8.32656,46.59034],[8.32622,46.59086]],[[7.35445,46.96668],[7.34959,46.96443],[7.34655,46.96359],[7.34409,46.96374],[7.34043,46.96458],[7.33661,46.96498],[7.33034,46.96523],[7.32648,46.96525],[7.32443,46.9659],[7.32237,46.96712],[7.32064,46.96793],[7.31859,46.96811],[7.31681,46.96808],[7.31424,46.96758],[7.3116,46.96651],[7.30941,46.96564],[7.30704,46.96561],[7.30444,46.96592],[7.30161,46.96707],[7.29946,46.96856],[7.2978,46.97046],[7.29634,46.97118],[7.2947,46.97142],[7.29296,46.97099]],[[7.3797,46.96336],[7.37901,46.9625],[7.37809,46.96188],[7.37693,46.96152],[7.37566,46.96148],[7.37404,46.96161],[7.37263,46.96207],[7.3717,46.96276],[7.37102,46.96364],[7.37049,46.96552],[7.36959,46.96738],[7.36793,46.968],[7.36557,46.96826],[7.36353,46.96811],[7.35712,46.96735],[7.35445,46.96668]],[[7.24034,47.00399],[7.24078,47.00452]],[[7.16669,47.08242],[7.17219,47.08357]],[[7.17219,47.08357],[7.17668,47.08563]],[[7.17664,47.06255],[7.17312,47.06352],[7.16669,47.08242]],[[7.17668,47.08563],[7.20793,47.11167],[7.22559,47.12744]],[[7.24661,46.99726],[7.24496,46.99874],[7.24145,47.00237],[7.24063,47.00337],[7.24034,47.00399]],[[7.22559,47.12744],[7.22951,47.12526]],[[7.29296,46.97099],[7.29175,46.96924],[7.29002,46.96802],[7.28778,46.96708],[7.28642,46.96714],[7.28564,46.96786],[7.28545,46.96873],[7.28598,46.96967]],[[7.25837,46.98711],[7.25596,46.98769],[7.25404,46.98848],[7.25066,46.99284],[7.24685,46.99705],[7.24661,46.99726]],[[7.41921,46.97283],[7.41682,46.97245],[7.41256,46.97109],[7.41022,46.97061],[7.40761,46.97038],[7.40144,46.97048],[7.39937,46.9701],[7.39759,46.96956],[7.39494,46.96848],[7.39226,46.96827],[7.38808,46.96816],[7.38477,46.9679],[7.38306,46.96754],[7.3817,46.96678],[7.38067,46.96563],[7.38007,46.96431],[7.3797,46.96336]],[[7.828,46.66867],[7.82336,46.66902]],[[7.82336,46.66902],[7.81572,46.671]],[[7.81572,46.671],[7.80773,46.67459],[7.80177,46.67519]],[[7.80177,46.67519],[7.79511,46.67541]],[[7.7819,46.67173],[7.7792,46.67106]],[[7.7792,46.67106],[7.77466,46.67088]],[[7.77466,46.67088],[7.76268,46.67028]],[[7.79298,46.67516],[7.7819,46.67173]],[[7.79511,46.67541],[7.79298,46.67516]],[[7.64092,46.73923],[7.63944,46.74806]],[[7.65281,46.72623],[7.64357,46.73458],[7.64092,46.73923]],[[7.66317,46.72113],[7.65281,46.72623]],[[7.68199,46.70844],[7.66317,46.72113]],[[7.76268,46.67028],[7.74271,46.6758],[7.72484,46.68771]],[[7.72484,46.68771],[7.70466,46.69766]],[[7.70466,46.69766],[7.70065,46.69953],[7.69421,46.70261]],[[7.69421,46.70261],[7.68199,46.70844]],[[7.95475,46.71896],[7.92238,46.70179]],[[7.92238,46.70179],[7.90911,46.69757],[7.90028,46.69681]],[[8.04301,46.74428],[8.03599,46.74623]],[[8.03599,46.74623],[8.03224,46.74703]],[[8.03224,46.74703],[8.02848,46.74762]],[[8.02848,46.74762],[8.02031,46.74834]],[[8.02031,46.74834],[8.01507,46.74769]],[[8.01507,46.74769],[8.01014,46.74614]],[[8.01014,46.74614],[7.99996,46.7427]],[[7.99996,46.7427],[7.98319,46.73413]],[[7.98319,46.73413],[7.95475,46.71896]],[[8.04835,46.74382],[8.04301,46.74428]],[[7.90028,46.69681],[7.89061,46.69494],[7.88553,46.69536]],[[8.25367,47.57452],[8.25207,47.57593],[8.24801,47.57863],[8.24003,47.58322],[8.22584,47.59547]],[[7.64874,47.23916],[7.65138,47.24036],[7.6533,47.24094],[7.65409,47.24101],[7.65668,47.24129],[7.65906,47.24146],[7.66223,47.24146],[7.6646,47.24109],[7.66532,47.24096],[7.6667,47.24],[7.66977,47.23791]],[[8.02299,47.39384],[8.02319,47.39393],[8.02439,47.39482],[8.02493,47.39509],[8.02652,47.39544],[8.02809,47.39564]],[[8.01239,47.38702],[8.01358,47.38707],[8.01465,47.38718],[8.01563,47.38734],[8.0165,47.38754],[8.01728,47.38781],[8.01796,47.38812],[8.01854,47.38849],[8.01901,47.3889],[8.02299,47.39384]],[[8.11408,47.41282],[8.11585,47.41306],[8.11695,47.41316],[8.11811,47.41318],[8.12052,47.41309],[8.12255,47.41319],[8.12585,47.41356],[8.13022,47.41421],[8.13253,47.41464],[8.13497,47.41505],[8.13875,47.41557],[8.14084,47.41578],[8.1427,47.41591],[8.14432,47.41595],[8.14518,47.41592],[8.14577,47.4159]],[[7.92244,47.36697],[7.92383,47.36666],[7.92488,47.36641],[7.92936,47.36422],[7.93336,47.36248],[7.93494,47.36194],[7.93628,47.36182],[7.93989,47.36187],[7.94539,47.36211],[7.9483,47.36225],[7.95058,47.36253],[7.95313,47.36316],[7.95465,47.36367],[7.95591,47.36439],[7.95843,47.36647],[7.96015,47.36791],[7.96062,47.36822],[7.96129,47.36854],[7.96196,47.36878],[7.96273,47.36896],[7.96884,47.37012],[7.97131,47.37047],[7.97286,47.37063],[7.97512,47.37073],[7.97926,47.37034],[7.98037,47.37016]],[[8.19138,47.48028],[8.19241,47.48165],[8.19308,47.48218],[8.19367,47.48259]],[[8.16417,47.45107],[8.16308,47.45224],[8.16251,47.45292]],[[8.17209,47.47067],[8.17276,47.47089],[8.17702,47.47257],[8.18262,47.47451],[8.18689,47.47628],[8.1885,47.47717],[8.18957,47.47807],[8.19025,47.47878],[8.19052,47.47932],[8.19079,47.4795],[8.19138,47.48028]],[[8.16251,47.45292],[8.16061,47.45576],[8.15997,47.45757],[8.15976,47.4588],[8.15958,47.46133],[8.16059,47.46395],[8.16169,47.46524],[8.16475,47.46752],[8.16875,47.46938],[8.17116,47.47031]],[[8.23614,47.5075],[8.23512,47.50807],[8.23448,47.50863],[8.2339,47.50951],[8.23363,47.51119],[8.23368,47.51211],[8.23415,47.51303]],[[7.8817,47.31282],[7.88353,47.31337],[7.88413,47.31347],[7.88439,47.3135],[7.88528,47.31358],[7.88607,47.31375],[7.88678,47.31404],[7.88703,47.31421],[7.88811,47.31546],[7.8889,47.31625],[7.88953,47.31674],[7.89004,47.31697],[7.89056,47.31709],[7.89128,47.31717],[7.89197,47.31717]],[[8.23801,47.50335],[8.23637,47.50376]],[[8.23785,47.49896],[8.2382,47.49969],[8.23815,47.50086],[8.23803,47.50212],[8.23801,47.50335]],[[7.78662,47.25802],[7.79234,47.26146],[7.79393,47.26254],[7.79939,47.26774],[7.80071,47.26863],[7.80204,47.26917],[7.80283,47.26943],[7.80416,47.26961],[7.80521,47.26952],[7.80574,47.26934],[7.806,47.26915],[7.80613,47.26879],[7.80612,47.267],[7.80625,47.26664],[7.80651,47.26627],[7.8073,47.26573],[7.81046,47.26428],[7.8131,47.26337],[7.81521,47.26292],[7.81653,47.26291],[7.81759,47.26309],[7.81891,47.26354],[7.82183,47.26524],[7.82383,47.26624],[7.82575,47.26699]],[[7.25923,47.11991],[7.26051,47.1195],[7.26498,47.11771],[7.26829,47.11753],[7.27071,47.11788],[7.27287,47.11846],[7.27574,47.11966],[7.28146,47.1227],[7.28283,47.1234],[7.28585,47.12447],[7.29376,47.12633],[7.29586,47.12708],[7.29724,47.12784],[7.30295,47.13165]],[[7.45947,46.95015],[7.45946,46.95057],[7.45913,46.95123],[7.45857,46.95155],[7.45804,46.95173],[7.45699,46.95173],[7.45305,46.95128],[7.452,46.95128],[7.45022,46.95154],[7.44819,46.95199],[7.44659,46.95271],[7.44471,46.95377],[7.4434,46.95486],[7.44257,46.95579],[7.44231,46.95638],[7.44221,46.95741],[7.44264,46.95912],[7.44378,46.96248],[7.44524,46.96573],[7.44616,46.96721]],[[7.88553,46.69536],[7.88265,46.69537],[7.87846,46.69494],[7.87532,46.69459],[7.87435,46.69441],[7.87192,46.69397],[7.87021,46.69326],[7.86785,46.6921],[7.86664,46.69172],[7.86574,46.69156],[7.86298,46.69129],[7.8596,46.69096],[7.85699,46.69079],[7.85489,46.69026],[7.85384,46.68972],[7.85305,46.689],[7.85251,46.68763]],[[7.61926,46.76321],[7.61824,46.76316],[7.61741,46.76312],[7.61671,46.76308],[7.61656,46.76312],[7.61525,46.76345],[7.61427,46.76409],[7.61228,46.76661],[7.61105,46.76808],[7.60964,46.76899],[7.60853,46.7697],[7.60811,46.77009],[7.60785,46.77034],[7.60656,46.77156],[7.60584,46.77241],[7.60393,46.77564]],[[7.84817,46.68308],[7.84743,46.68251],[7.84653,46.6817],[7.84322,46.67827],[7.84195,46.67716],[7.84046,46.67609],[7.83815,46.67464],[7.828,46.66867]],[[8.05383,47.40081],[8.05601,47.40397],[8.05714,47.40507],[8.05842,47.4058],[8.06003,47.4062],[8.06273,47.40613],[8.0646,47.40623],[8.06559,47.40664],[8.06666,47.40752]],[[8.22808,47.55039],[8.23102,47.55263],[8.23264,47.55406],[8.2352,47.55674],[8.23668,47.55799],[8.23923,47.55977]],[[7.86289,47.30834],[7.86375,47.30888],[7.86466,47.30925],[7.86582,47.30951],[7.86834,47.3099],[7.86914,47.31009],[7.8699,47.31032],[7.87053,47.31057],[7.8711,47.31085],[7.87154,47.31114],[7.87227,47.31176],[7.87296,47.3122],[7.87366,47.31254],[7.87446,47.31284],[7.87534,47.31307],[7.8763,47.31321],[7.87723,47.31325],[7.87825,47.31321]],[[7.44576,46.94217],[7.44582,46.94246],[7.44661,46.94552],[7.44727,46.94642],[7.44753,46.94653],[7.44899,46.9468],[7.45055,46.94678],[7.45528,46.94669]],[[8.05128,47.40165],[8.05397,47.40466],[8.05627,47.40658],[8.05702,47.40684],[8.05959,47.40723],[8.06128,47.40762]],[[8.02967,47.39573],[8.03235,47.39586],[8.03607,47.3962],[8.03951,47.39645],[8.0415,47.39634]],[[7.17838,47.06141],[7.17664,47.06255]],[[7.44616,46.96721],[7.44712,46.96875],[7.4491,46.97129],[7.45003,46.97193],[7.45112,46.97235],[7.45225,46.97264],[7.4537,46.97282],[7.45556,46.97277],[7.45911,46.9725],[7.46049,46.97263],[7.46266,46.97316],[7.46433,46.9738],[7.46533,46.97439],[7.46647,46.9754],[7.4669,46.97595],[7.4669,46.97626],[7.46662,46.97667],[7.46619,46.977],[7.46526,46.97729]],[[7.63623,46.75102],[7.63639,46.75355],[7.636,46.75463],[7.63496,46.75607],[7.63261,46.75833],[7.63188,46.75888],[7.63087,46.7592],[7.62925,46.75999],[7.62817,46.76093],[7.62673,46.76193],[7.62621,46.76229],[7.6249,46.76293],[7.62359,46.76322]],[[8.04694,47.39749],[8.04846,47.39767],[8.04959,47.3979],[8.05118,47.39856],[8.05244,47.39944],[8.05383,47.40081]],[[8.04694,47.39749],[8.04793,47.39829],[8.04915,47.3994],[8.05128,47.40165]],[[7.45528,46.94669],[7.45581,46.94678],[7.45844,46.94777],[7.45922,46.94831],[7.45953,46.94872],[7.45947,46.95015]],[[7.85116,46.68502],[7.85068,46.68458],[7.84922,46.68353],[7.84817,46.68308]],[[7.85251,46.68763],[7.85199,46.68631],[7.85116,46.68502]],[[7.87825,47.31321],[7.8817,47.31282]],[[7.25553,47.12069],[7.25803,47.12023]],[[8.02809,47.39564],[8.02967,47.39573]],[[7.25803,47.12023],[7.25923,47.11991]],[[8.23923,47.55977],[8.23961,47.5603],[8.23972,47.56056]],[[7.17994,47.06047],[7.17948,47.06075],[7.17838,47.06141]],[[7.78606,47.25765],[7.78662,47.25802]],[[7.58911,47.22955],[7.5912,47.23039]],[[7.71923,47.22773],[7.72107,47.22783],[7.72477,47.22845],[7.72768,47.22854],[7.73005,47.22862],[7.73111,47.2288],[7.73296,47.22951],[7.73347,47.2301],[7.73381,47.23063]],[[7.98037,47.37016],[7.98524,47.36938],[7.98684,47.36928],[7.9884,47.36932],[7.99124,47.36973],[7.99347,47.37038],[7.99526,47.37108],[7.99639,47.3717]],[[7.27433,47.03742],[7.27332,47.0391]],[[7.62359,46.76322],[7.62041,46.76327],[7.61986,46.76324],[7.61926,46.76321]],[[8.16417,47.45107],[8.16411,47.45262]],[[8.16411,47.45262],[8.16411,47.45413],[8.16393,47.45607],[8.16341,47.4594],[8.1631,47.46094],[8.16285,47.4618],[8.16276,47.46256],[8.16282,47.46324],[8.16302,47.46384],[8.16335,47.46437],[8.16384,47.4649],[8.16447,47.46542],[8.16567,47.46631]],[[8.26252,46.56763],[8.26489,46.56735],[8.26719,46.56672],[8.28175,46.56155]],[[8.23901,46.56795],[8.24029,46.56756],[8.24128,46.56743],[8.24234,46.56748],[8.24351,46.56763],[8.24534,46.56756],[8.24725,46.56716],[8.24916,46.56706],[8.2505,46.56724],[8.2515,46.56758],[8.253,46.5682],[8.25397,46.56844],[8.25516,46.56849],[8.25726,46.56847],[8.25803,46.56837],[8.25858,46.56797],[8.25918,46.56754],[8.25981,46.56735],[8.2605,46.56729],[8.2613,46.56753],[8.26178,46.56762],[8.26252,46.56763]],[[7.33466,47.14341],[7.33549,47.14366]],[[8.11302,47.41298],[8.11408,47.41282]],[[8.17116,47.47031],[8.17209,47.47067]],[[8.31066,46.61467],[8.31025,46.61526]]]}},{"type":"Feature","properties":{"name":"Rhône","aliases":["Rhone","Rotten"],"category":"river","source":"swissTLMRegio 2025"},"geometry":{"type":"MultiLineString","coordinates":[[[5.78229,45.77617],[5.78304,45.77461],[5.78324,45.77304],[5.78329,45.77263],[5.78322,45.7697],[5.78285,45.7675]],[[5.78106,45.77769],[5.78229,45.77617]],[[5.78092,45.78016],[5.78106,45.77769]],[[5.80994,46.03371],[5.80992,46.03326],[5.81021,46.03236],[5.81171,46.02977],[5.81239,46.02861],[5.81267,46.02772],[5.81294,46.02736],[5.81325,46.02575],[5.8129,46.0243],[5.81253,46.02367],[5.81205,46.02267],[5.81055,46.02085],[5.80948,46.02007]],[[5.86699,46.08677],[5.86433,46.08649],[5.86252,46.08647],[5.86187,46.0865],[5.86019,46.08662],[5.85915,46.08678],[5.8581,46.08713],[5.85705,46.08774],[5.85653,46.08791],[5.85136,46.09216],[5.84925,46.09375],[5.8445,46.09683],[5.84356,46.09794],[5.84342,46.09844],[5.84258,46.10058],[5.84217,46.10112],[5.84189,46.10183],[5.84096,46.10272],[5.83901,46.10397]],[[5.83901,46.10397],[5.83623,46.10535],[5.83439,46.10641],[5.83307,46.10702],[5.83151,46.10736],[5.83048,46.10743]],[[5.7756,45.72619],[5.77352,45.72503],[5.77108,45.72406],[5.76941,45.72344]],[[5.77106,45.72662],[5.77059,45.72576],[5.76991,45.72475],[5.76957,45.72411],[5.76941,45.72344]],[[5.82607,45.92455],[5.82804,45.9249],[5.83155,45.92317],[5.83329,45.92177],[5.83437,45.91982],[5.83564,45.91706],[5.83575,45.91548],[5.83542,45.91295],[5.83359,45.90767],[5.83056,45.89904],[5.82899,45.89608],[5.82716,45.89451],[5.82512,45.89256],[5.82471,45.89155],[5.82457,45.89058],[5.82484,45.88908],[5.8252,45.88789],[5.82568,45.88663],[5.82577,45.88551],[5.82543,45.88392],[5.82485,45.88283],[5.82395,45.88152]],[[5.8031,45.852],[5.80144,45.84892],[5.8003,45.84725],[5.79838,45.84449],[5.79697,45.84143],[5.79702,45.8396],[5.79729,45.83889],[5.79822,45.83806],[5.79987,45.83662],[5.79963,45.8362]],[[5.78626,45.80399],[5.78593,45.80126]],[[5.78285,45.7675],[5.78167,45.76601],[5.78075,45.76417],[5.78031,45.76266],[5.78034,45.76166],[5.78065,45.76031],[5.78143,45.75863],[5.78249,45.75707],[5.784,45.75479]],[[5.784,45.75479],[5.78446,45.75232]],[[5.78265,45.78289],[5.7817,45.78126],[5.78092,45.78016]],[[5.78593,45.80126],[5.78467,45.79218],[5.7844,45.79096],[5.7834,45.78608],[5.78265,45.78289]],[[5.71855,45.70944],[5.71763,45.70943],[5.71704,45.70946],[5.71549,45.70979],[5.71328,45.71048],[5.7125,45.71074],[5.71108,45.71116],[5.70926,45.71159],[5.70875,45.71176],[5.70804,45.71199]],[[5.78446,45.75232],[5.78455,45.7471],[5.78418,45.74597],[5.78357,45.74527],[5.78272,45.74479],[5.78105,45.74436],[5.77908,45.74409],[5.77433,45.74384],[5.77293,45.7435],[5.7714,45.74285],[5.77065,45.74238],[5.77048,45.74185],[5.77061,45.74126],[5.77097,45.74016],[5.77351,45.73623]],[[5.77351,45.73623],[5.77327,45.73577],[5.77264,45.73522],[5.77215,45.7345],[5.77208,45.73252],[5.77134,45.73143],[5.77035,45.73033],[5.77027,45.72853],[5.77069,45.72746],[5.7707,45.7271],[5.77106,45.72662]],[[5.77351,45.73623],[5.77647,45.73129]],[[5.77647,45.73129],[5.77703,45.73025],[5.77731,45.72953],[5.77734,45.72845],[5.77661,45.72718],[5.7756,45.72619]],[[5.76184,45.71727],[5.75798,45.71159]],[[5.75798,45.71159],[5.75775,45.71132],[5.75726,45.71074],[5.75547,45.70864]],[[5.75547,45.70864],[5.75328,45.70762]],[[5.75328,45.70762],[5.75151,45.70782],[5.75023,45.70771],[5.74819,45.70732],[5.74741,45.7074],[5.74586,45.70774],[5.74534,45.70791],[5.74469,45.70826],[5.74352,45.70878],[5.74037,45.71089],[5.73881,45.7115],[5.73829,45.71158],[5.73522,45.71135],[5.73238,45.71167],[5.7311,45.71165],[5.72854,45.71116],[5.72793,45.71098],[5.72648,45.71064],[5.72548,45.71049],[5.72446,45.71029],[5.7237,45.71001],[5.72115,45.70952],[5.72038,45.70942],[5.71855,45.70944]],[[5.81379,46.05439],[5.81321,46.05291],[5.81148,46.05047],[5.80833,46.04716],[5.80788,46.04631],[5.8077,46.04556],[5.80765,46.04429],[5.8078,46.04376],[5.80821,46.04304],[5.80836,46.04232],[5.80891,46.04107],[5.80946,46.04018],[5.80969,46.03901],[5.80979,46.03542],[5.80977,46.03407],[5.80994,46.03371]],[[5.70804,45.71199],[5.70412,45.71196],[5.70192,45.71151]],[[5.8347,45.97299],[5.83463,45.97053],[5.83422,45.96711],[5.83425,45.96119],[5.83373,45.95944],[5.83385,45.95766],[5.83415,45.95622],[5.83446,45.95549],[5.83483,45.95497],[5.83513,45.95359]],[[5.83048,46.10743],[5.82958,46.10705],[5.8283,46.10677],[5.82717,46.10626],[5.82564,46.10571],[5.82145,46.10482],[5.82099,46.10442],[5.82088,46.10387],[5.82245,46.103],[5.82333,46.10201],[5.82388,46.10083],[5.82413,46.09933]],[[5.80948,46.02007],[5.80651,46.01782],[5.80601,46.01727],[5.80578,46.01676]],[[5.76941,45.72344],[5.76743,45.72256],[5.76538,45.72135],[5.76395,45.72002],[5.76282,45.71886],[5.76184,45.71727]],[[5.9568,46.13332],[5.95464,46.13226],[5.9526,46.13115],[5.95057,46.12987],[5.94954,46.1294],[5.94877,46.12921],[5.94802,46.12916],[5.94713,46.1291]],[[5.90491,46.12159],[5.90396,46.12132],[5.90344,46.12123],[5.90241,46.12121],[5.90111,46.12138],[5.89955,46.12135],[5.89801,46.12115],[5.89518,46.12048],[5.89364,46.11992],[5.89288,46.11946],[5.88741,46.11147],[5.8868,46.1102],[5.88645,46.10912],[5.88649,46.10768],[5.88677,46.10696],[5.88703,46.10678],[5.88784,46.10572],[5.89115,46.10306],[5.89235,46.10182],[5.89235,46.10164],[5.89261,46.10146],[5.89262,46.10128],[5.89302,46.10075],[5.89385,46.09896],[5.89406,46.09608],[5.89381,46.09572],[5.89382,46.09536],[5.89357,46.09518],[5.8926,46.093],[5.89203,46.0903],[5.89178,46.08975],[5.8909,46.08884],[5.89027,46.08829],[5.88926,46.08765],[5.88747,46.08681],[5.88592,46.08661],[5.88541,46.08643],[5.88464,46.08633],[5.88205,46.08629],[5.87946,46.08652],[5.8779,46.08677],[5.87503,46.08763],[5.87347,46.08788],[5.87166,46.08786],[5.87037,46.08766],[5.86909,46.08737],[5.86781,46.08699],[5.86699,46.08677]],[[5.82204,46.09099],[5.81879,46.08798],[5.81775,46.08558]],[[5.81775,46.08558],[5.81723,46.08346]],[[5.81723,46.08346],[5.81647,46.0822],[5.815,46.08129],[5.81266,46.08022],[5.81207,46.07909],[5.81225,46.07708],[5.81187,46.0759],[5.81096,46.07442],[5.80978,46.06992],[5.80885,46.06651],[5.80849,46.06432],[5.80878,46.06237],[5.80955,46.06091],[5.81123,46.05994],[5.814,46.05931],[5.81495,46.05855],[5.81525,46.05754],[5.81489,46.05645],[5.81465,46.05596]],[[5.81465,46.05596],[5.81379,46.05439]],[[5.81084,45.99425],[5.81053,45.99154],[5.81113,45.99019],[5.81276,45.98841],[5.81667,45.98534],[5.81953,45.98339],[5.8259,45.98093],[5.83024,45.9781],[5.83532,45.97434]],[[5.83513,45.95359],[5.83572,45.94862],[5.83428,45.9444],[5.83272,45.94188],[5.82869,45.93927]],[[5.82869,45.93927],[5.82628,45.93656],[5.82304,45.93205],[5.82285,45.92912],[5.82448,45.92634]],[[5.82448,45.92634],[5.82607,45.92455]],[[5.7885,45.82453],[5.78558,45.81668]],[[5.78558,45.81668],[5.78489,45.81533],[5.78294,45.8122]],[[5.83532,45.97434],[5.8347,45.97299]],[[5.79963,45.8362],[5.79966,45.83476],[5.79945,45.83393],[5.79863,45.83305],[5.79693,45.83188],[5.79474,45.83078],[5.79149,45.82935],[5.78887,45.82619],[5.7885,45.82453]],[[5.82413,46.09933],[5.82375,46.09528],[5.82279,46.0926],[5.82204,46.09099]],[[5.80578,46.01676],[5.80618,46.01535],[5.8089,46.01252],[5.81034,46.01091],[5.81013,46.0086],[5.8104,46.00442],[5.81148,46.00008],[5.81155,45.99768],[5.81084,45.99425]],[[5.94713,46.1291],[5.94209,46.12965],[5.93828,46.12913],[5.93634,46.12887],[5.93428,46.12896],[5.9325,46.12929]],[[5.9325,46.12929],[5.92876,46.13014],[5.92349,46.13212],[5.92176,46.132],[5.91744,46.12975],[5.91255,46.12678],[5.90865,46.12457],[5.90491,46.12159]],[[5.7827,45.81069],[5.78339,45.80911],[5.78374,45.80693],[5.78399,45.80547],[5.78626,45.80399]],[[7.55488,46.29386],[7.5543,46.29058],[7.55415,46.28906]],[[8.30039,46.50081],[8.29543,46.49877]],[[8.30704,46.50379],[8.30073,46.50098],[8.30039,46.50081]],[[8.24168,46.46449],[8.24047,46.46408],[8.23974,46.46369],[8.23787,46.46257],[8.23645,46.46172],[8.2352,46.46102],[8.23425,46.46061],[8.23277,46.46017],[8.23232,46.45993],[8.23176,46.45951],[8.23091,46.45826],[8.23,46.45748],[8.22912,46.45691],[8.22825,46.4565],[8.22758,46.45631],[8.22698,46.45624],[8.22619,46.45625],[8.22513,46.45632],[8.22425,46.45628],[8.22346,46.45611]],[[8.24519,46.46847],[8.24507,46.468],[8.24501,46.46745],[8.24499,46.46665],[8.24506,46.46563],[8.24498,46.46538],[8.24479,46.46517],[8.24448,46.465],[8.24404,46.46485],[8.24346,46.46472],[8.24168,46.46449]],[[8.25488,46.47626],[8.25274,46.47378],[8.25228,46.47339],[8.25159,46.47303],[8.25056,46.47271],[8.24932,46.47248],[8.24864,46.47222],[8.2479,46.4718],[8.24716,46.47127],[8.24646,46.47054],[8.24594,46.46988],[8.24552,46.46919],[8.24519,46.46847]],[[8.27036,46.48399],[8.27036,46.48339],[8.27024,46.48315],[8.26996,46.48292],[8.26876,46.48229],[8.2678,46.4817],[8.26728,46.48123],[8.26696,46.48084],[8.2667,46.48038],[8.26611,46.4799],[8.26527,46.47949],[8.26389,46.47903],[8.26228,46.47868],[8.26088,46.47844],[8.25926,46.47832],[8.25833,46.4782],[8.25743,46.47796],[8.25659,46.47756],[8.25567,46.47697],[8.25488,46.47626]],[[8.27899,46.48942],[8.27879,46.48902],[8.27849,46.4883],[8.27776,46.48722],[8.2771,46.48643],[8.27647,46.48589],[8.27567,46.48539],[8.27464,46.48495],[8.27374,46.48472],[8.27304,46.48465],[8.27149,46.48464],[8.27092,46.48459],[8.2706,46.48443],[8.27036,46.48399]],[[8.29009,46.49624],[8.28894,46.4957],[8.28379,46.49239],[8.28118,46.49087],[8.28017,46.49038],[8.27972,46.49015],[8.27934,46.48985],[8.27899,46.48942]],[[8.29543,46.49877],[8.29009,46.49624]],[[8.3804,46.57632],[8.38051,46.57601],[8.38071,46.57579],[8.38237,46.57469],[8.38254,46.57426],[8.38247,46.57386],[8.38196,46.57308],[8.38126,46.57258],[8.38058,46.57197],[8.38001,46.57123]],[[8.30926,46.50499],[8.30704,46.50379]],[[8.31387,46.50874],[8.31332,46.50837],[8.31296,46.50804],[8.31258,46.50751],[8.31054,46.50571],[8.31007,46.50537],[8.30926,46.50499]],[[8.33244,46.51762],[8.33104,46.51612],[8.32969,46.51476],[8.32751,46.51331],[8.32531,46.5118],[8.32375,46.51063],[8.32291,46.51009],[8.32175,46.50975],[8.32025,46.50946],[8.31699,46.50906],[8.31514,46.50889],[8.31387,46.50874]],[[8.34384,46.52964],[8.34289,46.52881],[8.34182,46.5272],[8.33758,46.5231],[8.33505,46.52024],[8.33425,46.51916],[8.33244,46.51762]],[[8.35853,46.53826],[8.35718,46.53852],[8.35609,46.53853],[8.35456,46.53821],[8.35285,46.53748],[8.35238,46.53708],[8.35096,46.53512],[8.35046,46.53462],[8.34672,46.53211],[8.34384,46.52964]],[[8.35598,46.56005],[8.35602,46.55975],[8.35603,46.55858],[8.35616,46.55822],[8.35642,46.55804],[8.35745,46.55767],[8.35849,46.55712],[8.35938,46.55567],[8.3601,46.55482],[8.36164,46.55276],[8.36215,46.55183],[8.36256,46.55055],[8.36268,46.54963],[8.36277,46.54838],[8.36291,46.54772],[8.36329,46.54692],[8.36362,46.54577],[8.36371,46.54476],[8.3636,46.54358]],[[8.35957,46.56249],[8.35805,46.56198],[8.35699,46.56136],[8.3566,46.561],[8.35621,46.56046],[8.3561,46.56022],[8.35598,46.56005]],[[8.3636,46.54358],[8.36255,46.54284],[8.3617,46.54227],[8.36134,46.54178],[8.36127,46.54128],[8.36122,46.54046],[8.36103,46.53988],[8.36033,46.53912],[8.35944,46.53858],[8.35853,46.53826]],[[8.38001,46.57123],[8.37723,46.56932],[8.37478,46.56798],[8.37396,46.56766],[8.37313,46.56748],[8.37204,46.56748],[8.37135,46.56736],[8.37085,46.5672],[8.37009,46.56676],[8.36894,46.56585],[8.36815,46.56559],[8.36659,46.56551],[8.3658,46.56516],[8.36474,46.56427],[8.36453,46.56395]],[[7.05293,46.13875],[7.05235,46.13926]],[[6.9971,46.23685],[6.99682,46.23727],[6.99652,46.23784],[6.99608,46.23897],[6.99594,46.23933],[6.99511,46.24076],[6.99447,46.24169],[6.99369,46.24262],[6.99258,46.24376]],[[7.01212,46.21156],[7.01186,46.21253],[7.01179,46.21341],[7.01156,46.21455],[7.01133,46.21614],[7.0109,46.22043],[7.0108,46.22096],[7.01059,46.22145],[7.01025,46.22188],[7.0098,46.22226],[7.00937,46.22252],[7.00887,46.22273],[7.00692,46.22328],[7.0064,46.2235],[7.00592,46.22376],[7.00525,46.22426],[7.00493,46.22461],[7.00466,46.22503],[7.00422,46.22609],[7.00385,46.22764],[7.00371,46.22872],[7.00364,46.22974],[7.00347,46.23055],[7.00317,46.23133],[7.00273,46.23207],[7.0022,46.23275],[7.00174,46.2332],[7.00124,46.23359],[6.99911,46.23495],[6.9971,46.23685]],[[7.02561,46.19892],[7.02471,46.2],[7.02352,46.20118],[7.02215,46.20234],[7.02031,46.20375],[7.01927,46.20436],[7.01811,46.2049],[7.01583,46.20581],[7.01505,46.20626],[7.01442,46.2067],[7.01402,46.20709],[7.01363,46.20775],[7.01328,46.20849],[7.01212,46.21156]],[[7.02734,46.19669],[7.02561,46.19892]],[[7.03404,46.1882],[7.03369,46.18865],[7.03341,46.18909],[7.03318,46.18958],[7.03282,46.19061],[7.03233,46.1913],[7.03162,46.19201],[7.03066,46.19266],[7.02979,46.19348],[7.02892,46.19455],[7.02734,46.19669]],[[7.03345,46.18341],[7.0346,46.18409],[7.03492,46.18434],[7.03514,46.18459],[7.03527,46.18484],[7.03533,46.18512],[7.03524,46.18591]],[[7.05235,46.13926],[7.05073,46.1406],[7.04801,46.1426],[7.04602,46.14385],[7.04378,46.14507],[7.03972,46.1471]],[[7.06683,46.12638],[7.06544,46.12819],[7.06075,46.13178],[7.05398,46.13769],[7.05293,46.13875]],[[7.06708,46.12564],[7.06683,46.12638]],[[7.22518,46.17964],[7.22418,46.17977]],[[7.28346,46.20044],[7.28242,46.2002],[7.28139,46.19993],[7.28037,46.1996],[7.27938,46.19923],[7.27414,46.19696],[7.26825,46.19449],[7.26525,46.19313],[7.26269,46.1918],[7.261,46.19076],[7.25801,46.18859],[7.25618,46.18742],[7.25435,46.18641],[7.25276,46.18569],[7.25167,46.1853],[7.25064,46.18499],[7.24782,46.18433],[7.24355,46.18352],[7.23735,46.18249],[7.23637,46.18221],[7.23543,46.18183],[7.23454,46.18135],[7.23389,46.18091],[7.23337,46.1805],[7.23214,46.17905],[7.2316,46.1786],[7.23123,46.17844],[7.23083,46.17835],[7.23038,46.17834],[7.22986,46.1784]],[[7.32261,46.21142],[7.31882,46.21149],[7.31501,46.21137],[7.31372,46.21128],[7.31291,46.21115],[7.31084,46.21043],[7.30996,46.21001]],[[7.34595,46.2164],[7.3414,46.21498],[7.33628,46.21281],[7.33362,46.21181],[7.33119,46.21124],[7.32954,46.21099],[7.32815,46.21097],[7.32642,46.21103],[7.32261,46.21142]],[[7.55983,46.2974],[7.55861,46.29732],[7.55758,46.29721],[7.55676,46.29707],[7.55611,46.2969],[7.55565,46.2967],[7.55532,46.29646],[7.55512,46.29618],[7.55495,46.29573]],[[7.63446,46.31324],[7.63373,46.31339],[7.63289,46.31364],[7.62962,46.31482],[7.6278,46.31536],[7.62707,46.31555],[7.62487,46.31594],[7.62284,46.31613],[7.6207,46.31615],[7.61812,46.31601]],[[7.65565,46.31046],[7.65374,46.31088],[7.65218,46.31143],[7.65063,46.31215],[7.64881,46.31323],[7.64726,46.31377],[7.64414,46.31414],[7.64129,46.31414],[7.63947,46.31348],[7.63838,46.31319],[7.63765,46.31307],[7.63583,46.31307],[7.63446,46.31324]],[[7.74597,46.3087],[7.74484,46.3085]],[[7.76205,46.3109],[7.76085,46.31104],[7.75931,46.31106],[7.75746,46.31097],[7.7551,46.31069],[7.75183,46.31007],[7.74597,46.3087]],[[7.79669,46.30853],[7.7812,46.30887],[7.77886,46.30899],[7.76205,46.3109]],[[7.8698,46.30364],[7.86648,46.30378]],[[7.22986,46.1784],[7.22617,46.17946],[7.22518,46.17964]],[[7.42376,46.24333],[7.42319,46.24297]],[[6.02933,46.19507],[6.02972,46.1938],[6.0302,46.19327],[6.03073,46.1928],[6.03194,46.19138],[6.03221,46.19066],[6.03224,46.18958],[6.03162,46.18868],[6.02995,46.18739],[6.0292,46.18694],[6.02486,46.18454],[6.02153,46.18315]],[[7.50579,46.27543],[7.49246,46.27296]],[[7.38411,46.24496],[7.38318,46.24465],[7.38226,46.24427],[7.38134,46.2438],[7.38042,46.24324],[7.37951,46.2426],[7.37861,46.24188],[7.37771,46.24108],[7.37674,46.24013],[7.37612,46.23954],[7.37456,46.23801],[7.37314,46.23657],[7.37171,46.23459],[7.37081,46.23207],[7.3705,46.23048]],[[6.93268,46.3267],[6.93257,46.32732],[6.93236,46.32797],[6.93207,46.32863],[6.93169,46.32932],[6.93117,46.33011],[6.93061,46.33087],[6.92921,46.33248],[6.92757,46.33409],[6.9258,46.33564],[6.92201,46.33862],[6.92006,46.34002],[6.91903,46.34039],[6.91801,46.34064],[6.917,46.34078],[6.91605,46.34082],[6.91361,46.34064],[6.91134,46.34044],[6.90526,46.33973],[6.90404,46.33967],[6.90281,46.33971],[6.90159,46.33987],[6.90041,46.34014],[6.89929,46.34051],[6.89823,46.34098],[6.89724,46.34155],[6.89633,46.34222]],[[7.30996,46.21001],[7.3076,46.20836],[7.30288,46.20536],[7.29932,46.20367],[7.29518,46.2024],[7.28346,46.20044]],[[8.05524,46.36167],[8.05452,46.36105],[8.05377,46.36067],[8.05275,46.35997],[8.05183,46.35934],[8.05074,46.35854],[8.04878,46.35694],[8.04764,46.35606],[8.04626,46.35521]],[[8.07552,46.37363],[8.07495,46.37323],[8.07469,46.3729],[8.07461,46.37257],[8.07467,46.37208],[8.0746,46.37162],[8.07429,46.37104],[8.07392,46.37062],[8.07306,46.37014],[8.0723,46.36996],[8.07073,46.36984],[8.07037,46.36974],[8.07014,46.36961],[8.06979,46.36895],[8.06939,46.36859],[8.06881,46.36831],[8.06566,46.36731],[8.06326,46.36633],[8.06217,46.36576],[8.06101,46.36484],[8.05986,46.3643],[8.0572,46.3634],[8.05651,46.3631],[8.05608,46.36276]],[[8.08195,46.37321],[8.08074,46.37308],[8.07997,46.37309],[8.07933,46.37327],[8.07791,46.37395],[8.07732,46.37406],[8.07681,46.37406],[8.07621,46.37394],[8.07552,46.37363]],[[8.10182,46.37708],[8.09948,46.37671],[8.09779,46.37674],[8.09676,46.37694],[8.0961,46.37739],[8.09557,46.37842],[8.09507,46.37922],[8.09465,46.37955],[8.09421,46.3797],[8.09361,46.37971],[8.09293,46.37956],[8.09235,46.37931],[8.09178,46.37891],[8.09047,46.37738],[8.0894,46.37643],[8.08818,46.37545],[8.08733,46.37502],[8.08663,46.37479],[8.08608,46.37475],[8.08503,46.37478],[8.08443,46.37477],[8.08401,46.37466],[8.08371,46.37447],[8.08305,46.37368],[8.0826,46.37335],[8.08195,46.37321]],[[8.03073,46.34632],[8.02958,46.346],[8.0289,46.34565],[8.02821,46.34509],[8.02785,46.34447],[8.02731,46.34203],[8.02703,46.34133],[8.0265,46.34089],[8.02566,46.34043],[8.02495,46.34015],[8.02352,46.33957],[8.02159,46.33906],[8.02113,46.33885],[8.02063,46.33851],[8.01937,46.3374],[8.01645,46.33522],[8.01585,46.33465],[8.01525,46.33373],[8.01396,46.33118]],[[7.99165,46.32337],[7.98492,46.32156],[7.98202,46.32071],[7.97962,46.31995]],[[8.01396,46.33118],[8.01331,46.32954],[8.01265,46.32855],[8.01182,46.32802],[8.01082,46.32758],[8.00803,46.32692],[8.00397,46.32628],[8.00231,46.32601],[8.00061,46.32562],[7.99165,46.32337]],[[8.05608,46.36276],[8.05524,46.36167]],[[8.10315,46.37785],[8.10182,46.37708]],[[8.11351,46.38364],[8.11239,46.3831],[8.11187,46.38269],[8.11138,46.3822],[8.11091,46.38176],[8.10864,46.38051],[8.10738,46.37982],[8.10666,46.37953],[8.10537,46.37917],[8.10457,46.37895],[8.10352,46.37832],[8.10315,46.37785]],[[8.12737,46.39331],[8.12572,46.392],[8.12516,46.39144],[8.12412,46.38977],[8.12279,46.38802],[8.12085,46.38648],[8.11981,46.38588],[8.11777,46.38492],[8.11576,46.3842],[8.11351,46.38364]],[[7.97962,46.31995],[7.97326,46.31785],[7.96659,46.31552],[7.96152,46.31363],[7.95569,46.31138],[7.95252,46.31004]],[[7.95252,46.31004],[7.95132,46.30955],[7.94913,46.30875],[7.94547,46.30748],[7.94355,46.30688],[7.9425,46.30648],[7.9413,46.30591],[7.9398,46.30509]],[[7.9398,46.30509],[7.93876,46.30449],[7.93573,46.30285],[7.93456,46.30231],[7.93327,46.30182],[7.93185,46.30138],[7.93033,46.30099],[7.92866,46.30065],[7.92685,46.30034],[7.92474,46.30005],[7.91992,46.29945],[7.91499,46.29893],[7.90884,46.29832],[7.90122,46.29773],[7.89966,46.29773],[7.89836,46.29774],[7.8973,46.29792],[7.89499,46.29874],[7.89189,46.3001],[7.88516,46.30238],[7.88283,46.30311],[7.8805,46.30357],[7.87777,46.3038],[7.87253,46.30375],[7.8698,46.30364]],[[7.86648,46.30378],[7.86244,46.30411],[7.86093,46.30438],[7.85896,46.305],[7.85589,46.30611],[7.85224,46.30706],[7.84972,46.30764],[7.84714,46.30803],[7.8386,46.3089],[7.83575,46.30922],[7.83134,46.30969],[7.82886,46.30979],[7.82745,46.30979],[7.82615,46.3098],[7.82459,46.30962],[7.82277,46.30927],[7.81965,46.30892],[7.81679,46.30866],[7.81367,46.30849],[7.81056,46.3085],[7.80303,46.30834],[7.80199,46.30835],[7.79669,46.30853]],[[7.74484,46.3085],[7.74305,46.30807],[7.74149,46.30798],[7.73682,46.30863],[7.72998,46.30937],[7.71658,46.31102],[7.71606,46.31111],[7.71571,46.31118]],[[7.55495,46.29573],[7.55478,46.2951],[7.55488,46.29386]],[[7.55415,46.28906],[7.55363,46.28815],[7.55272,46.28726],[7.5523,46.28703],[7.5505,46.28603],[7.5464,46.28483],[7.54496,46.2844],[7.54271,46.28374]],[[7.55488,46.29386],[7.55589,46.29293],[7.5562,46.29218],[7.55638,46.29123],[7.55611,46.29032],[7.55547,46.28967],[7.55415,46.28906]],[[7.5781,46.30494],[7.57657,46.30473],[7.57513,46.30437],[7.57408,46.30396],[7.57255,46.30314],[7.5714,46.30234],[7.57052,46.30155],[7.56966,46.30047],[7.56877,46.29963],[7.5679,46.299],[7.5672,46.29859],[7.5666,46.29828],[7.56602,46.29806],[7.56543,46.29789],[7.56417,46.29771],[7.56167,46.29757],[7.55983,46.2974]],[[7.59184,46.308],[7.59133,46.30763],[7.59077,46.30729],[7.58948,46.30669],[7.58831,46.3063],[7.58724,46.30605],[7.58592,46.30569],[7.585,46.30554],[7.58452,46.30546],[7.5781,46.30494]],[[7.60013,46.31295],[7.59983,46.31259],[7.59947,46.31202],[7.59861,46.31034],[7.59803,46.30972],[7.59744,46.30923],[7.59682,46.30885],[7.59613,46.30855],[7.59537,46.30834],[7.59446,46.30819],[7.59334,46.30808],[7.59184,46.308]],[[7.61812,46.31601],[7.61555,46.31581],[7.6113,46.3154],[7.60641,46.31487],[7.60439,46.31458],[7.60353,46.3144],[7.60276,46.3142],[7.60212,46.31398],[7.60152,46.31372],[7.60013,46.31295]],[[7.54271,46.28374],[7.53813,46.28271],[7.52725,46.28026],[7.50579,46.27543]],[[7.03972,46.1471],[7.03929,46.14735],[7.03894,46.14762],[7.03835,46.14825],[7.03789,46.14906],[7.03761,46.14997],[7.03752,46.15067],[7.0375,46.15142],[7.03787,46.15531],[7.03789,46.15668],[7.03768,46.15802],[7.03718,46.15957]],[[7.71571,46.31118],[7.71402,46.31137],[7.71208,46.31154],[7.70717,46.31182],[7.70455,46.31181],[7.70368,46.31177],[7.70234,46.31171],[7.70009,46.31153],[7.69933,46.31143],[7.69782,46.31125],[7.69625,46.3109],[7.69492,46.31054],[7.69382,46.31022],[7.69046,46.30947]],[[7.6673,46.30815],[7.66023,46.30943],[7.65565,46.31046]],[[7.69046,46.30947],[7.68035,46.30774],[7.67757,46.30745],[7.67414,46.30742],[7.67073,46.30757],[7.6673,46.30815]],[[7.49246,46.27296],[7.4837,46.27049],[7.47486,46.26799],[7.46821,46.26611],[7.46187,46.26409],[7.45538,46.26206],[7.44825,46.25944],[7.43025,46.24748],[7.42376,46.24333]],[[7.42319,46.24297],[7.42118,46.24199],[7.41954,46.24151],[7.41765,46.24122],[7.41649,46.24124],[7.41477,46.24145],[7.41282,46.24211],[7.41071,46.24309],[7.40797,46.24465],[7.40619,46.2454],[7.40386,46.24585],[7.40178,46.24603],[7.39815,46.24612],[7.3953,46.24612],[7.39465,46.24611],[7.39105,46.24607],[7.38952,46.24599],[7.38816,46.24587],[7.38697,46.24571],[7.38592,46.24551],[7.38499,46.24526],[7.38411,46.24496]],[[7.3705,46.23048],[7.36978,46.22883],[7.36887,46.22775],[7.36758,46.22667],[7.36635,46.22578],[7.36175,46.22235],[7.34595,46.2164]],[[7.22418,46.17977],[7.22278,46.17983],[7.22074,46.17978],[7.20924,46.17916],[7.20817,46.17897],[7.20726,46.17877],[7.20648,46.17854],[7.20577,46.17827],[7.20512,46.17796],[7.20446,46.17758],[7.20266,46.17633]],[[7.20266,46.17633],[7.20205,46.17572],[7.20158,46.17517],[7.20123,46.17465],[7.20099,46.17413],[7.20077,46.17317],[7.20061,46.17168],[7.20033,46.17013],[7.20015,46.16934],[7.19996,46.1686],[7.1998,46.16813],[7.19963,46.16773],[7.19947,46.16743],[7.19928,46.16714],[7.19906,46.16688],[7.19879,46.16659],[7.19834,46.16618],[7.19756,46.16549],[7.19715,46.16517],[7.19676,46.16489],[7.19636,46.16464],[7.19586,46.16437],[7.1953,46.16411],[7.1946,46.16381],[7.19123,46.16247],[7.19028,46.16213],[7.18933,46.16182],[7.18779,46.16138],[7.18615,46.16098],[7.18422,46.16058],[7.18072,46.1599],[7.17705,46.15946],[7.17479,46.15911],[7.17275,46.15868],[7.17014,46.15798],[7.16776,46.15723],[7.16554,46.15641],[7.15435,46.15128],[7.14785,46.14824],[7.14365,46.14611],[7.13978,46.14409],[7.13668,46.14241],[7.13437,46.14108],[7.13279,46.14],[7.13021,46.13864],[7.12736,46.13765],[7.12384,46.13683],[7.12155,46.13637],[7.11974,46.13583],[7.11302,46.13338],[7.10218,46.12921],[7.09882,46.12803],[7.09727,46.12748],[7.08887,46.12569],[7.08603,46.12484],[7.0819,46.12348],[7.07932,46.12293],[7.07182,46.12165],[7.07053,46.12164],[7.06943,46.12177],[7.06845,46.12262],[7.06793,46.12316],[7.06727,46.12496],[7.06708,46.12564]],[[7.03718,46.15957],[7.03601,46.16268],[7.03394,46.16655],[7.03129,46.17167],[7.0309,46.1726],[7.03056,46.17359],[7.03026,46.17464],[7.03001,46.1758],[7.02983,46.17693],[7.02972,46.17798],[7.02972,46.17883],[7.02985,46.17959],[7.0301,46.18031],[7.03049,46.18099],[7.03102,46.18163],[7.03168,46.18224],[7.03249,46.18284],[7.03345,46.18341]],[[6.9801,46.25842],[6.97401,46.26305]],[[6.99258,46.24376],[6.99168,46.24446],[6.99093,46.24521],[6.99026,46.24607],[6.98975,46.24698],[6.98951,46.24756],[6.98936,46.24808],[6.98932,46.24946],[6.98911,46.25126],[6.98888,46.2519],[6.98847,46.25253],[6.98787,46.25319],[6.98708,46.25388],[6.9862,46.25454],[6.98507,46.2553],[6.9801,46.25842]],[[6.97401,46.26305],[6.9711,46.2652],[6.96838,46.26737],[6.966,46.26943],[6.96563,46.26997],[6.96529,46.27063],[6.96495,46.27147],[6.96466,46.27235],[6.9643,46.27379],[6.96355,46.27758],[6.96301,46.27971],[6.96239,46.28187],[6.96205,46.2827],[6.96159,46.28355],[6.96102,46.28439],[6.96033,46.28523],[6.95954,46.28608],[6.95863,46.28693],[6.95762,46.28776],[6.9566,46.28851],[6.95552,46.28923],[6.9544,46.28989],[6.95326,46.29069],[6.9521,46.29142],[6.95087,46.29211],[6.94957,46.29278],[6.94722,46.29383],[6.94439,46.29486],[6.94281,46.29554],[6.94122,46.29635],[6.93976,46.29721],[6.93849,46.2981],[6.93793,46.29871],[6.93749,46.29932],[6.93713,46.29999],[6.93688,46.30066],[6.9367,46.3016],[6.93671,46.30433],[6.93662,46.30526],[6.93648,46.30597],[6.93633,46.30642],[6.93549,46.30815],[6.93495,46.30955],[6.9347,46.31096],[6.93441,46.31218],[6.93396,46.31355],[6.93325,46.31535],[6.93302,46.31613],[6.93286,46.31694],[6.93278,46.31773],[6.93276,46.31864],[6.93297,46.32384],[6.93289,46.32523],[6.93268,46.3267]],[[6.89633,46.34222],[6.89536,46.34309],[6.89424,46.34437],[6.89293,46.34613],[6.89152,46.34826],[6.89089,46.34907],[6.89021,46.34981],[6.88945,46.35053],[6.8886,46.35123],[6.88773,46.35187],[6.88687,46.35245],[6.88576,46.35309],[6.88472,46.35362],[6.88418,46.354],[6.88375,46.35439],[6.88341,46.35482],[6.88315,46.35529],[6.88296,46.35582],[6.88287,46.35636],[6.88287,46.35693],[6.88295,46.35754],[6.88319,46.35835],[6.88357,46.35917],[6.88559,46.36255],[6.88718,46.36534],[6.88738,46.36583],[6.88751,46.36637],[6.88765,46.36773],[6.8876,46.3694],[6.88737,46.37128],[6.88693,46.3737],[6.88669,46.3746],[6.88638,46.3754],[6.88598,46.37615],[6.88562,46.37667],[6.88527,46.37709],[6.88429,46.37806],[6.88337,46.37885],[6.88239,46.37958],[6.88141,46.38022],[6.88051,46.38072],[6.87965,46.38114],[6.87775,46.38185],[6.87668,46.38232],[6.87568,46.38286],[6.87474,46.38348],[6.87417,46.38394],[6.87248,46.38554],[6.87059,46.38707],[6.8688,46.38837],[6.86546,46.39062],[6.86379,46.39187],[6.86206,46.39334],[6.8597,46.39552]],[[5.96651,46.14133],[5.96726,46.14008],[5.96667,46.13841],[5.9568,46.13332]],[[5.96707,46.1486],[5.96539,46.14593],[5.96535,46.14329],[5.96651,46.14133]],[[6.01182,46.17801],[6.01059,46.17795]],[[6.02153,46.18315],[6.01992,46.18273],[6.01844,46.18221],[6.0173,46.1813],[6.01605,46.17966],[6.01478,46.17875],[6.01324,46.17819],[6.01182,46.17801]],[[6.01059,46.17795],[6.0085,46.17731],[6.00744,46.17695],[6.00615,46.17675],[6.00408,46.17672],[6.00288,46.17689],[6.00056,46.17731],[5.99861,46.17767],[5.99702,46.17795],[5.99559,46.17811],[5.99432,46.17816],[5.99303,46.1781]],[[8.2015,46.43856],[8.20101,46.4382],[8.20049,46.43792],[8.19977,46.4377],[8.19897,46.43759],[8.19755,46.43753],[8.19671,46.43741],[8.19612,46.43724],[8.19563,46.43702],[8.19521,46.43671],[8.19452,46.43604],[8.19405,46.4356],[8.19355,46.43528],[8.19231,46.43472],[8.191,46.43392],[8.19022,46.43366],[8.18944,46.43366],[8.18883,46.43371]],[[8.21622,46.4513],[8.21389,46.45063],[8.21354,46.45045],[8.2133,46.45013],[8.21326,46.44978],[8.21335,46.44923],[8.21326,46.44894],[8.21299,46.44864],[8.21244,46.44846],[8.21139,46.44842],[8.21103,46.44832],[8.21074,46.44814],[8.21053,46.44787],[8.20996,46.44627],[8.20965,46.44591],[8.20927,46.44562],[8.20886,46.44544],[8.20758,46.44537],[8.20697,46.44525],[8.20648,46.44495],[8.20602,46.44447],[8.20586,46.44408],[8.206,46.44338],[8.20592,46.44299],[8.20555,46.44258],[8.20488,46.44197],[8.2029,46.44075],[8.20262,46.44049],[8.20222,46.44002],[8.20161,46.43907]],[[8.20161,46.43907],[8.2015,46.43856]],[[8.18883,46.43371],[8.18748,46.43364],[8.1867,46.43348],[8.18635,46.43333],[8.18602,46.43313],[8.18479,46.43194],[8.18421,46.43157],[8.18351,46.43129],[8.18291,46.43098],[8.18214,46.43045],[8.18167,46.42993],[8.18132,46.42943],[8.18111,46.42901],[8.18107,46.42816],[8.18091,46.42774],[8.18075,46.42758],[8.18054,46.42746],[8.18029,46.42739],[8.17914,46.42738],[8.17852,46.42732],[8.17815,46.42722],[8.17755,46.42686],[8.17697,46.42645],[8.17654,46.42606],[8.17626,46.42571]],[[8.15074,46.40895],[8.14981,46.40863],[8.14928,46.40838],[8.1477,46.40709],[8.14583,46.4052],[8.14438,46.40412],[8.14375,46.40377],[8.14304,46.40359],[8.14222,46.40336],[8.1413,46.40287],[8.14,46.40208],[8.13808,46.40036],[8.13674,46.39926],[8.13545,46.39791]],[[8.17626,46.42571],[8.1749,46.42462],[8.17458,46.42432],[8.17446,46.42407],[8.17428,46.42361],[8.17404,46.4233],[8.17362,46.42303],[8.17274,46.42257],[8.17202,46.42207],[8.17039,46.42078],[8.16938,46.42008],[8.16853,46.41972],[8.16751,46.4195],[8.16689,46.41922],[8.16618,46.41862],[8.16588,46.41813],[8.16548,46.41779],[8.16477,46.41759],[8.16442,46.41739],[8.16423,46.41709],[8.16397,46.41611],[8.16363,46.4158],[8.16302,46.41569],[8.16249,46.41571],[8.16201,46.41579],[8.16166,46.41574],[8.16128,46.41558],[8.16064,46.41501],[8.1593,46.414],[8.15812,46.41342],[8.15603,46.41265],[8.15493,46.41207],[8.15282,46.4107],[8.15121,46.4094],[8.15074,46.40895]],[[8.22346,46.45611],[8.22233,46.45578],[8.22125,46.45535],[8.22036,46.45488],[8.21966,46.4544],[8.2192,46.45393],[8.21845,46.45292],[8.21781,46.45203],[8.21749,46.45172],[8.21715,46.45153],[8.21682,46.45142],[8.21622,46.4513]],[[8.36453,46.56395],[8.36135,46.56211],[8.36103,46.56213],[8.36021,46.56236],[8.35997,46.56246],[8.35957,46.56249]],[[6.04321,46.19732],[6.03985,46.1992],[6.03723,46.20012],[6.03426,46.20037],[6.03271,46.20018],[6.03172,46.19965],[6.02993,46.19772],[6.02908,46.19601],[6.02933,46.19507]],[[6.85149,46.40278],[6.84867,46.40527]],[[6.84585,46.40889],[6.84004,46.41408]],[[6.84004,46.41408],[6.83838,46.416]],[[6.83838,46.416],[6.83339,46.42154]],[[6.83339,46.42154],[6.82907,46.42594]],[[6.82907,46.42594],[6.82493,46.42854]],[[6.82493,46.42854],[6.82193,46.42842]],[[6.78028,46.43657],[6.7715,46.43828]],[[6.7715,46.43828],[6.75795,46.44094]],[[6.75795,46.44094],[6.68261,46.4556]],[[6.58697,46.45683],[6.5368,46.45744]],[[6.51257,46.45445],[6.50563,46.45145]],[[6.50563,46.45145],[6.44195,46.42382],[6.42642,46.41707]],[[6.39363,46.4127],[6.37941,46.4108]],[[6.37941,46.4108],[6.37453,46.41014]],[[6.33598,46.40498],[6.32307,46.3982]],[[6.32307,46.3982],[6.27829,46.37462]],[[6.27829,46.37462],[6.2727,46.37168]],[[6.2727,46.37168],[6.25362,46.36152]],[[6.25362,46.36152],[6.23867,46.33978]],[[6.23867,46.33978],[6.23369,46.33249]],[[6.23369,46.33249],[6.22032,46.31313]],[[6.22032,46.31313],[6.21855,46.31081]],[[6.21855,46.31081],[6.19945,46.28568],[6.19006,46.274]],[[6.42642,46.41707],[6.39363,46.4127]],[[6.36526,46.4089],[6.35841,46.40799]],[[6.35197,46.40712],[6.33598,46.40498]],[[6.35841,46.40799],[6.35197,46.40712]],[[6.51992,46.45764],[6.51257,46.45445]],[[6.5368,46.45744],[6.51992,46.45764]],[[6.63631,46.45621],[6.62771,46.45632]],[[6.66136,46.45588],[6.65659,46.45595]],[[6.65659,46.45595],[6.63631,46.45621]],[[6.68261,46.4556],[6.67438,46.45571]],[[6.67438,46.45571],[6.66136,46.45588]],[[6.84867,46.40527],[6.84585,46.40889]],[[6.8597,46.39552],[6.85454,46.40019]],[[6.85454,46.40019],[6.85149,46.40278]],[[6.19006,46.274],[6.1766,46.25465],[6.17388,46.24622]],[[6.60693,46.45658],[6.59568,46.45672]],[[6.59568,46.45672],[6.58697,46.45683]],[[6.82193,46.42842],[6.81756,46.42928]],[[6.81756,46.42928],[6.81338,46.43009]],[[6.17388,46.24622],[6.16851,46.22652],[6.1633,46.21795],[6.15774,46.21073],[6.1521,46.20772],[6.14953,46.20711]],[[6.05041,46.19489],[6.04321,46.19732]],[[6.37453,46.41014],[6.3702,46.40957]],[[6.3702,46.40957],[6.36526,46.4089]],[[6.81338,46.43009],[6.7858,46.4355]],[[6.7858,46.4355],[6.78028,46.43657]],[[6.62771,46.45632],[6.6224,46.45639]],[[6.6224,46.45639],[6.60693,46.45658]],[[7.60013,46.31295],[7.59842,46.31208],[7.59572,46.31086],[7.59396,46.30981],[7.59269,46.30864],[7.59184,46.308]],[[6.12172,46.20218],[6.12079,46.20211],[6.11995,46.20208],[6.11919,46.20211],[6.11847,46.20218],[6.11779,46.20231],[6.11712,46.2025],[6.11644,46.20275],[6.11516,46.20332],[6.11413,46.20366],[6.11313,46.2039],[6.11213,46.20402],[6.1111,46.204],[6.11063,46.20393],[6.11016,46.20381],[6.10975,46.20366],[6.10935,46.20345],[6.10867,46.20294],[6.10581,46.2004],[6.10472,46.19933],[6.10096,46.19535],[6.10034,46.19487],[6.09975,46.19452],[6.09908,46.19419],[6.09838,46.19392],[6.09764,46.1937],[6.09689,46.19354],[6.09612,46.19344],[6.09533,46.1934],[6.09406,46.19346],[6.09246,46.19368],[6.09095,46.19405],[6.09031,46.19427],[6.08972,46.19453],[6.08925,46.19479],[6.08885,46.19511],[6.08856,46.19542],[6.08806,46.19632],[6.08792,46.19692],[6.08795,46.1975],[6.08815,46.198],[6.08854,46.19846],[6.08906,46.19884],[6.08978,46.19916],[6.09006,46.19933],[6.09045,46.19963],[6.09079,46.19997],[6.09106,46.20036],[6.09121,46.20076],[6.09125,46.20116],[6.09114,46.20209],[6.09127,46.20311],[6.09164,46.20425],[6.09223,46.20543],[6.09353,46.20801],[6.09393,46.20863],[6.09436,46.20917],[6.09453,46.20959],[6.09456,46.21009],[6.09442,46.21061],[6.09412,46.21112],[6.09342,46.21189],[6.09299,46.21221],[6.09247,46.21245],[6.09181,46.21258],[6.09111,46.21258],[6.09035,46.21245],[6.08922,46.21208],[6.08808,46.21155],[6.08699,46.21087],[6.08605,46.2101],[6.08527,46.20925],[6.08265,46.20611],[6.0819,46.20545],[6.08106,46.20486],[6.07996,46.20428],[6.07884,46.20387],[6.07769,46.20364],[6.07653,46.20357]],[[6.07653,46.20357],[6.07498,46.20355],[6.07367,46.20335],[6.07275,46.20299],[6.07254,46.20291],[6.07186,46.20265],[6.07082,46.20187],[6.06857,46.19786],[6.06706,46.19622],[6.06575,46.19528],[6.06081,46.19453],[6.0543,46.19438],[6.05041,46.19489]],[[5.78294,45.8122],[5.7827,45.81069]],[[5.99303,46.1781],[5.99059,46.1762],[5.98904,46.17198],[5.98793,46.17179],[5.98561,46.1748],[5.98438,46.17503],[5.9826,46.17391],[5.98125,46.16779],[5.97695,46.16156]],[[8.04189,46.35339],[8.04149,46.35285],[8.04028,46.35169],[8.03811,46.34998],[8.03598,46.34879],[8.0339,46.34758],[8.03285,46.34705],[8.03207,46.34678],[8.03073,46.34632]],[[8.13486,46.39743],[8.13183,46.3955],[8.13117,46.3952],[8.13037,46.39501],[8.12932,46.39487],[8.12878,46.3947],[8.12833,46.39445],[8.12737,46.39331]],[[5.97695,46.16156],[5.97408,46.15741],[5.96987,46.15308],[5.96707,46.1486]],[[8.04626,46.35521],[8.04554,46.35481],[8.04398,46.35446],[8.04294,46.3541],[8.04189,46.35339]],[[8.13545,46.39791],[8.13486,46.39743]],[[7.03524,46.18591],[7.0349,46.18687],[7.03404,46.1882]],[[6.14953,46.20711],[6.14108,46.20603],[6.13899,46.20607],[6.1377,46.20606],[6.13615,46.20568]],[[6.13615,46.20568],[6.13513,46.20513],[6.13384,46.20466],[6.13275,46.20449],[6.12985,46.20439],[6.12616,46.20389],[6.12405,46.2034],[6.12267,46.2027],[6.12172,46.20218]],[[5.56046,45.68112],[5.55993,45.68185],[5.55887,45.68212],[5.55782,45.68205],[5.55709,45.68235],[5.5568,45.68301],[5.55598,45.68314],[5.55538,45.68266],[5.55446,45.68274],[5.55383,45.68344],[5.55415,45.68485],[5.55397,45.68639],[5.55308,45.68738],[5.55174,45.68798],[5.55064,45.68824],[5.5498,45.68899],[5.54819,45.69025],[5.54638,45.69179]],[[5.54638,45.69179],[5.54449,45.69333],[5.54394,45.69444],[5.54372,45.69584],[5.54382,45.6972]],[[5.54382,45.6972],[5.54412,45.69804],[5.54528,45.69898],[5.54715,45.69992],[5.55074,45.70186]],[[5.44719,45.78778],[5.44377,45.79209]],[[5.44377,45.79209],[5.43908,45.79656]],[[5.43908,45.79656],[5.43534,45.79944],[5.4331,45.80209],[5.42959,45.80479],[5.42442,45.80832],[5.4218,45.81296],[5.42127,45.81733],[5.42138,45.8216],[5.42212,45.8238],[5.42371,45.82502],[5.42587,45.82556],[5.43173,45.82547],[5.43558,45.82628],[5.43687,45.82821],[5.43626,45.83096],[5.43429,45.83354],[5.43022,45.83699],[5.42707,45.83815],[5.41972,45.84069],[5.41863,45.84343]],[[5.41863,45.84343],[5.41829,45.84684]],[[5.55074,45.70186],[5.55246,45.70367],[5.55459,45.70546],[5.55516,45.70661],[5.55525,45.70836],[5.55475,45.70974],[5.55359,45.71083]],[[5.55359,45.71083],[5.55072,45.71282],[5.54756,45.71405]],[[5.54756,45.71405],[5.54447,45.71493],[5.53993,45.71521],[5.53477,45.7153],[5.52935,45.71596],[5.52691,45.71706],[5.52543,45.71853],[5.52427,45.72133],[5.52267,45.72606],[5.51904,45.73217],[5.51773,45.73329],[5.51596,45.73423]],[[5.51596,45.73423],[5.51295,45.73582],[5.50976,45.73808],[5.50468,45.74028],[5.50284,45.74193],[5.50132,45.74308],[5.49975,45.74413],[5.49897,45.74593],[5.49808,45.74674],[5.49497,45.74811],[5.48804,45.75199],[5.48469,45.75447],[5.48226,45.75682],[5.47964,45.7601],[5.47225,45.76697],[5.46503,45.77481],[5.46309,45.77766],[5.46123,45.7797]],[[5.46123,45.7797],[5.45829,45.78201],[5.45496,45.78366],[5.45118,45.78524],[5.44894,45.78641],[5.44719,45.78778]],[[5.55937,45.6895],[5.55685,45.69158],[5.5524,45.69384],[5.54951,45.69619],[5.54867,45.69786],[5.54902,45.69976],[5.55074,45.70186]],[[5.55937,45.6895],[5.55857,45.69168],[5.55865,45.69383],[5.55809,45.69503],[5.55439,45.69814],[5.55201,45.69923],[5.55099,45.70023],[5.55074,45.70186]],[[5.56046,45.68112],[5.56131,45.68461],[5.56102,45.6869],[5.55937,45.6895]],[[5.60485,45.65508],[5.60304,45.65786],[5.6018,45.65909],[5.59994,45.66011],[5.5981,45.66063],[5.59561,45.66107],[5.59354,45.66176],[5.59164,45.6629],[5.59036,45.66429],[5.58899,45.66632],[5.58744,45.66774],[5.58565,45.66873],[5.58262,45.66967]],[[5.58262,45.66967],[5.57829,45.67069]],[[5.57284,45.67208],[5.57122,45.67279],[5.56959,45.67376],[5.56781,45.67439],[5.56538,45.67486],[5.56405,45.67538],[5.56245,45.67602],[5.56045,45.67717],[5.55996,45.67817]],[[5.6332,45.61287],[5.63166,45.61217],[5.62966,45.61193],[5.62655,45.61227],[5.6244,45.61351],[5.62208,45.61762]],[[5.62208,45.61762],[5.61951,45.62167],[5.61506,45.6284],[5.61246,45.63215],[5.61112,45.63327],[5.60964,45.63391]],[[5.60419,45.64708],[5.60363,45.64915],[5.60356,45.65115],[5.60324,45.65286],[5.60228,45.65431],[5.60038,45.65578],[5.59783,45.65697],[5.59513,45.65784],[5.59126,45.65871],[5.58815,45.66015]],[[5.60964,45.63391],[5.60843,45.63509],[5.60803,45.6364],[5.60867,45.63724],[5.61018,45.63747],[5.61175,45.63789],[5.61233,45.63876],[5.6121,45.63972],[5.61131,45.64042],[5.60972,45.64061],[5.60824,45.6408],[5.60729,45.64174]],[[5.60964,45.63391],[5.60715,45.63428],[5.60557,45.6348],[5.60443,45.63574]],[[5.60431,45.63663],[5.60488,45.63798],[5.60643,45.63945],[5.60726,45.64062],[5.60729,45.64174]],[[5.60431,45.63663],[5.60272,45.63692],[5.60234,45.6376],[5.60301,45.63879],[5.60283,45.63985],[5.60198,45.64063],[5.59957,45.64119],[5.59726,45.64176],[5.59494,45.64269],[5.59403,45.64399],[5.59332,45.64541],[5.59244,45.6459],[5.59117,45.64588],[5.58972,45.64642],[5.58712,45.64809],[5.5848,45.64906],[5.58261,45.65038],[5.58052,45.65216],[5.57942,45.65286],[5.57844,45.65348],[5.57809,45.65455],[5.57848,45.65663],[5.57886,45.65753],[5.58107,45.65831],[5.58254,45.65855],[5.58484,45.65834],[5.58741,45.65763],[5.58848,45.65754],[5.58918,45.65795]],[[5.60443,45.63574],[5.60431,45.63663]],[[5.58918,45.65795],[5.58879,45.65891],[5.58815,45.66015]],[[5.58815,45.66015],[5.58513,45.66185],[5.58243,45.66286],[5.57985,45.664],[5.57888,45.6649],[5.57862,45.66579],[5.57886,45.66723],[5.57927,45.6686],[5.57917,45.66974],[5.57829,45.67069]],[[5.60419,45.64708],[5.60223,45.64849],[5.60054,45.64889],[5.59926,45.64897],[5.59822,45.64967],[5.59825,45.65042],[5.599,45.65075],[5.59933,45.65155],[5.59838,45.65249],[5.59661,45.6535],[5.59565,45.65352],[5.59354,45.65245],[5.59218,45.65214],[5.59084,45.65266],[5.58992,45.6541],[5.5894,45.65606],[5.58918,45.65795]],[[5.60729,45.64174],[5.60579,45.64391],[5.60419,45.64708]],[[5.57284,45.67208],[5.56965,45.6722],[5.56713,45.6729],[5.56501,45.67369],[5.56261,45.67404],[5.56091,45.67458],[5.5596,45.67553],[5.55941,45.67659],[5.55996,45.67817]],[[5.57829,45.67069],[5.57589,45.67145],[5.57284,45.67208]],[[5.55996,45.67817],[5.56001,45.67961],[5.56046,45.68112]],[[5.65502,45.63682],[5.65213,45.6347],[5.6506,45.63314],[5.64985,45.63135],[5.64879,45.62779],[5.64798,45.62617],[5.64713,45.62555],[5.64571,45.62535],[5.64388,45.62557],[5.64225,45.62551],[5.63998,45.62487],[5.63828,45.62391],[5.63741,45.62265],[5.63707,45.62046],[5.63725,45.61814],[5.63675,45.61624],[5.63509,45.61414],[5.6332,45.61287]],[[5.70875,45.68563],[5.7076,45.68302],[5.70583,45.68094],[5.69434,45.67267],[5.68887,45.66954],[5.68609,45.66735],[5.68502,45.66462],[5.68546,45.66129],[5.68827,45.6542],[5.68893,45.65192]],[[5.6589,45.63938],[5.65153,45.63919],[5.64841,45.63943],[5.6444,45.64054],[5.64164,45.64107],[5.63883,45.6412],[5.63457,45.64092],[5.63023,45.6411],[5.62779,45.64099],[5.62603,45.64043],[5.62341,45.6396],[5.62062,45.63937],[5.61776,45.63965],[5.61539,45.6405],[5.61351,45.64176],[5.61192,45.6437],[5.60485,45.65508]],[[5.6589,45.63938],[5.6571,45.63853],[5.65502,45.63682]],[[5.70192,45.71151],[5.70113,45.71062],[5.70086,45.70979],[5.70072,45.70873],[5.70091,45.70689],[5.70123,45.70498],[5.70194,45.70299],[5.70295,45.70113],[5.705,45.69913],[5.70676,45.69695],[5.70772,45.6952],[5.70943,45.69162],[5.71014,45.68985],[5.71001,45.6883],[5.70958,45.68696],[5.70875,45.68563]],[[5.68893,45.65192],[5.68949,45.64998],[5.68947,45.64645],[5.68806,45.64367],[5.68516,45.64183],[5.67823,45.6398]],[[5.67823,45.6398],[5.67433,45.63934],[5.66154,45.6396],[5.6589,45.63938]],[[5.82395,45.88152],[5.82247,45.87748],[5.82152,45.87434],[5.82133,45.87318],[5.82116,45.87156],[5.82037,45.87019],[5.81962,45.86933]],[[5.81962,45.86933],[5.81888,45.86817],[5.81635,45.86655],[5.81448,45.86482],[5.81254,45.86182],[5.81158,45.85987],[5.81043,45.85816],[5.80674,45.85514],[5.8031,45.852]],[[5.82395,45.88152],[5.82304,45.88065],[5.82196,45.87994],[5.82016,45.87914],[5.81692,45.87794],[5.81603,45.87725],[5.81522,45.87618],[5.81566,45.87476],[5.81602,45.87429],[5.81748,45.87241],[5.81893,45.87129],[5.81964,45.87053],[5.81962,45.86933]],[[8.3846,46.58041],[8.38469,46.57912],[8.38449,46.57872],[8.3839,46.57824],[8.38096,46.5771],[8.38058,46.57673],[8.3804,46.57632]]]}},{"type":"Feature","properties":{"name":"Reuss","aliases":[],"category":"river","source":"swissTLMRegio 2025"},"geometry":{"type":"MultiLineString","coordinates":[[[8.30302,47.07611],[8.30398,47.07623],[8.30489,47.07655],[8.31315,47.08199],[8.31374,47.0823],[8.31431,47.08251],[8.31519,47.08264],[8.31632,47.08272],[8.31689,47.08286],[8.31797,47.08342],[8.31971,47.08452],[8.32206,47.08615],[8.32395,47.08766],[8.32515,47.08939]],[[8.37642,47.30536],[8.37656,47.30659],[8.37727,47.30964],[8.37769,47.31054],[8.37865,47.31287],[8.37893,47.31377],[8.37895,47.31449],[8.37883,47.31521],[8.37806,47.31647],[8.37637,47.31811],[8.37493,47.3192],[8.37439,47.31991]],[[8.38985,47.29139],[8.38793,47.29327],[8.3871,47.29397],[8.38629,47.29457],[8.38458,47.2956],[8.38388,47.29596],[8.38101,47.29745]],[[8.40254,47.2696],[8.40303,47.27075],[8.40372,47.27272],[8.40373,47.27326],[8.40348,47.27398],[8.4027,47.27489],[8.39826,47.27753],[8.39721,47.27826],[8.39604,47.27935],[8.39555,47.28038],[8.39498,47.28182],[8.3939,47.28513],[8.39273,47.28784],[8.39134,47.28983],[8.38985,47.29139]],[[8.41182,47.24939],[8.41105,47.25018],[8.4089,47.25234],[8.40447,47.25535],[8.40369,47.25644],[8.40372,47.25806],[8.40467,47.25931],[8.40575,47.26074],[8.4059,47.26164],[8.40552,47.26272],[8.40475,47.26362],[8.4037,47.26435],[8.40292,47.26472],[8.40201,47.26545],[8.40159,47.26662],[8.40179,47.26797],[8.40254,47.2696]],[[8.40342,47.19223],[8.40574,47.19452],[8.40615,47.19526],[8.40638,47.19605],[8.40642,47.19688],[8.40627,47.19776],[8.40601,47.19847],[8.40567,47.19915],[8.4053,47.19972],[8.40457,47.20069],[8.40422,47.20129],[8.40361,47.20274],[8.40311,47.20458],[8.40302,47.2051],[8.40298,47.20581],[8.40282,47.20659],[8.40249,47.20754],[8.40204,47.20846],[8.40184,47.20891],[8.40168,47.20944],[8.40152,47.21077],[8.40157,47.21253],[8.40185,47.21464],[8.40184,47.21548],[8.40169,47.21629],[8.4014,47.21705],[8.40103,47.21769],[8.40058,47.21824],[8.40008,47.2187],[8.39909,47.21941],[8.39865,47.2198],[8.3983,47.22019],[8.39801,47.22061],[8.39755,47.22164],[8.39677,47.22401],[8.39652,47.22483],[8.39611,47.22682],[8.39608,47.22783],[8.39664,47.22918],[8.39836,47.23192],[8.40091,47.23406],[8.40706,47.23797],[8.4076,47.23868],[8.40788,47.2394],[8.40802,47.24012],[8.40806,47.24246],[8.40833,47.24315],[8.4092,47.24406],[8.40996,47.24478],[8.41143,47.24603],[8.41211,47.24692],[8.41225,47.24728],[8.41182,47.24939]],[[8.40386,47.17799],[8.40334,47.17853],[8.40221,47.18142],[8.40159,47.18358],[8.40135,47.18486],[8.40155,47.18889],[8.40183,47.18979],[8.40342,47.19223]],[[8.41636,47.14693],[8.41626,47.14891],[8.41601,47.14981],[8.41538,47.15108],[8.41345,47.15397],[8.4132,47.1547],[8.41321,47.15524],[8.41376,47.15649],[8.41545,47.15852],[8.41619,47.15935],[8.41647,47.16025],[8.41652,47.16295],[8.41642,47.16457],[8.41618,47.16601],[8.41581,47.16745],[8.41492,47.16944],[8.41442,47.17106],[8.41277,47.17467],[8.412,47.17576],[8.41083,47.17667],[8.40978,47.17704],[8.40689,47.17751],[8.40557,47.17761],[8.40386,47.17799]],[[8.41324,47.14207],[8.41364,47.14246],[8.41472,47.14371],[8.4152,47.14442],[8.41636,47.14693]],[[8.40619,47.13894],[8.40771,47.1395],[8.40921,47.13999],[8.41058,47.14052],[8.41203,47.14126],[8.41324,47.14207]],[[8.38731,47.1189],[8.38883,47.11927],[8.39016,47.11971],[8.39189,47.12069]],[[8.37136,47.11969],[8.37391,47.11957],[8.37589,47.11944],[8.37766,47.11926],[8.37984,47.11897],[8.3825,47.11878],[8.38386,47.11873],[8.38519,47.11873],[8.38634,47.11879],[8.38731,47.1189]],[[8.30947,47.05333],[8.30683,47.0529],[8.30537,47.05291],[8.30395,47.05301]],[[8.34981,47.10522],[8.35044,47.10611],[8.35158,47.10811],[8.35241,47.10936],[8.35327,47.11052],[8.35421,47.11166],[8.35522,47.11278],[8.3563,47.11387],[8.35742,47.11489],[8.35838,47.11568],[8.35961,47.11659],[8.36095,47.11734],[8.3625,47.11802],[8.36422,47.11862],[8.36604,47.1191],[8.36789,47.11944],[8.36969,47.11964],[8.37136,47.11969]],[[8.39189,47.12069],[8.39435,47.12267],[8.39682,47.1253],[8.39853,47.12868],[8.39908,47.12995],[8.40055,47.13453],[8.40159,47.136],[8.40361,47.13756],[8.40619,47.13894]],[[8.30302,47.07611],[8.30778,47.07939],[8.31027,47.08097],[8.3146,47.08353],[8.32515,47.08939]],[[8.32515,47.08939],[8.32845,47.09194],[8.32945,47.09256],[8.33132,47.09345],[8.33377,47.09468],[8.33544,47.09577],[8.33767,47.09769],[8.33911,47.09871],[8.34075,47.0996],[8.34623,47.10215],[8.3474,47.10282],[8.3485,47.10367],[8.34916,47.10432],[8.34981,47.10522]],[[8.62525,46.87939],[8.62237,46.88529],[8.61559,46.89767],[8.61428,46.90005]],[[8.38101,47.29745],[8.3805,47.29765],[8.37919,47.29847],[8.37789,47.29956],[8.37712,47.30065],[8.37658,47.30262],[8.3765,47.30299],[8.37629,47.30488],[8.37642,47.30536]],[[8.34083,47.3518],[8.33922,47.35205],[8.33784,47.35237],[8.3367,47.35275],[8.33578,47.35321],[8.33508,47.35374],[8.3346,47.35434],[8.33435,47.35502],[8.33431,47.35578],[8.33447,47.35631],[8.33488,47.35689],[8.33547,47.35736],[8.33617,47.35768],[8.33704,47.35788],[8.33801,47.35796],[8.33916,47.35791],[8.33981,47.35781],[8.34049,47.35765],[8.34114,47.35744],[8.34175,47.35718],[8.34229,47.35689],[8.34278,47.35656],[8.34321,47.35619],[8.34429,47.35498],[8.34471,47.35464],[8.34515,47.35437],[8.34565,47.35417],[8.34617,47.35408],[8.34667,47.3541],[8.34723,47.35426],[8.34774,47.35464],[8.34809,47.35512],[8.34825,47.35561],[8.34825,47.35615],[8.3481,47.3567],[8.34779,47.35731],[8.34687,47.35874],[8.34583,47.36022],[8.34473,47.36162],[8.3437,47.36275],[8.34276,47.3636],[8.34182,47.36423],[8.33964,47.36535],[8.33868,47.36576],[8.33746,47.36618],[8.33671,47.3665],[8.33609,47.36682],[8.33559,47.36714],[8.33503,47.36765],[8.33473,47.36816],[8.3347,47.36867],[8.33567,47.37057],[8.33589,47.37122],[8.33599,47.37183],[8.33597,47.37227],[8.33586,47.37264],[8.33565,47.37294],[8.33536,47.37318],[8.33442,47.37351],[8.33385,47.37362],[8.33338,47.37365],[8.33295,47.37362],[8.33255,47.37353],[8.33216,47.37337],[8.33194,47.37323],[8.33172,47.373],[8.33153,47.37271],[8.33133,47.37203],[8.33138,47.37088],[8.33135,47.37049],[8.33121,47.37005],[8.33097,47.36967],[8.33054,47.36928],[8.32996,47.369],[8.32925,47.36883],[8.32839,47.36877],[8.32787,47.36884],[8.32717,47.36902],[8.32654,47.36931],[8.32609,47.36965],[8.32573,47.37007],[8.3255,47.37057],[8.32539,47.37114],[8.32538,47.37217],[8.32555,47.37322],[8.32588,47.37409],[8.32635,47.37479],[8.32696,47.37535],[8.32734,47.37558],[8.32861,47.37616],[8.32902,47.37642],[8.32936,47.37669],[8.32959,47.37695],[8.32974,47.37722],[8.32979,47.37749],[8.32972,47.3778],[8.3294,47.37823],[8.32903,47.37855],[8.32859,47.37878],[8.32813,47.37891],[8.3276,47.37895],[8.32706,47.37891],[8.32644,47.37877],[8.32426,47.37808],[8.32265,47.37752],[8.32138,47.37701]],[[8.37439,47.31991],[8.37424,47.32086]],[[8.2407,47.48995],[8.23901,47.49204],[8.23863,47.49312],[8.23864,47.49366],[8.23836,47.4945]],[[8.28654,47.41061],[8.28605,47.41118],[8.28527,47.41182],[8.28428,47.41251],[8.28245,47.41367]],[[8.32138,47.37701],[8.32005,47.37667],[8.31867,47.37642],[8.31725,47.37629],[8.31584,47.37627],[8.31443,47.37637],[8.31308,47.37657],[8.31182,47.37688],[8.31004,47.37749],[8.3093,47.3778],[8.3085,47.37824],[8.30781,47.37876],[8.3073,47.37932],[8.30696,47.37996],[8.30681,47.38063],[8.30687,47.38138],[8.30713,47.38201],[8.30773,47.38282],[8.3087,47.38379],[8.30898,47.38421],[8.30919,47.38463],[8.30931,47.38505],[8.3093,47.38541],[8.30916,47.38572],[8.30863,47.38622],[8.30833,47.38671],[8.30819,47.38721],[8.30801,47.39091],[8.30803,47.39203],[8.30813,47.39322],[8.30807,47.39371],[8.30795,47.39416],[8.30758,47.39479],[8.30734,47.39504],[8.30703,47.39525],[8.3067,47.3954],[8.30629,47.39551],[8.30588,47.39557],[8.30339,47.39562],[8.30239,47.3957],[8.30148,47.39583],[8.30079,47.39597],[8.30021,47.39616],[8.29983,47.39636],[8.29956,47.39664],[8.29938,47.39692],[8.29916,47.39762],[8.29905,47.39879],[8.29892,47.3991],[8.29868,47.39942],[8.29821,47.39985],[8.29759,47.40024],[8.29682,47.40058],[8.29493,47.40125],[8.29314,47.40208],[8.29238,47.40251],[8.29173,47.40294],[8.29117,47.40337],[8.28921,47.40521],[8.28838,47.40618],[8.28782,47.40705],[8.2871,47.4093],[8.28654,47.41061]],[[8.29039,47.06929],[8.30302,47.07611]],[[8.28245,47.41367],[8.28145,47.41437],[8.27935,47.41601],[8.27857,47.41691],[8.27806,47.418],[8.27781,47.41926],[8.27729,47.4198],[8.27637,47.42044],[8.2744,47.42126],[8.27229,47.42245],[8.26962,47.42373]],[[8.30395,47.05301],[8.30184,47.05375],[8.30132,47.05402],[8.30002,47.05493],[8.29949,47.05542],[8.29807,47.05634],[8.29557,47.05667],[8.29478,47.05677],[8.29344,47.05684],[8.29202,47.05706],[8.29045,47.05752],[8.28993,47.05788],[8.28928,47.05861],[8.28903,47.05915],[8.28859,47.06252],[8.28733,47.06453],[8.28687,47.06552],[8.28667,47.06624],[8.28666,47.06675],[8.28677,47.06725],[8.28705,47.06761],[8.288,47.06822],[8.29039,47.06929]],[[8.64723,46.8205],[8.64749,46.82193],[8.64747,46.82236],[8.64737,46.82281],[8.64693,46.82395],[8.64621,46.82523],[8.64585,46.82575],[8.64546,46.82618],[8.645,46.82659],[8.64449,46.82696],[8.64387,46.82732],[8.6432,46.82762],[8.6414,46.82821],[8.64092,46.82847],[8.64054,46.82878],[8.64027,46.82911],[8.64003,46.8297],[8.63992,46.83094],[8.63961,46.83176],[8.63716,46.83543],[8.6369,46.83618],[8.63684,46.83684],[8.63696,46.83742],[8.63724,46.83792],[8.63742,46.83844],[8.63748,46.83925],[8.63742,46.84043],[8.63726,46.84134],[8.63702,46.8421],[8.6367,46.84279],[8.63626,46.84346]],[[8.6315,46.86685],[8.62525,46.87939]],[[8.6329,46.86461],[8.6315,46.86685]],[[8.63353,46.86308],[8.6329,46.86461]],[[8.63626,46.84346],[8.63552,46.84423],[8.63386,46.8457],[8.63337,46.84618],[8.63289,46.84688],[8.63239,46.84792],[8.63232,46.84835],[8.63234,46.84948],[8.63266,46.85117],[8.63345,46.85449],[8.63447,46.86063],[8.63445,46.86132],[8.63432,46.86183],[8.63415,46.86216],[8.63353,46.86308]],[[8.66576,46.79995],[8.66542,46.80066],[8.66489,46.8015],[8.66393,46.80282],[8.66282,46.80417],[8.66259,46.8045],[8.66245,46.80486],[8.66237,46.80529],[8.66237,46.80574],[8.66255,46.80672],[8.66298,46.80783],[8.6631,46.8084],[8.66308,46.80892],[8.6629,46.80941],[8.66259,46.80988],[8.66227,46.8102],[8.6619,46.81047],[8.66144,46.81073],[8.66052,46.81116],[8.66,46.81147],[8.65947,46.81184],[8.65906,46.81219],[8.65825,46.81309],[8.65693,46.81487],[8.65629,46.81565],[8.65529,46.81652],[8.65339,46.81781],[8.65277,46.81803],[8.65186,46.8182],[8.65066,46.81832],[8.64929,46.81837],[8.6486,46.81846],[8.64804,46.81859],[8.64761,46.81877],[8.64731,46.81899],[8.64713,46.81925],[8.64707,46.81956],[8.64709,46.8199],[8.64723,46.8205]],[[8.66714,46.79595],[8.66576,46.79995]],[[8.26962,47.42373],[8.26887,47.424],[8.26834,47.42409],[8.26649,47.42411],[8.26516,47.42385],[8.26463,47.42385],[8.26412,47.42409]],[[8.67044,46.76821],[8.67095,46.76898],[8.67112,46.76949],[8.67119,46.77069]],[[8.67119,46.77069],[8.67082,46.77254],[8.66917,46.77472],[8.66801,46.7758],[8.66751,46.77673],[8.66721,46.77811],[8.66707,46.77891],[8.66711,46.77997],[8.66734,46.78079],[8.66776,46.78206],[8.6679,46.78282],[8.66792,46.78374],[8.66728,46.78648],[8.66635,46.78953],[8.66645,46.79034],[8.66784,46.79293],[8.66785,46.79339],[8.66714,46.79595]],[[8.59309,46.6686],[8.59436,46.66924],[8.59593,46.66967],[8.59673,46.67011],[8.59754,46.67101]],[[8.59034,46.64312],[8.59075,46.64358],[8.59111,46.64392],[8.59129,46.64433],[8.59119,46.64479],[8.59104,46.64529],[8.59062,46.64612],[8.59035,46.64678],[8.59036,46.64714],[8.59102,46.64786],[8.59136,46.64815],[8.59313,46.64837],[8.59339,46.64855],[8.59353,46.64873],[8.59354,46.64963],[8.59329,46.64999],[8.59252,46.65054],[8.59122,46.65091],[8.59071,46.65146],[8.58994,46.65201],[8.58968,46.6521],[8.58811,46.65211],[8.58734,46.65266],[8.58683,46.65321],[8.58685,46.65411],[8.5866,46.65483],[8.58545,46.65619],[8.58517,46.65707],[8.58499,46.65801],[8.58506,46.65939],[8.58522,46.66045],[8.58574,46.66156],[8.58736,46.6627],[8.58849,46.66399],[8.58929,46.66452],[8.59087,46.66522],[8.59195,46.66665],[8.59222,46.66719],[8.59277,46.66844],[8.59309,46.6686]],[[8.58757,46.63909],[8.58771,46.63961],[8.58799,46.64015],[8.58852,46.64086],[8.58972,46.64193],[8.59026,46.64265],[8.59034,46.64312]],[[8.57062,46.62326],[8.57104,46.6234],[8.57183,46.6234],[8.57262,46.62366],[8.57342,46.62455],[8.57474,46.62517],[8.57736,46.62586],[8.57867,46.62603],[8.57973,46.62638],[8.58026,46.62673],[8.58026,46.62709],[8.57989,46.62781],[8.5799,46.62835],[8.58003,46.62853],[8.58505,46.63082],[8.58624,46.63171],[8.58691,46.6326],[8.58692,46.63314],[8.58668,46.63386],[8.58617,46.63477],[8.58633,46.63621],[8.58688,46.63728],[8.58728,46.63846],[8.58757,46.63909]],[[8.60675,46.71023],[8.60697,46.71075],[8.60748,46.71112],[8.6092,46.71259]],[[8.63912,46.74239],[8.64018,46.74308],[8.64058,46.74362],[8.64178,46.74451],[8.64363,46.74548],[8.64471,46.7469],[8.645,46.7478],[8.64474,46.74816],[8.64384,46.7488],[8.64379,46.749],[8.6438,46.74936],[8.64411,46.74979],[8.64467,46.7504],[8.64589,46.75133],[8.64649,46.75186],[8.64653,46.75293]],[[8.62057,46.72646],[8.62124,46.72691],[8.62151,46.72726],[8.62204,46.72787],[8.62246,46.72841],[8.62351,46.72931],[8.62489,46.73113],[8.62604,46.73241],[8.62846,46.7339],[8.63082,46.73561],[8.63202,46.73658],[8.63269,46.73719],[8.6331,46.73767],[8.63417,46.73916],[8.635,46.74007],[8.63546,46.74047],[8.63593,46.74081],[8.63637,46.74106],[8.63793,46.74173],[8.63912,46.74239]],[[8.59754,46.67101],[8.59782,46.67221],[8.59793,46.67317],[8.59821,46.67411],[8.59813,46.67506],[8.59822,46.67581],[8.59844,46.6776],[8.59852,46.67921],[8.59777,46.68138],[8.597,46.68298],[8.5965,46.6837],[8.59556,46.68495],[8.59538,46.68526],[8.59525,46.68568],[8.59504,46.6875],[8.59461,46.68908],[8.59461,46.6895],[8.59467,46.68988],[8.59488,46.69044],[8.59545,46.6913],[8.59568,46.69204],[8.59571,46.69243],[8.59567,46.69284],[8.59541,46.69356],[8.59549,46.69402],[8.59583,46.69454],[8.5964,46.69505],[8.59671,46.69549],[8.59694,46.69608],[8.59717,46.69705],[8.59755,46.69785]],[[8.59755,46.69785],[8.59812,46.69858],[8.59881,46.69914],[8.59921,46.69935],[8.60004,46.69965],[8.60091,46.69982],[8.60209,46.69996],[8.60279,46.70011],[8.60353,46.70036],[8.60414,46.70066],[8.60472,46.70118],[8.60523,46.70174],[8.60562,46.70227],[8.60588,46.70276],[8.6062,46.70311],[8.60696,46.7037],[8.60784,46.70415],[8.60821,46.70438],[8.60861,46.70469],[8.60894,46.70502],[8.60921,46.7054],[8.60934,46.70576],[8.60934,46.70611],[8.60912,46.7066],[8.6088,46.7071],[8.60711,46.70917],[8.60685,46.7097],[8.60675,46.71023]],[[8.64653,46.75293],[8.64625,46.75334],[8.64606,46.75372],[8.64596,46.75408],[8.64595,46.75442],[8.64604,46.75474],[8.64621,46.75502],[8.64648,46.75528],[8.64736,46.75583],[8.6479,46.75632],[8.6482,46.7568],[8.6483,46.75762],[8.64856,46.75826],[8.64903,46.75887],[8.64971,46.75944]],[[8.64971,46.75944],[8.65094,46.76032],[8.65133,46.76052],[8.65174,46.76066],[8.65228,46.76075],[8.65297,46.76081],[8.65532,46.76085]],[[8.6092,46.71259],[8.61057,46.71404]],[[8.61217,46.71591],[8.61248,46.71651],[8.61245,46.71711],[8.6125,46.71733],[8.61268,46.7176],[8.61373,46.71841],[8.61411,46.7188],[8.61491,46.71977],[8.6167,46.72125],[8.61745,46.722],[8.61822,46.72287],[8.6189,46.72376],[8.61934,46.72448],[8.61962,46.72528],[8.61985,46.72573],[8.62017,46.72614],[8.62057,46.72646]],[[8.23211,47.46446],[8.23279,47.46493],[8.23336,47.46551],[8.23378,47.46612],[8.23402,47.46677],[8.23405,47.46756],[8.23388,47.4685],[8.23344,47.46979],[8.23344,47.47036],[8.23361,47.47093],[8.23395,47.4715],[8.23412,47.47192],[8.23414,47.47242],[8.23403,47.47299],[8.23378,47.47359],[8.23344,47.47422],[8.23298,47.47489],[8.23135,47.47685],[8.23043,47.4777],[8.22979,47.47818],[8.2291,47.47863],[8.22692,47.4798],[8.22635,47.48019],[8.22592,47.48057],[8.22563,47.48094],[8.22549,47.48128],[8.22548,47.4816],[8.22558,47.48183],[8.2259,47.48221],[8.22623,47.48242],[8.22666,47.48257],[8.22718,47.48265],[8.22781,47.48267],[8.22853,47.48263],[8.22935,47.48252],[8.23027,47.48236]],[[8.22836,47.46279],[8.22889,47.46308],[8.2309,47.46388],[8.23211,47.46446]],[[8.23027,47.48236],[8.23196,47.48192],[8.23328,47.48191],[8.23435,47.48218],[8.23489,47.48253],[8.23529,47.48289],[8.23665,47.48486],[8.23719,47.48539],[8.24027,47.48753],[8.24108,47.48825],[8.24121,47.48842],[8.24123,47.4895],[8.2407,47.48995]],[[8.26412,47.42409],[8.26387,47.42447],[8.26374,47.42491],[8.26373,47.4253],[8.26382,47.42579],[8.26379,47.42614],[8.26361,47.42658],[8.26325,47.4271],[8.26304,47.42764],[8.26292,47.4283],[8.26289,47.42922],[8.26276,47.4296],[8.26253,47.42996],[8.26219,47.43031],[8.26174,47.43063],[8.26119,47.43094],[8.26054,47.43122],[8.25986,47.43145],[8.25865,47.43178],[8.25786,47.43194],[8.25709,47.43204],[8.25632,47.43209],[8.25555,47.43208],[8.25479,47.43202],[8.25401,47.43191],[8.25318,47.43173],[8.25215,47.43159],[8.2511,47.43168],[8.25004,47.43205],[8.24952,47.43241],[8.24913,47.43296],[8.249,47.43332],[8.24901,47.43422],[8.24915,47.43476],[8.24957,47.43544],[8.24989,47.43611],[8.25012,47.43676],[8.25024,47.43731],[8.25026,47.43763],[8.25003,47.43827],[8.24985,47.43924],[8.24977,47.44015],[8.2499,47.44043],[8.25013,47.44074],[8.25093,47.44143],[8.25215,47.44221],[8.25365,47.443],[8.25418,47.44333],[8.2548,47.44384],[8.25551,47.44452],[8.25624,47.44531],[8.25657,47.44583],[8.25702,47.44672],[8.2582,47.44946],[8.25834,47.44989],[8.25838,47.45035],[8.2583,47.45087],[8.25813,47.45137],[8.25784,47.45194],[8.25747,47.45249],[8.25695,47.45312],[8.25638,47.45372],[8.25526,47.45473],[8.25401,47.45567],[8.2534,47.45632],[8.25262,47.45692],[8.25166,47.45747],[8.2508,47.45781],[8.25021,47.45812],[8.2486,47.45921],[8.24806,47.45949],[8.24653,47.46008],[8.24537,47.46045],[8.24349,47.46094],[8.24283,47.46102],[8.2419,47.46106],[8.2393,47.46103],[8.23632,47.46086],[8.23488,47.46064],[8.23298,47.4605],[8.23031,47.46043],[8.22969,47.46052],[8.22916,47.46067],[8.22873,47.4609],[8.2284,47.46119],[8.22819,47.46156],[8.2281,47.46198],[8.22816,47.46241],[8.22836,47.46279]],[[8.65532,46.76085],[8.65706,46.76098],[8.65767,46.76112],[8.65804,46.76129],[8.65846,46.76155],[8.65964,46.76245],[8.66038,46.7632],[8.66118,46.76392],[8.66199,46.76457],[8.66285,46.76518],[8.66369,46.7657],[8.66457,46.76615],[8.66538,46.76648],[8.66876,46.76749],[8.66979,46.76787],[8.67044,46.76821]],[[8.61428,46.90005],[8.61051,46.90788],[8.60847,46.91291],[8.60938,46.91751],[8.61036,46.91972]],[[8.61036,46.91972],[8.60799,46.92301]],[[8.60799,46.92301],[8.59956,46.92937],[8.59663,46.93385]],[[8.59663,46.93385],[8.59716,46.93686]],[[8.59716,46.93686],[8.60538,46.95189]],[[8.60538,46.95189],[8.60325,46.97138],[8.60209,46.97655],[8.60483,46.98542],[8.60179,46.99015],[8.59349,46.9931]],[[8.59349,46.9931],[8.58333,46.99574],[8.57398,46.99329],[8.5551,46.98465],[8.53694,46.98228],[8.52228,46.98107]],[[8.52228,46.98107],[8.51589,46.98098]],[[8.51589,46.98098],[8.51043,46.98103]],[[8.51043,46.98103],[8.49844,46.97947],[8.48813,46.9806],[8.47076,46.98337]],[[8.47076,46.98337],[8.46569,46.98517]],[[8.46569,46.98517],[8.46471,46.98852]],[[8.46471,46.98852],[8.4644,46.99106]],[[8.4644,46.99106],[8.46884,46.99794],[8.47043,47.00238],[8.47027,47.00611]],[[8.47027,47.00611],[8.46955,47.01025]],[[8.46955,47.01025],[8.46771,47.01178]],[[8.46771,47.01178],[8.46264,47.01357]],[[8.46264,47.01357],[8.458,47.0148]],[[8.458,47.0148],[8.43297,47.01804],[8.39183,47.01807],[8.37015,47.02088]],[[8.33066,47.04956],[8.32304,47.0532],[8.31666,47.05404],[8.31281,47.05399],[8.30947,47.05333]],[[8.36287,47.02339],[8.35319,47.02817],[8.34202,47.04113],[8.33066,47.04956]],[[8.37015,47.02088],[8.36287,47.02339]],[[8.36572,47.3306],[8.36332,47.33169],[8.36197,47.33194],[8.35914,47.33165],[8.35689,47.33167],[8.35583,47.33195],[8.35505,47.33249],[8.3544,47.33322],[8.35337,47.33386],[8.35178,47.3345],[8.35073,47.33504],[8.34863,47.3365],[8.3468,47.33741],[8.34443,47.33824],[8.34337,47.33843],[8.34206,47.33889],[8.34179,47.33889],[8.34048,47.33944],[8.33902,47.34029],[8.33824,47.34109],[8.33735,47.34212],[8.33736,47.34314],[8.33791,47.34423],[8.33845,47.34495],[8.33926,47.34548],[8.34005,47.34547],[8.34031,47.34538],[8.34212,47.34285],[8.34265,47.34266],[8.34398,47.34274],[8.34557,47.34327],[8.34638,47.3438],[8.34678,47.34434],[8.34678,47.34479]],[[8.37424,47.32086],[8.3743,47.32109],[8.37431,47.32145],[8.37485,47.32235],[8.37505,47.32305],[8.37524,47.32425],[8.37454,47.32579],[8.37134,47.32819],[8.36572,47.3306]],[[8.61057,46.71404],[8.61129,46.71463],[8.61201,46.71518],[8.61217,46.71591]],[[8.23027,47.48236],[8.23131,47.48265],[8.2329,47.48281],[8.23343,47.48299],[8.23397,47.48335],[8.23532,47.48478],[8.23975,47.48861],[8.2403,47.48924],[8.2407,47.48995]],[[8.22836,47.46279],[8.2286,47.46366],[8.22884,47.46387],[8.22944,47.46422],[8.23004,47.46437],[8.23073,47.46447],[8.23142,47.4645],[8.23211,47.46446]],[[8.28654,47.41061],[8.28657,47.41143],[8.28641,47.41201],[8.28603,47.41247],[8.28532,47.41294],[8.2848,47.41314],[8.28364,47.41346],[8.28245,47.41367]],[[8.34678,47.34479],[8.34683,47.34663],[8.34645,47.34794],[8.34581,47.34939],[8.34477,47.35047],[8.34398,47.35102],[8.34267,47.35148],[8.34083,47.3518]]]}},{"type":"Feature","properties":{"name":"Limmat","aliases":[],"category":"river","source":"swissTLMRegio 2025"},"geometry":{"type":"MultiLineString","coordinates":[[[8.24216,47.49921],[8.24113,47.5003],[8.24022,47.50156],[8.23957,47.50283],[8.23944,47.50316]],[[8.4095,47.40729],[8.40966,47.41004],[8.40943,47.41202],[8.40917,47.41256],[8.40852,47.41329],[8.40761,47.41402],[8.40631,47.41565],[8.40593,47.41655],[8.40607,47.41773]],[[8.40607,47.41773],[8.40665,47.41809]],[[8.38879,47.42963],[8.38675,47.4295],[8.3859,47.42951],[8.38524,47.42956],[8.38463,47.42967],[8.38349,47.43],[8.38268,47.43015],[8.38198,47.43022],[8.38125,47.43021],[8.38069,47.43024],[8.37951,47.43045],[8.37828,47.43086],[8.37713,47.43142],[8.37669,47.43181],[8.37632,47.43236],[8.37601,47.43314],[8.37581,47.43415],[8.37567,47.43452],[8.37547,47.43486],[8.37521,47.43516],[8.37487,47.43542],[8.37447,47.43566],[8.37399,47.43586],[8.37276,47.43621]],[[8.41359,47.40223],[8.41138,47.40301],[8.4106,47.40347],[8.40968,47.40419],[8.40929,47.40474],[8.40917,47.4051],[8.40919,47.40636],[8.4095,47.40729]],[[8.42368,47.40165],[8.42156,47.40175],[8.41891,47.40187],[8.41733,47.40197],[8.41521,47.40208],[8.41359,47.40223]],[[8.49529,47.40043],[8.49189,47.40014],[8.48924,47.40017],[8.48792,47.40063],[8.48635,47.40163],[8.48466,47.40327],[8.48422,47.40385]],[[8.53955,47.3846],[8.53862,47.38556],[8.5374,47.38634],[8.5292,47.39107],[8.52605,47.39272],[8.52541,47.39293],[8.52412,47.39336],[8.52329,47.39356],[8.52144,47.39393],[8.51907,47.39468],[8.5152,47.3956],[8.51248,47.39609],[8.50877,47.39612],[8.50718,47.39623],[8.50586,47.39642],[8.50481,47.39679],[8.50376,47.39734],[8.50114,47.39907],[8.4993,47.3999],[8.49772,47.40018],[8.49695,47.40034],[8.49621,47.40042],[8.49594,47.40042],[8.49529,47.40043]],[[8.37276,47.43621],[8.37238,47.4362],[8.37199,47.43614],[8.37111,47.43589],[8.36977,47.43528],[8.36832,47.43441],[8.36792,47.43427],[8.36739,47.43422],[8.36671,47.43428],[8.36596,47.43441],[8.36422,47.43491],[8.36219,47.43568],[8.36065,47.43613],[8.35989,47.43628],[8.35914,47.43638],[8.35797,47.43644],[8.35678,47.43634],[8.35602,47.43633],[8.35526,47.43638],[8.35446,47.4365],[8.35367,47.43667],[8.35279,47.43692],[8.35013,47.43781]],[[8.44702,47.41102],[8.44622,47.41087],[8.44541,47.41061],[8.44465,47.41026],[8.44414,47.40991],[8.44189,47.40809],[8.44116,47.40756],[8.44063,47.40724],[8.43912,47.4065],[8.43775,47.40573],[8.43665,47.40502],[8.43465,47.40345],[8.43304,47.40237],[8.432,47.40182],[8.43158,47.40167],[8.43124,47.4016],[8.431,47.4016],[8.4268,47.40156],[8.42368,47.40165]],[[8.48422,47.40385],[8.48339,47.40436],[8.4824,47.40477],[8.48124,47.40505],[8.47993,47.40521],[8.47855,47.40526],[8.47715,47.4052],[8.47587,47.40507],[8.47438,47.40482],[8.47302,47.40466],[8.47122,47.40457],[8.46897,47.40453],[8.46654,47.40457],[8.46483,47.40477],[8.46193,47.40523],[8.45856,47.40585],[8.45789,47.40606],[8.45708,47.40643],[8.4561,47.40697],[8.45425,47.40823],[8.45344,47.4089],[8.45282,47.40946],[8.45213,47.40996],[8.45146,47.41035],[8.45066,47.41059],[8.44967,47.41078],[8.44846,47.41092],[8.44702,47.41102]],[[8.4095,47.40729],[8.41043,47.40805],[8.4115,47.40922],[8.41166,47.41083],[8.41102,47.4121],[8.40856,47.41554],[8.40665,47.41809]],[[8.40665,47.41809],[8.40384,47.42196],[8.40299,47.42323],[8.40223,47.42423],[8.40065,47.42523],[8.39986,47.42551],[8.39724,47.42679],[8.39565,47.42734],[8.39354,47.42772],[8.39249,47.42809],[8.39065,47.42918],[8.38879,47.42963]],[[8.23944,47.50316],[8.23801,47.50335]],[[8.24181,47.50315],[8.23944,47.50316]],[[8.24296,47.49867],[8.24323,47.49903],[8.24418,47.50028],[8.24419,47.50136],[8.24394,47.5019],[8.24289,47.50263],[8.24219,47.50295],[8.24181,47.50315]],[[8.31038,47.46669],[8.31028,47.46792],[8.3104,47.46918],[8.31071,47.47026],[8.31136,47.47167],[8.31153,47.47223],[8.31169,47.4734],[8.31161,47.47453],[8.31148,47.47513],[8.31128,47.47569],[8.31122,47.47622],[8.31129,47.47674],[8.31149,47.47727],[8.31183,47.47781],[8.31238,47.47841],[8.31349,47.47929],[8.31452,47.48029],[8.31591,47.48185],[8.31598,47.48208],[8.31593,47.4823],[8.31579,47.48249],[8.31552,47.4827],[8.31514,47.48289],[8.31409,47.48323],[8.3137,47.48331],[8.31213,47.48345],[8.31028,47.48355],[8.30791,47.48362],[8.30523,47.48365],[8.30373,47.48372],[8.30308,47.48381],[8.30256,47.48395],[8.30202,47.48419],[8.3015,47.48468],[8.30117,47.48494],[8.30029,47.4854],[8.29916,47.48579],[8.29788,47.48606],[8.29589,47.48633],[8.29441,47.48637],[8.29321,47.4863],[8.2924,47.48619],[8.29168,47.48605],[8.29058,47.48598],[8.28932,47.48608],[8.2878,47.48636],[8.28691,47.4866],[8.28608,47.48688],[8.28528,47.48705],[8.2845,47.48712],[8.28376,47.48711],[8.28307,47.487],[8.28253,47.48685],[8.28203,47.48664],[8.28075,47.48582],[8.28002,47.4855],[8.27921,47.48527],[8.27833,47.48514],[8.27772,47.48511],[8.27605,47.48511],[8.27489,47.48524],[8.27368,47.48553],[8.27257,47.48594],[8.27217,47.48622],[8.27185,47.48665],[8.27158,47.48734],[8.27138,47.48851],[8.27119,47.48899],[8.27091,47.48937],[8.27052,47.48965],[8.27002,47.48984],[8.26935,47.48994],[8.26735,47.48992],[8.26642,47.48997],[8.26552,47.4901],[8.26459,47.49033]],[[8.49529,47.40043],[8.49429,47.40071],[8.49332,47.40099],[8.49015,47.40189],[8.48841,47.40247],[8.48757,47.40277]],[[8.24181,47.50315],[8.24162,47.50349],[8.24079,47.50444],[8.23895,47.50592],[8.2379,47.50644],[8.23711,47.5068],[8.23614,47.5075]],[[8.35013,47.43781],[8.3475,47.43864],[8.34638,47.43908],[8.34514,47.43969],[8.34378,47.44047],[8.34236,47.4414],[8.34112,47.44229],[8.33993,47.4434],[8.33872,47.44468],[8.33749,47.44613],[8.33638,47.44757],[8.33621,47.44805],[8.33611,47.44864],[8.3361,47.44931],[8.33615,47.44999],[8.3361,47.4506],[8.33581,47.45133],[8.33527,47.45224],[8.33452,47.45326],[8.33343,47.45453],[8.33212,47.45589],[8.33074,47.45719],[8.32992,47.45782],[8.32914,47.45827],[8.32837,47.45857],[8.32764,47.45872],[8.32682,47.45877],[8.32596,47.45875],[8.32383,47.4586]],[[8.5444,47.36755],[8.54376,47.36967],[8.54351,47.37249],[8.5435,47.37449],[8.54392,47.37739],[8.5438,47.37955],[8.54304,47.38149],[8.54124,47.38367]],[[8.32383,47.4586],[8.32137,47.45811],[8.31794,47.4572],[8.31555,47.4565],[8.31431,47.45628],[8.31368,47.45633],[8.31328,47.45669],[8.31329,47.45723],[8.31357,47.45777],[8.31465,47.45902],[8.31466,47.45974],[8.31374,47.46046],[8.3119,47.46138],[8.31059,47.46229],[8.31007,47.46301],[8.30995,47.46337],[8.31038,47.46669]],[[8.54124,47.38367],[8.54045,47.38422],[8.53955,47.3846]],[[8.24296,47.49867],[8.24216,47.49921]],[[8.26459,47.49033],[8.26196,47.49134],[8.26038,47.49207],[8.25959,47.49261],[8.25914,47.49292],[8.25866,47.4935],[8.25828,47.49388],[8.25777,47.49479],[8.25794,47.49766],[8.25768,47.49802],[8.25716,47.49839],[8.25636,47.49848],[8.25476,47.49805],[8.25235,47.49671],[8.25022,47.49601],[8.24806,47.49565],[8.2465,47.49576],[8.24544,47.49595],[8.24412,47.49641],[8.24359,47.49677],[8.24295,47.49786],[8.24296,47.49867]],[[8.48757,47.40277],[8.48561,47.4035],[8.48422,47.40385]]]}},{"type":"Feature","properties":{"name":"Linth-Kanal","aliases":["Linthkanal","Canale della Linth"],"category":"river","source":"swissTLMRegio 2025"},"geometry":{"type":"MultiLineString","coordinates":[[[9.00697,47.17546],[8.99997,47.18053],[8.99572,47.18366],[8.99493,47.18429],[8.99403,47.1855],[8.99164,47.18919],[8.98734,47.19573],[8.97547,47.21425]],[[9.06395,47.13425],[9.06169,47.13568],[9.05832,47.13761],[9.05547,47.13948]],[[9.10005,47.13416],[9.09757,47.13363],[9.09603,47.13339],[9.0951,47.13321],[9.08955,47.13276],[9.08519,47.13246],[9.07567,47.13152],[9.07356,47.13137],[9.07197,47.1313],[9.06987,47.13142],[9.06803,47.1319],[9.06699,47.13236],[9.06441,47.13402],[9.06395,47.13425]],[[9.05547,47.13948],[9.05496,47.13982],[9.05356,47.14146],[9.05291,47.14201],[9.03438,47.15568],[9.03214,47.15732],[9.03015,47.15876]],[[9.03015,47.15876],[9.02363,47.16344],[9.01935,47.1665],[9.00971,47.17348]],[[9.00971,47.17348],[9.00697,47.17546]],[[8.97547,47.21425],[8.97359,47.21699],[8.97325,47.21748],[8.97285,47.21792],[8.97241,47.2183],[8.97189,47.21864],[8.97144,47.21887],[8.97101,47.21902],[8.97049,47.21913],[8.96977,47.21919],[8.96886,47.21919],[8.96773,47.21913],[8.96526,47.2189],[8.96123,47.21836],[8.95939,47.21817],[8.95767,47.21806],[8.95602,47.21804],[8.95445,47.21809],[8.95282,47.21822],[8.95106,47.21843],[8.94881,47.21876],[8.94708,47.21902],[8.94237,47.21978]]]}},{"type":"Feature","properties":{"name":"Linth","aliases":[],"category":"river","source":"swissTLMRegio 2025"},"geometry":{"type":"MultiLineString","coordinates":[[[9.04101,46.96643],[9.0416,46.96671],[9.04344,46.96897]],[[8.98398,46.88762],[8.98441,46.88799]],[[9.06188,47.07029],[9.06212,47.07151],[9.06223,47.07805],[9.06228,47.08123],[9.06237,47.08429],[9.06252,47.08483],[9.0628,47.08554],[9.06459,47.08786],[9.0662,47.08947],[9.06796,47.09149],[9.06975,47.09382],[9.07161,47.09653],[9.07235,47.09772],[9.0728,47.09855],[9.07314,47.09935],[9.07343,47.10023],[9.07362,47.10107],[9.07378,47.10257],[9.07376,47.10346],[9.07364,47.10425],[9.07372,47.10551],[9.07403,47.10675],[9.07455,47.10794],[9.07547,47.10954],[9.07608,47.11046],[9.07816,47.11385],[9.08051,47.11723],[9.08133,47.1183],[9.08187,47.11865],[9.08267,47.119],[9.08373,47.11926],[9.09036,47.12033],[9.09407,47.12109],[9.09593,47.12142],[9.09964,47.12209],[9.10335,47.12266],[9.10468,47.123],[9.10501,47.12305],[9.10534,47.1231]],[[9.06176,47.06405],[9.06178,47.06468],[9.06177,47.06882],[9.0618,47.0699],[9.06188,47.07029]],[[9.08508,47.02155],[9.08483,47.023],[9.08487,47.02374],[9.0848,47.02403],[9.08464,47.02428],[9.08436,47.02453],[9.08399,47.02475],[9.08329,47.02506],[9.08281,47.02543],[9.08259,47.02569],[9.08245,47.02596],[9.08233,47.02664],[9.08235,47.027],[9.0825,47.02743],[9.08317,47.02821],[9.0834,47.02868],[9.08337,47.02901],[9.08312,47.02924],[9.08293,47.02934],[9.08204,47.02972],[9.08079,47.0301],[9.08024,47.03036],[9.07997,47.03056],[9.0798,47.03077],[9.07971,47.031],[9.07976,47.03166],[9.07968,47.03194],[9.07954,47.0322],[9.07932,47.03247],[9.07902,47.03273],[9.07867,47.03295],[9.07822,47.03317],[9.07677,47.03396],[9.07562,47.03488],[9.07537,47.03542],[9.07546,47.03621],[9.07543,47.0374],[9.07533,47.03848],[9.07436,47.04102],[9.07323,47.04283],[9.07298,47.04356],[9.07211,47.04501],[9.07137,47.04664],[9.07035,47.04791],[9.06856,47.04956],[9.06667,47.05246],[9.06578,47.05338],[9.06436,47.05448],[9.06321,47.05557],[9.06268,47.05621],[9.06183,47.05757],[9.06158,47.05812],[9.06161,47.05901],[9.06311,47.06079],[9.06327,47.06187],[9.06176,47.06405]],[[9.08748,47.01807],[9.08744,47.01844],[9.08728,47.01872],[9.08699,47.01894],[9.08648,47.01916],[9.08636,47.01925],[9.08599,47.01959],[9.08567,47.01999],[9.08527,47.02074],[9.08508,47.02155]],[[9.08246,47.00635],[9.0824,47.00729],[9.08206,47.00883],[9.08207,47.00924],[9.0822,47.00968],[9.08246,47.01015],[9.08283,47.01065],[9.08329,47.01115],[9.08385,47.01166],[9.08455,47.01221],[9.08525,47.01266],[9.08543,47.01285],[9.08552,47.01305],[9.08548,47.01339],[9.08512,47.01379],[9.08504,47.01399],[9.08506,47.01462],[9.08527,47.01543],[9.08575,47.01667],[9.08605,47.01706],[9.08642,47.01734],[9.0872,47.01768],[9.08737,47.01784],[9.08748,47.01807]],[[9.07974,46.996],[9.07802,46.99741],[9.07661,46.99851],[9.07636,46.99888],[9.07639,46.99978],[9.0768,47.00049],[9.07789,47.00156],[9.07971,47.00283],[9.08017,47.00314],[9.08098,47.00385],[9.08223,47.00547],[9.08246,47.00635]],[[9.05238,46.98301],[9.05302,46.98382],[9.05356,46.98435],[9.05436,46.98479],[9.05675,46.98548],[9.0586,46.98581],[9.06046,46.98642],[9.06105,46.98657],[9.06167,46.98662],[9.06218,46.98666],[9.06376,46.98682],[9.06429,46.98699],[9.06483,46.98734],[9.06524,46.98788],[9.06541,46.98914],[9.06544,46.99022],[9.06559,46.99057],[9.06667,46.99182],[9.06762,46.99252],[9.06868,46.99287],[9.07186,46.99354],[9.07425,46.99432],[9.07558,46.99484],[9.07642,46.99498],[9.07755,46.9949],[9.07834,46.99498],[9.07941,46.99533],[9.07974,46.996]],[[9.05145,46.98221],[9.05193,46.98267],[9.0522,46.98284],[9.05238,46.98301]],[[9.04344,46.96897],[9.04392,46.96955],[9.04623,46.97204],[9.04719,46.97278],[9.04929,46.97536],[9.04964,46.97631],[9.05008,46.97775],[9.05057,46.98098],[9.05071,46.98134],[9.05145,46.98221]],[[9.01593,46.9395],[9.0177,46.94085],[9.01893,46.94246],[9.02123,46.94476],[9.0237,46.94833],[9.02539,46.94999],[9.02667,46.95099],[9.02711,46.95113]],[[9.01158,46.93539],[9.01218,46.93616],[9.01433,46.93793],[9.01593,46.9395]],[[9.00586,46.93164],[9.00588,46.93193],[9.00697,46.93335],[9.00831,46.93405],[9.01069,46.93483],[9.01129,46.93507],[9.01158,46.93539]],[[9.0025,46.92847],[9.00302,46.92855],[9.00436,46.92934],[9.00518,46.93052],[9.0056,46.9313],[9.00586,46.93164]],[[8.98493,46.90919],[8.98527,46.90953],[8.9858,46.90989],[8.98621,46.91042],[8.98637,46.91114],[8.98746,46.91256],[8.9879,46.91418],[8.98844,46.91489],[8.99073,46.91666],[8.99259,46.91753],[8.99446,46.91868],[8.99622,46.92027],[8.99867,46.9233],[8.99894,46.92347],[9.00098,46.92615],[9.00173,46.92747],[9.0025,46.92847]],[[8.98728,46.89954],[8.9879,46.90055],[8.98797,46.90103],[8.98804,46.90187],[8.98796,46.90254],[8.98769,46.90335],[8.98722,46.90398],[8.98651,46.90455],[8.98614,46.90499],[8.98586,46.90557],[8.98565,46.90627],[8.98547,46.90667],[8.98507,46.9073],[8.98492,46.90792],[8.98482,46.90863],[8.98493,46.90919]],[[8.98441,46.88799],[8.98625,46.88997],[8.9866,46.89025],[8.9869,46.89036],[8.98852,46.89042],[8.98892,46.89056],[8.98924,46.89084],[8.9901,46.89287],[8.9901,46.89349],[8.99004,46.89397],[8.9898,46.89448],[8.98914,46.89525],[8.98873,46.8959],[8.98848,46.89641],[8.98833,46.89675],[8.9881,46.89709],[8.98761,46.8976],[8.98725,46.89821],[8.98713,46.8989],[8.98728,46.89954]],[[9.02711,46.95113],[9.02783,46.95218],[9.0283,46.95296],[9.02865,46.9537],[9.02916,46.95529],[9.02961,46.95638],[9.03031,46.95772],[9.03123,46.95922],[9.03333,46.962],[9.03412,46.96292],[9.03505,46.96379],[9.03613,46.96439],[9.03977,46.96586],[9.04101,46.96643]],[[8.98144,46.86716],[8.98147,46.8687],[8.98172,46.86922],[8.9824,46.86992],[8.98401,46.87082],[8.98475,46.87165],[8.9849,46.87227],[8.98473,46.87291],[8.98413,46.87377],[8.98363,46.87435],[8.98265,46.87547],[8.98151,46.87634],[8.98142,46.87659],[8.98153,46.87696],[8.98244,46.87796],[8.98264,46.87866],[8.98261,46.87895],[8.98236,46.8793],[8.98127,46.87985],[8.98076,46.88027],[8.98047,46.88071],[8.98047,46.88126],[8.98101,46.88272],[8.98123,46.88322],[8.983,46.88554],[8.98371,46.88715],[8.98384,46.88733],[8.98398,46.88762]],[[8.98047,46.86542],[8.98102,46.86591],[8.9813,46.86646],[8.98144,46.86716]],[[9.10534,47.1231],[9.10627,47.12325],[9.11246,47.12534],[9.11799,47.12722],[9.11879,47.12757],[9.11959,47.12774],[9.12031,47.12808],[9.12056,47.12836]],[[9.12056,47.12836],[9.12136,47.1342]]]}},{"type":"Feature","properties":{"name":"Thur","aliases":[],"category":"river","source":"swissTLMRegio 2025"},"geometry":{"type":"MultiLineString","coordinates":[[[9.10965,47.27281],[9.10658,47.27722],[9.10436,47.27924]],[[9.1439,47.25766],[9.14341,47.25776],[9.14264,47.25757],[9.14169,47.25711],[9.14068,47.25663],[9.13985,47.25636],[9.13895,47.2562],[9.1385,47.25618],[9.13798,47.25633],[9.13765,47.25658],[9.13741,47.25694],[9.1372,47.25748],[9.13682,47.25789],[9.135,47.25914],[9.13462,47.25936],[9.13412,47.25949],[9.1335,47.25955],[9.13281,47.25951],[9.13173,47.25936]],[[9.19174,47.22647],[9.1874,47.22825],[9.18714,47.22846],[9.18701,47.22871],[9.18702,47.22898],[9.18717,47.22926],[9.18881,47.23127],[9.18893,47.23161],[9.18892,47.23194],[9.18877,47.23226],[9.18858,47.23248],[9.18832,47.23266],[9.1871,47.23322],[9.18681,47.23343],[9.18664,47.23366]],[[9.24996,47.19002],[9.24967,47.19046]],[[9.26032,47.18741],[9.25947,47.18738],[9.25882,47.18751],[9.25843,47.18766],[9.25794,47.18792],[9.25756,47.188],[9.25729,47.18799],[9.25648,47.18786],[9.25561,47.18781],[9.25519,47.18786],[9.25473,47.18798],[9.25373,47.18841],[9.25349,47.18861],[9.25324,47.18892],[9.25273,47.18983],[9.25244,47.19001],[9.2521,47.19009],[9.2517,47.19006],[9.25081,47.18981],[9.25054,47.18979],[9.25034,47.18984],[9.24996,47.19002]],[[9.23302,47.4988],[9.23211,47.49896],[9.23124,47.49902],[9.23035,47.49898],[9.22946,47.49884],[9.2285,47.49859],[9.22755,47.49823],[9.22674,47.49783],[9.22562,47.49716],[9.22514,47.49696],[9.22465,47.49681],[9.22418,47.49674],[9.22366,47.49672],[9.22312,47.49676],[9.22257,47.49686],[9.22205,47.49701],[9.22128,47.49734],[9.22056,47.49775],[9.22,47.49817],[9.21918,47.49892],[9.21821,47.49953],[9.21707,47.50003],[9.21593,47.50038],[9.2154,47.50053],[9.21485,47.50081],[9.21434,47.50118],[9.21395,47.5016],[9.21362,47.50213],[9.21339,47.50274],[9.21328,47.50343],[9.21327,47.5044],[9.21313,47.50503],[9.21284,47.50566],[9.21245,47.50627],[9.21189,47.50693],[9.21119,47.5076],[9.21036,47.50825],[9.20944,47.50885],[9.20885,47.50939],[9.2084,47.51],[9.20809,47.51069],[9.20792,47.51146],[9.20791,47.5124],[9.20808,47.51341],[9.20837,47.51427],[9.20891,47.51541],[9.20926,47.51651],[9.20948,47.51761],[9.20946,47.51835],[9.20929,47.51909],[9.20897,47.51981],[9.20854,47.52049],[9.20796,47.52119],[9.20725,47.52184],[9.20639,47.5225],[9.20543,47.52311],[9.20413,47.5238],[9.20065,47.52532],[9.19966,47.52567],[9.19868,47.52594],[9.19773,47.52613],[9.19674,47.52626],[9.19569,47.52634],[9.19438,47.52638]],[[9.1504,47.45629],[9.1519,47.45631]],[[9.1519,47.45631],[9.15291,47.45651],[9.1544,47.45703],[9.15578,47.45774],[9.15684,47.45862],[9.15788,47.45978],[9.1592,47.46124],[9.15979,47.46166],[9.16043,47.46192],[9.16113,47.46201],[9.1618,47.46195],[9.16302,47.46164],[9.1651,47.46093],[9.16743,47.45994],[9.16954,47.45947],[9.17087,47.4594],[9.17212,47.45945],[9.17341,47.45972],[9.17397,47.45993],[9.17849,47.46225]],[[9.17849,47.46225],[9.18867,47.46811],[9.19399,47.47079],[9.20018,47.47413]],[[9.20018,47.47413],[9.20115,47.47464],[9.20386,47.47613],[9.20561,47.47709],[9.20777,47.47823]],[[9.07941,47.41282],[9.07934,47.4133],[9.07919,47.41377],[9.07896,47.41424],[9.07844,47.41503],[9.07826,47.41542],[9.07812,47.41589],[9.078,47.41697],[9.0779,47.41746],[9.07771,47.41798],[9.07697,47.41903],[9.07669,47.41967],[9.07669,47.41999],[9.07684,47.4202],[9.07717,47.42029],[9.07766,47.42026],[9.07873,47.42004],[9.07951,47.41999],[9.08039,47.42003],[9.08123,47.42022],[9.08218,47.42054],[9.08296,47.4209],[9.0835,47.42126],[9.08391,47.42182],[9.084,47.42214],[9.08395,47.42248],[9.08375,47.42279],[9.08342,47.42308],[9.08172,47.42396],[9.08074,47.4244],[9.07567,47.42616],[9.07542,47.42636],[9.07528,47.4266],[9.07526,47.42687],[9.07537,47.42721],[9.07642,47.42894],[9.07672,47.42955],[9.07694,47.43026],[9.07698,47.43074],[9.07691,47.43119],[9.07674,47.43158],[9.0764,47.43192],[9.07593,47.43223],[9.07542,47.43246],[9.07498,47.43258],[9.07455,47.4326],[9.07321,47.43218],[9.07237,47.43179],[9.07199,47.43169],[9.0716,47.43167],[9.07117,47.43172],[9.07077,47.43182],[9.07034,47.43201],[9.06824,47.43349],[9.06779,47.43388],[9.06757,47.43415],[9.06735,47.43492],[9.06728,47.43547],[9.06732,47.43565],[9.06725,47.43586],[9.06678,47.43635],[9.06594,47.43692],[9.06482,47.43757],[9.06406,47.43817],[9.06379,47.43847],[9.06367,47.43873],[9.06368,47.43895],[9.06398,47.4393],[9.06438,47.43961],[9.06505,47.43997],[9.0668,47.44043],[9.06765,47.44072],[9.0682,47.441],[9.06837,47.44113],[9.06847,47.44128],[9.06844,47.44236],[9.06825,47.44293],[9.06776,47.44357],[9.06725,47.44414],[9.06678,47.44454],[9.06639,47.44477],[9.06445,47.44561],[9.06412,47.44586],[9.06385,47.44617],[9.06373,47.44647],[9.06377,47.44674],[9.06397,47.44701],[9.06625,47.44958],[9.06736,47.45071],[9.06909,47.4527],[9.07045,47.45395]],[[9.07995,47.35748],[9.07986,47.35833],[9.07997,47.35875],[9.08013,47.35891],[9.08036,47.35903],[9.08068,47.35911],[9.08108,47.35917],[9.08219,47.35924],[9.0831,47.35922],[9.08451,47.35898],[9.0849,47.35895],[9.08522,47.35896],[9.08549,47.35906],[9.08561,47.35923],[9.08556,47.35948],[9.08536,47.35981],[9.08462,47.36059],[9.08413,47.361],[9.08368,47.36131],[9.08325,47.36151],[9.08238,47.36182],[9.08166,47.36213],[9.08131,47.36234],[9.08114,47.36254],[9.081,47.36318],[9.08114,47.36465]],[[9.08114,47.36465],[9.08127,47.36508],[9.08125,47.36529],[9.08106,47.36555],[9.08014,47.36627],[9.07971,47.36668],[9.07941,47.36711],[9.07932,47.36749],[9.07945,47.36787],[9.07971,47.36821],[9.08005,47.36846],[9.08048,47.36863],[9.08243,47.36884],[9.08323,47.36905],[9.08353,47.3692],[9.08374,47.36935],[9.08385,47.36952],[9.08395,47.36997],[9.08387,47.37038],[9.08377,47.37052],[9.08305,47.37091],[9.08231,47.37117],[9.08138,47.3714],[9.08105,47.37152],[9.08081,47.37167],[9.08069,47.37181],[9.0807,47.37196],[9.08085,47.37212],[9.08113,47.37227],[9.08277,47.37294],[9.0836,47.3734],[9.08388,47.37371],[9.0841,47.37411],[9.0842,47.37451],[9.08415,47.37659],[9.08406,47.37711],[9.08395,47.37741],[9.08373,47.37762],[9.08337,47.37782],[9.0829,47.37796],[9.08176,47.37817],[9.0809,47.37839],[9.08036,47.3786],[9.07995,47.37884],[9.07962,47.3793],[9.07945,47.37977],[9.07945,47.3802],[9.07963,47.38059],[9.08036,47.38128],[9.08096,47.38177],[9.0812,47.38204],[9.08153,47.38264],[9.08171,47.38331],[9.08163,47.38375],[9.08152,47.38391],[9.08135,47.38402],[9.08115,47.38408],[9.0809,47.38408],[9.07983,47.38386],[9.07895,47.38381],[9.07836,47.38387],[9.07785,47.38402],[9.07701,47.38437],[9.07638,47.38476],[9.07603,47.38514],[9.07596,47.38532],[9.07597,47.38572],[9.07608,47.38611],[9.07629,47.38646],[9.07656,47.38672],[9.07689,47.3869],[9.07825,47.38713],[9.07896,47.3873],[9.07947,47.38748],[9.08005,47.3878],[9.08019,47.38804],[9.08025,47.3884],[9.08022,47.38882],[9.0801,47.38936],[9.07962,47.38998],[9.07929,47.39054],[9.07913,47.39099],[9.07916,47.3913],[9.07935,47.39171],[9.07964,47.3921],[9.08001,47.39242],[9.08044,47.39268],[9.08075,47.39281],[9.08194,47.39321]],[[9.08246,47.34817],[9.08332,47.34971],[9.08361,47.35005],[9.08394,47.35031],[9.08431,47.3505],[9.08474,47.35062],[9.08518,47.35066],[9.08562,47.35064],[9.08677,47.35039],[9.08728,47.3504],[9.08773,47.35054],[9.08806,47.35079],[9.08826,47.35112],[9.0882,47.35142],[9.08789,47.35168],[9.08734,47.35188]],[[9.08304,47.33283],[9.08318,47.33489],[9.08332,47.33521],[9.08352,47.33536],[9.08397,47.33547],[9.08419,47.33558],[9.08433,47.33574],[9.08439,47.33594],[9.08428,47.33641],[9.08381,47.33712],[9.08338,47.33743],[9.08283,47.33765],[9.08074,47.33836],[9.0801,47.33872],[9.07984,47.33901],[9.07978,47.33939],[9.07985,47.33991],[9.08005,47.34051],[9.0802,47.34075],[9.08044,47.34099],[9.08083,47.34126],[9.08106,47.34138],[9.08122,47.34156],[9.08133,47.34179],[9.08139,47.34207],[9.08137,47.34281],[9.08115,47.34394]],[[9.10436,47.27924],[9.10302,47.27965],[9.10204,47.28005],[9.09933,47.28207],[9.09803,47.2829],[9.09727,47.28381],[9.09714,47.28417],[9.09717,47.28507],[9.0976,47.28597],[9.09921,47.28693],[9.09952,47.28711],[9.09982,47.2872]],[[9.12135,47.2634],[9.12088,47.26396],[9.12031,47.26477],[9.1195,47.26622],[9.11922,47.26648],[9.11888,47.26667],[9.11837,47.26683],[9.11787,47.26689],[9.11624,47.2668],[9.11571,47.26691],[9.11535,47.26706],[9.11491,47.26736],[9.1137,47.26844],[9.11259,47.26958],[9.10965,47.27281]],[[9.13173,47.25936],[9.13077,47.25951],[9.12926,47.25985],[9.12785,47.26014],[9.1271,47.26028],[9.12503,47.26024],[9.1243,47.26017],[9.1238,47.26029],[9.12278,47.26091],[9.12251,47.26128],[9.12215,47.26251]],[[9.16648,47.2502],[9.166,47.25025],[9.16573,47.25023],[9.16494,47.25025],[9.16389,47.25062],[9.16182,47.25173],[9.16107,47.25225],[9.16074,47.25279],[9.16035,47.25328],[9.15965,47.2536],[9.15879,47.25377],[9.158,47.25375],[9.15661,47.25384],[9.1554,47.25405],[9.1545,47.25428],[9.154,47.25459],[9.15379,47.25509],[9.15352,47.25549],[9.15285,47.25578],[9.15143,47.25592],[9.14989,47.25601],[9.14885,47.25582],[9.14808,47.25554],[9.14739,47.25551],[9.14667,47.25582],[9.14632,47.25618],[9.14586,47.25676],[9.14542,47.25716],[9.14479,47.25752],[9.1439,47.25766]],[[9.19429,47.22525],[9.19373,47.22552],[9.19268,47.22589],[9.19174,47.22647]],[[9.24967,47.19046],[9.24938,47.19063],[9.24907,47.19071],[9.24885,47.19072],[9.2483,47.19064],[9.24792,47.19053],[9.24755,47.19036],[9.24718,47.19013],[9.24675,47.18999],[9.24542,47.18975],[9.24478,47.18992],[9.24396,47.19029],[9.24296,47.19085],[9.24184,47.19156],[9.2408,47.19197],[9.23911,47.19246],[9.23856,47.19254],[9.23791,47.19255],[9.23617,47.19237],[9.23593,47.1924],[9.23576,47.19247],[9.23563,47.19261],[9.23505,47.19408],[9.23477,47.19434],[9.23438,47.19457],[9.23381,47.19481],[9.2329,47.19506],[9.23259,47.19519],[9.23202,47.1956],[9.23186,47.19584],[9.23173,47.1962],[9.23142,47.19757]],[[9.30312,47.19677],[9.30251,47.19636],[9.30174,47.19596],[9.30123,47.19572],[9.30095,47.19564],[9.30067,47.19561],[9.29976,47.19578],[9.29875,47.19589],[9.29759,47.19596],[9.29692,47.19594],[9.29618,47.19583],[9.29522,47.19561],[9.29431,47.19533],[9.29344,47.19518],[9.29238,47.19511],[9.2909,47.19511],[9.28987,47.19519],[9.2892,47.19515],[9.28854,47.195],[9.28778,47.19472],[9.28738,47.19463],[9.28699,47.1946],[9.28661,47.19463],[9.28626,47.19472],[9.28594,47.19485],[9.28526,47.19532],[9.28492,47.19547],[9.28456,47.19554],[9.28416,47.19554],[9.28363,47.19543],[9.28275,47.19506],[9.28226,47.19494],[9.28163,47.19484],[9.28012,47.19471],[9.27934,47.19447],[9.27851,47.19406],[9.2781,47.19378],[9.27763,47.1934],[9.27744,47.19325],[9.27658,47.1928],[9.27628,47.19269],[9.27583,47.19267],[9.27541,47.1926],[9.275,47.19249],[9.27463,47.19231],[9.27407,47.19191],[9.27363,47.19135],[9.27317,47.19092],[9.27253,47.19041],[9.27178,47.18989],[9.2711,47.18959],[9.26988,47.18916],[9.26875,47.18884],[9.26852,47.18883],[9.26839,47.18896],[9.26847,47.18908],[9.26888,47.1894],[9.26914,47.18969],[9.26928,47.18998],[9.26927,47.19024],[9.26914,47.19045],[9.26897,47.19058],[9.26876,47.19067],[9.26849,47.19071],[9.2678,47.19067],[9.26692,47.19046],[9.26539,47.18986],[9.26482,47.18954],[9.26426,47.1891],[9.26387,47.18867],[9.26335,47.18835],[9.26256,47.18802],[9.26152,47.1877],[9.26032,47.18741]],[[9.20777,47.47823],[9.2094,47.48004],[9.21012,47.48129]],[[9.21012,47.48129],[9.21106,47.48329]],[[8.61284,47.59511],[8.59271,47.59547],[8.59035,47.59605]],[[8.74324,47.58929],[8.7428,47.58906],[8.74223,47.58898],[8.74151,47.58906],[8.7407,47.58927],[8.73966,47.58968],[8.73855,47.59023],[8.73735,47.59093],[8.73656,47.5915],[8.736,47.592],[8.73556,47.59251],[8.73525,47.59304],[8.73505,47.59358],[8.73495,47.59416],[8.73493,47.59481],[8.73499,47.59574],[8.73503,47.59631],[8.73491,47.59685],[8.7344,47.59758],[8.73361,47.59803],[8.73255,47.59823],[8.73016,47.59816],[8.72855,47.59782],[8.72709,47.59743],[8.72641,47.59712],[8.72506,47.59651],[8.72185,47.59547],[8.72108,47.59541],[8.72038,47.59548],[8.71959,47.59576],[8.71881,47.59631],[8.71855,47.59667],[8.71856,47.59721],[8.71911,47.59792],[8.71965,47.59828],[8.72073,47.59863],[8.72366,47.59904],[8.72473,47.59939],[8.72554,47.59983],[8.72596,47.60037],[8.72597,47.60109],[8.72585,47.60145],[8.72469,47.60308],[8.723,47.60472],[8.72156,47.60581],[8.72104,47.60609],[8.71972,47.60637],[8.71865,47.6063],[8.71784,47.60594],[8.71743,47.60541],[8.71707,47.60427],[8.71683,47.60364],[8.71643,47.60306],[8.71587,47.60251],[8.71515,47.60202],[8.71438,47.60162],[8.71356,47.60129],[8.71252,47.60098],[8.71076,47.60056],[8.71004,47.60033],[8.7093,47.60003],[8.70863,47.59971],[8.7078,47.59924],[8.70702,47.59871],[8.70642,47.59822],[8.70581,47.59762],[8.70533,47.59723],[8.70472,47.59699],[8.70399,47.59691],[8.70315,47.59697],[8.70221,47.59719],[8.70124,47.59753],[8.70012,47.59802],[8.69912,47.59857],[8.69847,47.59881],[8.6977,47.59899],[8.69681,47.59909],[8.6958,47.59911],[8.6945,47.59904],[8.69305,47.59888],[8.69106,47.59853],[8.6891,47.59806],[8.6881,47.59793],[8.68717,47.59787],[8.68617,47.59788],[8.68524,47.59796],[8.68424,47.59811],[8.68332,47.59833],[8.68237,47.59864],[8.68152,47.59899],[8.67989,47.59981],[8.67894,47.60038],[8.67802,47.60103],[8.67713,47.60177],[8.67627,47.60259],[8.67545,47.60348],[8.67366,47.60586],[8.67312,47.60641],[8.67253,47.60691],[8.67193,47.60732],[8.67123,47.60772],[8.67053,47.60804],[8.66972,47.60833],[8.66893,47.60856],[8.66811,47.60873],[8.66728,47.60884],[8.66654,47.60888],[8.6657,47.60887],[8.66512,47.6088],[8.66455,47.60868],[8.66401,47.60851],[8.66348,47.60829],[8.66298,47.60802],[8.6625,47.60769],[8.66204,47.60731],[8.66145,47.60671],[8.66095,47.60606],[8.66059,47.60547],[8.66002,47.60427],[8.65956,47.6035],[8.65901,47.60272],[8.65837,47.60193],[8.65762,47.60111],[8.65679,47.6003],[8.65589,47.59951],[8.65502,47.59881],[8.65437,47.5982],[8.6538,47.59754],[8.6533,47.59684],[8.6529,47.59609],[8.65248,47.59501],[8.65223,47.59392],[8.65214,47.59292],[8.65221,47.59182],[8.65217,47.59142],[8.65203,47.59109],[8.65179,47.59082],[8.65146,47.59062],[8.65103,47.59048],[8.65051,47.5904],[8.64988,47.5904],[8.6492,47.59045],[8.64792,47.59067],[8.64638,47.59106],[8.63972,47.59353],[8.63854,47.59392],[8.63722,47.5942],[8.63601,47.59436],[8.63464,47.59437],[8.63305,47.59424],[8.63114,47.59422],[8.62927,47.59432],[8.62696,47.59452],[8.62424,47.595],[8.62286,47.59529],[8.62172,47.59543],[8.62061,47.59545],[8.61798,47.59523],[8.61571,47.59512],[8.61284,47.59511]],[[8.74936,47.59374],[8.74847,47.59349],[8.74764,47.59317],[8.74686,47.59277],[8.74613,47.5923],[8.74549,47.59179],[8.74487,47.59119],[8.74324,47.58929]],[[8.80721,47.58454],[8.77297,47.5925],[8.76934,47.59325],[8.76542,47.59389],[8.76176,47.59433],[8.76025,47.59444],[8.75903,47.59448],[8.7573,47.59445],[8.7554,47.59437],[8.75354,47.59425],[8.75184,47.5941],[8.75043,47.59393],[8.74936,47.59374]],[[8.88632,47.58121],[8.85909,47.57926],[8.85377,47.57911],[8.84671,47.57962],[8.84015,47.58009],[8.83631,47.5801],[8.83169,47.57985],[8.82823,47.57989],[8.82697,47.58001],[8.82383,47.58072],[8.80721,47.58454]],[[8.88744,47.58132],[8.88677,47.58129],[8.88632,47.58121]],[[8.91386,47.58732],[8.9075,47.58562],[8.90509,47.58493],[8.9,47.58355],[8.89411,47.58228],[8.88744,47.58132]],[[8.94271,47.58977],[8.93459,47.58887],[8.92927,47.58885],[8.92368,47.58874],[8.92048,47.5886],[8.91872,47.58838],[8.91386,47.58732]],[[8.94509,47.58992],[8.94379,47.58983],[8.94271,47.58977]],[[9.06022,47.57438],[9.05874,47.57501]],[[9.06778,47.57029],[9.06127,47.5739],[9.06022,47.57438]],[[9.07514,47.56616],[9.07113,47.56836],[9.06778,47.57029]],[[9.1061,47.55689],[9.10317,47.55778],[9.10105,47.55826],[9.09365,47.55954],[9.09154,47.55993],[9.08942,47.56041],[9.08259,47.56284],[9.08101,47.5635],[9.07656,47.56554],[9.07514,47.56616]],[[9.15258,47.54624],[9.15042,47.54756],[9.14912,47.54847],[9.14598,47.55005],[9.14414,47.55071],[9.14256,47.55109],[9.1407,47.55112],[9.13643,47.55055],[9.1319,47.55017],[9.1301,47.55013],[9.12579,47.55044],[9.12262,47.55093],[9.12077,47.55141],[9.11919,47.55188],[9.1142,47.55366],[9.11235,47.55414],[9.1092,47.55526],[9.10709,47.55635],[9.10648,47.5567],[9.1061,47.55689]],[[9.16357,47.53935],[9.16148,47.54028],[9.16043,47.54084],[9.15602,47.54396],[9.15315,47.54581],[9.15258,47.54624]],[[9.12215,47.26251],[9.12135,47.2634]],[[9.00811,47.58602],[8.99603,47.58914],[8.99386,47.58979],[8.98824,47.59104],[8.98606,47.59143],[8.98214,47.59175],[8.96712,47.59167],[8.95604,47.59118],[8.94509,47.58992]],[[9.05874,47.57501],[9.05732,47.57552],[9.05494,47.57583],[9.05089,47.57597],[9.04352,47.57626],[9.04166,47.57637],[9.03981,47.57667],[9.03612,47.5778],[9.02768,47.58025],[9.0232,47.58168],[9.01991,47.58277],[9.00811,47.58602]],[[9.09687,47.29157],[9.09535,47.2922],[9.09488,47.29246],[9.09442,47.29272],[9.09301,47.29421],[9.09192,47.29591],[9.09105,47.29749],[9.09085,47.29841],[9.09076,47.30035],[9.09062,47.30128],[9.09019,47.30198],[9.08931,47.3027]],[[9.08625,47.30403],[9.08442,47.30469],[9.08365,47.30524],[9.08339,47.3056],[9.08343,47.30668],[9.08357,47.30704],[9.08507,47.30864],[9.08575,47.30917],[9.08603,47.30953],[9.08604,47.30988],[9.08553,47.31061],[9.08233,47.31288],[9.0799,47.31435],[9.07976,47.3146],[9.0797,47.31505],[9.07989,47.31587],[9.08022,47.31697],[9.08048,47.31747],[9.08095,47.31789],[9.08175,47.31831],[9.08336,47.31883],[9.08457,47.31892],[9.08553,47.31895],[9.08608,47.31903],[9.08652,47.31924],[9.08697,47.31951],[9.08736,47.31996],[9.08746,47.32051],[9.08731,47.3212],[9.08669,47.32229],[9.08672,47.32355],[9.08637,47.32401]],[[9.08931,47.3027],[9.08853,47.30327],[9.08652,47.30394],[9.08625,47.30403]],[[9.12329,47.4632],[9.12374,47.46137],[9.12483,47.45956],[9.12597,47.45862],[9.13491,47.45643],[9.1373,47.45614],[9.1504,47.45629]],[[9.07045,47.45395],[9.07285,47.45598],[9.07676,47.45754],[9.08189,47.45902],[9.10321,47.46173]],[[9.10321,47.46173],[9.11084,47.4626],[9.11437,47.46384],[9.11687,47.46581],[9.11741,47.4659],[9.11847,47.46588],[9.12005,47.46559],[9.12059,47.4654],[9.12162,47.46503],[9.12266,47.46438],[9.12308,47.46378],[9.12329,47.4632]],[[9.07574,47.39459],[9.07576,47.39494],[9.07586,47.39532],[9.07628,47.3961],[9.07692,47.39681],[9.07776,47.39742],[9.07998,47.39841],[9.08068,47.39878],[9.08118,47.39918],[9.08155,47.39972],[9.08169,47.4002],[9.08158,47.40059],[9.08143,47.40074],[9.08123,47.40088],[9.079,47.40152],[9.0782,47.40179],[9.07766,47.40203],[9.07692,47.40274],[9.07624,47.40365],[9.07467,47.40491],[9.07419,47.40535],[9.07377,47.40591],[9.07347,47.40654]],[[9.08194,47.39321],[9.08222,47.39358],[9.08241,47.39403],[9.08244,47.39441],[9.08231,47.39466],[9.08203,47.39487],[9.08163,47.39503],[9.08113,47.39511],[9.08056,47.39514],[9.07936,47.395],[9.0783,47.39474],[9.07726,47.39433],[9.07649,47.39415],[9.07623,47.39421],[9.076,47.39431],[9.07584,47.39444],[9.07574,47.39459]],[[9.18664,47.23366],[9.18746,47.23597]],[[9.18746,47.23597],[9.18745,47.23617],[9.18725,47.23635],[9.18681,47.2365],[9.18599,47.23663],[9.18571,47.23673],[9.18549,47.23689],[9.18535,47.23711],[9.18529,47.23755],[9.18558,47.23828],[9.18562,47.23891],[9.18554,47.2392],[9.1854,47.23947],[9.18519,47.23972],[9.18494,47.23993],[9.18446,47.24019],[9.18391,47.24038],[9.18222,47.24068],[9.18029,47.24117],[9.17975,47.24133],[9.17933,47.24155],[9.17903,47.24181],[9.17886,47.24209],[9.1788,47.24244],[9.17886,47.24283],[9.17905,47.24324],[9.17939,47.2437],[9.17945,47.24399],[9.17942,47.24435],[9.17928,47.24475],[9.17881,47.24551],[9.17848,47.24585],[9.17801,47.24614],[9.17741,47.24638],[9.17675,47.24655],[9.17629,47.24662],[9.1742,47.24678],[9.1703,47.24715],[9.16949,47.2473],[9.16903,47.24748],[9.16864,47.2477],[9.16833,47.24798],[9.16801,47.2485],[9.16785,47.24955],[9.16775,47.24976],[9.16762,47.24993],[9.16744,47.25004],[9.16721,47.25012],[9.16648,47.2502]],[[9.23142,47.19757],[9.23122,47.19851],[9.23029,47.19992],[9.22894,47.20018],[9.2273,47.20041],[9.22668,47.20103],[9.22647,47.20218],[9.22611,47.20259],[9.22559,47.20286],[9.22471,47.20319],[9.22325,47.20374],[9.22193,47.20394],[9.22094,47.20395]],[[9.22094,47.20395],[9.22088,47.20413],[9.22037,47.20441],[9.21999,47.20496],[9.22001,47.20568],[9.2203,47.20645]],[[9.0842,47.32809],[9.08392,47.32831],[9.08368,47.32859],[9.0835,47.3289],[9.08338,47.32926],[9.08314,47.33139],[9.08304,47.33283]],[[9.19438,47.52638],[9.19292,47.52635],[9.19163,47.52622],[9.19049,47.52602],[9.18871,47.52562]],[[9.09982,47.2872],[9.10007,47.28794],[9.10015,47.28863],[9.10005,47.28925],[9.09977,47.28982],[9.09932,47.29033],[9.0987,47.29079],[9.09788,47.2912],[9.09687,47.29157]],[[9.21106,47.48329],[9.21215,47.48608],[9.21286,47.48732],[9.21396,47.48875],[9.21479,47.48945],[9.21717,47.49137],[9.2188,47.4923],[9.22001,47.49268],[9.22075,47.49266],[9.2217,47.49241],[9.22253,47.49191],[9.22453,47.48972],[9.22527,47.48936],[9.22606,47.48935],[9.22716,47.48956],[9.2285,47.49006],[9.22935,47.49053],[9.23054,47.4916],[9.23215,47.49242],[9.23309,47.49286],[9.23364,47.49329],[9.23408,47.49399],[9.23463,47.49527],[9.23468,47.49671],[9.23456,47.49725],[9.23406,47.49797],[9.23302,47.4988]],[[9.19913,47.22507],[9.19904,47.22522],[9.19885,47.22538],[9.19873,47.22544],[9.19846,47.2255],[9.19814,47.22545],[9.19769,47.22526],[9.19719,47.22491],[9.19668,47.22485],[9.19622,47.22487],[9.19429,47.22525]],[[9.18871,47.52562],[9.18744,47.52535],[9.18627,47.5252],[9.18507,47.52515],[9.18397,47.5252],[9.18285,47.52535],[9.18182,47.5256],[9.18079,47.52596],[9.17985,47.52641],[9.17875,47.52712],[9.17777,47.52796],[9.17193,47.53473],[9.17094,47.53574],[9.17002,47.53659],[9.16916,47.53727],[9.16844,47.53775],[9.16808,47.53792],[9.16564,47.53857],[9.16467,47.53891],[9.16357,47.53935]],[[9.07347,47.40654],[9.07353,47.40712],[9.07364,47.40747],[9.07385,47.40773],[9.07569,47.40887],[9.07652,47.40944],[9.07748,47.41042],[9.07803,47.41088],[9.07908,47.41134]],[[9.18871,47.52562],[9.18784,47.52576],[9.18625,47.52606],[9.1852,47.52634],[9.1831,47.52718],[9.1809,47.52884],[9.17845,47.53103],[9.17614,47.53359],[9.17474,47.53559],[9.17375,47.53758],[9.17235,47.53958],[9.17105,47.5405],[9.16922,47.54152],[9.1674,47.54272],[9.1653,47.54356],[9.16267,47.54423],[9.16135,47.54469],[9.16057,47.54516],[9.15611,47.54675],[9.15557,47.54676],[9.15344,47.54643],[9.15288,47.54634],[9.15258,47.54624]],[[9.2116,47.21876],[9.21093,47.21901],[9.21041,47.21927],[9.20968,47.21983],[9.2094,47.22],[9.20904,47.2201],[9.20864,47.22014],[9.20805,47.22011],[9.20749,47.22014],[9.20694,47.22032],[9.20658,47.22053],[9.20605,47.22094],[9.20563,47.2212],[9.20453,47.22171],[9.20387,47.2219],[9.20307,47.22202],[9.20213,47.22206],[9.20117,47.22202],[9.20058,47.22194],[9.19999,47.22177],[9.19944,47.22152],[9.19862,47.22106],[9.19837,47.22099],[9.19814,47.22097],[9.19793,47.22103],[9.19775,47.22114],[9.19759,47.22132],[9.19738,47.22183],[9.19743,47.22225],[9.19763,47.22273],[9.19801,47.2233],[9.19901,47.22448],[9.1991,47.22474],[9.19913,47.22507]],[[9.21786,47.21246],[9.2178,47.21272],[9.21764,47.21299],[9.21738,47.21326],[9.2169,47.21365],[9.21673,47.21387],[9.21663,47.21412],[9.2165,47.21474],[9.21617,47.21509],[9.21589,47.21524],[9.21531,47.21545],[9.21501,47.21563],[9.21433,47.21633],[9.21384,47.21665],[9.21307,47.217],[9.21232,47.21724],[9.21206,47.21741],[9.21192,47.21764],[9.21174,47.2182]],[[9.2203,47.20645],[9.22033,47.20729],[9.22021,47.20765],[9.21983,47.2082],[9.2188,47.20884],[9.21829,47.20919],[9.21778,47.20994],[9.21753,47.21048],[9.21755,47.2112],[9.21784,47.21174],[9.21786,47.21246]],[[9.21174,47.2182],[9.2116,47.21876]],[[9.08493,47.32512],[9.08402,47.32562],[9.08389,47.32573],[9.08369,47.32601],[9.0837,47.32616],[9.08378,47.3263],[9.08408,47.32656],[9.08458,47.3268],[9.08495,47.32707],[9.08502,47.3272],[9.08501,47.32734],[9.08482,47.32761],[9.0842,47.32809]],[[9.08115,47.34394],[9.08102,47.3447],[9.08111,47.3454],[9.08138,47.34598],[9.08188,47.34656],[9.08208,47.34689],[9.08246,47.34817]],[[9.08734,47.35188],[9.08666,47.35201],[9.08604,47.3522],[9.08561,47.35239],[9.08503,47.35274],[9.08439,47.35325],[9.08365,47.35398],[9.08324,47.35451],[9.08269,47.35499],[9.08206,47.35543],[9.08085,47.35613],[9.08047,47.35645],[9.08033,47.35665],[9.07995,47.35748]],[[9.07908,47.41134],[9.07941,47.41282]],[[9.08637,47.32401],[9.08578,47.32463],[9.08493,47.32512]]]}},{"type":"Feature","properties":{"name":"Vorderrhein","aliases":["Rein Anteriur","Reno Anteriore"],"category":"river","source":"swissTLMRegio 2025"},"geometry":{"type":"MultiLineString","coordinates":[[[9.2325,46.78157],[9.23437,46.7816],[9.23615,46.78234],[9.23708,46.78284],[9.23738,46.78342]],[[9.40469,46.82714],[9.4063,46.82719],[9.40682,46.82712],[9.40727,46.82699],[9.4077,46.82677],[9.40811,46.82645],[9.40848,46.82603],[9.40883,46.82551]],[[9.37676,46.82523],[9.37724,46.82501],[9.37751,46.82476],[9.37765,46.82444],[9.37778,46.82358],[9.37797,46.82326],[9.37836,46.82297],[9.37896,46.82277],[9.37933,46.8228],[9.37957,46.82288],[9.37977,46.823],[9.38025,46.82357],[9.38051,46.82377],[9.38082,46.82393],[9.38149,46.8241],[9.38228,46.82412],[9.38367,46.82398],[9.38495,46.82392],[9.38577,46.82397],[9.3868,46.82423],[9.38759,46.82432],[9.38857,46.82432],[9.38975,46.8242],[9.39101,46.82423],[9.39234,46.82431],[9.39409,46.82449],[9.39572,46.82474],[9.39722,46.82506],[9.39859,46.82545],[9.40283,46.82673],[9.40469,46.82714]],[[9.34739,46.8137],[9.34931,46.8149],[9.35147,46.81671],[9.35225,46.81721],[9.35308,46.81764],[9.3539,46.81796],[9.35471,46.81818],[9.35549,46.81828],[9.35623,46.81828],[9.35694,46.81817],[9.35878,46.81752],[9.35945,46.81735],[9.36013,46.81723],[9.36072,46.81717],[9.36132,46.81717],[9.36183,46.81723],[9.36274,46.81747],[9.36335,46.81779],[9.3636,46.81801],[9.3638,46.81825],[9.3643,46.8195],[9.36457,46.81992],[9.3649,46.82031],[9.36524,46.82061],[9.36562,46.82087],[9.36603,46.8211],[9.36697,46.82151],[9.36796,46.82204],[9.36877,46.82256],[9.3699,46.82348],[9.37051,46.82385],[9.37098,46.82404],[9.37148,46.82418],[9.37198,46.82425],[9.37303,46.82426],[9.37384,46.82434],[9.37451,46.82448],[9.37496,46.82468],[9.37553,46.82501],[9.37594,46.82517],[9.3764,46.82527],[9.37676,46.82523]],[[9.2325,46.78157],[9.23378,46.78208],[9.23672,46.78302]],[[9.23672,46.78302],[9.23738,46.78342]],[[9.3318,46.80614],[9.33281,46.80723],[9.33315,46.80755],[9.33349,46.80781],[9.33388,46.80802],[9.3343,46.80816],[9.33475,46.80824],[9.33524,46.80825],[9.33815,46.80804],[9.33941,46.808],[9.34074,46.808],[9.34123,46.80804],[9.34195,46.80821],[9.34257,46.8085],[9.34307,46.80891],[9.34343,46.80943],[9.34391,46.81038],[9.34443,46.8112],[9.34501,46.81188],[9.34632,46.81295],[9.34739,46.8137]],[[9.28829,46.79768],[9.29043,46.79771],[9.29178,46.79765],[9.29307,46.79744],[9.29434,46.79708],[9.29573,46.79651],[9.29701,46.79606],[9.29777,46.79584],[9.29849,46.79572],[9.29881,46.79573],[9.29915,46.7958],[9.29978,46.79606],[9.30035,46.79649],[9.30135,46.79763],[9.30184,46.79835],[9.30212,46.79879],[9.30228,46.79924],[9.30235,46.79972],[9.30232,46.80024],[9.30221,46.80072],[9.30204,46.8012],[9.30134,46.80254],[9.30114,46.80322],[9.30104,46.804],[9.30106,46.8048],[9.30123,46.80578],[9.30158,46.80634],[9.30211,46.80692],[9.30283,46.8075],[9.30364,46.80803],[9.30424,46.80825],[9.30485,46.80832],[9.30546,46.80825],[9.30614,46.80803],[9.30647,46.80799],[9.30683,46.80801],[9.30723,46.80811],[9.30826,46.80854],[9.30972,46.80936],[9.3111,46.81],[9.31166,46.81019],[9.31228,46.81033],[9.31293,46.81038],[9.31354,46.81033],[9.31409,46.81019],[9.31489,46.81004],[9.31551,46.80988],[9.31602,46.8097],[9.31643,46.80948],[9.31671,46.80923],[9.31685,46.80897],[9.3168,46.80831],[9.31695,46.80793],[9.31709,46.80778],[9.31731,46.80765],[9.31789,46.80749],[9.31914,46.80746],[9.3203,46.80752],[9.32145,46.80779],[9.32177,46.80799],[9.32187,46.80826],[9.32175,46.80856],[9.3214,46.80894],[9.32116,46.80928],[9.32101,46.80962],[9.32097,46.80993],[9.32106,46.81017],[9.32127,46.81035],[9.32157,46.81046],[9.32213,46.81051],[9.32269,46.81047],[9.32323,46.81036],[9.32365,46.81019],[9.324,46.80997],[9.32427,46.8097],[9.32447,46.80939],[9.32509,46.80795],[9.32554,46.80712],[9.32609,46.80638],[9.32675,46.80583],[9.32722,46.80554],[9.32782,46.80531],[9.32854,46.8052],[9.32897,46.80516],[9.3294,46.80517],[9.3298,46.80523],[9.33059,46.80539],[9.33111,46.80566],[9.33145,46.8059],[9.3318,46.80614]],[[9.27607,46.79351],[9.27763,46.79427],[9.27873,46.79496],[9.27961,46.7957],[9.28108,46.79729],[9.28158,46.7977],[9.28209,46.79803],[9.28279,46.79834],[9.28348,46.7985],[9.28416,46.7985],[9.28685,46.79788],[9.28765,46.79774],[9.28829,46.79768]],[[9.2558,46.78378],[9.25646,46.78382],[9.25743,46.784],[9.25799,46.78415],[9.259,46.78441],[9.25976,46.78468],[9.26033,46.78504],[9.26083,46.78552],[9.26129,46.78622],[9.26162,46.78659],[9.26276,46.78758],[9.2644,46.78876],[9.26549,46.78938],[9.26639,46.78976],[9.26724,46.78994],[9.26794,46.7902],[9.26868,46.79058],[9.26974,46.79123],[9.27072,46.79166],[9.27607,46.79351]],[[9.23738,46.78342],[9.23882,46.78491],[9.24048,46.78646],[9.24133,46.78689],[9.24219,46.78707],[9.24344,46.78712],[9.24479,46.78698],[9.24632,46.78655],[9.24748,46.78592],[9.24921,46.78455]],[[9.2292,46.78042],[9.2294,46.78053],[9.23152,46.78122],[9.2325,46.78157]],[[9.21328,46.77831],[9.21375,46.77853],[9.21875,46.77926],[9.22373,46.77918],[9.22451,46.77926],[9.2292,46.78042]],[[9.17168,46.77614],[9.176,46.7738],[9.17859,46.77286],[9.18197,46.772],[9.18274,46.77193],[9.18432,46.77178],[9.18616,46.77193],[9.18827,46.77235],[9.19647,46.77501],[9.20096,46.77593],[9.2068,46.77744],[9.21095,46.77825],[9.21328,46.77831]],[[9.13402,46.7756],[9.13528,46.77557],[9.13613,46.77548],[9.13693,46.77529],[9.13821,46.77483],[9.1388,46.77473],[9.13948,46.77469],[9.14051,46.7747],[9.14173,46.7748],[9.14301,46.77498],[9.14447,46.77525]],[[9.14447,46.77525],[9.14749,46.77541],[9.14985,46.77566],[9.1518,46.77605],[9.15708,46.77728],[9.15784,46.7773],[9.15849,46.77719],[9.16028,46.77649],[9.16114,46.7764],[9.16266,46.77657],[9.1649,46.77693],[9.16652,46.77694],[9.16881,46.7768],[9.17027,46.77656],[9.17168,46.77614]],[[8.71302,46.65401],[8.71333,46.65402],[8.71676,46.65515],[8.71861,46.65603],[8.7194,46.65656],[8.72061,46.65799],[8.72141,46.65852],[8.72273,46.65895],[8.72326,46.65931],[8.72378,46.65994],[8.72434,46.66048],[8.72551,46.66133],[8.72717,46.66238],[8.72793,46.66282],[8.7287,46.66299],[8.72974,46.66305],[8.73225,46.66305],[8.73406,46.66328],[8.73683,46.66392]],[[8.70392,46.65485],[8.7043,46.65502],[8.70618,46.65527],[8.70722,46.65526],[8.70878,46.65488],[8.71035,46.65477],[8.71139,46.65458],[8.71243,46.6543],[8.71302,46.65401]],[[8.69303,46.64925],[8.69323,46.64939],[8.69428,46.64955],[8.69613,46.65016],[8.69785,46.6514],[8.6997,46.6521],[8.70129,46.65308],[8.70287,46.65369],[8.7034,46.65404],[8.70381,46.65458],[8.70392,46.65485]],[[9.07039,46.75714],[9.07153,46.75701],[9.07266,46.75704],[9.07395,46.75724],[9.07649,46.75789],[9.07815,46.7582],[9.07999,46.75842],[9.08185,46.75849],[9.08374,46.7584],[9.08542,46.75842],[9.08697,46.75858],[9.08761,46.75869],[9.08833,46.75889],[9.09134,46.76005]],[[9.06083,46.75508],[9.06309,46.75721],[9.06359,46.75761],[9.06397,46.75783],[9.06463,46.75801],[9.06529,46.75813],[9.06589,46.75817],[9.06678,46.7581],[9.06757,46.75795],[9.06846,46.75774],[9.07039,46.75714]],[[9.05687,46.75475],[9.05773,46.75474],[9.05942,46.75456],[9.05987,46.75459],[9.06016,46.75469],[9.06083,46.75508]],[[9.00742,46.74636],[9.00853,46.74656],[9.00946,46.74666],[9.0103,46.74664],[9.01263,46.74633],[9.01364,46.74626],[9.01458,46.74623],[9.01628,46.7463],[9.01695,46.74639],[9.01796,46.74658],[9.01971,46.74681],[9.02134,46.74695],[9.02285,46.74701]],[[9.00544,46.74567],[9.00742,46.74636]],[[9.00312,46.74513],[9.0036,46.74552],[9.00413,46.74569],[9.00544,46.74567]],[[8.96178,46.73061],[8.96262,46.73061],[8.96306,46.73052],[8.96346,46.7304],[8.96475,46.72989],[8.9655,46.72974],[8.96622,46.7297],[8.96687,46.72977],[8.96738,46.72997],[8.96775,46.73029],[8.96912,46.7329],[8.96961,46.73367],[8.97002,46.73419],[8.9719,46.73539],[8.97383,46.73641],[8.97473,46.73682],[8.9756,46.73715],[8.97642,46.73741],[8.9772,46.7376],[8.97875,46.73781],[8.98013,46.73795],[8.98209,46.73804],[8.98375,46.73824],[8.98467,46.73841],[8.98547,46.73861],[8.98617,46.73884],[8.98712,46.73925],[8.98827,46.73962],[8.98938,46.73988],[8.99187,46.74016],[8.99324,46.74035],[8.99479,46.74062],[8.99629,46.74096],[8.99728,46.74123],[8.99825,46.74155],[8.99911,46.74189],[9.00081,46.74275],[9.00157,46.74322],[9.00207,46.7436],[9.00229,46.74389],[9.00269,46.74459],[9.00312,46.74513]],[[8.9104,46.72326],[8.91206,46.72348],[8.91291,46.72352],[8.91416,46.72344],[8.91774,46.72306],[8.91989,46.72278],[8.92208,46.72242],[8.92479,46.7218],[8.92605,46.72166],[8.92698,46.72168],[8.92783,46.72183],[8.92857,46.7221],[8.92959,46.72274],[8.93086,46.72322],[8.93263,46.72371],[8.93482,46.72418],[8.93639,46.72456],[8.93783,46.72479],[8.93949,46.72493],[8.94331,46.72488],[8.94501,46.72511],[8.94906,46.72583],[8.95241,46.72659],[8.954,46.72711],[8.95556,46.7279],[8.95631,46.72841],[8.9568,46.72869],[8.95771,46.72898]],[[8.90002,46.72113],[8.90058,46.72145],[8.90128,46.72167],[8.90219,46.72181],[8.90506,46.72196],[8.90743,46.72202],[8.9078,46.72209],[8.90814,46.7222],[8.90842,46.72234],[8.90891,46.7227],[8.90947,46.72301],[8.90994,46.72318],[8.9104,46.72326]],[[8.88199,46.71338],[8.88242,46.71394],[8.88289,46.71429],[8.88348,46.71448],[8.88423,46.71452],[8.8851,46.71453],[8.88599,46.71461],[8.88714,46.7148],[8.88832,46.71507]],[[8.87757,46.70993],[8.87804,46.71019],[8.87884,46.71063],[8.87925,46.71116],[8.87953,46.71206],[8.88007,46.71259],[8.88087,46.71312],[8.8814,46.71329],[8.88199,46.71338]],[[8.8699,46.70683],[8.87092,46.70785],[8.87223,46.7081],[8.87329,46.70845],[8.87382,46.70871],[8.87489,46.70978],[8.87516,46.70986],[8.87757,46.70993]],[[8.85606,46.69784],[8.85601,46.69803],[8.85608,46.69826],[8.85628,46.69858],[8.85708,46.69911],[8.85787,46.69937],[8.85893,46.69954],[8.86076,46.69952],[8.86155,46.69969],[8.8626,46.70003],[8.8642,46.70109],[8.86433,46.70127],[8.86451,46.70307],[8.86587,46.70485],[8.86639,46.70521]],[[8.84448,46.69476],[8.84486,46.69511],[8.84526,46.69533],[8.84573,46.69546],[8.84649,46.69556],[8.84713,46.69554],[8.8477,46.69546],[8.84813,46.69532],[8.8488,46.69486],[8.84931,46.69466],[8.84973,46.69461],[8.85151,46.69497],[8.852,46.69503],[8.85286,46.69502],[8.85338,46.69508],[8.85384,46.69524],[8.85411,46.6955],[8.85536,46.69691],[8.85606,46.69784]],[[8.82829,46.6809],[8.82948,46.681],[8.83112,46.68099],[8.83156,46.68101],[8.83197,46.68108],[8.83284,46.68137],[8.83353,46.68174],[8.83409,46.68209],[8.83464,46.68252],[8.83664,46.68433],[8.83889,46.68677],[8.83981,46.68762],[8.84234,46.68969],[8.84255,46.69008],[8.84253,46.69042],[8.84225,46.69082],[8.84228,46.69106],[8.84248,46.69133],[8.84287,46.69164],[8.84308,46.69188],[8.8431,46.69218],[8.84295,46.69255],[8.84254,46.69312],[8.8425,46.69331],[8.84254,46.69349],[8.84266,46.69365],[8.84306,46.69391],[8.84355,46.694],[8.84383,46.69411],[8.84448,46.69476]],[[8.80898,46.67964],[8.81016,46.67995],[8.81089,46.68008],[8.81137,46.68008],[8.81202,46.67994],[8.81267,46.67997],[8.81327,46.68013],[8.81382,46.68041],[8.81424,46.68056],[8.81545,46.68089],[8.81664,46.68109],[8.81721,46.68112],[8.81829,46.68107],[8.81884,46.68093],[8.81997,46.68045],[8.82054,46.68032],[8.82118,46.68023],[8.82165,46.6801],[8.82211,46.67977],[8.82253,46.67963],[8.8232,46.67957],[8.82397,46.67966],[8.82473,46.67987],[8.82551,46.68016],[8.82636,46.6806],[8.82689,46.68078],[8.82756,46.6809],[8.82829,46.6809]],[[8.79498,46.67908],[8.79668,46.67915],[8.79827,46.67994],[8.79905,46.67993],[8.80061,46.67947],[8.80296,46.67917],[8.80479,46.67924],[8.80664,46.67993],[8.80794,46.67992],[8.80898,46.67964]],[[8.76615,46.67572],[8.76828,46.67607],[8.77002,46.67625],[8.77465,46.67651],[8.77498,46.67652],[8.77806,46.67663],[8.77934,46.67681],[8.7806,46.67724],[8.78121,46.6773],[8.78263,46.67731],[8.78359,46.67759],[8.78399,46.67791],[8.78414,46.67804],[8.78485,46.67887],[8.78532,46.67903],[8.78672,46.6793],[8.78726,46.67931],[8.78755,46.67916],[8.78803,46.67865],[8.78851,46.67854],[8.78893,46.67862],[8.78948,46.67885],[8.79055,46.6796],[8.79119,46.67981],[8.79215,46.67986],[8.79298,46.67979],[8.79361,46.67958],[8.79498,46.67908]],[[8.75566,46.67389],[8.75629,46.67405],[8.75916,46.67392],[8.76022,46.67436],[8.76168,46.67543],[8.76221,46.6756],[8.76274,46.67568],[8.76615,46.67572]],[[8.7496,46.67152],[8.75165,46.6714],[8.75271,46.67175],[8.75337,46.67228],[8.75418,46.67317],[8.75566,46.67389]],[[8.73683,46.66392],[8.73697,46.6641],[8.73723,46.6641],[8.73802,46.66436],[8.74037,46.66451],[8.74459,46.66608],[8.7475,46.6674],[8.74883,46.66829],[8.7491,46.66882],[8.749,46.66972],[8.74849,46.67045],[8.7485,46.67081],[8.74877,46.67117],[8.74929,46.67142],[8.7496,46.67152]],[[9.02285,46.74701],[9.02852,46.74755],[9.03012,46.74775],[9.03181,46.74804],[9.03284,46.7483],[9.03392,46.74869],[9.03487,46.74913],[9.03672,46.75018],[9.03785,46.75069],[9.03891,46.75107],[9.03995,46.75133],[9.0437,46.75173],[9.04462,46.75189],[9.04541,46.75209],[9.04619,46.75235],[9.04682,46.75262],[9.04748,46.75298],[9.04827,46.75322],[9.04941,46.75325],[9.05125,46.75344],[9.05379,46.7539],[9.05687,46.75475]],[[8.88832,46.71507],[8.88988,46.71555],[8.89098,46.71595],[8.89188,46.71635],[8.89321,46.71709],[8.89383,46.71739],[8.89464,46.71769],[8.89611,46.71806],[8.89722,46.71845],[8.89802,46.71884],[8.89856,46.71932],[8.89891,46.71984],[8.89927,46.72038],[8.89965,46.7208],[8.90002,46.72113]],[[8.86639,46.70521],[8.86864,46.7059],[8.8689,46.70589],[8.8697,46.70642],[8.8699,46.70683]],[[9.09134,46.76005],[9.09484,46.76115],[9.09732,46.76219],[9.09918,46.76315],[9.10106,46.76439],[9.10217,46.76503],[9.10333,46.7656],[9.10454,46.76609],[9.10582,46.76652],[9.10731,46.76688],[9.10888,46.76736],[9.11037,46.76789],[9.11175,46.76847],[9.11591,46.77029],[9.11814,46.77139],[9.11942,46.77197],[9.12103,46.77258],[9.12464,46.77374],[9.12764,46.77456],[9.13025,46.77515],[9.13238,46.77549],[9.13326,46.77558],[9.13402,46.7756]],[[8.95771,46.72898],[8.95883,46.72954],[8.95907,46.72974],[8.95929,46.73],[8.95971,46.73029],[8.96011,46.73042],[8.96059,46.73051],[8.96178,46.73061]],[[8.87757,46.70993],[8.87842,46.70973],[8.87895,46.70991],[8.88042,46.71097],[8.88136,46.71204],[8.88199,46.71338]],[[9.24985,46.78426],[9.25127,46.78381],[9.25151,46.78378],[9.25275,46.78358],[9.25425,46.78354],[9.2558,46.78378]],[[9.24921,46.78455],[9.24985,46.78426]]]}},{"type":"Feature","properties":{"name":"Hinterrhein","aliases":["Rein Posteriur","Reno Posteriore"],"category":"river","source":"swissTLMRegio 2025"},"geometry":{"type":"MultiLineString","coordinates":[[[9.41196,46.7882],[9.41188,46.79026],[9.41125,46.79203],[9.41063,46.79297],[9.40995,46.79389]],[[9.41546,46.81071],[9.41602,46.81154],[9.41633,46.81224],[9.4164,46.81281],[9.41634,46.81305],[9.41622,46.81327],[9.41584,46.8136],[9.41523,46.81386],[9.41448,46.81406],[9.41266,46.81445]],[[9.41762,46.81422],[9.41696,46.81456],[9.41634,46.8148],[9.41575,46.81496],[9.41516,46.81503],[9.41458,46.81501],[9.41399,46.81492],[9.41336,46.81473],[9.41266,46.81445]],[[9.41266,46.81445],[9.41194,46.81462],[9.41136,46.81492],[9.41087,46.81529],[9.41023,46.81607],[9.40933,46.81761],[9.40907,46.81815],[9.40892,46.81869],[9.40888,46.81919],[9.40892,46.81967],[9.40905,46.82012],[9.40922,46.82047],[9.40964,46.82114],[9.40977,46.82153],[9.40979,46.82193],[9.40971,46.82234],[9.40956,46.82269],[9.40935,46.82302],[9.40843,46.82402],[9.40824,46.82431],[9.40816,46.82457],[9.40818,46.82481],[9.40829,46.82503],[9.4085,46.82526],[9.40883,46.82551]],[[9.41546,46.81071],[9.41578,46.8108],[9.41617,46.81097],[9.41704,46.8115],[9.41733,46.81171],[9.41795,46.81227],[9.41811,46.81253],[9.41818,46.81279],[9.41817,46.81304],[9.41809,46.81333],[9.41762,46.81422]],[[9.40709,46.80096],[9.40771,46.80116],[9.4095,46.80146],[9.41007,46.8018],[9.41046,46.80213],[9.41364,46.80759],[9.41484,46.81022],[9.41546,46.81071]],[[9.40776,46.79168],[9.40692,46.79337],[9.40629,46.79506],[9.40615,46.79562],[9.40588,46.7966],[9.40573,46.79751],[9.40568,46.79834],[9.40575,46.79908],[9.40593,46.79973],[9.40622,46.80026],[9.40661,46.80068],[9.40709,46.80096]],[[9.41196,46.7882],[9.4111,46.78857],[9.41,46.78889],[9.40931,46.7892],[9.40905,46.78939],[9.40883,46.78962],[9.40852,46.7901],[9.40776,46.79168]],[[9.42365,46.76262],[9.42299,46.7639]],[[9.42299,46.7639],[9.4222,46.76533],[9.42145,46.76714],[9.4213,46.77126],[9.42105,46.77314],[9.42094,46.77377],[9.42021,46.7754],[9.41586,46.78168],[9.41196,46.7882]],[[9.44283,46.64285],[9.44279,46.64329],[9.44368,46.64406],[9.44469,46.64484],[9.44539,46.64514]],[[9.42959,46.61473],[9.43019,46.61534],[9.43061,46.61596],[9.43166,46.6207],[9.43214,46.62173],[9.43328,46.62314],[9.43576,46.62509]],[[9.42252,46.59111],[9.42272,46.59132],[9.42284,46.59155],[9.42295,46.59214],[9.42292,46.59259],[9.42281,46.59302],[9.42235,46.59378],[9.42223,46.59412],[9.4222,46.59443],[9.42234,46.59499],[9.4226,46.59547],[9.42298,46.59592],[9.42349,46.59633],[9.42423,46.59675],[9.42506,46.59709],[9.42608,46.59739],[9.42713,46.5976],[9.42754,46.59773],[9.42786,46.59788],[9.42814,46.59808],[9.42834,46.59829],[9.42848,46.59855],[9.42855,46.59882],[9.42849,46.59944],[9.42834,46.59984],[9.42812,46.60021],[9.4274,46.60102],[9.42658,46.60177],[9.42568,46.60248],[9.42444,46.60333],[9.42406,46.60372],[9.42381,46.60417],[9.42368,46.60467],[9.42366,46.60521],[9.42378,46.6058],[9.42401,46.60643],[9.42437,46.60708],[9.42483,46.60792],[9.42509,46.60871],[9.42542,46.60973],[9.42594,46.61159],[9.42623,46.61215],[9.42677,46.61279],[9.42751,46.61343],[9.42844,46.61407],[9.42959,46.61473]],[[9.42042,46.58274],[9.421,46.58316],[9.42116,46.58355],[9.42189,46.5839]],[[9.25405,46.53806],[9.25465,46.5387],[9.25517,46.53904],[9.25594,46.53928],[9.25782,46.5395],[9.25871,46.5397]],[[9.18031,46.52342],[9.18325,46.52471],[9.18401,46.52507],[9.18591,46.52565]],[[9.16477,46.52],[9.167,46.52069],[9.16926,46.52131],[9.17032,46.52143],[9.17429,46.52178],[9.17643,46.52216],[9.17876,46.52288],[9.18031,46.52342]],[[9.14764,46.51418],[9.14891,46.51441],[9.15075,46.51475],[9.1547,46.51604],[9.15999,46.51848],[9.16236,46.51925],[9.16477,46.52]],[[9.13108,46.50581],[9.132,46.50611],[9.13251,46.5064],[9.1334,46.50721],[9.13382,46.50747],[9.13439,46.50764],[9.13552,46.5078],[9.13637,46.50808],[9.1369,46.50843],[9.13781,46.50944],[9.13852,46.50989],[9.13976,46.51051],[9.14106,46.51105],[9.1423,46.51136],[9.14396,46.51169],[9.14477,46.51199],[9.14547,46.51246],[9.14651,46.51325],[9.14764,46.51418]],[[9.05509,46.49217],[9.05495,46.49283],[9.05505,46.49324],[9.05536,46.494],[9.05553,46.4946],[9.0553,46.49517],[9.05537,46.49563],[9.05579,46.49597],[9.05631,46.49642],[9.0566,46.49678],[9.05724,46.49695],[9.05814,46.49752],[9.05979,46.49815],[9.06123,46.49876],[9.0625,46.49915],[9.06366,46.49914],[9.06496,46.49936],[9.06633,46.49995],[9.06764,46.50058],[9.06824,46.50077],[9.06887,46.50076],[9.06987,46.50048],[9.07094,46.50073],[9.07252,46.50092],[9.07366,46.50099],[9.07467,46.50111],[9.07502,46.50136],[9.07554,46.50181],[9.07614,46.50193],[9.07755,46.50178],[9.07881,46.50181],[9.07989,46.50227],[9.0816,46.50264],[9.08293,46.50277],[9.08416,46.50268],[9.08703,46.50273],[9.09089,46.50123],[9.09219,46.50103],[9.09323,46.50102],[9.09375,46.50074],[9.09438,46.50019],[9.09542,46.5],[9.10011,46.49993],[9.10167,46.5],[9.10245,46.49972],[9.10322,46.49961],[9.10377,46.49967],[9.10473,46.50007],[9.10507,46.50007],[9.10553,46.49985],[9.10669,46.49891],[9.10722,46.49815],[9.10759,46.49782],[9.10796,46.49767],[9.1087,46.49765],[9.11017,46.49769],[9.11112,46.49785],[9.11246,46.49819],[9.11296,46.49819],[9.11343,46.49815],[9.11418,46.49793],[9.11478,46.49787],[9.11561,46.498],[9.11671,46.49845],[9.11776,46.4989],[9.11821,46.49906],[9.11899,46.49914],[9.11937,46.49929],[9.12016,46.49971],[9.12126,46.50055],[9.12203,46.50098],[9.12336,46.50149],[9.12501,46.50196],[9.12729,46.50278],[9.12773,46.50309],[9.1279,46.50343],[9.12789,46.50378],[9.12799,46.50402],[9.12829,46.50424],[9.13108,46.50581]],[[9.43576,46.62509],[9.43788,46.62664],[9.43835,46.6274],[9.43967,46.62909],[9.44091,46.63087],[9.44096,46.6317],[9.44084,46.63284],[9.44016,46.63508],[9.44002,46.63588],[9.44016,46.63648],[9.44072,46.63725],[9.44146,46.63792],[9.44337,46.63937],[9.44375,46.63974],[9.444,46.64016],[9.44412,46.6407],[9.44392,46.64125],[9.44283,46.64285]],[[9.32577,46.55444],[9.32748,46.55439],[9.32966,46.55428],[9.33217,46.55414],[9.3332,46.55432],[9.33437,46.55462],[9.33514,46.55496],[9.33686,46.55582]],[[9.27385,46.54158],[9.27538,46.54174],[9.27699,46.54205],[9.27861,46.54249],[9.28022,46.54306],[9.28414,46.54458],[9.28542,46.54502],[9.28642,46.5453],[9.28763,46.54549],[9.28898,46.54557],[9.29026,46.54553],[9.29146,46.54537],[9.29329,46.54491],[9.29496,46.54432],[9.29573,46.54412],[9.29696,46.54394],[9.29757,46.54391],[9.29816,46.54394],[9.29854,46.544],[9.30029,46.54443],[9.30165,46.54491],[9.30271,46.54545]],[[9.32333,46.55408],[9.32577,46.55444]],[[9.30271,46.54545],[9.30459,46.5462],[9.30544,46.54643],[9.30672,46.54657],[9.31042,46.54658],[9.31126,46.54666],[9.312,46.54679],[9.31269,46.547],[9.31323,46.54726],[9.31361,46.54758],[9.31432,46.54903],[9.3147,46.54958],[9.31514,46.55009],[9.31595,46.55082],[9.31689,46.55145],[9.31835,46.5522],[9.32004,46.55297],[9.3216,46.55358],[9.32333,46.55408]],[[9.18591,46.52565],[9.18828,46.52593],[9.19039,46.52626],[9.19178,46.5265],[9.19345,46.52695],[9.19488,46.52739],[9.19553,46.52776],[9.1963,46.52826],[9.19709,46.52909],[9.19787,46.52965],[9.19858,46.52986],[9.20143,46.53006],[9.205,46.52976]],[[9.205,46.52976],[9.20757,46.53043],[9.20917,46.53086],[9.21312,46.5319]],[[9.24132,46.53698],[9.24569,46.53693]],[[9.21312,46.5319],[9.21336,46.53196],[9.21362,46.53196],[9.21467,46.5323],[9.21651,46.53263],[9.21731,46.53285],[9.21943,46.53347],[9.22056,46.53384],[9.22099,46.534],[9.22371,46.5352],[9.22683,46.53639],[9.22964,46.53738],[9.2306,46.53766],[9.23139,46.53781],[9.2323,46.53791],[9.23379,46.53788],[9.23543,46.53779],[9.23763,46.53754],[9.24132,46.53698]],[[9.24569,46.53693],[9.24657,46.53705],[9.24741,46.53727],[9.24829,46.5376],[9.24972,46.5383],[9.25043,46.53853],[9.25091,46.5386],[9.25134,46.53859],[9.25174,46.53851],[9.2526,46.53808],[9.25317,46.5379],[9.25365,46.5379],[9.25386,46.53796],[9.25405,46.53806]],[[9.25871,46.5397],[9.26184,46.54042],[9.26284,46.54071],[9.26413,46.54109],[9.26533,46.54135],[9.26654,46.54155],[9.2678,46.54169],[9.26899,46.54175],[9.27009,46.54175],[9.27385,46.54158]],[[9.38046,46.56926],[9.38147,46.56892],[9.3826,46.56891],[9.38418,46.56918],[9.38541,46.56943],[9.38654,46.56947],[9.38699,46.56946],[9.38788,46.56936]],[[9.33686,46.55582],[9.33875,46.55651],[9.33949,46.55691],[9.34005,46.55737],[9.34033,46.55794],[9.34038,46.55913],[9.34058,46.5595],[9.34097,46.55987],[9.34197,46.56029],[9.34248,46.56067],[9.34313,46.56128],[9.34405,46.56193],[9.34489,46.56232],[9.34576,46.56266],[9.34779,46.56323],[9.34917,46.5636],[9.35284,46.5646],[9.35409,46.56493]],[[9.44668,46.71778],[9.44612,46.71848]],[[9.43861,46.73344],[9.43832,46.73398],[9.43657,46.73792],[9.43566,46.73976],[9.4326,46.74558],[9.43192,46.74705]],[[9.44612,46.71848],[9.43861,46.73344]],[[9.44425,46.69551],[9.44881,46.70501],[9.44933,46.7063],[9.44944,46.70945],[9.44995,46.71262],[9.44999,46.71429]],[[9.44999,46.71429],[9.44707,46.71725],[9.44668,46.71778]],[[9.44539,46.64514],[9.44706,46.64615],[9.44739,46.64713],[9.44796,46.6482],[9.44795,46.65162],[9.44863,46.65233],[9.44956,46.65267],[9.45063,46.65337],[9.45132,46.65426],[9.45147,46.6548],[9.45151,46.65588],[9.45118,46.6575],[9.45081,46.65823],[9.451,46.65985],[9.45076,46.66039],[9.45069,46.66201],[9.45045,46.66256],[9.45025,46.6628],[9.44901,46.66354],[9.44827,46.664],[9.44798,46.66435],[9.44784,46.66465],[9.44792,46.66488],[9.44912,46.66555],[9.45007,46.66625],[9.45213,46.66879],[9.45262,46.66974],[9.45267,46.67095],[9.45208,46.67342],[9.45204,46.6746],[9.45238,46.67655],[9.45268,46.67729],[9.45402,46.67817],[9.45467,46.67866],[9.45493,46.67946],[9.45486,46.68021],[9.45453,46.6809],[9.45263,46.68332],[9.44911,46.68584],[9.44864,46.68647],[9.44761,46.68907],[9.44693,46.69017],[9.44597,46.69112],[9.44509,46.69176],[9.44439,46.69258],[9.44417,46.69376],[9.44425,46.69551]],[[9.43192,46.74705],[9.42423,46.76154],[9.42365,46.76262]],[[9.42189,46.5839],[9.42294,46.5847]],[[9.42294,46.5847],[9.42288,46.58551],[9.42209,46.58692],[9.42191,46.58793],[9.42209,46.58955],[9.42252,46.59111]],[[9.35617,46.56532],[9.36669,46.56683]],[[9.36669,46.56683],[9.36932,46.56724],[9.37393,46.56909],[9.37592,46.56989]],[[9.35409,46.56493],[9.35617,46.56532]],[[9.37592,46.56989],[9.37741,46.57015],[9.37876,46.56989],[9.38046,46.56926]],[[9.40995,46.79389],[9.40941,46.79464],[9.40901,46.79537],[9.40886,46.79581],[9.40869,46.79675],[9.40836,46.79767],[9.40796,46.79841],[9.40735,46.79925],[9.40708,46.79979],[9.40699,46.80036],[9.40709,46.80096]],[[9.40776,46.79168],[9.40798,46.79213],[9.40821,46.79244],[9.40848,46.79265],[9.40924,46.79307],[9.40953,46.79327],[9.40981,46.79357],[9.40995,46.79389]],[[9.38788,46.56936],[9.38813,46.56942],[9.3905,46.56992],[9.39207,46.56989],[9.39284,46.5697],[9.39387,46.56914],[9.39541,46.56857],[9.39825,46.56771],[9.39955,46.56753],[9.40055,46.56758],[9.40466,46.56823],[9.40871,46.56928],[9.41276,46.57022],[9.41472,46.57085],[9.41707,46.57185],[9.41744,46.57215],[9.41758,46.57251],[9.41753,46.5728],[9.41741,46.57324],[9.41749,46.57352],[9.41792,46.57399],[9.41943,46.57513],[9.41953,46.57532],[9.41954,46.57571],[9.41912,46.57674],[9.41744,46.57855],[9.41741,46.57995],[9.4178,46.58055],[9.41842,46.5809],[9.41949,46.5812]],[[9.41949,46.5812],[9.41979,46.58228],[9.42042,46.58274]]]}},{"type":"Feature","properties":{"name":"Saane / Sarine","aliases":["Saane","Sarine"],"category":"river","source":"swissTLMRegio 2025"},"geometry":{"type":"MultiLineString","coordinates":[[[7.06659,46.52639],[7.06601,46.52712],[7.06535,46.5283],[7.06534,46.53001],[7.06555,46.53032],[7.06654,46.53059],[7.06754,46.53101]],[[7.25257,46.97239],[7.25241,46.97319],[7.25177,46.97526],[7.2517,46.97588],[7.25171,46.9766],[7.25193,46.97732],[7.25236,46.97801],[7.25299,46.97865],[7.25383,46.97918],[7.25474,46.9796],[7.25574,46.97991],[7.25671,46.98012],[7.25784,46.98028],[7.26259,46.98069]],[[7.24006,46.92511],[7.23996,46.92685],[7.24001,46.9276],[7.24026,46.92849],[7.24151,46.93092],[7.24503,46.93771],[7.24748,46.94131],[7.24748,46.94221],[7.24708,46.94293],[7.24629,46.94365],[7.2445,46.94491],[7.24317,46.94606],[7.23693,46.95164],[7.23614,46.95236],[7.23548,46.95326],[7.23548,46.95416],[7.23587,46.95497],[7.23626,46.9556],[7.23705,46.95614],[7.23747,46.9564],[7.23819,46.95681],[7.2408,46.95788],[7.24168,46.95835],[7.24216,46.95885],[7.24331,46.96066],[7.24399,46.96171],[7.2443,46.9623],[7.24545,46.96377],[7.24674,46.96504],[7.25069,46.96851],[7.25145,46.96921],[7.2523,46.97047],[7.25257,46.97239]],[[7.19405,46.8847],[7.19611,46.8829],[7.1969,46.88237],[7.19777,46.88207],[7.1987,46.882],[7.19942,46.88205],[7.20015,46.88225],[7.20094,46.88278],[7.20187,46.88418],[7.20265,46.88531],[7.20347,46.88604],[7.21008,46.89082],[7.21205,46.89247],[7.21366,46.89411],[7.21431,46.89465],[7.21522,46.89564],[7.21627,46.89682],[7.21719,46.89769]],[[7.17033,46.80567],[7.16721,46.80782]],[[7.12737,46.78126],[7.1276,46.78169],[7.12794,46.78206],[7.1284,46.78242],[7.12895,46.78273],[7.1297,46.78305],[7.13051,46.78331],[7.13148,46.78354],[7.1324,46.78368],[7.13314,46.78388],[7.13371,46.7842],[7.13405,46.78459],[7.1341,46.78481],[7.13406,46.78498],[7.13394,46.78516],[7.13373,46.78534],[7.13339,46.78553],[7.13274,46.78578],[7.13213,46.78609],[7.13061,46.78704]],[[7.21836,46.89886],[7.22102,46.90154],[7.22146,46.90198],[7.22155,46.90207],[7.22188,46.90241],[7.22205,46.90258],[7.22219,46.90268],[7.22392,46.90394],[7.2259,46.90465],[7.23012,46.90522],[7.2313,46.90538]],[[7.2313,46.90538],[7.23234,46.9058],[7.23333,46.90651],[7.23447,46.90811]],[[7.21719,46.89769],[7.21737,46.89784],[7.2175,46.89798],[7.21773,46.89822],[7.21792,46.8984],[7.21836,46.89886]],[[7.23447,46.90811],[7.23486,46.90931],[7.23516,46.91232],[7.23544,46.9129],[7.23576,46.91359],[7.23615,46.91426],[7.23696,46.91509],[7.23733,46.91548],[7.23838,46.91647],[7.2389,46.91692],[7.24008,46.91827],[7.24034,46.91872],[7.24073,46.91926],[7.24092,46.9203],[7.24092,46.92115],[7.24079,46.92187],[7.24072,46.9225],[7.24005,46.9243],[7.24005,46.92466],[7.24006,46.92511]],[[7.08517,46.55785],[7.0868,46.55891],[7.08824,46.56024],[7.08933,46.56202],[7.09013,46.56515],[7.09224,46.57182]],[[7.07892,46.54729],[7.07932,46.54818],[7.0811,46.55282],[7.08209,46.55451],[7.08412,46.55688],[7.08517,46.55785]],[[7.05498,46.50789],[7.05664,46.50855],[7.0619,46.51018],[7.06348,46.51137],[7.06378,46.51177],[7.06388,46.51263],[7.06429,46.5135],[7.06607,46.51605]],[[7.04097,46.47642],[7.04037,46.47682],[7.03952,46.47679],[7.03787,46.47653],[7.03685,46.47753],[7.03632,46.47825],[7.03632,46.47915],[7.03683,46.48005],[7.03722,46.48041],[7.03799,46.48095],[7.03981,46.48168],[7.04059,46.48222],[7.04085,46.48276],[7.04071,46.48366],[7.04123,46.48438],[7.042,46.48493],[7.04278,46.4852],[7.04382,46.48529],[7.0446,46.48556],[7.04642,46.48647],[7.04746,46.48737],[7.0481,46.48828],[7.04846,46.48882]],[[7.04967,46.47092],[7.04965,46.47145],[7.04951,46.47195],[7.04925,46.47238],[7.0489,46.47271],[7.04711,46.47383],[7.04647,46.47421],[7.04617,46.47435],[7.04576,46.47441],[7.04522,46.47441],[7.04421,46.47433],[7.04339,46.47434],[7.04316,46.47436],[7.04266,46.4745],[7.04235,46.47475],[7.04222,46.47503],[7.04217,46.47561],[7.04199,46.47592],[7.0416,46.47618],[7.04097,46.47642]],[[7.05464,46.46626],[7.05336,46.46654],[7.05262,46.46679],[7.0508,46.46753],[7.05032,46.46785],[7.04997,46.46817],[7.04972,46.46851],[7.04955,46.46888],[7.04948,46.46925],[7.04947,46.46967],[7.04967,46.47092]],[[7.06509,46.46593],[7.06401,46.46638],[7.06271,46.46628],[7.06037,46.46564],[7.05855,46.46564],[7.0577,46.46571],[7.05464,46.46626]],[[7.08643,46.46483],[7.08434,46.46428],[7.08304,46.46428],[7.08026,46.46459]],[[7.10083,46.46576],[7.09949,46.46594],[7.09799,46.4661],[7.09687,46.46616],[7.0957,46.46607],[7.09513,46.46592],[7.09469,46.46571],[7.09407,46.46537],[7.09323,46.46507],[7.09245,46.46496],[7.0915,46.46497],[7.09004,46.46521],[7.08928,46.46528],[7.08854,46.46525],[7.08766,46.46512],[7.08643,46.46483]],[[7.10584,46.46529],[7.10406,46.46556],[7.10199,46.46577],[7.10083,46.46576]],[[7.12558,46.46751],[7.12392,46.46766],[7.12311,46.46771],[7.12245,46.46757],[7.12209,46.46738],[7.12195,46.46711],[7.122,46.46603],[7.12169,46.46569],[7.12134,46.46557],[7.12091,46.46555],[7.11959,46.46586],[7.11912,46.46592],[7.11859,46.46588],[7.11737,46.46552],[7.11668,46.46542],[7.1159,46.46543],[7.11518,46.4656],[7.11418,46.46595],[7.11297,46.46676],[7.11196,46.46734],[7.11119,46.46752],[7.11072,46.46749],[7.11022,46.46731],[7.10863,46.46629],[7.10725,46.4656],[7.10624,46.46533],[7.10584,46.46529]],[[7.13167,46.4686],[7.13041,46.46802],[7.12911,46.46756],[7.12794,46.46745],[7.12754,46.46746],[7.12558,46.46751]],[[7.1539,46.47173],[7.15311,46.47196],[7.15217,46.47228],[7.15082,46.47252],[7.14942,46.47256],[7.14693,46.47221],[7.14632,46.47198],[7.14506,46.47115],[7.14415,46.47078],[7.14313,46.47062],[7.1412,46.47061],[7.13812,46.4703],[7.13604,46.47007],[7.13373,46.46948],[7.13167,46.4686]],[[7.16489,46.4731],[7.16435,46.47314],[7.16339,46.47338],[7.16236,46.47354],[7.16028,46.4736],[7.1592,46.47351],[7.15849,46.47341],[7.15545,46.47194],[7.15499,46.47174],[7.15449,46.47168],[7.1539,46.47173]],[[7.18341,46.48005],[7.18272,46.47979],[7.18194,46.47932],[7.18132,46.47907],[7.18056,46.47882],[7.17836,46.47827],[7.17813,46.47812],[7.17798,46.47788],[7.17793,46.47745],[7.17785,46.47732],[7.17744,46.47707],[7.17676,46.47688],[7.17573,46.47672],[7.17522,46.47648],[7.17489,46.47614],[7.17473,46.47567],[7.17449,46.47535],[7.1741,46.47508],[7.17362,46.47489],[7.17286,46.47476],[7.17208,46.4748],[7.1714,46.47496],[7.17075,46.47526],[7.17053,46.47532],[7.17028,46.4753],[7.17001,46.47523],[7.1695,46.47496],[7.16879,46.47436],[7.1685,46.47423],[7.16802,46.47422],[7.16725,46.47435],[7.1664,46.47459],[7.16626,46.47457],[7.16613,46.47451],[7.16595,46.47428],[7.16588,46.47387],[7.1657,46.47358],[7.16537,46.47333],[7.16489,46.4731]],[[7.22492,46.48795],[7.22331,46.48772],[7.22243,46.48763],[7.22117,46.48759],[7.22039,46.48769],[7.21943,46.48797],[7.21888,46.48805],[7.21815,46.4881],[7.21421,46.48816],[7.21245,46.48806],[7.2105,46.48786],[7.2095,46.48759],[7.20895,46.48736],[7.2084,46.48696],[7.20765,46.48623],[7.20729,46.48586],[7.20688,46.48559],[7.20636,46.48548],[7.20577,46.48546],[7.20415,46.4855],[7.20341,46.4855],[7.20156,46.48528],[7.19895,46.48483],[7.19837,46.48443],[7.19779,46.4837],[7.19732,46.4834],[7.1969,46.48334],[7.19589,46.48351],[7.19556,46.48349],[7.19521,46.48333],[7.19478,46.48306],[7.19457,46.48291],[7.19429,46.48279],[7.19346,46.4826],[7.19225,46.48251],[7.19053,46.48251],[7.18966,46.48234],[7.18919,46.48217],[7.18875,46.48194],[7.18845,46.48173],[7.1881,46.48141],[7.1877,46.48114],[7.18722,46.4809],[7.18666,46.48069],[7.18533,46.48035],[7.18341,46.48005]],[[7.24003,46.48572],[7.23953,46.48607],[7.23904,46.48638],[7.23847,46.48661],[7.23711,46.4869],[7.23485,46.48712],[7.2337,46.48712],[7.23236,46.487],[7.23113,46.48696],[7.23034,46.48703],[7.22935,46.48749]],[[7.26341,46.48854],[7.26271,46.4887],[7.26203,46.48881],[7.26136,46.48886],[7.2607,46.48885],[7.26003,46.48879],[7.25935,46.48868],[7.25785,46.48828],[7.25326,46.48682],[7.24883,46.48564],[7.24623,46.4851],[7.24441,46.485],[7.24232,46.48527],[7.24003,46.48572]],[[7.26746,46.48693],[7.26563,46.48792],[7.2638,46.48854],[7.26341,46.48854]],[[7.27163,46.48406],[7.27101,46.48466],[7.27017,46.4853],[7.26919,46.48593],[7.26746,46.48693]],[[7.2811,46.47243],[7.28039,46.47291],[7.27974,46.47363],[7.27922,46.47471],[7.27904,46.47532],[7.27877,46.47593],[7.27842,46.47654],[7.27804,46.47708],[7.27576,46.47965],[7.27163,46.48406]],[[7.27253,46.4469],[7.27305,46.44717],[7.27396,46.44807],[7.2746,46.44915],[7.27546,46.4509],[7.27655,46.45221],[7.27764,46.45356],[7.27819,46.45476],[7.27992,46.45907],[7.28097,46.46072],[7.28214,46.46244],[7.28367,46.46446],[7.28432,46.46572],[7.28445,46.46716],[7.28366,46.46824],[7.28353,46.46932],[7.28275,46.46986],[7.28144,46.47031],[7.28079,46.47085],[7.28079,46.47139],[7.2811,46.47243]],[[7.2731,46.42071],[7.2725,46.42187],[7.272,46.42283],[7.27182,46.42454],[7.2721,46.42582],[7.27206,46.42633],[7.2705,46.42785],[7.27011,46.42878],[7.2701,46.43197],[7.27058,46.43423],[7.27186,46.43631],[7.27261,46.43807],[7.27296,46.43963],[7.27294,46.44064],[7.27247,46.44416],[7.27227,46.44573],[7.27253,46.4469]],[[7.26953,46.39203],[7.26957,46.39418],[7.26957,46.39472],[7.27009,46.3958],[7.27008,46.3976],[7.26969,46.39868],[7.26943,46.39904],[7.26955,46.40173],[7.26942,46.40191],[7.26941,46.40299],[7.27019,46.40425],[7.27057,46.40587],[7.27044,46.40893],[7.27077,46.40952],[7.27189,46.41066],[7.27206,46.41108],[7.27198,46.41161],[7.27183,46.41251],[7.27185,46.41297],[7.2721,46.41342],[7.27294,46.41411],[7.27337,46.41462],[7.27409,46.4161],[7.27459,46.41655],[7.27464,46.41688],[7.27454,46.4171],[7.27371,46.4176],[7.27334,46.41795],[7.27329,46.41831],[7.27358,46.41864],[7.27368,46.41886],[7.27356,46.41972],[7.2731,46.42071]],[[7.27291,46.38854],[7.27263,46.38923],[7.27033,46.39066],[7.26986,46.39119],[7.26953,46.39203]],[[7.26808,46.33192],[7.26938,46.33183],[7.27275,46.33246],[7.27405,46.33283],[7.27509,46.33337],[7.27664,46.33364],[7.28002,46.33553],[7.28287,46.33743],[7.28325,46.33851],[7.28364,46.33887],[7.2852,46.3395],[7.28676,46.33986],[7.2878,46.34022],[7.28909,46.34094],[7.28987,46.34122],[7.29013,46.3414],[7.29026,46.34194],[7.29091,46.34284],[7.29168,46.34365]],[[7.22935,46.48749],[7.22758,46.48777],[7.22665,46.48788],[7.22492,46.48795]],[[7.11375,46.72001],[7.11461,46.7218],[7.11521,46.7233],[7.11507,46.72438],[7.11441,46.72492],[7.1131,46.72509],[7.111,46.72617],[7.11074,46.72653],[7.11074,46.72707],[7.111,46.72761],[7.11152,46.72797],[7.11465,46.7287],[7.11543,46.72924],[7.11569,46.7296],[7.11569,46.73032],[7.11516,46.73122],[7.1149,46.7314],[7.11437,46.73158],[7.11254,46.73184],[7.11097,46.73246],[7.11005,46.73318],[7.11004,46.73372],[7.11082,46.73408],[7.11318,46.73418],[7.11449,46.73463],[7.11527,46.73509],[7.11579,46.73563],[7.11578,46.73653],[7.11535,46.73719],[7.11462,46.73778],[7.11398,46.73814],[7.11275,46.73845]],[[7.09224,46.57182],[7.09222,46.57293],[7.09184,46.57416],[7.09182,46.57686],[7.09195,46.5774],[7.09374,46.58226],[7.09387,46.58316],[7.09438,46.58442],[7.0949,46.58496],[7.096,46.58569],[7.09742,46.58633],[7.09841,46.58677],[7.09919,46.58731],[7.09964,46.58783],[7.10049,46.58885],[7.10074,46.58939],[7.10061,46.59029],[7.10021,46.59083],[7.09915,46.59298],[7.0981,46.59451],[7.09692,46.59594],[7.09626,46.59693],[7.09486,46.60098],[7.09464,46.60158]],[[7.06754,46.53101],[7.06745,46.53434],[7.0678,46.53549],[7.06941,46.53778],[7.06993,46.53828],[7.07175,46.53961],[7.07232,46.54026],[7.07319,46.54183],[7.07421,46.54334],[7.07561,46.5445],[7.07892,46.54729]],[[7.06659,46.52639],[7.0672,46.52773],[7.06747,46.52926],[7.06754,46.53101]],[[7.06607,46.51605],[7.06631,46.51668],[7.06651,46.52327],[7.06659,46.52639]],[[7.29726,46.36138],[7.29577,46.36268],[7.29508,46.3634],[7.29465,46.36403],[7.29434,46.36442],[7.29341,46.36493],[7.29245,46.36524],[7.29164,46.36533],[7.29078,46.36521],[7.28966,46.3649],[7.28878,46.36474],[7.28801,46.36473],[7.28719,46.36496],[7.28601,46.36571],[7.28524,46.36651]],[[7.09464,46.60158],[7.09432,46.60276],[7.09399,46.60439],[7.09405,46.60487],[7.09398,46.60619],[7.09463,46.60709],[7.09528,46.60768],[7.09566,46.60809],[7.09562,46.60886],[7.09503,46.60936],[7.09395,46.60956],[7.09317,46.6097],[7.09239,46.61006],[7.09186,46.61059],[7.09186,46.61149],[7.0922,46.61237],[7.09295,46.61317],[7.09387,46.6138],[7.09448,46.61427],[7.09472,46.61479],[7.09465,46.61558],[7.09484,46.61588],[7.09523,46.61602],[7.09579,46.61602],[7.09733,46.61568]],[[7.29168,46.34365],[7.29204,46.34441],[7.29214,46.34506],[7.2921,46.34569],[7.29211,46.34595],[7.29246,46.34661],[7.29238,46.34698],[7.29168,46.34799],[7.29168,46.34821],[7.2921,46.34874],[7.2921,46.34902],[7.29105,46.3498],[7.291,46.34999],[7.29112,46.35012],[7.29192,46.35044],[7.29203,46.35068],[7.29192,46.35138],[7.29211,46.35192]],[[7.11275,46.73845],[7.1122,46.73874],[7.11192,46.73906],[7.1119,46.73939],[7.11207,46.73972],[7.11303,46.74075],[7.11323,46.74117],[7.11318,46.74161],[7.11288,46.74194],[7.11243,46.74209],[7.11177,46.74204],[7.11111,46.74182],[7.10875,46.74006],[7.10819,46.73961],[7.10741,46.73934],[7.10669,46.73926],[7.10612,46.73934],[7.10575,46.73956],[7.10561,46.73996],[7.10568,46.74034],[7.10611,46.74073],[7.10972,46.74256],[7.11114,46.74342],[7.11194,46.74416],[7.11262,46.74491],[7.11277,46.74543],[7.1126,46.74688],[7.11267,46.74732],[7.11289,46.7476],[7.1143,46.74814],[7.11482,46.74841],[7.11505,46.74878],[7.11507,46.74914],[7.11491,46.74955],[7.11438,46.74997],[7.11336,46.75056],[7.11244,46.75086],[7.11114,46.75101],[7.11035,46.75116],[7.10967,46.75144],[7.10894,46.75195],[7.10754,46.75295],[7.10637,46.75366],[7.10528,46.754],[7.10395,46.75415],[7.10266,46.75419],[7.09915,46.7539],[7.09826,46.75394],[7.09753,46.75415],[7.09703,46.75443],[7.09678,46.75475],[7.09666,46.75536],[7.09686,46.75622],[7.09744,46.7574],[7.09835,46.75862],[7.09891,46.75934],[7.09964,46.75977],[7.10082,46.76016],[7.10182,46.76034],[7.10248,46.76034],[7.10316,46.76015],[7.10355,46.75991],[7.10463,46.75855],[7.10546,46.75775],[7.10596,46.75742],[7.10676,46.75713],[7.10925,46.75648],[7.10977,46.75648],[7.11029,46.75666],[7.1116,46.75775],[7.11212,46.75793],[7.1129,46.75793],[7.11402,46.75778],[7.11529,46.75776],[7.1162,46.75799],[7.11706,46.75851],[7.11767,46.7591],[7.11792,46.75963],[7.11783,46.7602],[7.11748,46.7606],[7.11694,46.76082],[7.114,46.76119],[7.11283,46.76151],[7.11212,46.76198],[7.11183,46.76254],[7.11164,46.76336],[7.11184,46.76439],[7.11229,46.76511],[7.11283,46.76552],[7.11401,46.76583],[7.11486,46.76582],[7.1155,46.76559],[7.11776,46.76362],[7.11858,46.7633],[7.11933,46.76328],[7.12013,46.76344],[7.12072,46.76379],[7.1209,46.7642],[7.12089,46.76587],[7.11977,46.76992],[7.11977,46.77082],[7.12003,46.77118],[7.12107,46.77163],[7.12212,46.77163],[7.12395,46.77119],[7.12613,46.77081],[7.1271,46.77084],[7.12814,46.77129],[7.12814,46.77201],[7.12801,46.77219],[7.12696,46.77281],[7.12433,46.77371],[7.12275,46.77478],[7.12223,46.7755],[7.12222,46.77586],[7.12265,46.77659],[7.12309,46.77785],[7.12365,46.77856],[7.12521,46.77965],[7.12678,46.78055],[7.12737,46.78126]],[[7.11297,46.71929],[7.11375,46.72001]],[[7.14824,46.84991],[7.15339,46.85165],[7.1604,46.85287],[7.16413,46.8542],[7.16783,46.85673],[7.16975,46.85876],[7.17009,46.86236],[7.17193,46.86434],[7.17437,46.86519]],[[7.14624,46.84807],[7.14824,46.84991]],[[7.17437,46.86519],[7.17673,46.86649],[7.1779,46.86812],[7.17837,46.86976],[7.18025,46.87145],[7.18458,46.87351],[7.18761,46.87416],[7.18819,46.87513],[7.18791,46.87672],[7.18676,46.87842],[7.1866,46.88013],[7.18698,46.88159],[7.18823,46.88305],[7.18894,46.8834],[7.19104,46.88423],[7.19405,46.8847]],[[7.16721,46.80782],[7.16668,46.80826],[7.16535,46.80935],[7.16372,46.81036],[7.16156,46.81176],[7.16109,46.81233],[7.16128,46.81295],[7.1619,46.81387],[7.16257,46.81416],[7.1641,46.8143],[7.16596,46.81442],[7.16714,46.81485],[7.16784,46.81574],[7.16764,46.81661],[7.16674,46.81707],[7.16536,46.81737],[7.16381,46.81755],[7.16306,46.81817],[7.16274,46.81879],[7.16286,46.81946],[7.16329,46.82009],[7.16415,46.82063],[7.16613,46.82117],[7.16911,46.8215],[7.17147,46.82156],[7.17261,46.82189],[7.17296,46.82299],[7.17271,46.82482],[7.17184,46.82623],[7.17077,46.82718],[7.16963,46.82779],[7.16782,46.82852],[7.16585,46.82884],[7.16151,46.82934],[7.15871,46.83028],[7.15507,46.8329],[7.15152,46.83398],[7.14848,46.83492],[7.14705,46.83675],[7.14601,46.84043],[7.14563,46.84447],[7.1457,46.84633],[7.14624,46.84807]],[[7.09391,46.67443],[7.0939,46.6758]],[[7.09414,46.67345],[7.09391,46.67443]],[[7.09892,46.66596],[7.09878,46.66915],[7.09414,46.67345]],[[7.09786,46.64006],[7.09628,46.64732],[7.09633,46.6574],[7.09553,46.66209],[7.09892,46.66596]],[[7.10202,46.6169],[7.09786,46.64006]],[[7.05397,46.50707],[7.05438,46.50766]],[[7.08026,46.46459],[7.07555,46.46446],[7.07063,46.46455],[7.06571,46.46566]],[[7.04846,46.48882],[7.05158,46.49238],[7.05277,46.49478],[7.05361,46.49577]],[[7.05187,46.4983],[7.05125,46.49887],[7.05047,46.49962],[7.05141,46.50109],[7.05189,46.50242],[7.05303,46.50443],[7.05316,46.50597],[7.05397,46.50707]],[[7.05361,46.49577],[7.05405,46.49629],[7.05354,46.49681],[7.05318,46.49735],[7.05257,46.49796],[7.05187,46.4983]],[[7.0939,46.6758],[7.09674,46.67921],[7.10276,46.68408]],[[7.09644,46.70806],[7.09907,46.71005],[7.1006,46.71172],[7.10247,46.71187],[7.10534,46.71173],[7.10698,46.71309],[7.1085,46.71606],[7.112,46.71837],[7.11297,46.71929]],[[7.10879,46.68993],[7.10941,46.69326],[7.10885,46.695],[7.10731,46.69568],[7.10543,46.6959],[7.10103,46.69634],[7.09882,46.69808],[7.09825,46.70065],[7.09888,46.70421],[7.09832,46.70588],[7.09644,46.70806]],[[7.10745,46.68783],[7.10879,46.68993]],[[7.10276,46.68408],[7.10745,46.68783]],[[7.09733,46.61568],[7.10202,46.6169]],[[7.29211,46.35192],[7.29245,46.35316],[7.29297,46.3554],[7.29645,46.35955],[7.2975,46.3608],[7.29726,46.36138]],[[7.13061,46.78704],[7.13057,46.78724],[7.13061,46.78748],[7.13074,46.78774],[7.13095,46.788],[7.1315,46.78844],[7.13182,46.7886],[7.13216,46.7887],[7.13341,46.78882],[7.13449,46.78882],[7.1353,46.7887],[7.1356,46.78859],[7.13582,46.78846],[7.13648,46.7877],[7.13697,46.78699],[7.1374,46.78667],[7.13829,46.78629],[7.13949,46.78599],[7.14027,46.78587],[7.1411,46.7858],[7.14187,46.7858],[7.14259,46.78586],[7.14323,46.78599],[7.14379,46.78617],[7.14428,46.78641],[7.14469,46.78672],[7.1456,46.7878],[7.14595,46.78842],[7.14619,46.78901],[7.14635,46.78964],[7.14653,46.79073],[7.14676,46.79133],[7.14699,46.79165],[7.14727,46.79189],[7.14759,46.79201],[7.14797,46.79204],[7.14836,46.79199],[7.14872,46.79189],[7.14905,46.79173],[7.14935,46.79151],[7.14957,46.79125],[7.14976,46.79092],[7.15006,46.79061],[7.15047,46.7903],[7.15093,46.79006],[7.15134,46.78993],[7.15176,46.78984],[7.1522,46.78982],[7.15275,46.78987],[7.15319,46.78996],[7.15358,46.7901],[7.15394,46.7903],[7.15423,46.79053],[7.15444,46.7908],[7.15458,46.7911],[7.15474,46.79168],[7.15497,46.79207],[7.15531,46.79233],[7.15551,46.7924],[7.15575,46.79243],[7.1559,46.7924],[7.15609,46.79233],[7.15628,46.7922],[7.15654,46.79185],[7.1567,46.79132],[7.15689,46.78995]],[[7.28796,46.37297],[7.28796,46.37333],[7.28666,46.37423],[7.28406,46.37549],[7.28276,46.37638],[7.28197,46.3771],[7.28145,46.37782],[7.27859,46.37827],[7.27755,46.37862],[7.27586,46.37988],[7.27573,46.38006],[7.27559,46.3833],[7.2761,46.38492],[7.2761,46.38546],[7.27584,46.386],[7.2748,46.38663],[7.27441,46.38726],[7.27395,46.38767],[7.27336,46.38805],[7.27291,46.38854]],[[7.16664,46.79982],[7.1657,46.80009],[7.1644,46.80017],[7.15968,46.80025],[7.15837,46.80052],[7.15771,46.80105],[7.15771,46.80213],[7.15815,46.80246],[7.15869,46.80264],[7.16023,46.80303],[7.16124,46.80355],[7.16421,46.80525],[7.1647,46.80536],[7.16525,46.80538],[7.1659,46.80526],[7.1687,46.80374],[7.16927,46.80359],[7.16977,46.80362],[7.17027,46.80379],[7.1706,46.8041],[7.17069,46.80457],[7.17033,46.80567]],[[7.28524,46.36651],[7.28488,46.36717],[7.28487,46.36758],[7.28484,46.36801],[7.28468,46.36835],[7.28415,46.36912],[7.28406,46.36962],[7.2843,46.37014],[7.28474,46.37074],[7.28576,46.37151],[7.28735,46.37252],[7.28796,46.37297]],[[7.15689,46.78995],[7.15741,46.78844],[7.15839,46.78714],[7.15886,46.78658],[7.15952,46.78628],[7.16005,46.78616],[7.16098,46.7862],[7.16192,46.78644],[7.16285,46.78723],[7.16347,46.78884],[7.16389,46.79185],[7.16407,46.79253],[7.16478,46.7933],[7.16705,46.79502],[7.16736,46.79545],[7.16736,46.79599],[7.16714,46.7964],[7.1667,46.79663],[7.16561,46.79664],[7.16455,46.79684],[7.16352,46.79722],[7.16325,46.79771],[7.16327,46.798],[7.16419,46.79828],[7.1649,46.79837],[7.16546,46.79858],[7.16599,46.79908],[7.16664,46.79982]],[[7.06571,46.46566],[7.06509,46.46593]],[[7.05438,46.50766],[7.05498,46.50789]]]}},{"type":"Feature","properties":{"name":"Doubs","aliases":[],"category":"river","source":"swissTLMRegio 2025"},"geometry":{"type":"MultiLineString","coordinates":[[[6.54969,47.42813],[6.55185,47.42765]],[[6.76214,47.47864],[6.76089,47.47928]],[[6.37295,47.34308],[6.37266,47.34297],[6.37047,47.34339]],[[6.37747,47.35458],[6.37692,47.3548],[6.37533,47.35523],[6.37347,47.35549],[6.37267,47.35548],[6.37228,47.35512],[6.3723,47.3544],[6.37298,47.35314],[6.37349,47.35252]],[[6.37349,47.35252],[6.37396,47.35072],[6.37425,47.34947],[6.37429,47.34749],[6.37404,47.34659],[6.37396,47.34425],[6.37345,47.34334],[6.37318,47.34316],[6.37295,47.34308]],[[6.496,47.39596],[6.49535,47.39541],[6.49536,47.39451],[6.49577,47.39396],[6.49698,47.39282],[6.49793,47.39192],[6.49901,47.39049],[6.50197,47.388],[6.50269,47.38696]],[[6.77493,47.39166],[6.7749,47.39394],[6.77421,47.3961],[6.77367,47.39694]],[[6.77058,47.32872],[6.76849,47.3291],[6.76316,47.33111],[6.76124,47.33285],[6.76111,47.33305],[6.7603,47.33376],[6.75657,47.33617],[6.75643,47.33635],[6.75642,47.33743],[6.75668,47.33815],[6.75759,47.33924],[6.75825,47.33991]],[[6.02355,47.221],[6.02055,47.21988],[6.01846,47.21939],[6.01766,47.2193],[6.01661,47.21911],[6.01581,47.2191],[6.01555,47.21901],[6.01186,47.21878],[6.0116,47.21869],[6.01001,47.21867],[6.00896,47.21848],[6.00817,47.21847],[6.00633,47.21808],[6.00398,47.21706],[6.00191,47.21578],[5.99906,47.2134],[5.99849,47.213],[5.9978,47.21212],[5.99756,47.21171],[5.9974,47.21152],[5.99727,47.21136]],[[6.03107,47.22533],[6.02992,47.22494],[6.0294,47.22476],[6.02888,47.22439],[6.02838,47.22348],[6.02799,47.22312],[6.0259,47.22219],[6.02511,47.222],[6.02433,47.22161],[6.02355,47.221]],[[6.03107,47.22533],[6.03072,47.22459],[6.03035,47.22369],[6.02933,47.22242],[6.02776,47.22168],[6.02566,47.22129],[6.02487,47.22128],[6.02355,47.221]],[[6.11894,47.27464],[6.11814,47.2734],[6.11699,47.27159],[6.11571,47.26978],[6.11415,47.26877],[6.11284,47.2683],[6.11153,47.26811],[6.10914,47.26853],[6.10727,47.26896],[6.10037,47.27041],[6.0964,47.27045],[6.09561,47.27044],[6.09163,47.27094],[6.08739,47.27134],[6.08364,47.27145]],[[6.13204,47.282],[6.12919,47.28128],[6.12694,47.2806],[6.12441,47.27946],[6.12277,47.27842],[6.12097,47.27692],[6.11894,47.27464]],[[5.74024,47.15245],[5.73849,47.15223],[5.73718,47.15198],[5.73478,47.1512],[5.7318,47.14987],[5.73046,47.14941]],[[5.73046,47.14941],[5.72925,47.14861],[5.72768,47.14805],[5.72655,47.14747],[5.72574,47.14703],[5.72522,47.14666],[5.72394,47.14538],[5.72214,47.1441],[5.71928,47.14262],[5.7172,47.14186],[5.71668,47.14159],[5.71642,47.14158],[5.71537,47.14121],[5.71328,47.14082],[5.7096,47.14041],[5.70662,47.14136],[5.70536,47.1422],[5.70529,47.14337],[5.70564,47.14444],[5.70704,47.1449],[5.71068,47.14506],[5.71272,47.14595],[5.71356,47.14793],[5.71418,47.14937],[5.71493,47.15088]],[[5.67817,47.14128],[5.67046,47.13935]],[[5.71493,47.15088],[5.71399,47.15126],[5.71194,47.15149]],[[5.83828,47.13547],[5.84036,47.13789],[5.84099,47.13879],[5.84136,47.1397],[5.84159,47.14078],[5.84157,47.14132],[5.84182,47.14205],[5.8421,47.14303]],[[5.84969,47.13301],[5.84802,47.13295],[5.84512,47.133],[5.84247,47.13333],[5.83928,47.13418],[5.83874,47.13453],[5.83833,47.13507],[5.83828,47.13547]],[[5.88817,47.14626],[5.88852,47.14583],[5.88854,47.14529],[5.88803,47.14457],[5.88569,47.14337],[5.88282,47.14234],[5.88203,47.14215],[5.87887,47.14219],[5.8765,47.14189],[5.87335,47.14167],[5.87099,47.14119],[5.86707,47.13978],[5.86369,47.1383],[5.85902,47.13545],[5.85772,47.1348],[5.85485,47.13377],[5.85276,47.13329],[5.85066,47.13305]],[[5.88488,47.15849],[5.8856,47.1573],[5.88581,47.15617],[5.88604,47.15065],[5.88637,47.14891],[5.88702,47.14749],[5.88817,47.14626]],[[5.99727,47.21136],[5.99562,47.20904],[5.99488,47.20705],[5.99478,47.20597],[5.99453,47.20543],[5.99422,47.20503]],[[5.99422,47.20503],[5.99403,47.20407],[5.9934,47.20317],[5.99314,47.20298],[5.99157,47.20233],[5.99079,47.20214],[5.98974,47.20173]],[[5.99422,47.20503],[5.99296,47.2046],[5.99166,47.20413],[5.99088,47.20358],[5.99024,47.20268],[5.98974,47.20173]],[[5.98974,47.20173],[5.9863,47.20018],[5.9854,47.2],[5.9847,47.20001],[5.98397,47.20011],[5.9816,47.20054],[5.98018,47.20068],[5.97629,47.20091],[5.97328,47.20103],[5.96899,47.20101]],[[5.9469,47.1821],[5.94634,47.18178],[5.94453,47.18041],[5.94402,47.17986],[5.94373,47.17961]],[[5.94373,47.17961],[5.94337,47.17931],[5.94172,47.17713],[5.94068,47.17658],[5.94015,47.17639],[5.93889,47.17614],[5.93703,47.17562],[5.93434,47.17467],[5.93082,47.17358],[5.92881,47.17306],[5.92606,47.17277]],[[5.92606,47.17277],[5.92289,47.17246],[5.9204,47.17234],[5.91689,47.17237]],[[6.52013,47.41711],[6.51738,47.4168],[6.51409,47.4149],[6.51293,47.41291],[6.51264,47.41053],[6.5126,47.40825],[6.51237,47.40617],[6.51226,47.40571],[6.50903,47.40119],[6.50799,47.4001],[6.50641,47.3991],[6.5056,47.39882],[6.50512,47.39865]],[[6.85573,47.3256],[6.85473,47.32515],[6.8508,47.3234],[6.84956,47.32435],[6.84861,47.32485],[6.84761,47.32527],[6.8415,47.32702],[6.84017,47.3271],[6.83779,47.327],[6.83593,47.32735],[6.83408,47.32743],[6.83197,47.32706],[6.83065,47.32669],[6.82696,47.32541],[6.82617,47.32505],[6.82354,47.32359],[6.81987,47.32097],[6.81882,47.32033],[6.8175,47.31996],[6.81472,47.31986],[6.81233,47.32083]],[[5.90337,47.16884],[5.90359,47.16763],[5.90347,47.16727],[5.90283,47.16654],[5.9018,47.16581],[5.8997,47.16515],[5.89813,47.16486],[5.89682,47.16448],[5.89551,47.16428],[5.89236,47.16352],[5.88972,47.16308],[5.88828,47.16264],[5.887,47.16223],[5.88558,47.16165],[5.88485,47.16104],[5.88447,47.16034],[5.88457,47.15943],[5.88488,47.15849]],[[6.6049,47.04981],[6.60569,47.05],[6.60698,47.05145],[6.60776,47.05199],[6.60881,47.05236],[6.60906,47.0529],[6.60906,47.05344],[6.60958,47.05371],[6.61037,47.05372],[6.61116,47.05363],[6.61433,47.05294],[6.61564,47.05295],[6.61643,47.05313],[6.61775,47.05314],[6.61828,47.05297],[6.6224,47.05012],[6.62254,47.04976],[6.62228,47.04922],[6.62229,47.04886],[6.62255,47.04868],[6.62414,47.04824],[6.62546,47.04825],[6.62648,47.04843]],[[6.17708,47.29071],[6.17471,47.29041],[6.1689,47.2899],[6.16679,47.2897],[6.16098,47.28918],[6.15782,47.28879],[6.1544,47.28812],[6.15159,47.28728],[6.14717,47.28615],[6.14243,47.28538],[6.14059,47.28499],[6.13928,47.28444],[6.13798,47.28353],[6.13694,47.28297],[6.13589,47.2826],[6.13273,47.28212],[6.13204,47.282]],[[6.86827,47.33599],[6.86849,47.33555],[6.86825,47.33394],[6.86858,47.33309],[6.86887,47.33241],[6.87151,47.33025],[6.87222,47.32963],[6.87255,47.32906],[6.8726,47.32813],[6.87192,47.32732],[6.87123,47.32696],[6.8702,47.32668],[6.86891,47.32681],[6.86757,47.32699],[6.86662,47.32715],[6.86571,47.32714],[6.86467,47.32714],[6.86105,47.32804],[6.85989,47.32781],[6.85914,47.32751],[6.85671,47.32602],[6.85573,47.3256]],[[6.55185,47.42765],[6.55241,47.42735],[6.55324,47.42667],[6.55474,47.42602],[6.55703,47.42514]],[[6.55185,47.42765],[6.55244,47.42762],[6.55377,47.42763],[6.55457,47.42737],[6.55604,47.4263],[6.55645,47.42576],[6.55703,47.42514]],[[6.55703,47.42514],[6.56019,47.42408],[6.56153,47.42328],[6.56207,47.42275],[6.56234,47.42221],[6.56237,47.42077],[6.56146,47.41914],[6.55964,47.41733],[6.55806,47.41633],[6.55675,47.41569],[6.55411,47.41486],[6.552,47.41457],[6.54383,47.41459],[6.54058,47.41441],[6.53846,47.41417],[6.53279,47.4126],[6.53025,47.41244],[6.52771,47.41297],[6.52572,47.41384],[6.52267,47.41585],[6.52013,47.41711]],[[6.58909,47.04135],[6.58962,47.04214],[6.5896,47.04322],[6.58947,47.04358],[6.58893,47.04412],[6.5884,47.04438],[6.58834,47.04477],[6.58946,47.04573],[6.59164,47.04764],[6.59307,47.04851],[6.5947,47.04952],[6.59521,47.04987],[6.59554,47.05046],[6.59594,47.05102],[6.5965,47.0514],[6.59842,47.05183],[6.59868,47.05201],[6.59872,47.05288],[6.59871,47.05363],[6.59922,47.05411],[6.59998,47.05432],[6.60134,47.05448],[6.60262,47.05427],[6.60389,47.05389],[6.60484,47.0535],[6.60503,47.05317],[6.60484,47.05277],[6.60433,47.0526],[6.60275,47.05231],[6.60223,47.05195],[6.60224,47.05123],[6.60299,47.05056],[6.60359,47.05013],[6.60437,47.04981],[6.6049,47.04981]],[[6.36333,46.86859],[6.3637,46.86885],[6.36474,46.86958],[6.3655,46.87049],[6.36718,46.87176],[6.36717,46.8723],[6.36677,46.87266],[6.36689,46.87356],[6.36714,46.87392],[6.36844,46.87474],[6.36921,46.87547],[6.36933,46.87583],[6.36932,46.87673],[6.36891,46.87745],[6.36889,46.87817],[6.3694,46.87907],[6.36967,46.87925],[6.36996,46.87944],[6.37021,46.87952]],[[6.37021,46.87952],[6.3703,46.8798],[6.37056,46.87998],[6.37056,46.88034],[6.36989,46.88087],[6.36938,46.881]],[[6.37021,46.87952],[6.37044,46.87944],[6.37177,46.87891],[6.37229,46.87919],[6.37241,46.87937],[6.37251,46.88117],[6.37237,46.88135],[6.37184,46.88161],[6.37079,46.8816],[6.36975,46.88123],[6.36938,46.881]],[[6.93192,47.34001],[6.92908,47.34165],[6.92865,47.34192],[6.92829,47.34307],[6.92741,47.34414],[6.92724,47.34436],[6.92583,47.34613],[6.92524,47.34687],[6.9238,47.34775],[6.9231,47.34814],[6.91919,47.34936],[6.91698,47.34997],[6.91312,47.34967],[6.91083,47.3492],[6.9073,47.3492],[6.90622,47.34913],[6.90544,47.34908],[6.9012,47.34765],[6.89887,47.34688],[6.89566,47.34574],[6.8952,47.34546],[6.89314,47.34575],[6.89196,47.34592],[6.89009,47.34608]],[[6.33875,46.85581],[6.34005,46.85756],[6.34005,46.85774],[6.34069,46.85864],[6.34095,46.85883],[6.34173,46.85892],[6.34358,46.85858],[6.34436,46.85859],[6.34853,46.85998],[6.34879,46.85998],[6.34983,46.86053],[6.35074,46.86126],[6.35178,46.86163],[6.35229,46.86199],[6.35267,46.8629],[6.35318,46.86344],[6.35448,46.86435],[6.35526,46.86454],[6.35631,46.86455],[6.35698,46.86402],[6.35724,46.86393],[6.3575,46.86402],[6.3584,46.86475],[6.35891,46.86548],[6.35995,46.86612],[6.35994,46.86648],[6.35954,46.86683],[6.35967,46.86719],[6.36019,46.86747],[6.36305,46.86848],[6.36333,46.86859]],[[6.27295,46.78248],[6.27476,46.78394],[6.27502,46.78458],[6.27517,46.7854],[6.27567,46.78666],[6.27622,46.78714],[6.27681,46.78747],[6.27734,46.78763],[6.2779,46.78773],[6.27846,46.78773],[6.27914,46.7877],[6.27997,46.78775],[6.2807,46.78793]],[[6.2807,46.78793],[6.28196,46.78995],[6.28248,46.79032],[6.28482,46.79124],[6.28612,46.79135],[6.28639,46.79126],[6.28717,46.79127],[6.28769,46.79154],[6.28884,46.79317],[6.28909,46.79372],[6.28908,46.79408],[6.28941,46.79431]],[[6.19463,46.71093],[6.19431,46.71129],[6.19481,46.71202],[6.19538,46.71249],[6.19648,46.71366],[6.19762,46.71529],[6.19774,46.71565],[6.19851,46.71611],[6.20033,46.71685],[6.20162,46.71776],[6.20225,46.71849],[6.20277,46.71885],[6.20329,46.71877],[6.20409,46.71833],[6.20461,46.71833],[6.20669,46.71898],[6.20773,46.71945],[6.20824,46.71981],[6.20954,46.72019],[6.21161,46.7212],[6.21174,46.72138],[6.21509,46.72339],[6.21639,46.72404],[6.21846,46.72487],[6.21975,46.7256],[6.22001,46.7257],[6.22106,46.72562],[6.22158,46.72571],[6.22444,46.72682],[6.22522,46.72701],[6.22626,46.72702],[6.22732,46.7264],[6.22784,46.72668],[6.22796,46.72722],[6.22821,46.72758],[6.22951,46.72796],[6.23056,46.72797],[6.23187,46.72771],[6.23291,46.72835],[6.23343,46.72845],[6.23465,46.72784],[6.23566,46.7282],[6.23901,46.7304],[6.23953,46.73058],[6.24032,46.73059],[6.24058,46.7305],[6.24144,46.7307],[6.24408,46.73189],[6.24447,46.73225],[6.24445,46.73315],[6.24457,46.73333],[6.24536,46.73325],[6.24577,46.73254],[6.24578,46.73218],[6.24631,46.73191],[6.24759,46.73301],[6.24863,46.73347],[6.24941,46.73356],[6.25203,46.73332],[6.25255,46.73351],[6.25577,46.73588],[6.25681,46.73643],[6.2594,46.73736],[6.26004,46.73808],[6.26004,46.73826],[6.26055,46.73863],[6.26367,46.73965],[6.26471,46.74029],[6.26757,46.74104],[6.27226,46.74181],[6.27488,46.74175],[6.27618,46.74221],[6.2767,46.74221],[6.27854,46.74187],[6.27907,46.74188],[6.28142,46.74217],[6.28272,46.74255],[6.2835,46.74291],[6.28402,46.74283],[6.28482,46.7423],[6.28534,46.74239],[6.28586,46.74276],[6.28638,46.74276],[6.28743,46.74241],[6.28848,46.74233],[6.289,46.74252],[6.28952,46.74252],[6.28965,46.74271],[6.29083,46.7429],[6.2916,46.74335],[6.29289,46.74445],[6.29393,46.74482],[6.29432,46.74491],[6.29563,46.74492],[6.29641,46.74511],[6.29692,46.74548],[6.29717,46.74602],[6.29769,46.74639],[6.29873,46.74685],[6.29937,46.74757],[6.29979,46.74833],[6.29999,46.74893],[6.29997,46.74983],[6.2997,46.75018],[6.2997,46.75054],[6.30008,46.75109],[6.30059,46.75145],[6.30241,46.75219],[6.30344,46.75274],[6.30551,46.75411],[6.30615,46.75474],[6.30625,46.75529],[6.30616,46.75547],[6.30582,46.75564],[6.30508,46.75573]],[[6.20948,46.7062],[6.2087,46.70655],[6.20768,46.70818],[6.20561,46.70935],[6.2021,46.70906],[6.20247,46.70788],[6.20131,46.70782],[6.20023,46.70822],[6.19986,46.70856],[6.19906,46.70927],[6.19828,46.70927],[6.19776,46.70899],[6.19672,46.70889],[6.19619,46.70906],[6.19504,46.71023],[6.19463,46.71093]],[[6.30508,46.75573],[6.30442,46.75599],[6.3023,46.75741],[6.30176,46.75812],[6.30135,46.75902],[6.29935,46.7608],[6.29841,46.76187],[6.29762,46.76222],[6.29631,46.76221],[6.29604,46.76229],[6.29445,46.76336],[6.29365,46.76407],[6.29152,46.7654],[6.28916,46.76591],[6.28759,46.7659],[6.28628,46.76561],[6.28497,46.7656],[6.28418,46.76577],[6.2834,46.76577],[6.28158,46.7653],[6.28053,46.76529],[6.27895,46.76572],[6.2779,46.76589],[6.2771,46.76633],[6.2771,46.76651],[6.27761,46.76688],[6.27969,46.7678],[6.28085,46.76871],[6.28148,46.76962],[6.28185,46.7707],[6.28181,46.77286],[6.28126,46.77375],[6.28006,46.77464],[6.28006,46.775],[6.27979,46.77536],[6.27847,46.77588],[6.2782,46.77588],[6.27741,46.77641],[6.277,46.77695],[6.27685,46.77785],[6.27658,46.77838],[6.27605,46.77865],[6.27554,46.77774],[6.27529,46.77765],[6.27475,46.778],[6.27462,46.77818],[6.2746,46.77908],[6.27472,46.77944],[6.27523,46.78017],[6.276,46.78072],[6.276,46.78108],[6.2752,46.78143],[6.27416,46.78142],[6.27389,46.7815],[6.27336,46.78186],[6.27309,46.78222],[6.27295,46.78248]],[[6.89009,47.34608],[6.88765,47.34608],[6.8856,47.34589],[6.88335,47.34512],[6.88156,47.34424],[6.87965,47.34283],[6.87718,47.34109],[6.87477,47.34004],[6.8727,47.33979],[6.87011,47.33866],[6.86875,47.33785],[6.86815,47.33734],[6.86804,47.33688],[6.86827,47.33599]],[[6.95227,47.34095],[6.94971,47.34023],[6.9487,47.34009],[6.94466,47.33983],[6.93673,47.33934],[6.93462,47.33937],[6.93192,47.34001]],[[6.28941,46.79431],[6.33613,46.83673],[6.33437,46.84199],[6.33514,46.84448],[6.33442,46.84629]],[[6.9767,47.34342],[6.97531,47.34228],[6.97364,47.34164],[6.97107,47.34157],[6.96993,47.34181],[6.96903,47.34264],[6.96811,47.3444],[6.96717,47.34511],[6.96647,47.34522],[6.9652,47.34482],[6.96245,47.34349],[6.96148,47.34274],[6.9609,47.34198],[6.96,47.34089],[6.95911,47.34052],[6.95778,47.34044],[6.95571,47.34076],[6.95355,47.34102],[6.95227,47.34095]],[[7.05096,47.34916],[7.04804,47.35016],[7.04746,47.35057],[7.04613,47.35111],[7.04401,47.35173],[7.04189,47.35181],[7.04004,47.35153],[7.03792,47.3509],[7.0374,47.35063],[7.03648,47.3499],[7.0349,47.3481],[7.03411,47.34738],[7.03253,47.34638],[7.03148,47.34602],[7.03042,47.34583],[7.02804,47.34592],[7.02168,47.34589],[7.0201,47.34562],[7.01825,47.34507],[7.0164,47.34389],[7.01509,47.34326],[7.01317,47.34253],[7.01212,47.34246],[7.01085,47.34279],[7.01006,47.34324],[7.00793,47.34413],[7.00634,47.34503],[7.00368,47.34619],[7.00209,47.34645],[7.00077,47.34641],[6.99866,47.34621],[6.99813,47.34614],[6.99708,47.34578],[6.99546,47.34445],[6.99424,47.3434],[6.99198,47.34171],[6.99112,47.34111],[6.9891,47.34037],[6.98706,47.34107],[6.98671,47.34193],[6.98657,47.34226],[6.98642,47.34265],[6.98624,47.34314],[6.98546,47.34406],[6.9837,47.34544],[6.98317,47.34547],[6.98149,47.34557],[6.98103,47.34541],[6.97929,47.34468],[6.97715,47.34351],[6.9767,47.34342]],[[6.74498,47.10269],[6.74222,47.10565],[6.74082,47.10999],[6.74247,47.11119],[6.74499,47.11096],[6.74863,47.11165],[6.75326,47.1159],[6.766,47.12168],[6.771,47.12257],[6.77614,47.12241],[6.77974,47.12482],[6.79076,47.12736],[6.7932,47.12838],[6.79853,47.13045],[6.80108,47.13015],[6.80586,47.13155],[6.8078,47.13267],[6.80949,47.13673],[6.81595,47.13682],[6.81834,47.13885],[6.82123,47.14163],[6.8256,47.14326],[6.82735,47.14552],[6.82946,47.14769],[6.83196,47.14765],[6.84048,47.15169],[6.84101,47.15427],[6.84163,47.15505],[6.84253,47.15563],[6.8499,47.15722],[6.85084,47.15781],[6.85237,47.16024],[6.85589,47.16306]],[[7.0956,47.32136],[7.09807,47.32186],[7.09966,47.32186],[7.10006,47.32183],[7.10035,47.32182]],[[7.08147,47.31751],[7.08301,47.31839],[7.08381,47.31866],[7.08513,47.31894],[7.08751,47.31913],[7.08804,47.31904],[7.08917,47.31891]],[[7.08917,47.31891],[7.09213,47.31995],[7.09424,47.32068],[7.09502,47.32106],[7.0956,47.32136]],[[6.92599,47.22556],[6.92714,47.22656],[6.92805,47.23001],[6.93376,47.23251],[6.94008,47.23268],[6.94323,47.23598],[6.94371,47.23949],[6.94411,47.23983],[6.94822,47.24106],[6.94867,47.24119],[6.95217,47.24353],[6.9528,47.2438],[6.95501,47.24451],[6.95555,47.24455],[6.95592,47.24474],[6.95587,47.24521],[6.95319,47.24775],[6.95253,47.24829],[6.94866,47.25102],[6.9482,47.2516],[6.94699,47.25481],[6.94709,47.25549],[6.9473,47.25593],[6.94949,47.25772],[6.95024,47.25881],[6.9516,47.26111],[6.95193,47.26368],[6.95067,47.26682],[6.95073,47.26749],[6.9524,47.27039],[6.94663,47.27874]],[[6.84542,47.17477],[6.85304,47.17745],[6.8545,47.17825],[6.85778,47.1792],[6.86207,47.18089],[6.86422,47.18155],[6.86712,47.18629],[6.86832,47.18691],[6.87387,47.18695],[6.87433,47.18748],[6.87418,47.19098],[6.87571,47.1941],[6.87884,47.19723],[6.88045,47.20153],[6.88701,47.20562],[6.88943,47.20617],[6.89027,47.20677],[6.89375,47.20937],[6.90682,47.21587],[6.9076,47.21642],[6.91096,47.2198],[6.91289,47.21969]],[[7.00914,47.30265],[7.01066,47.30168],[7.01119,47.30169],[7.01171,47.30187],[7.01263,47.30259],[7.01433,47.30476],[7.01512,47.3053],[7.01618,47.30566],[7.01671,47.30575],[7.01962,47.30576],[7.022,47.3055],[7.02332,47.30551],[7.02649,47.30615],[7.02781,47.3066],[7.02992,47.30706],[7.03177,47.3077],[7.03242,47.30842],[7.03294,47.30968],[7.03347,47.3104],[7.03347,47.31076],[7.0332,47.31112],[7.03134,47.31237],[7.0312,47.31291],[7.03146,47.31363],[7.03237,47.31508],[7.03316,47.3158],[7.03474,47.31688],[7.0358,47.31734],[7.03659,47.31743],[7.03844,47.31699],[7.04269,47.31502],[7.04322,47.31466],[7.04362,47.31413],[7.04404,47.31215],[7.04524,47.31035],[7.04604,47.30991],[7.04709,47.30991],[7.04842,47.30955],[7.04894,47.30932],[7.05001,47.30884],[7.0524,47.30831],[7.05874,47.30842],[7.06059,47.30914],[7.06151,47.30987],[7.06362,47.31095],[7.06441,47.3115],[7.06559,47.31294],[7.06638,47.31348],[7.06823,47.31403],[7.06902,47.31439],[7.07165,47.31593],[7.073,47.31628],[7.07668,47.31666],[7.07978,47.31697],[7.08147,47.31751]],[[7.00199,47.30144],[7.00379,47.30285],[7.00445,47.30304],[7.00832,47.30293],[7.00914,47.30265]],[[7.05533,47.34867],[7.05382,47.34898],[7.05096,47.34916]],[[6.70946,47.08503],[6.71498,47.08774],[6.71484,47.08859]],[[6.62648,47.04843],[6.62801,47.04834],[6.62861,47.04777],[6.6306,47.04695],[6.63506,47.04613],[6.63655,47.04641],[6.63746,47.0465],[6.63877,47.04663],[6.63956,47.04691],[6.64047,47.04764],[6.64138,47.04872],[6.64268,47.04945],[6.64661,47.05092],[6.64766,47.05101],[6.64819,47.05093],[6.64976,47.05148],[6.65181,47.05271],[6.65396,47.05346],[6.65605,47.05357],[6.65815,47.05414],[6.66104,47.05407],[6.66157,47.0539],[6.66237,47.05336],[6.66304,47.05265],[6.66383,47.05211],[6.6641,47.05203],[6.66489,47.05199],[6.66623,47.05246],[6.66881,47.05386],[6.66908,47.05386],[6.67012,47.05432],[6.67064,47.05468],[6.67109,47.05542],[6.6716,47.05647],[6.67195,47.05698],[6.67284,47.05757],[6.67298,47.05795],[6.67314,47.05848],[6.67281,47.05937],[6.67284,47.06063],[6.67343,47.06198],[6.67328,47.0636],[6.67366,47.06433],[6.6751,47.06541],[6.67693,47.06624],[6.67827,47.06645],[6.67982,47.06644],[6.68037,47.06588],[6.68054,47.06535],[6.6809,47.065],[6.68249,47.06402]],[[6.94663,47.27874],[6.94578,47.27996],[6.94551,47.28215],[6.94516,47.28281],[6.9413,47.28678],[6.94117,47.28716],[6.94122,47.28778],[6.94153,47.28816],[6.94558,47.29026],[6.9481,47.29226],[6.95202,47.29353],[6.95406,47.29404],[6.96267,47.29327],[6.96355,47.29332],[6.9691,47.29434],[6.96983,47.29429],[6.97376,47.2932],[6.9745,47.29315],[6.97509,47.29329],[6.97639,47.29437],[6.97666,47.29503],[6.97707,47.29781],[6.97745,47.29801],[6.98446,47.29721],[6.98553,47.29731],[6.98944,47.29834],[6.99044,47.29838],[6.99684,47.29782],[6.9976,47.29801],[7.00137,47.30096],[7.00199,47.30144]],[[7.10035,47.32182],[7.10191,47.32106],[7.10297,47.3207],[7.10403,47.32061],[7.10482,47.32098],[7.10535,47.3217],[7.10574,47.32332],[7.106,47.32386],[7.10679,47.32422],[7.10943,47.32477],[7.11181,47.32504],[7.1134,47.32559],[7.11524,47.3264],[7.11841,47.32731],[7.12238,47.32822],[7.12687,47.32976],[7.12951,47.33022],[7.13189,47.33032],[7.13348,47.3305],[7.13453,47.33077],[7.13506,47.33113],[7.13545,47.33186],[7.13545,47.33329],[7.13477,47.33491],[7.13477,47.33635],[7.13529,47.33707],[7.13582,47.33725],[7.13741,47.33735],[7.13927,47.33708],[7.14085,47.33655],[7.14298,47.33538],[7.14536,47.33458],[7.14616,47.33449],[7.14801,47.33441],[7.14933,47.33459],[7.15065,47.33495],[7.15101,47.33512],[7.15197,47.33559],[7.15421,47.33757],[7.15697,47.341],[7.15736,47.34226],[7.15735,47.34495],[7.15774,47.34604],[7.15892,47.34766],[7.15971,47.34838],[7.1613,47.34937],[7.16315,47.35001],[7.16473,47.35028],[7.16606,47.35037],[7.16764,47.35047],[7.16844,47.35074],[7.16976,47.35137],[7.17081,47.35227],[7.17121,47.35281],[7.17147,47.35353],[7.17132,47.35641],[7.17185,47.35731],[7.17264,47.35803],[7.17316,47.35876],[7.17289,47.35947],[7.1709,47.36091],[7.17024,47.36163],[7.16916,47.36414],[7.16818,47.36574],[7.16791,47.36615]],[[7.16791,47.36615],[7.16623,47.36728],[7.16517,47.36764],[7.16438,47.36773],[7.16279,47.36764],[7.16173,47.36745],[7.16094,47.36718],[7.15962,47.367],[7.1575,47.36636],[7.15697,47.36609],[7.15368,47.36339],[7.15183,47.36212],[7.15077,47.36158],[7.14919,47.36104],[7.14707,47.36094],[7.14257,47.35994],[7.14046,47.35993],[7.13754,47.36029],[7.13648,47.36028],[7.13543,47.3601],[7.13252,47.35928],[7.13014,47.35901],[7.12855,47.35927],[7.12562,47.36088],[7.1243,47.36133],[7.12244,47.36133],[7.12191,47.36123],[7.11933,47.36026],[7.11688,47.35982],[7.11238,47.35907],[7.11189,47.35898],[7.10921,47.35854],[7.10845,47.35841],[7.10737,47.35831],[7.10473,47.35741],[7.10314,47.35713],[7.10154,47.357],[7.09917,47.35739],[7.09811,47.35766],[7.09678,47.35765],[7.09573,47.35747],[7.0944,47.35711],[7.09388,47.35684],[7.09361,47.35648],[7.09362,47.35594],[7.09389,47.35522],[7.0939,47.35378],[7.09377,47.35324],[7.09285,47.35198],[7.09153,47.35107],[7.09048,47.35053],[7.08863,47.34989],[7.08704,47.34953],[7.08519,47.34916],[7.08254,47.34907],[7.08201,47.34915],[7.08016,47.34978],[7.07883,47.35049],[7.07807,47.3509],[7.07704,47.35155],[7.07686,47.35168],[7.07432,47.35347],[7.07396,47.35367],[7.07363,47.35378],[7.07331,47.35383],[7.07301,47.35381],[7.07271,47.35373],[7.07244,47.35357],[7.07218,47.35335],[7.07195,47.35307],[7.07143,47.35207],[7.07124,47.35122],[7.07128,47.35031],[7.07156,47.3493],[7.07156,47.34822],[7.0713,47.3475],[7.07078,47.34678],[7.06973,47.34606],[7.06867,47.3456],[7.06735,47.34533],[7.0655,47.34523],[7.06417,47.34532],[7.06328,47.34541],[7.06178,47.34612],[7.05727,47.34826],[7.05533,47.34867]],[[6.91289,47.21969],[6.9149,47.22035],[6.9191,47.22178],[6.92293,47.22335],[6.92487,47.22439],[6.92599,47.22556]],[[6.69315,47.06835],[6.69444,47.0699],[6.70077,47.07097],[6.70424,47.07462],[6.70663,47.0752],[6.70722,47.07591],[6.70603,47.07742],[6.70837,47.08049],[6.70394,47.082],[6.70363,47.08284],[6.70442,47.08351],[6.70811,47.08438],[6.70946,47.08503]],[[6.85978,47.16664],[6.85752,47.16704],[6.85368,47.16678],[6.85129,47.16634],[6.84923,47.16633],[6.84658,47.16693],[6.84452,47.16786],[6.84255,47.16938],[6.84115,47.17136],[6.84102,47.17257],[6.84182,47.17335],[6.84381,47.17404],[6.84542,47.17477]],[[6.71665,47.08981],[6.72301,47.09077],[6.72678,47.09313],[6.73218,47.09095],[6.73989,47.09183],[6.74424,47.09372],[6.7469,47.09779],[6.74709,47.10043],[6.74498,47.10269]],[[6.68249,47.06402],[6.68369,47.06391],[6.6845,47.06404],[6.68479,47.06437],[6.68501,47.06526],[6.6867,47.06629],[6.68947,47.06734],[6.69315,47.06835]],[[7.0956,47.32136],[7.09609,47.32203],[7.09688,47.32257],[7.09741,47.32266],[7.09899,47.32267],[7.09979,47.32231],[7.10035,47.32182]],[[7.08147,47.31751],[7.08275,47.31758],[7.08434,47.31777],[7.08646,47.31804],[7.08751,47.31823],[7.08917,47.31891]],[[6.85589,47.16306],[6.85986,47.16626],[6.85978,47.16664]],[[6.03028,47.231],[6.03153,47.22919],[6.03208,47.22812],[6.03211,47.22704],[6.03135,47.22577],[6.03136,47.22559],[6.03107,47.22533]],[[6.5835,47.04085],[6.58714,47.04077],[6.58819,47.04096],[6.58909,47.04135]],[[6.4221,46.96457],[6.42237,46.96458],[6.42315,46.96485],[6.42341,46.96522],[6.4247,46.96613],[6.42627,46.96695],[6.4273,46.96768],[6.42861,46.96823],[6.42887,46.96823],[6.42965,46.96851],[6.43095,46.96933],[6.43211,46.9706],[6.43639,46.97388],[6.43884,46.97606],[6.44014,46.97697],[6.44177,46.97752],[6.44226,46.97805],[6.44246,46.97886],[6.44294,46.97934],[6.44387,46.97996],[6.44508,46.9805],[6.44756,46.98126],[6.44886,46.98172],[6.4499,46.98227],[6.45356,46.98347],[6.4546,46.98411],[6.4555,46.9852],[6.45575,46.98592],[6.45678,46.98719],[6.45716,46.98809],[6.45767,46.98882],[6.45819,46.98936],[6.46011,46.99039],[6.46082,46.99129],[6.46109,46.99162],[6.46151,46.99178],[6.46287,46.99196],[6.46423,46.99251],[6.46674,46.9925],[6.46788,46.99282],[6.4702,46.99387],[6.47177,46.9946],[6.47319,46.99588],[6.47396,46.99714],[6.47395,46.99732],[6.47511,46.99895],[6.47614,46.99986],[6.47678,47.00076],[6.47769,47.00149],[6.479,47.00204],[6.4803,47.00295],[6.48081,47.00386],[6.48088,47.00433],[6.48084,47.00482],[6.48071,47.00529],[6.48064,47.00592],[6.4805,47.0061],[6.48048,47.00718],[6.48061,47.00754],[6.48099,47.00809],[6.48242,47.00936],[6.4828,47.0099],[6.48306,47.01008],[6.48436,47.01161],[6.48513,47.01206],[6.48602,47.01218],[6.48708,47.01241],[6.48796,47.01298],[6.48839,47.01364],[6.48838,47.01418],[6.48798,47.01471],[6.48662,47.01544],[6.4843,47.0158],[6.48406,47.01606],[6.48428,47.01643],[6.48537,47.01695],[6.48651,47.01719],[6.48724,47.0172],[6.48795,47.01702],[6.4886,47.01661],[6.48927,47.01589],[6.49007,47.01536],[6.49087,47.0151],[6.49166,47.01501],[6.49218,47.01511],[6.49294,47.01546],[6.49325,47.0161],[6.49356,47.01692],[6.49407,47.01743],[6.49645,47.0191],[6.49723,47.01983],[6.49748,47.02037],[6.49747,47.02091],[6.49741,47.02152],[6.49718,47.02253],[6.49677,47.02342],[6.49517,47.02467],[6.49503,47.02503],[6.495,47.02665],[6.49513,47.02683],[6.49539,47.02701],[6.49592,47.0271],[6.49697,47.02711],[6.49828,47.0273],[6.49959,47.02776],[6.49997,47.02831],[6.49997,47.02867],[6.49969,47.0292],[6.49955,47.02974],[6.49964,47.03017],[6.50003,47.03047],[6.50182,47.03057],[6.50479,47.03123],[6.50663,47.03133],[6.5082,47.03179],[6.5095,47.03261],[6.50976,47.03298],[6.50993,47.03396]],[[6.62178,47.44423],[6.62326,47.4428],[6.62621,47.44103],[6.62851,47.4378],[6.62945,47.43691],[6.63041,47.43494],[6.63056,47.43368],[6.63044,47.43332],[6.62927,47.43169],[6.62744,47.42988],[6.62691,47.42952],[6.62481,47.42869],[6.62136,47.42858],[6.61977,47.42884],[6.61684,47.42954],[6.61178,47.43112],[6.61017,47.43201],[6.60869,47.43343],[6.60762,47.43415],[6.60682,47.43441],[6.60576,47.43458],[6.60496,47.43458],[6.6039,47.43475],[6.6031,47.43501],[6.6023,47.43546],[6.60122,47.43635],[6.60041,47.4376],[6.59957,47.44012]],[[6.76975,47.40309],[6.77094,47.40399],[6.77159,47.4049],[6.77197,47.40634],[6.77196,47.40706],[6.77247,47.40814],[6.77589,47.41068],[6.77852,47.41213],[6.78037,47.41286],[6.78248,47.41332],[6.78407,47.41342],[6.78433,47.41351],[6.78619,47.41353],[6.78857,47.4139],[6.78962,47.41444],[6.79014,47.41517],[6.78999,47.41661],[6.7881,47.41947],[6.78769,47.42055],[6.78768,47.42163],[6.7882,47.42253],[6.79004,47.42371],[6.79215,47.42471],[6.79307,47.42562],[6.79305,47.4267],[6.79251,47.42759],[6.7897,47.42956],[6.7893,47.43009],[6.78929,47.43081],[6.78955,47.43136],[6.79007,47.4319],[6.79139,47.43272],[6.79191,47.43344],[6.79217,47.43416],[6.79214,47.4365],[6.792,47.43704],[6.79106,47.4382],[6.79052,47.43856],[6.78959,47.43918],[6.78878,47.44026],[6.7885,47.44097],[6.78849,47.44187],[6.78901,47.44314],[6.78979,47.44422],[6.79163,47.44567],[6.79215,47.44657],[6.7924,47.44747],[6.79238,47.44891],[6.79225,47.44909],[6.79209,47.45161],[6.7926,47.45269],[6.79353,47.45395],[6.79548,47.45649],[6.79692,47.45757],[6.79798,47.45812]],[[6.07367,47.26599],[6.07234,47.26531],[6.07143,47.26458],[6.07132,47.26404],[6.07134,47.26314],[6.07161,47.26278],[6.07215,47.26243],[6.07664,47.26257],[6.0793,47.26206],[6.08116,47.26137],[6.08277,47.2604],[6.08332,47.25986],[6.08346,47.2595],[6.08349,47.25843],[6.08336,47.25806],[6.08221,47.25643],[6.08106,47.25516],[6.08028,47.2547],[6.07923,47.25433],[6.07791,47.25404],[6.07661,47.25349],[6.07492,47.25221],[6.07325,47.25057],[6.07052,47.24856],[6.06949,47.24764],[6.06834,47.24601],[6.06785,47.24456],[6.06683,47.24311],[6.0645,47.24129],[6.06295,47.23983],[6.06181,47.23819],[6.06143,47.23729],[6.06108,47.23567],[6.06057,47.23494],[6.05762,47.23167]],[[5.96794,47.20103],[5.96181,47.20134],[5.95892,47.2012],[5.95659,47.20086],[5.95465,47.20026],[5.95291,47.19949],[5.95048,47.19822],[5.94853,47.19675],[5.94805,47.19578],[5.94793,47.19442],[5.94817,47.19359],[5.94845,47.19317],[5.94899,47.19274],[5.94951,47.19264],[5.94999,47.19266],[5.95036,47.19285],[5.95061,47.19331],[5.95111,47.19469],[5.95144,47.19531],[5.95199,47.19581],[5.95297,47.19632],[5.95406,47.19673],[5.95531,47.19688],[5.95652,47.19687],[5.95738,47.19659],[5.95785,47.19609],[5.95874,47.1948],[5.96077,47.19336],[5.96281,47.19207],[5.96322,47.19172],[5.96349,47.19136],[5.96352,47.19046],[5.96275,47.18955],[5.96108,47.18809],[5.95691,47.18588],[5.95508,47.18522],[5.95403,47.18503],[5.95271,47.18501]],[[6.26136,47.31229],[6.26032,47.31165],[6.25822,47.31082],[6.25743,47.31063],[6.25295,47.31005],[6.25005,47.30948],[6.2482,47.30928],[6.24451,47.30861],[6.24083,47.30776],[6.23952,47.3073],[6.23926,47.30712],[6.23822,47.30603],[6.23785,47.30512],[6.2376,47.30287]],[[6.75897,47.34813],[6.75906,47.34833],[6.75997,47.34977],[6.76035,47.35086],[6.76039,47.35172],[6.76007,47.3522],[6.75991,47.354],[6.75964,47.35472],[6.75972,47.3576],[6.75959,47.3585],[6.75891,47.35993],[6.75703,47.3619],[6.75701,47.3637],[6.75739,47.36514],[6.75737,47.3664],[6.75682,47.36784],[6.75681,47.36874],[6.7572,47.36964],[6.76008,47.37235],[6.76164,47.3747],[6.76228,47.37615],[6.76306,47.37723],[6.76385,47.37777],[6.7649,47.37823],[6.76596,47.37842],[6.76755,47.37843],[6.76835,47.37825],[6.76914,47.37825],[6.77099,47.3789],[6.77151,47.37926],[6.77255,47.38052],[6.77281,47.38106],[6.77319,47.38233]],[[6.72991,47.47949],[6.72844,47.48074],[6.72764,47.4811],[6.72657,47.48136],[6.72551,47.48126],[6.72472,47.48099],[6.72129,47.47935],[6.71866,47.4778],[6.7159,47.47581],[6.7121,47.47254],[6.70841,47.47009],[6.70736,47.46954],[6.70525,47.46872],[6.70366,47.46835],[6.70207,47.46816],[6.70049,47.46761],[6.69865,47.46661],[6.6951,47.46407],[6.69261,47.46153],[6.69117,47.46045],[6.68906,47.45935],[6.68748,47.45871]],[[5.91572,47.17247],[5.91361,47.17244],[5.91149,47.17269],[5.91043,47.17303],[5.90856,47.17391],[5.9076,47.17459],[5.90693,47.17563],[5.90592,47.17855],[5.90509,47.17962],[5.902,47.18174],[5.89878,47.1834],[5.89488,47.18605]],[[6.03172,47.24194],[6.03029,47.24285],[6.02838,47.24328],[6.02627,47.24334],[6.02495,47.24315],[6.02416,47.24287],[6.02222,47.24149],[6.02105,47.24058],[6.01924,47.23912],[6.0181,47.2373],[6.01784,47.23712],[6.01747,47.23613],[6.01753,47.23397],[6.01795,47.23325],[6.01852,47.23247],[6.0197,47.23174],[6.02024,47.23157],[6.02394,47.23153],[6.02632,47.23129]],[[5.855,47.15563],[5.85505,47.1569],[5.85477,47.15818],[5.85348,47.16048],[5.85102,47.16396],[5.84938,47.16519],[5.8478,47.16587],[5.84538,47.16635],[5.84329,47.16662],[5.84044,47.16725],[5.83812,47.1676],[5.83609,47.16764],[5.8336,47.16738],[5.82877,47.16654],[5.82763,47.16653],[5.82664,47.16664],[5.82521,47.16733]],[[6.80764,47.32594],[6.80568,47.32377],[6.8045,47.32286],[6.80371,47.32259],[6.80292,47.32249],[6.80001,47.32248],[6.79735,47.32291],[6.79524,47.32308],[6.79444,47.32326],[6.79079,47.32396],[6.78383,47.3272],[6.77892,47.32857],[6.77378,47.32813],[6.77058,47.32872]],[[6.36938,46.881],[6.36765,46.88112],[6.3666,46.88147],[6.36554,46.88209],[6.36504,46.88301],[6.36428,46.88559],[6.36452,46.88685],[6.36477,46.88739],[6.36475,46.88867],[6.36459,46.88973],[6.36458,46.89045],[6.36429,46.89171],[6.36401,46.89265],[6.36399,46.89387],[6.36436,46.8951],[6.36384,46.89541],[6.36191,46.89602],[6.36097,46.89682],[6.36002,46.89839],[6.35916,46.90078]],[[6.80139,47.48786],[6.79864,47.48758],[6.79718,47.48733],[6.7915,47.48435],[6.79068,47.4841],[6.78989,47.48387],[6.78828,47.48407],[6.787,47.48432],[6.78538,47.48462],[6.78227,47.48522],[6.77826,47.48625],[6.77693,47.48625],[6.77641,47.48597],[6.77549,47.48507],[6.77379,47.48272]],[[5.79251,47.17465],[5.79133,47.17459],[5.79044,47.17443],[5.78992,47.17424],[5.78913,47.17414],[5.78809,47.17377],[5.78653,47.17276],[5.78602,47.17221],[5.7835,47.16857],[5.78222,47.16712],[5.78094,47.16584],[5.77939,47.16473],[5.77758,47.16372],[5.77471,47.16269],[5.77131,47.16183],[5.76943,47.16115]],[[6.48957,47.37027],[6.48665,47.37009],[6.48373,47.37019],[6.47991,47.37086],[6.46743,47.3741],[6.46435,47.37485],[6.46176,47.37511],[6.45958,47.3749]],[[6.35756,46.90687],[6.3561,46.90766],[6.35609,46.90792],[6.35595,46.90827],[6.35593,46.90917],[6.3558,46.90935],[6.355,46.9098],[6.35395,46.90988],[6.35342,46.91014],[6.35329,46.91032],[6.35326,46.9114],[6.35314,46.91212],[6.35252,46.91261],[6.35123,46.91324],[6.34964,46.91397],[6.34816,46.91523],[6.34689,46.91744],[6.34709,46.91791],[6.34734,46.91845],[6.34733,46.91899],[6.34692,46.91989],[6.3469,46.92078],[6.34703,46.92115],[6.34806,46.92188],[6.34921,46.92369]],[[6.55418,47.44284],[6.55285,47.44301],[6.5502,47.4428],[6.54808,47.44243],[6.54677,47.44206],[6.54491,47.44177],[6.54173,47.44184],[6.53562,47.44251],[6.53429,47.44241],[6.53377,47.44223],[6.53324,47.44186],[6.53285,47.4415],[6.53221,47.44024],[6.53209,47.4397],[6.53213,47.43736]],[[6.41947,47.36598],[6.4197,47.36094],[6.41932,47.36004],[6.4188,47.35968],[6.41722,47.35921],[6.41563,47.35893],[6.41378,47.35873],[6.41035,47.35807],[6.40877,47.35797],[6.4085,47.35787],[6.40559,47.35794],[6.4032,47.35837],[6.4024,47.35863],[6.40187,47.35862],[6.40107,47.3588]],[[5.7019,47.15009],[5.69902,47.14912],[5.69058,47.14769],[5.68907,47.14733],[5.68782,47.14667],[5.68672,47.14586],[5.68511,47.14461],[5.68337,47.14343],[5.68114,47.14232],[5.67817,47.14128]],[[5.76601,47.1541],[5.76248,47.15288],[5.76142,47.15243],[5.7604,47.15213],[5.75826,47.1512],[5.75768,47.1509],[5.75713,47.15058],[5.75642,47.15025],[5.75485,47.14972],[5.75392,47.14951],[5.75313,47.14942],[5.75264,47.14943],[5.75179,47.14952],[5.74985,47.14981],[5.74749,47.1503],[5.7454,47.15091],[5.74317,47.15182],[5.74024,47.15245]],[[6.20546,47.2929],[6.20481,47.29218],[6.20234,47.29035],[6.20182,47.29008],[6.19999,47.28943],[6.19814,47.28905],[6.19577,47.28875],[6.19419,47.28865],[6.19022,47.2886],[6.18916,47.28868],[6.18703,47.28911]],[[6.37047,47.34339],[6.36676,47.34371],[6.36537,47.34386],[6.36387,47.34434],[6.36262,47.34466],[6.36098,47.34482],[6.36,47.34456],[6.35955,47.34406],[6.35889,47.34339],[6.35812,47.34297],[6.35639,47.34219],[6.35482,47.34128],[6.35327,47.33982],[6.35134,47.33711]],[[6.33442,46.84629],[6.3346,46.84769],[6.33585,46.85039],[6.33601,46.85275],[6.33711,46.85402],[6.33841,46.85484]],[[5.83774,47.13722],[5.83806,47.13829],[5.83832,47.1391],[5.83912,47.14046],[5.84027,47.14167],[5.8421,47.14303]],[[6.50115,47.39726],[6.49956,47.39688],[6.49745,47.3966],[6.49666,47.39632],[6.496,47.39596]],[[6.3759,46.94202],[6.37746,46.94267],[6.37902,46.94358],[6.38082,46.9454],[6.3816,46.94594],[6.38342,46.94668],[6.38459,46.94732],[6.38642,46.94824],[6.38732,46.94896],[6.38823,46.94951],[6.3898,46.95007],[6.39318,46.95154],[6.39501,46.952],[6.40024,46.95376],[6.40232,46.95468],[6.40518,46.95624],[6.40805,46.95725],[6.40857,46.95753],[6.41012,46.9588],[6.41166,46.96115],[6.41269,46.96224],[6.4145,46.96343],[6.41607,46.96416],[6.41711,46.9648],[6.41867,46.96535],[6.4192,46.96545],[6.42051,46.96546],[6.4221,46.96457]],[[6.68373,47.45601],[6.6815,47.45511],[6.6758,47.45367],[6.67138,47.45339],[6.66024,47.45313],[6.6568,47.45275],[6.65195,47.45195],[6.64781,47.45096],[6.64503,47.4506],[6.64211,47.45049],[6.6392,47.4502]],[[6.33714,47.34221],[6.33642,47.34242],[6.33598,47.34256],[6.33564,47.34263],[6.33361,47.34297],[6.32964,47.34381],[6.32749,47.34402],[6.32557,47.34396],[6.32335,47.34359],[6.3221,47.34322],[6.3203,47.3423],[6.31864,47.34109],[6.31742,47.33988],[6.31651,47.33843],[6.31583,47.33705],[6.31505,47.33454],[6.31463,47.33362],[6.31404,47.33236],[6.31271,47.33157],[6.31111,47.33104],[6.30934,47.33063],[6.30657,47.33051],[6.30335,47.33074]],[[6.81046,47.45666],[6.81113,47.45576],[6.81156,47.45379],[6.8121,47.45289],[6.81277,47.45235],[6.8149,47.45111],[6.81704,47.44968],[6.81838,47.44888],[6.81944,47.44843],[6.82157,47.44817],[6.82395,47.44855],[6.82501,47.44882],[6.82554,47.44882],[6.82713,47.4491],[6.83109,47.45038],[6.83585,47.45131],[6.83691,47.45176]],[[6.83691,47.45176],[6.83796,47.45249],[6.83848,47.45321],[6.83865,47.45348],[6.8389,47.45417],[6.839,47.45447],[6.83913,47.45501],[6.8391,47.45789],[6.83922,47.45843],[6.84065,47.46114],[6.84104,47.46222],[6.8414,47.46483],[6.84192,47.46645],[6.8419,47.46789],[6.84109,47.46914],[6.84082,47.46932],[6.84002,47.4704],[6.839,47.47306]],[[5.82521,47.16733],[5.82234,47.16794],[5.82082,47.16843],[5.81989,47.16859],[5.81911,47.16866],[5.81788,47.16862],[5.81664,47.16861],[5.8153,47.16866],[5.8142,47.16889],[5.81299,47.16984],[5.80992,47.17192],[5.80857,47.17262],[5.80618,47.1734],[5.80326,47.1738],[5.79982,47.17412],[5.79637,47.1747]],[[6.30335,47.33074],[6.30144,47.33096],[6.30038,47.33095],[6.29906,47.33111],[6.29694,47.33109],[6.29562,47.3309],[6.29326,47.33016],[6.29168,47.32933],[6.28986,47.32814],[6.28921,47.3276],[6.28649,47.32487],[6.2853,47.32397],[6.28398,47.32291],[6.28237,47.32251]],[[6.34875,46.93331],[6.34953,46.93368],[6.34966,46.93386],[6.34965,46.9344],[6.3483,46.936],[6.34842,46.93654],[6.34919,46.93745],[6.34904,46.93817],[6.34837,46.93888],[6.34836,46.9396],[6.34861,46.94032],[6.34899,46.94087],[6.35055,46.94187],[6.35211,46.94243],[6.35341,46.94307],[6.35495,46.94488],[6.35547,46.94525],[6.35703,46.9458],[6.35887,46.94609],[6.35991,46.94646],[6.36017,46.94646],[6.3615,46.94701]],[[6.43717,47.3682],[6.43479,47.36827],[6.43319,47.36844],[6.43107,47.36878],[6.42974,47.36922],[6.4292,47.36957],[6.42866,47.37029],[6.4285,47.37137],[6.42796,47.37226],[6.42715,47.3727],[6.4253,47.37269],[6.42425,47.37241],[6.42241,47.3714],[6.42137,47.37031],[6.42073,47.36923],[6.41947,47.36598]],[[6.28237,47.32251],[6.27796,47.32231],[6.27357,47.32155],[6.26824,47.32096],[6.26622,47.31978],[6.26496,47.31719],[6.26277,47.31429],[6.26278,47.31411],[6.26201,47.31302],[6.26136,47.31229]],[[6.50483,47.38361],[6.50485,47.38271],[6.50422,47.38073],[6.50371,47.37965],[6.50242,47.37766],[6.49981,47.37548],[6.49823,47.37465],[6.49561,47.37301],[6.49168,47.371],[6.48957,47.37027]],[[6.76089,47.47928],[6.7599,47.4794],[6.75751,47.47984],[6.75458,47.48036],[6.74847,47.48113],[6.74582,47.48112],[6.7429,47.48056],[6.74052,47.47982],[6.73763,47.47828],[6.73683,47.478],[6.7363,47.47791]],[[6.40107,47.3588],[6.39789,47.35877],[6.39605,47.35848],[6.39526,47.3582],[6.39421,47.35757],[6.39331,47.35648],[6.39109,47.35484],[6.38951,47.3541],[6.38794,47.35355],[6.38635,47.35318],[6.3845,47.35316],[6.38317,47.35333],[6.38105,47.35367],[6.37892,47.35428]],[[6.3615,46.94701],[6.3624,46.94684],[6.36307,46.94631],[6.36321,46.94559],[6.36259,46.94415],[6.3626,46.94343],[6.36324,46.94175],[6.36523,46.93959],[6.36704,46.93887],[6.36879,46.93878],[6.37293,46.93972],[6.37435,46.94074],[6.37512,46.94147],[6.3759,46.94202]],[[6.8259,47.48625],[6.82564,47.48615],[6.82484,47.48615],[6.81862,47.48513],[6.81745,47.48493],[6.81533,47.4849],[6.81344,47.48488],[6.80989,47.48571],[6.80877,47.48597],[6.80678,47.48644],[6.80514,47.48682],[6.80139,47.48786]],[[6.05762,47.23167],[6.05606,47.23066],[6.05371,47.22955],[6.05214,47.22899],[6.04977,47.22851],[6.04767,47.22795],[6.04636,47.22775],[6.04583,47.22775],[6.04397,47.22808],[6.04184,47.22878],[6.04112,47.22911],[6.04022,47.22967],[6.03925,47.23126],[6.03788,47.2329]],[[6.57682,47.44072],[6.57618,47.4402],[6.57544,47.43994],[6.57412,47.43975],[6.57094,47.43954],[6.56988,47.43954],[6.56723,47.43952],[6.56457,47.43977],[6.56218,47.4402],[6.55646,47.44208]],[[5.8421,47.14303],[5.84363,47.14416],[5.84507,47.14492],[5.84768,47.14595],[5.84954,47.14691],[5.85142,47.14887],[5.85327,47.15163],[5.85443,47.15377],[5.855,47.15563]],[[6.53213,47.43736],[6.53255,47.43574],[6.53417,47.43413],[6.53685,47.43236],[6.5406,47.4305],[6.54353,47.42953],[6.54689,47.42884],[6.54808,47.42859],[6.54908,47.4283],[6.54969,47.42813]],[[6.6392,47.4502],[6.63655,47.45],[6.63257,47.44998],[6.62912,47.44995],[6.62542,47.4493],[6.62436,47.44893],[6.62331,47.44838],[6.622,47.44747],[6.62135,47.44675],[6.62109,47.44603],[6.62124,47.44495],[6.62178,47.44423]],[[6.77379,47.48272],[6.77302,47.48074],[6.77211,47.47929],[6.77212,47.47893],[6.77173,47.47803],[6.77121,47.47731],[6.77082,47.47623],[6.77043,47.47568],[6.76964,47.47523],[6.76858,47.47522],[6.76805,47.47531],[6.76685,47.47575],[6.76661,47.47602],[6.76572,47.47676],[6.76417,47.47749],[6.76214,47.47864]],[[5.67046,47.13935],[5.66862,47.13933],[5.66611,47.13942],[5.66331,47.14005],[5.66102,47.1414],[5.66023,47.14234],[5.66011,47.14311],[5.6604,47.14357],[5.66164,47.1439],[5.66219,47.1449],[5.66192,47.14556],[5.66101,47.14614],[5.65889,47.14637]],[[6.83739,47.47992],[6.83737,47.48154],[6.83789,47.48226],[6.83855,47.48299],[6.83859,47.48383],[6.83733,47.48487],[6.83546,47.48567],[6.83436,47.48602],[6.83224,47.48626],[6.83068,47.48627],[6.8259,47.48625]],[[6.35134,47.33711],[6.35029,47.33638],[6.34977,47.33619],[6.34924,47.33619],[6.34817,47.33654],[6.34777,47.33689],[6.34763,47.33725],[6.34668,47.3385],[6.34641,47.33868],[6.3464,47.33886],[6.34586,47.33939],[6.34385,47.34082],[6.34172,47.34151],[6.34012,47.34186],[6.3388,47.34194],[6.33714,47.34221]],[[6.45958,47.3749],[6.4585,47.37449],[6.45759,47.37405],[6.45628,47.37313],[6.45563,47.37259],[6.45497,47.37159],[6.4546,47.37096],[6.45422,47.36988],[6.45386,47.3679],[6.45297,47.36591],[6.45207,47.36464],[6.45154,47.36428]],[[6.45154,47.36428],[6.45023,47.36382],[6.44891,47.36372],[6.44678,47.36433],[6.44223,47.3669],[6.43956,47.36786],[6.43717,47.3682]],[[6.34921,46.92369],[6.34983,46.92549],[6.34981,46.92639],[6.34913,46.92746],[6.34899,46.92782],[6.34897,46.92872],[6.34843,46.9298],[6.34709,46.93104],[6.34668,46.93158],[6.34666,46.93248],[6.34718,46.93302],[6.3477,46.93321],[6.34875,46.93331]],[[6.79798,47.45812],[6.80167,47.45949],[6.80273,47.45967],[6.80459,47.45968],[6.80618,47.45951],[6.80751,47.45925],[6.80831,47.45899],[6.80885,47.45863],[6.80979,47.45719],[6.81046,47.45666]],[[6.21647,47.30283],[6.21513,47.30353],[6.21274,47.30423],[6.21035,47.30447],[6.2093,47.30419],[6.20852,47.30364],[6.208,47.30292],[6.20751,47.30129],[6.2074,47.30039]],[[5.89297,47.17442],[5.89539,47.17283],[5.8978,47.1716],[5.90127,47.17039],[5.90288,47.16933],[5.90337,47.16884]],[[6.2074,47.30039],[6.20606,47.29543],[6.20596,47.29417],[6.20546,47.2929]],[[5.76943,47.16115],[5.76882,47.16011],[5.76808,47.15817],[5.76719,47.15538],[5.76697,47.15478],[5.76601,47.1541]],[[6.18703,47.28911],[6.1809,47.29111],[6.17708,47.29071]],[[6.77367,47.39694],[6.7734,47.39735],[6.7722,47.3986],[6.77005,47.40039],[6.76938,47.40129],[6.76936,47.40254],[6.76975,47.40309]],[[5.71194,47.15149],[5.70951,47.15138],[5.70662,47.15097],[5.70504,47.15086],[5.7019,47.15009]],[[6.839,47.47306],[6.83851,47.47435],[6.83836,47.47561],[6.83823,47.47579],[6.83821,47.47777],[6.83739,47.47992]],[[5.95271,47.18501],[5.95139,47.18518],[5.95033,47.18516],[5.94929,47.18488],[5.94851,47.18442],[5.94762,47.18315],[5.9469,47.1821]],[[6.77367,47.38674],[6.7738,47.38692],[6.77379,47.38746],[6.77494,47.39106],[6.77493,47.39166]],[[6.81242,47.32389],[6.81229,47.32425],[6.81162,47.32515],[6.81081,47.32586],[6.80975,47.32649],[6.80843,47.32639],[6.80764,47.32594]],[[6.7363,47.47791],[6.73418,47.4779],[6.73285,47.47816],[6.73125,47.47869],[6.72991,47.47949]],[[6.77319,47.38233],[6.77334,47.3834],[6.7737,47.3844],[6.77367,47.38674]],[[6.35916,46.90078],[6.35933,46.90232],[6.35994,46.9045],[6.36021,46.90495]],[[6.68748,47.45871],[6.68373,47.45601]],[[6.50269,47.38696],[6.50373,47.38576],[6.50428,47.38487],[6.50483,47.38361]],[[6.81233,47.32083],[6.81242,47.32389]],[[6.50512,47.39865],[6.50352,47.39809],[6.50115,47.39726]],[[6.36021,46.90495],[6.36014,46.9053],[6.35987,46.90566],[6.35756,46.90687]],[[6.02632,47.23129],[6.02872,47.23111],[6.03028,47.231]],[[5.79637,47.1747],[5.79532,47.17468],[5.79505,47.17477],[5.79251,47.17465]],[[5.83828,47.13547],[5.83777,47.13632],[5.83774,47.13722]],[[6.37892,47.35428],[6.37747,47.35458]],[[6.33841,46.85484],[6.33866,46.85521],[6.33875,46.85581]],[[5.91689,47.17237],[5.91572,47.17247]],[[5.96899,47.20101],[5.96794,47.20103]],[[6.50993,47.03396],[6.51,47.03442],[6.51052,47.03478],[6.51131,47.03497],[6.51235,47.03543],[6.51366,47.03562],[6.51445,47.03553],[6.51552,47.03482],[6.51632,47.03411],[6.51726,47.03286],[6.51781,47.03178],[6.51835,47.03107],[6.51955,47.03],[6.52009,47.0291],[6.52062,47.02874],[6.52142,47.02848],[6.52247,47.02849],[6.52404,47.02895],[6.52614,47.02915],[6.52745,47.02943],[6.52955,47.03016],[6.53111,47.0309],[6.53452,47.032],[6.53609,47.03202],[6.53822,47.03104],[6.54033,47.03034],[6.54112,47.03035],[6.54191,47.03062],[6.54217,47.03062],[6.54295,47.03099],[6.5466,47.03354],[6.54764,47.03409],[6.54843,47.03427],[6.54948,47.03428],[6.55053,47.03411],[6.55477,47.03279],[6.55609,47.03262],[6.55687,47.03263],[6.55792,47.03282],[6.55897,47.03318],[6.5621,47.03483],[6.56341,47.0352],[6.56525,47.03557],[6.56683,47.03567],[6.56762,47.03568],[6.56946,47.03569],[6.57111,47.03586],[6.57419,47.03591],[6.57524,47.03628],[6.57611,47.03717],[6.57661,47.03832],[6.57709,47.03907],[6.57765,47.03958],[6.57847,47.03999],[6.57873,47.04017],[6.58082,47.04091],[6.5835,47.04085]],[[5.85066,47.13305],[5.84969,47.13301]],[[6.03788,47.2329],[6.03658,47.23588],[6.03579,47.23788],[6.03395,47.24007],[6.03373,47.24031],[6.03226,47.2416],[6.03172,47.24194]],[[6.2376,47.30287],[6.23741,47.30098],[6.23703,47.30026],[6.23692,47.29991],[6.23663,47.29924],[6.2364,47.29872],[6.23589,47.298],[6.23511,47.29745],[6.23353,47.29689],[6.23301,47.2968],[6.23169,47.29678],[6.23009,47.29703],[6.22529,47.29869],[6.22264,47.29921],[6.22157,47.29955],[6.22077,47.29991],[6.21647,47.30283]],[[6.75825,47.33991],[6.76085,47.34249],[6.76137,47.34322],[6.76148,47.34345],[6.7615,47.34377],[6.76139,47.34402],[6.76111,47.34437],[6.75881,47.34707],[6.7588,47.34779],[6.75897,47.34813]],[[6.71484,47.08859],[6.71665,47.08981]],[[5.57894,47.13498],[5.57753,47.13448],[5.57594,47.1334],[5.5672,47.12875],[5.56488,47.12685]],[[5.60444,47.14088],[5.60061,47.13977],[5.59626,47.13759]],[[5.49136,47.08802],[5.48854,47.08653],[5.48402,47.08354]],[[5.44082,47.00447],[5.44021,47.00419],[5.43881,47.00387],[5.43664,47.00379],[5.43113,47.00417],[5.42963,47.00443],[5.42763,47.00516],[5.42662,47.00582],[5.42468,47.00772],[5.42277,47.01115],[5.42104,47.01308],[5.41894,47.01435],[5.41699,47.01459],[5.40958,47.0146],[5.40659,47.01436],[5.40318,47.01388],[5.40143,47.01316],[5.3996,47.01109],[5.3983,47.00905],[5.39797,47.00653],[5.39704,47.00423],[5.39555,47.00334],[5.3946,47.00303],[5.3915,47.00289],[5.38681,47.00376]],[[5.48503,47.07613],[5.48341,47.07429],[5.48237,47.07358],[5.47282,47.07007],[5.47068,47.06856],[5.46989,47.06732],[5.46971,47.06656],[5.46997,47.06533],[5.47096,47.06427],[5.47626,47.06021],[5.47756,47.05882],[5.47763,47.05671],[5.47705,47.05578],[5.47569,47.05505],[5.46796,47.05692],[5.46631,47.05688],[5.46457,47.0563],[5.46224,47.05487],[5.45265,47.05072],[5.44996,47.04933],[5.44822,47.04814],[5.4482,47.04749],[5.44936,47.0462],[5.45225,47.04497],[5.45343,47.04377],[5.45464,47.03973],[5.45468,47.03811],[5.45415,47.03686],[5.45279,47.03505],[5.44556,47.02845],[5.44461,47.02672],[5.44484,47.02509],[5.446,47.02357],[5.44776,47.022],[5.44802,47.02091]],[[5.48402,47.08354],[5.48277,47.08029],[5.48325,47.07947],[5.48491,47.07857],[5.48523,47.0774],[5.48503,47.07613]],[[5.56379,47.12423],[5.56179,47.12196],[5.55789,47.11842],[5.5524,47.11384],[5.55034,47.11129],[5.54987,47.11013],[5.54976,47.10824],[5.55028,47.10256],[5.55016,47.10058]],[[5.49806,47.09036],[5.49584,47.08977],[5.49136,47.08802]],[[5.56379,47.12423],[5.56406,47.12555]],[[5.44802,47.02091],[5.44774,47.01943],[5.44856,47.01423]],[[5.50987,47.08711],[5.5047,47.08887],[5.49879,47.09034],[5.49806,47.09036]],[[5.56488,47.12685],[5.56406,47.12555]],[[5.59588,47.13689],[5.59626,47.13759]],[[5.59588,47.13689],[5.59414,47.13433],[5.59246,47.13266],[5.58725,47.12948],[5.58608,47.12974],[5.58374,47.13133],[5.57946,47.13488],[5.57894,47.13498]],[[5.65889,47.14637],[5.65775,47.14647],[5.6565,47.14688],[5.65547,47.14703],[5.65411,47.1472],[5.65332,47.14728],[5.64865,47.14715],[5.64493,47.14663],[5.63594,47.14476],[5.63487,47.14425],[5.6342,47.14356],[5.63406,47.14268],[5.63415,47.14116],[5.63368,47.13892],[5.63312,47.1383],[5.63211,47.13811],[5.61451,47.13825],[5.61098,47.1388],[5.60679,47.14041],[5.60444,47.14088]],[[5.38419,46.95874],[5.38426,46.95761],[5.38389,46.95686],[5.38017,46.9538],[5.37858,46.95305]],[[5.37608,46.97285],[5.3797,46.96715],[5.38257,46.96294],[5.38377,46.96046],[5.38419,46.95874]],[[5.89488,47.18605],[5.89461,47.18614],[5.89382,47.18613],[5.89277,47.18575],[5.89187,47.18502],[5.89136,47.18429],[5.8909,47.1822],[5.89077,47.17988],[5.89104,47.1775],[5.89184,47.17581],[5.89297,47.17442]],[[5.53458,47.09424],[5.53284,47.09327],[5.53088,47.09105],[5.52995,47.08841],[5.53009,47.08682],[5.53086,47.08536],[5.53077,47.08496],[5.52973,47.08446],[5.52894,47.08426],[5.52519,47.08318],[5.52046,47.08134],[5.51874,47.08119],[5.51739,47.08164],[5.51515,47.08395],[5.50987,47.08711]],[[5.44856,47.01423],[5.44839,47.01244],[5.44695,47.00914],[5.44525,47.00716],[5.44348,47.00594],[5.44233,47.00515],[5.44082,47.00447]],[[5.38681,47.00376],[5.38448,47.00433],[5.37941,47.00442],[5.37868,47.00426],[5.37599,47.00096],[5.37552,46.99911],[5.37565,46.99575],[5.37655,46.99329],[5.37995,46.98829],[5.38071,46.98661],[5.38022,46.985],[5.37564,46.9788]],[[6.59957,47.44012],[6.5994,47.44245],[6.59855,47.44569],[6.59871,47.44851],[6.59855,47.45165],[6.59811,47.45369],[6.59741,47.4551],[6.59661,47.45619],[6.59567,47.45695],[6.59368,47.45793],[6.59179,47.4583],[6.58987,47.45822],[6.58832,47.45782],[6.58708,47.45728],[6.58605,47.45657],[6.58382,47.45493],[6.58238,47.45348],[6.58107,47.45239],[6.57859,47.45013],[6.57807,47.44958],[6.57755,47.44868],[6.57692,47.44706],[6.57667,47.44561],[6.57673,47.44238],[6.5766,47.4422],[6.57661,47.4413],[6.57682,47.44072]],[[6.55646,47.44208],[6.55418,47.44284]],[[6.08364,47.27145],[6.08272,47.27135],[6.08105,47.27108],[6.07974,47.27044],[6.07896,47.26989],[6.07729,47.26825],[6.07521,47.26678],[6.07367,47.26599]],[[5.55016,47.10058],[5.54988,47.10027],[5.54196,47.09806],[5.53582,47.09492],[5.53458,47.09424]],[[5.44802,47.02091],[5.44666,47.02106],[5.44551,47.02087],[5.44411,47.02113],[5.44398,47.02166],[5.44169,47.02218],[5.43972,47.02164],[5.437,47.01701],[5.43851,47.01464],[5.43919,47.0116],[5.44005,47.01073],[5.4403,47.0095],[5.441,47.00655],[5.44082,47.00447]],[[5.37858,46.95305],[5.37801,46.95278],[5.37664,46.95283]],[[5.37564,46.9788],[5.37544,46.97835],[5.3751,46.97748],[5.37468,46.97604],[5.37454,46.97518],[5.37608,46.97285]]]}},{"type":"Feature","properties":{"name":"Inn","aliases":["En"],"category":"river","source":"swissTLMRegio 2025"},"geometry":{"type":"MultiLineString","coordinates":[[[10.56642,47.14606],[10.56728,47.14666],[10.56816,47.14716],[10.56885,47.14747],[10.57088,47.14806],[10.57727,47.15003],[10.57969,47.15089],[10.58109,47.15157],[10.58169,47.152],[10.58213,47.15245],[10.58231,47.15291],[10.58229,47.15334],[10.58214,47.15391],[10.58112,47.15453],[10.58001,47.15499],[10.57873,47.15517],[10.57848,47.15517],[10.57733,47.15521],[10.57547,47.15533],[10.57423,47.15543],[10.57344,47.15572],[10.5732,47.15605],[10.57333,47.15645],[10.57401,47.15709],[10.57489,47.1574],[10.57599,47.15799],[10.57717,47.15865],[10.57849,47.15946],[10.58078,47.16082]],[[10.53558,46.96698],[10.53764,46.96686],[10.53862,46.96688],[10.53906,46.96694],[10.53945,46.96705],[10.53978,46.9672],[10.54009,46.96742],[10.54034,46.96798],[10.54045,46.96866],[10.54042,46.96947],[10.54027,46.97033],[10.54029,46.97094],[10.5405,46.97147],[10.54067,46.97166],[10.54089,46.9718],[10.54165,46.97204],[10.54318,46.97242],[10.54457,46.97265]],[[10.63517,47.04356],[10.63688,47.04447],[10.6402,47.04649]],[[10.6198,47.02616],[10.62036,47.02653],[10.62085,47.02691],[10.62131,47.02736],[10.62169,47.02781],[10.62201,47.02831],[10.62226,47.02879],[10.62259,47.02986],[10.62278,47.03021],[10.62306,47.03056],[10.62343,47.03091],[10.62396,47.03133],[10.62461,47.03175],[10.62536,47.03216],[10.62613,47.03251],[10.62673,47.03297],[10.62725,47.03348],[10.62769,47.03403],[10.62803,47.0346],[10.62835,47.03543],[10.6286,47.03686],[10.6289,47.03778],[10.62937,47.03888],[10.62996,47.04004],[10.63094,47.04105],[10.6319,47.0418],[10.6332,47.04258],[10.63517,47.04356]],[[10.67389,47.2046],[10.67512,47.20453],[10.67646,47.20435],[10.67774,47.20407],[10.67927,47.20379],[10.68065,47.20372]],[[10.60689,47.11853],[10.6055,47.12005],[10.60464,47.12091],[10.60344,47.12199],[10.60234,47.12259],[10.6011,47.12301],[10.60012,47.12337],[10.59964,47.12355],[10.59841,47.12406],[10.59726,47.12448],[10.59557,47.12467],[10.59361,47.12491],[10.59141,47.12515],[10.5894,47.12526],[10.5871,47.12535],[10.5854,47.12537],[10.58414,47.12553],[10.58272,47.12586],[10.58184,47.12633],[10.58107,47.12673],[10.58047,47.12731],[10.58034,47.12745],[10.57988,47.12805],[10.57953,47.12848],[10.57893,47.12882],[10.57782,47.12927],[10.57631,47.1297],[10.57543,47.13023],[10.57482,47.13102],[10.57386,47.13176],[10.57255,47.13242],[10.57124,47.1332],[10.56983,47.13434],[10.56883,47.13526],[10.56808,47.13642],[10.5675,47.13755],[10.56642,47.13969],[10.566,47.14055],[10.56569,47.1416],[10.56538,47.14265],[10.56541,47.14379],[10.56553,47.14472],[10.56575,47.14533],[10.56642,47.14606]],[[10.63463,47.11498],[10.63439,47.11506],[10.63396,47.11513],[10.63266,47.11525],[10.63038,47.11535],[10.6277,47.11539],[10.6256,47.11551],[10.62282,47.11573],[10.62145,47.11599],[10.61945,47.11647],[10.6169,47.11715],[10.61622,47.1174],[10.61552,47.11758],[10.61487,47.11768],[10.61342,47.11783]],[[10.66537,47.08826],[10.66562,47.0901],[10.66585,47.09137],[10.66609,47.09277],[10.66649,47.09398],[10.66667,47.09493],[10.66671,47.09563],[10.6665,47.09653],[10.66608,47.09727],[10.66555,47.09802],[10.66514,47.09872],[10.66496,47.09924],[10.66479,47.09993],[10.66473,47.10088],[10.66463,47.10186],[10.66438,47.10309],[10.66397,47.10397],[10.66346,47.10488],[10.66272,47.10573],[10.66205,47.10665],[10.66055,47.10845],[10.66013,47.10918],[10.65985,47.10995],[10.6595,47.11072],[10.65913,47.11123],[10.65852,47.11164],[10.65758,47.11212],[10.65656,47.11275],[10.65578,47.11335],[10.65511,47.11383],[10.65464,47.11417],[10.65389,47.11446],[10.65277,47.1145],[10.65093,47.11441],[10.64926,47.11447],[10.64807,47.11445],[10.64643,47.11441],[10.64524,47.11444],[10.64382,47.1145],[10.63997,47.11493],[10.63827,47.11511],[10.6377,47.11509],[10.63728,47.11499],[10.63635,47.11459],[10.63597,47.1145],[10.63568,47.11452],[10.63463,47.11498]],[[10.65862,47.06257],[10.65946,47.06563]],[[10.59915,47.01264],[10.59904,47.0129],[10.599,47.01319],[10.59913,47.01389],[10.59952,47.01468],[10.60012,47.01546]],[[10.60012,47.01546],[10.60157,47.01684],[10.60211,47.01722],[10.60373,47.01828],[10.60431,47.01866],[10.60478,47.01909],[10.60517,47.01955],[10.60562,47.02002],[10.60608,47.02037],[10.60694,47.02076],[10.60901,47.02177],[10.61042,47.02257],[10.6112,47.02293],[10.6121,47.02317],[10.61559,47.02403]],[[10.50907,46.95023],[10.50999,46.9512],[10.5116,46.95218],[10.51397,46.95371],[10.51538,46.95467],[10.51633,46.95604]],[[10.58078,47.16082],[10.58434,47.16209],[10.58874,47.16358],[10.58979,47.16398],[10.59064,47.16438],[10.59146,47.16484],[10.59214,47.16534],[10.5927,47.1659],[10.59315,47.16652],[10.59331,47.16679],[10.59437,47.16825],[10.59484,47.16874],[10.59535,47.16914],[10.59596,47.16951],[10.59665,47.16981],[10.59742,47.17004],[10.60054,47.17064],[10.60271,47.17114],[10.60453,47.17167],[10.611,47.17404],[10.61184,47.17443],[10.61226,47.17472],[10.61271,47.17514],[10.61313,47.17563],[10.61352,47.1762],[10.61416,47.17745],[10.61466,47.17896],[10.61565,47.18049]],[[10.61565,47.18049],[10.61721,47.18242],[10.6192,47.1837],[10.62228,47.18431],[10.62492,47.18469],[10.62828,47.18556],[10.63103,47.18623],[10.63439,47.18703]],[[10.63439,47.18703],[10.63989,47.1869],[10.64114,47.18715],[10.64253,47.18758],[10.64453,47.18856],[10.6459,47.1895]],[[10.65459,47.19963],[10.65812,47.20094],[10.66306,47.20291],[10.66427,47.20331],[10.66564,47.2037],[10.66777,47.20417],[10.66987,47.20448],[10.67191,47.20462],[10.67389,47.2046]],[[10.56865,46.98607],[10.57041,46.98668],[10.57198,46.98736],[10.57331,46.98809],[10.57437,46.98886],[10.57522,46.98975],[10.57598,46.99063],[10.57656,46.99141],[10.57755,46.99309],[10.57818,46.99392],[10.579,46.99476],[10.57987,46.99538],[10.58142,46.99623],[10.5832,46.99709],[10.58486,46.99777],[10.58709,46.99846],[10.58959,46.99943],[10.59097,47.00013],[10.592,47.00081],[10.59292,47.00171],[10.59403,47.00252],[10.59525,47.00331],[10.59678,47.00426],[10.59806,47.00523],[10.59943,47.00646],[10.59994,47.0072],[10.60035,47.00811],[10.6006,47.00897],[10.60064,47.00976],[10.60046,47.01051],[10.6001,47.01121],[10.59915,47.01264]],[[10.6402,47.04649],[10.64058,47.04675],[10.64098,47.04709],[10.64181,47.048],[10.64267,47.04925],[10.64345,47.0506],[10.64364,47.05115],[10.64369,47.05165],[10.64366,47.05217],[10.64353,47.05295],[10.64359,47.05318],[10.64376,47.05342],[10.64402,47.05366],[10.64457,47.054],[10.64571,47.05447],[10.64635,47.05484],[10.64705,47.05534],[10.64816,47.05622],[10.64977,47.05712],[10.6536,47.05933],[10.65494,47.05988],[10.65613,47.06026],[10.65726,47.06088],[10.65796,47.06136],[10.65826,47.06173],[10.65862,47.06257]],[[10.65946,47.06563],[10.65977,47.06658],[10.66027,47.06751],[10.66093,47.06838],[10.6617,47.06912],[10.6628,47.06987],[10.66362,47.07052],[10.66407,47.07095],[10.66434,47.07131],[10.66445,47.0718],[10.66443,47.07237],[10.66428,47.07296],[10.66401,47.07355],[10.66306,47.07642],[10.66246,47.07832],[10.66217,47.07941],[10.66208,47.07989],[10.66193,47.08123],[10.66196,47.08183],[10.66206,47.0824],[10.66223,47.08294],[10.66247,47.08346],[10.66279,47.08396],[10.66378,47.08523],[10.66458,47.08643],[10.66509,47.08742],[10.66537,47.08826]],[[10.48893,46.93527],[10.49197,46.93632],[10.49248,46.93722],[10.49318,46.93792]],[[10.31307,46.79845],[10.31333,46.79862],[10.31374,46.79877],[10.3143,46.79889],[10.31565,46.79909],[10.31644,46.79924],[10.31734,46.79946],[10.31827,46.79975]],[[10.68065,47.20372],[10.68183,47.20379],[10.68294,47.20391],[10.68397,47.20408],[10.68495,47.20431],[10.68589,47.20459],[10.68679,47.20493],[10.68765,47.20533],[10.68849,47.2058],[10.69172,47.20766],[10.69381,47.20856],[10.69491,47.20894],[10.69729,47.20975],[10.69788,47.20999],[10.6994,47.21063],[10.70102,47.21148],[10.70229,47.21244],[10.70449,47.2143],[10.70534,47.21493],[10.70597,47.21532],[10.70661,47.21565],[10.70729,47.21593],[10.70805,47.21618],[10.70898,47.21642],[10.7112,47.21682],[10.71276,47.21694],[10.71533,47.21698],[10.71902,47.21685],[10.72388,47.21671],[10.72614,47.21676],[10.73032,47.21729],[10.73281,47.21741],[10.73718,47.21738],[10.73961,47.21732],[10.74036,47.21727],[10.74157,47.21724],[10.74285,47.21715],[10.74599,47.21675],[10.74687,47.21668],[10.74808,47.21666],[10.74912,47.21676],[10.75453,47.21836],[10.75709,47.21917]],[[10.61559,47.02403],[10.61723,47.02472],[10.6198,47.02616]],[[10.6459,47.1895],[10.64709,47.19069],[10.64827,47.19215],[10.64924,47.19361],[10.64997,47.19504],[10.65018,47.19567],[10.65053,47.19638],[10.65086,47.19692],[10.65129,47.19746],[10.65195,47.19814],[10.65275,47.19875],[10.6536,47.19923],[10.65459,47.19963]],[[10.79112,47.21249],[10.79319,47.21231],[10.79594,47.21213],[10.79765,47.21217],[10.79941,47.21236],[10.80096,47.21267],[10.80206,47.21302],[10.80286,47.21322],[10.80375,47.21338],[10.80446,47.21346]],[[10.80446,47.21346],[10.80547,47.21337],[10.80723,47.21298],[10.8077,47.21296],[10.80822,47.21301],[10.80911,47.21321],[10.81005,47.21355],[10.81104,47.21402],[10.81264,47.21493],[10.81514,47.21625],[10.81684,47.21709],[10.81796,47.21757]],[[10.78135,47.21501],[10.78297,47.2145],[10.78564,47.21374],[10.7873,47.21323],[10.78857,47.21289],[10.78979,47.21266],[10.79112,47.21249]],[[10.81796,47.21757],[10.81858,47.21794],[10.81874,47.21817],[10.8189,47.21879],[10.81914,47.22046],[10.81933,47.22096],[10.81978,47.22156],[10.82046,47.22211],[10.82091,47.22236],[10.82136,47.22267],[10.82198,47.22325],[10.82225,47.22362],[10.82244,47.224],[10.82255,47.22439],[10.82258,47.22479],[10.82246,47.22622],[10.82253,47.22737],[10.82264,47.22779],[10.82279,47.22811],[10.82299,47.22832],[10.82329,47.22846],[10.82386,47.22859],[10.82439,47.22863],[10.82478,47.22859],[10.82513,47.22849],[10.82543,47.22832],[10.82568,47.22807],[10.82611,47.22782],[10.82704,47.22744],[10.82759,47.2273],[10.82815,47.22722],[10.8287,47.22719],[10.82924,47.22721],[10.83197,47.22788],[10.8343,47.22853],[10.83597,47.2291],[10.83722,47.22968],[10.8376,47.22994],[10.83776,47.23014],[10.83785,47.23035],[10.83786,47.23057],[10.83775,47.23111],[10.83782,47.2314],[10.83797,47.23174],[10.83859,47.23255],[10.83963,47.23352]],[[10.75709,47.21917],[10.75839,47.21949],[10.76007,47.21983],[10.76114,47.22018],[10.76289,47.22097],[10.76325,47.22106],[10.76372,47.22111],[10.76425,47.22112],[10.76518,47.221],[10.76615,47.22073],[10.76771,47.22014],[10.77042,47.21901],[10.77192,47.21849],[10.77345,47.21809],[10.77463,47.21784],[10.77597,47.21739],[10.78017,47.2155],[10.78135,47.21501]],[[10.61342,47.11783],[10.61219,47.11789],[10.60986,47.11788],[10.60896,47.11794],[10.6082,47.11806],[10.60754,47.11824],[10.60689,47.11853]],[[10.54457,46.97265],[10.54718,46.97333],[10.5483,46.97382],[10.54972,46.97471],[10.5511,46.97596],[10.55203,46.97671],[10.55304,46.97721],[10.55403,46.97744],[10.55525,46.9776]],[[10.55525,46.9776],[10.55865,46.97865],[10.56084,46.97976],[10.56193,46.98095],[10.56377,46.98419],[10.56484,46.98506],[10.56628,46.98561],[10.56865,46.98607]],[[10.51633,46.95604],[10.51644,46.95695],[10.51665,46.9577],[10.51696,46.95833],[10.51737,46.95885],[10.5179,46.95926],[10.51855,46.95956],[10.51931,46.95974],[10.52018,46.95982]],[[10.52018,46.95982],[10.52089,46.95977],[10.52145,46.95968],[10.52286,46.9592],[10.52317,46.95914],[10.52386,46.95907],[10.52446,46.95908],[10.52506,46.95922],[10.5253,46.95934],[10.52549,46.95949],[10.52572,46.95988],[10.52578,46.96041],[10.52584,46.96189],[10.52594,46.96286],[10.52605,46.96317],[10.52621,46.96344],[10.52647,46.96371],[10.52684,46.964],[10.52806,46.96473],[10.53024,46.96565],[10.53234,46.96637],[10.53327,46.96663],[10.53412,46.96682],[10.53489,46.96694],[10.53558,46.96698]],[[10.49318,46.93792],[10.49564,46.9399],[10.49775,46.94131],[10.50099,46.94281],[10.5028,46.94396],[10.50501,46.94546]],[[10.50501,46.94546],[10.50661,46.94625],[10.50774,46.94688],[10.50817,46.94741],[10.5085,46.94885],[10.50859,46.94948],[10.50907,46.95023]],[[10.97232,47.28359],[10.9762,47.28531],[10.97999,47.28634],[10.98418,47.28692],[10.98847,47.28747],[10.99029,47.28786]],[[11.05982,47.29937],[11.06189,47.29962],[11.06371,47.30016],[11.0662,47.30093],[11.06809,47.30149],[11.0706,47.30207],[11.07423,47.30264]],[[10.83963,47.23352],[10.84133,47.23515],[10.8419,47.23559],[10.84245,47.23592],[10.84306,47.23618],[10.84371,47.23635],[10.84442,47.23642],[10.84596,47.23641],[10.84707,47.23656],[10.84765,47.23671],[10.8482,47.23692],[10.84868,47.23717],[10.84979,47.23791],[10.8512,47.23868],[10.85258,47.23935],[10.8542,47.24005],[10.85662,47.24137],[10.85766,47.24203],[10.85843,47.2426],[10.85892,47.24308],[10.85925,47.24367],[10.85936,47.24418],[10.85928,47.24478],[10.85902,47.24541],[10.85876,47.24585],[10.85862,47.24629],[10.85858,47.24675],[10.85869,47.2472],[10.85893,47.24758],[10.85932,47.24792],[10.85981,47.2482],[10.8616,47.2488],[10.86208,47.24901],[10.8625,47.24924],[10.86282,47.2495],[10.86302,47.24975],[10.86309,47.25001],[10.8629,47.25084],[10.86293,47.25115],[10.86304,47.25144],[10.86323,47.25172],[10.86351,47.25197],[10.86386,47.25218],[10.86532,47.25274],[10.86666,47.25345],[10.86792,47.2543],[10.87035,47.25634],[10.87163,47.25735],[10.8728,47.2582],[10.87399,47.25899],[10.87496,47.25956],[10.87588,47.26004],[10.87673,47.26041],[10.87765,47.26071],[10.87864,47.26094],[10.88042,47.26124],[10.88233,47.26145],[10.88432,47.26155],[10.88741,47.26156],[10.88912,47.26166],[10.89025,47.26181],[10.8913,47.26201],[10.89229,47.26227],[10.89319,47.26257],[10.89482,47.26358],[10.89638,47.2648],[10.89695,47.26513],[10.89758,47.26543],[10.89835,47.26569],[10.89915,47.26586],[10.89992,47.26592],[10.90072,47.26587],[10.90153,47.26573],[10.90236,47.26563],[10.90381,47.26559],[10.90455,47.26564],[10.90529,47.26574],[10.90594,47.26589],[10.90658,47.2661],[10.90851,47.26704],[10.90957,47.26747],[10.91061,47.26785],[10.91235,47.26834],[10.91318,47.26851],[10.91616,47.26889],[10.918,47.26924],[10.91876,47.26944],[10.91941,47.26968],[10.91989,47.26992],[10.92025,47.27019],[10.92068,47.27076],[10.92122,47.27132],[10.9218,47.27182],[10.92243,47.27225],[10.92307,47.2726],[10.92374,47.27287],[10.92443,47.27307],[10.92514,47.27319],[10.92662,47.27335],[10.92934,47.27355],[10.93128,47.27356],[10.93201,47.27351],[10.93335,47.2733],[10.9344,47.27319],[10.93538,47.27313],[10.93625,47.27314],[10.93695,47.27319],[10.93755,47.2733],[10.93804,47.27346],[10.93843,47.27369],[10.93915,47.27438],[10.93994,47.275],[10.94072,47.27548],[10.94148,47.27581],[10.94261,47.276],[10.94374,47.27602],[10.94426,47.27597],[10.94475,47.27588],[10.94521,47.27574],[10.9469,47.2751],[10.94848,47.27464],[10.95,47.27434],[10.95064,47.27427],[10.95201,47.27428],[10.95366,47.27444],[10.95499,47.2747],[10.95619,47.27512],[10.95698,47.27556],[10.95775,47.27606],[10.95844,47.27659],[10.9591,47.27719]],[[11.07423,47.30264],[11.07494,47.3027],[11.0765,47.30285],[11.08275,47.30347]],[[10.99029,47.28786],[10.99167,47.28816],[10.99409,47.28898],[10.99597,47.28963],[10.99735,47.28981],[10.99982,47.28991],[11.00384,47.29021],[11.00702,47.29076],[11.01024,47.29166],[11.01233,47.29234],[11.01424,47.29257],[11.01613,47.29255],[11.01745,47.29269],[11.01927,47.2932],[11.02368,47.29467],[11.02633,47.29541]],[[10.96066,47.27993],[10.96251,47.28084],[10.96489,47.28105],[10.96749,47.28147],[10.97003,47.28253]],[[10.97003,47.28253],[10.97232,47.28359]],[[10.9591,47.27719],[10.96018,47.27898],[10.96066,47.27993]],[[11.02633,47.29541],[11.02715,47.29564],[11.03181,47.2961],[11.03599,47.29661],[11.04105,47.29763],[11.04447,47.29849],[11.04829,47.29905],[11.05205,47.29936],[11.05604,47.29938],[11.05982,47.29937]],[[11.12504,47.3014],[11.12891,47.30035],[11.13285,47.2989],[11.13748,47.29668],[11.14622,47.29314],[11.1555,47.28918],[11.16041,47.2869],[11.16207,47.28621],[11.16359,47.28566],[11.16513,47.28519],[11.16657,47.28485],[11.16792,47.28463],[11.1692,47.28454]],[[11.08275,47.30347],[11.08361,47.30362],[11.08465,47.30386],[11.08695,47.30452],[11.08916,47.3053],[11.09329,47.30709],[11.09629,47.30826],[11.09759,47.3087],[11.0988,47.30906],[11.09979,47.30931],[11.10206,47.30974],[11.10503,47.31041],[11.10813,47.31124],[11.10947,47.31164],[11.11089,47.31197],[11.11198,47.31215],[11.11295,47.31224],[11.11381,47.31223],[11.11459,47.31213]],[[11.26323,47.26829],[11.26481,47.26849],[11.26684,47.26855],[11.2682,47.26842],[11.26917,47.2683],[11.27058,47.26789],[11.27247,47.26764],[11.27416,47.26754],[11.27774,47.26763],[11.28183,47.26756],[11.28311,47.26754],[11.28421,47.26737],[11.28541,47.26713],[11.28649,47.26676],[11.28964,47.26548],[11.29086,47.26519],[11.29246,47.26499],[11.29537,47.265],[11.30112,47.26525],[11.3111,47.26606],[11.31558,47.26643],[11.31709,47.26654],[11.31851,47.26659],[11.31981,47.26658],[11.32101,47.26652],[11.3221,47.2664],[11.32308,47.26621],[11.32395,47.26597],[11.32473,47.26567]],[[11.11459,47.31213],[11.11581,47.31185],[11.1167,47.3116],[11.11752,47.31131],[11.11825,47.31098],[11.11896,47.31059],[11.11962,47.31013],[11.12023,47.3096],[11.12082,47.30901],[11.12198,47.30743],[11.12264,47.30641],[11.12338,47.30501],[11.12357,47.30449],[11.12379,47.30317],[11.12411,47.30235],[11.12452,47.30179],[11.12504,47.3014]],[[11.19308,47.28205],[11.19391,47.28168],[11.1946,47.28152],[11.19555,47.28146],[11.2026,47.28169],[11.20454,47.2817],[11.2058,47.28164],[11.20865,47.28113],[11.20986,47.28086],[11.21088,47.28058],[11.21292,47.2798],[11.21478,47.27891],[11.21555,47.27859],[11.21663,47.27823],[11.21779,47.27795],[11.22138,47.27729],[11.22472,47.27682],[11.22639,47.27654],[11.22795,47.27618],[11.22959,47.27562],[11.23115,47.27498],[11.23249,47.27432],[11.23423,47.27326],[11.23513,47.27264],[11.23591,47.27203],[11.23646,47.2715],[11.23679,47.27104]],[[11.1692,47.28454],[11.17058,47.28466],[11.17186,47.28488],[11.17315,47.2852],[11.17556,47.28585],[11.17758,47.28617],[11.17953,47.2864],[11.18163,47.28653],[11.18349,47.28653],[11.18511,47.28639],[11.18649,47.28612],[11.18734,47.2859],[11.18849,47.28554],[11.18931,47.28521]],[[11.18931,47.28521],[11.19128,47.28407],[11.19308,47.28205]],[[11.23679,47.27104],[11.23715,47.27016],[11.23774,47.26833],[11.23798,47.26783],[11.23827,47.26738],[11.23877,47.26682],[11.23942,47.26627],[11.24024,47.2657],[11.24126,47.26511],[11.24209,47.26477],[11.24307,47.26444],[11.24408,47.26418],[11.24513,47.26398],[11.24616,47.26384],[11.2472,47.26377],[11.24824,47.26375],[11.24927,47.2638],[11.25063,47.26403],[11.2522,47.26441],[11.2538,47.2649],[11.2554,47.26549]],[[11.2554,47.26549],[11.25696,47.26601]],[[11.25696,47.26601],[11.25882,47.26674],[11.26075,47.26766],[11.26197,47.26809],[11.26323,47.26829]],[[11.32473,47.26567],[11.32532,47.26533],[11.32593,47.26481],[11.32659,47.26411],[11.32757,47.26293],[11.32836,47.26212],[11.33001,47.26053],[11.33125,47.25948]],[[11.33262,47.25836],[11.33403,47.25743],[11.33527,47.25679],[11.33688,47.25618],[11.33895,47.25558]],[[11.33125,47.25948],[11.3322,47.25866],[11.33262,47.25836]]]}},{"type":"Feature","properties":{"name":"Maggia","aliases":[],"category":"river","source":"swissTLMRegio 2025"},"geometry":{"type":"MultiLineString","coordinates":[[[8.8044,46.15257],[8.81409,46.14887]],[[8.67979,46.27172],[8.68062,46.27101],[8.68095,46.27068],[8.68128,46.27022],[8.68205,46.26881],[8.68242,46.26833],[8.68288,46.26788],[8.68345,46.26744],[8.6841,46.26707],[8.68477,46.2668],[8.68554,46.26661]],[[8.7162,46.23768],[8.71684,46.23626],[8.71745,46.23524],[8.71872,46.23435],[8.72044,46.23371],[8.72278,46.23294],[8.72468,46.23192],[8.72772,46.23028]],[[8.68554,46.26661],[8.68637,46.26626],[8.68699,46.26593],[8.68757,46.26554],[8.68845,46.2648],[8.68886,46.26433],[8.68924,46.26373],[8.68954,46.2631],[8.69015,46.26145],[8.69045,46.26015],[8.6906,46.25742],[8.69088,46.25574],[8.69123,46.25469],[8.6919,46.25358],[8.69226,46.25315],[8.69267,46.25275],[8.69314,46.25238],[8.69366,46.25204],[8.69419,46.25178],[8.69478,46.25155],[8.69594,46.25126],[8.69711,46.25083],[8.69813,46.25031],[8.69901,46.24972],[8.70029,46.24867],[8.70125,46.24777],[8.70194,46.24696],[8.70239,46.24656],[8.70344,46.2459],[8.70476,46.24528]],[[8.7442,46.22112],[8.74587,46.22017],[8.74659,46.21971],[8.74705,46.2193],[8.74729,46.21891],[8.7473,46.21855],[8.74716,46.21832],[8.74545,46.21651],[8.74227,46.21318],[8.74179,46.21262],[8.74155,46.21211],[8.74152,46.2116],[8.74161,46.21135],[8.74174,46.21116],[8.74185,46.21064],[8.74177,46.21007],[8.74153,46.20945],[8.74117,46.20888],[8.74083,46.20803],[8.74079,46.20749],[8.74087,46.20723],[8.74103,46.20698],[8.74158,46.20646]],[[8.74158,46.20646],[8.74247,46.20602],[8.74282,46.20574],[8.74292,46.20555],[8.74297,46.20533],[8.74288,46.20479],[8.74255,46.20385],[8.7424,46.20298],[8.74247,46.20229],[8.74258,46.20201],[8.74274,46.20177],[8.74628,46.19951],[8.74761,46.19873],[8.74858,46.19824],[8.74915,46.19804],[8.74968,46.19794],[8.75011,46.19794],[8.75087,46.19823],[8.75128,46.19832],[8.75167,46.19832],[8.75207,46.1982],[8.75262,46.19778],[8.75306,46.19721],[8.75332,46.19659],[8.75342,46.19589]],[[8.75342,46.19589],[8.7535,46.19497],[8.75361,46.19464],[8.75372,46.19453],[8.75389,46.19446],[8.755,46.19428],[8.75557,46.19409],[8.75607,46.19377],[8.75663,46.19299],[8.75679,46.19261],[8.75684,46.19218],[8.75675,46.19173],[8.75676,46.19136],[8.75684,46.19101],[8.75718,46.19022],[8.75728,46.18968],[8.75727,46.18937],[8.75719,46.18904],[8.75705,46.18876],[8.75686,46.18851],[8.75624,46.18823],[8.7555,46.18798],[8.75467,46.1878],[8.75381,46.18769],[8.75225,46.18765],[8.75187,46.1876],[8.75158,46.1875],[8.75136,46.18736],[8.75125,46.18718],[8.75126,46.18695],[8.75137,46.18669],[8.75229,46.18612],[8.75364,46.18556],[8.75427,46.18519],[8.75508,46.18464],[8.75752,46.18283],[8.75923,46.18145]],[[8.63342,46.29282],[8.63561,46.29262],[8.6363,46.2925],[8.63728,46.29219],[8.63871,46.29159],[8.64049,46.29073],[8.64199,46.2901],[8.64389,46.28939],[8.64595,46.28872]],[[8.61087,46.30941],[8.61174,46.3083],[8.61234,46.30785]],[[8.60848,46.31774],[8.60851,46.31722],[8.6086,46.31692],[8.60878,46.31671],[8.60938,46.31622],[8.60966,46.31575],[8.60976,46.31518],[8.60967,46.31455],[8.60953,46.31407],[8.60949,46.31366],[8.60953,46.31329],[8.60966,46.31294]],[[8.63867,46.35634],[8.63651,46.3554],[8.63511,46.35494],[8.63409,46.35468],[8.63295,46.35448],[8.63222,46.35437],[8.63165,46.35421],[8.63096,46.35399],[8.63025,46.3538],[8.62918,46.35367],[8.62808,46.35365],[8.62633,46.35366],[8.62492,46.3537],[8.62398,46.3536],[8.62295,46.35338],[8.62196,46.35306],[8.621,46.35264],[8.62027,46.35212],[8.61994,46.35177],[8.61937,46.35092],[8.61857,46.34999],[8.61815,46.34974],[8.61761,46.34956],[8.61696,46.34945],[8.61621,46.3494],[8.61574,46.3493],[8.61528,46.34906],[8.6148,46.34866],[8.61436,46.34814],[8.61341,46.34673],[8.61265,46.34543],[8.61152,46.34327],[8.61104,46.34218],[8.61055,46.34135],[8.60999,46.34067],[8.60927,46.34004]],[[8.64087,46.3582],[8.64036,46.3578],[8.63978,46.3571],[8.63931,46.35668],[8.63867,46.35634]],[[8.66512,46.38197],[8.66446,46.38114],[8.66427,46.38071],[8.66424,46.3803],[8.66435,46.37988],[8.66451,46.3795],[8.66435,46.37894],[8.66395,46.37836],[8.66301,46.37691],[8.66255,46.37602],[8.66198,46.37462],[8.66132,46.37346],[8.66035,46.37219],[8.65904,46.37086],[8.65829,46.36998],[8.65763,46.36909],[8.65705,46.36819],[8.65633,46.36726],[8.65545,46.36634],[8.65445,46.36546],[8.65332,46.36459],[8.65271,46.36404],[8.65225,46.36351],[8.65196,46.36309],[8.65172,46.36258],[8.65133,46.36198],[8.65083,46.36141],[8.65025,46.36089],[8.64974,46.36059],[8.64907,46.36038],[8.64822,46.36024],[8.64735,46.3602],[8.64679,46.3601],[8.64629,46.35995],[8.64518,46.35944],[8.64474,46.35934],[8.6438,46.3593],[8.64315,46.35922],[8.64245,46.359],[8.64164,46.3587],[8.64087,46.3582]],[[8.66626,46.38499],[8.66566,46.38402],[8.66536,46.38344],[8.66523,46.38293],[8.66512,46.38197]],[[8.65219,46.40021],[8.65319,46.39933],[8.65377,46.39861],[8.65419,46.39787],[8.6551,46.39657],[8.65555,46.39612],[8.65578,46.39598],[8.65604,46.3959],[8.65642,46.39584],[8.65702,46.39566],[8.65829,46.39511],[8.65887,46.39481],[8.65962,46.39435],[8.66033,46.39383],[8.66098,46.39329],[8.66162,46.39266],[8.66266,46.3916],[8.66328,46.39091],[8.66404,46.38983],[8.66496,46.38837],[8.6653,46.38727],[8.66588,46.38611],[8.66613,46.38545],[8.66626,46.38499]],[[8.66202,46.43085],[8.66196,46.43048],[8.66177,46.43007],[8.66144,46.42975],[8.66115,46.42961],[8.66075,46.42948],[8.66026,46.4294],[8.65942,46.42926],[8.65808,46.42923],[8.6573,46.42915],[8.65677,46.42898],[8.65664,46.4288],[8.6565,46.42844],[8.65647,46.42682],[8.65593,46.42593],[8.65578,46.42482],[8.6553,46.42371],[8.6548,46.42307],[8.65398,46.42224],[8.65271,46.42054],[8.65162,46.4191],[8.65106,46.41812],[8.65078,46.41716],[8.65075,46.41554],[8.65112,46.41482],[8.65108,46.41284],[8.65094,46.41248],[8.65028,46.41195],[8.64949,46.41169],[8.64883,46.41116],[8.64843,46.41062],[8.64835,46.4105],[8.64826,46.4103],[8.64748,46.4091],[8.64746,46.4082],[8.64718,46.4073],[8.64717,46.40676],[8.64742,46.4064],[8.64804,46.40605],[8.64844,46.40579],[8.64874,46.40537],[8.64932,46.40433],[8.64964,46.40395],[8.65042,46.40323],[8.65131,46.40238],[8.65162,46.40183],[8.65214,46.40099],[8.65219,46.40021]],[[8.66317,46.43331],[8.6624,46.43275],[8.66198,46.43211],[8.66189,46.43157],[8.66202,46.43085]],[[8.66279,46.43584],[8.66321,46.43555],[8.66346,46.4351],[8.6634,46.43403],[8.66317,46.43331]],[[8.6643,46.44722],[8.66539,46.44616],[8.66547,46.44588],[8.66538,46.44556],[8.66513,46.44529],[8.66407,46.44473],[8.6637,46.4444],[8.66263,46.44303],[8.66237,46.44289],[8.66196,46.44284],[8.66107,46.44263],[8.66076,46.44246],[8.66042,46.4419],[8.66031,46.44143],[8.6604,46.43965],[8.66178,46.43765],[8.66189,46.43657],[8.66214,46.43621],[8.66279,46.43584]],[[8.66188,46.45333],[8.66211,46.45213],[8.66205,46.44961],[8.66332,46.44798],[8.6643,46.44722]],[[8.62592,46.48114],[8.62649,46.48024],[8.62691,46.47986],[8.62739,46.47968],[8.62952,46.47929],[8.63075,46.47885],[8.63253,46.47804]],[[8.6187,46.48476],[8.61957,46.48454],[8.62096,46.48434],[8.62166,46.48417],[8.6237,46.48343],[8.62436,46.48306],[8.62485,46.48265],[8.62545,46.48218],[8.62569,46.48175],[8.62592,46.48114]],[[8.60313,46.48614],[8.60474,46.48647],[8.60591,46.48657],[8.60709,46.48656],[8.60802,46.48648],[8.60961,46.48614],[8.61052,46.48605],[8.61261,46.48592],[8.61444,46.48562],[8.61563,46.48522],[8.61694,46.48488],[8.61785,46.48472],[8.6187,46.48476]],[[8.73518,46.22582],[8.73605,46.22468],[8.73654,46.22418],[8.73705,46.22374],[8.73757,46.22336],[8.73812,46.22303],[8.73867,46.22278],[8.73923,46.22258]],[[8.72772,46.23028],[8.73035,46.22913],[8.7324,46.22803],[8.73393,46.22693],[8.73518,46.22582]],[[8.66604,46.28107],[8.66773,46.28044],[8.66858,46.28004],[8.6693,46.27955],[8.67026,46.2787],[8.67156,46.2778],[8.67304,46.2769],[8.67437,46.27625],[8.67514,46.27593],[8.67582,46.27555],[8.67632,46.2752],[8.67672,46.27483],[8.67702,46.27445],[8.67743,46.2736],[8.6779,46.27304],[8.67869,46.2724],[8.67979,46.27172]],[[8.65384,46.28951],[8.65452,46.2895],[8.65513,46.2894],[8.65571,46.28917],[8.65628,46.28883],[8.65689,46.28835],[8.65752,46.28771],[8.65819,46.28692],[8.65891,46.28596]],[[8.61839,46.30032],[8.61842,46.29997],[8.61854,46.29967],[8.61873,46.29941],[8.61902,46.29917],[8.61969,46.2988],[8.6226,46.29753],[8.6233,46.2972],[8.62437,46.29657],[8.62566,46.29566],[8.6262,46.29533],[8.62712,46.29488],[8.62963,46.29402],[8.63018,46.29375],[8.63071,46.29336],[8.63101,46.29323],[8.63199,46.29299],[8.63342,46.29282]],[[8.61234,46.30785],[8.61458,46.30644],[8.61603,46.30537],[8.61661,46.30484],[8.61712,46.3043],[8.61755,46.30374],[8.61792,46.30314],[8.61805,46.3028],[8.61831,46.30161],[8.61839,46.30032]],[[8.6075,46.32103],[8.60783,46.32066],[8.60854,46.32019],[8.60876,46.31981],[8.60882,46.31941],[8.60879,46.31893],[8.60848,46.31774]],[[8.60834,46.33541],[8.60833,46.33361],[8.6084,46.3314],[8.60857,46.32969],[8.60884,46.32852],[8.60955,46.32674],[8.60962,46.32634],[8.60958,46.32588],[8.60942,46.32538],[8.60917,46.32492],[8.60879,46.32442],[8.60849,46.32413],[8.60819,46.32378],[8.60793,46.32338],[8.60773,46.32295],[8.60749,46.32202],[8.6075,46.32103]],[[8.70476,46.24528],[8.70706,46.24452],[8.70961,46.24399],[8.71029,46.2438],[8.71126,46.24342],[8.71252,46.24273],[8.71304,46.24241],[8.71358,46.24202],[8.71448,46.24116],[8.71518,46.24022],[8.71569,46.23918],[8.7162,46.23768]],[[8.60966,46.31294],[8.6101,46.31241],[8.61065,46.31193],[8.61087,46.31155],[8.61095,46.31111],[8.61081,46.31043],[8.61072,46.31002],[8.61087,46.30941]],[[8.60927,46.34004],[8.60852,46.338],[8.60839,46.3374],[8.60834,46.33676],[8.60834,46.33541]],[[8.64595,46.28872],[8.64686,46.28874],[8.64759,46.28882],[8.64969,46.28926],[8.65078,46.28941],[8.65223,46.2895],[8.65384,46.28951]],[[8.73923,46.22258],[8.74026,46.2223]],[[8.74026,46.2223],[8.74314,46.2216],[8.74356,46.22141],[8.74397,46.22123],[8.7442,46.22112]],[[8.57359,46.48271],[8.57397,46.48301],[8.5745,46.48337],[8.57503,46.48354],[8.57712,46.48388],[8.57895,46.48431],[8.57961,46.48484],[8.58014,46.48502],[8.58127,46.48485]],[[8.55975,46.47559],[8.56028,46.47577],[8.56107,46.47648],[8.56246,46.47729]],[[8.58127,46.48485],[8.58192,46.48507]],[[8.58192,46.48507],[8.58341,46.4858],[8.58512,46.48641],[8.58591,46.48685],[8.58696,46.4872],[8.59035,46.48771],[8.59244,46.48768],[8.59349,46.48803],[8.59427,46.48812],[8.59635,46.488],[8.59713,46.488],[8.59974,46.48797],[8.60104,46.48778],[8.60156,46.48759],[8.60207,46.48723],[8.60232,46.48668],[8.60313,46.48614]],[[8.65998,46.45747],[8.66052,46.45674],[8.66166,46.45529],[8.66191,46.45475],[8.66188,46.45349],[8.66188,46.45333]],[[8.63253,46.47804],[8.63378,46.47723],[8.63656,46.47635],[8.63883,46.47534],[8.63992,46.47425],[8.64136,46.47222]],[[8.64136,46.47222],[8.65219,46.46474]],[[8.65219,46.46474],[8.65908,46.4596]],[[8.57023,46.48115],[8.57359,46.48271]],[[8.56246,46.47729],[8.57023,46.48115]],[[8.65908,46.4596],[8.65998,46.45747]],[[8.65891,46.28596],[8.6608,46.28405],[8.66287,46.28266],[8.66604,46.28107]],[[8.61234,46.30785],[8.61209,46.30699],[8.61186,46.30642],[8.61173,46.30607],[8.61169,46.30569],[8.61175,46.30533],[8.61198,46.30486],[8.61237,46.30442],[8.61291,46.30401],[8.61364,46.30362]],[[8.61364,46.30362],[8.61506,46.30281],[8.6166,46.30179],[8.61747,46.30111],[8.61839,46.30032]],[[8.75923,46.18145],[8.76232,46.17868],[8.7637,46.17709],[8.77097,46.17178],[8.77149,46.17144],[8.77376,46.17005],[8.7753,46.16931],[8.77575,46.16903],[8.77718,46.16827],[8.77786,46.16784],[8.78284,46.16497],[8.78482,46.16391],[8.78692,46.1626],[8.78743,46.16233],[8.79126,46.16003],[8.79407,46.15856],[8.79834,46.15613],[8.8044,46.15257]],[[8.55843,46.47462],[8.5585,46.47513],[8.55975,46.47559]],[[8.55032,46.4683],[8.55193,46.46915],[8.55327,46.46994],[8.55401,46.47071],[8.55712,46.47226],[8.558,46.47288],[8.55863,46.47357],[8.55843,46.47462]]]}},{"type":"Feature","properties":{"name":"Tessin / Ticino","aliases":["Tessin","Ticino"],"category":"river","source":"swissTLMRegio 2025"},"geometry":{"type":"MultiLineString","coordinates":[[[8.62903,45.72368],[8.63037,45.72354],[8.63155,45.72354],[8.63314,45.72368],[8.63528,45.72397]],[[8.65436,45.70732],[8.65291,45.70565],[8.65218,45.70468],[8.65149,45.70354],[8.65084,45.70217],[8.64858,45.69681],[8.64736,45.69412],[8.646,45.69214],[8.64528,45.69122],[8.64386,45.68962],[8.64304,45.6885],[8.64259,45.68776],[8.64222,45.687],[8.64197,45.6863],[8.6418,45.68559],[8.64137,45.68238],[8.64125,45.68061],[8.64155,45.67968],[8.64197,45.67886],[8.64248,45.67824],[8.64276,45.67801],[8.64321,45.67775],[8.64401,45.67739],[8.64499,45.67701],[8.64605,45.67669],[8.64707,45.67645],[8.64962,45.67609],[8.65267,45.67583]],[[8.65267,45.67583],[8.65674,45.67577],[8.66054,45.67579],[8.6634,45.67588],[8.66524,45.67604],[8.66765,45.6764],[8.66989,45.67681],[8.67171,45.67724],[8.67514,45.67833],[8.67609,45.67856],[8.67699,45.67873],[8.67813,45.67885],[8.67919,45.67885],[8.68007,45.67872],[8.681,45.67838],[8.68186,45.67789],[8.68252,45.67737],[8.68291,45.67689],[8.68305,45.67642]],[[8.63528,45.72397],[8.63866,45.7245],[8.6405,45.7247],[8.64139,45.72472],[8.6422,45.7247],[8.64294,45.72462],[8.64384,45.72443],[8.64453,45.72425],[8.64525,45.72401],[8.64596,45.72372],[8.64656,45.72342],[8.64712,45.72308],[8.6476,45.72271],[8.64801,45.72233]],[[8.71397,46.09646],[8.71055,46.09069]],[[8.71055,46.09069],[8.70998,46.0875]],[[8.70998,46.0875],[8.71342,46.0731]],[[8.71342,46.0731],[8.71605,46.06635]],[[8.71605,46.06635],[8.71981,46.04875]],[[8.71981,46.04875],[8.72243,46.042]],[[8.72243,46.042],[8.72662,46.03568],[8.72941,46.02905],[8.72879,46.02358]],[[8.72879,46.02358],[8.72177,46.01751]],[[8.72177,46.01751],[8.71831,46.01618],[8.71583,46.0153]],[[8.71583,46.0153],[8.71318,46.01407]],[[8.71318,46.01407],[8.70084,46.01068],[8.69171,46.00439]],[[8.69171,46.00439],[8.68782,45.99954]],[[8.64301,45.95102],[8.64053,45.94946]],[[8.64053,45.94946],[8.60759,45.93339]],[[8.60759,45.93339],[8.59966,45.92892]],[[8.59966,45.92892],[8.59401,45.9243]],[[8.59401,45.9243],[8.592,45.92193]],[[8.592,45.92193],[8.5895,45.91911]],[[8.59791,45.84632],[8.59694,45.83892]],[[8.59694,45.83892],[8.59503,45.83313]],[[8.59503,45.83313],[8.58708,45.81942],[8.5815,45.81412]],[[8.5815,45.81412],[8.56592,45.80915]],[[8.56592,45.80915],[8.55871,45.80683],[8.5553,45.79991]],[[8.5553,45.79991],[8.55503,45.7941]],[[8.55503,45.7941],[8.55536,45.78271],[8.55864,45.77572],[8.57429,45.76098]],[[8.57429,45.76098],[8.57635,45.75788]],[[8.57635,45.75788],[8.57872,45.75455]],[[8.57872,45.75455],[8.59012,45.73905],[8.59461,45.73227],[8.59896,45.72984]],[[8.59896,45.72984],[8.60655,45.72748],[8.61305,45.72696],[8.61598,45.72682]],[[8.61598,45.72682],[8.62036,45.72631]],[[8.62036,45.72631],[8.62319,45.72579],[8.62578,45.72487]],[[8.62578,45.72487],[8.62903,45.72368]],[[8.68782,45.99954],[8.68003,45.99158]],[[8.68003,45.99158],[8.66883,45.98015]],[[8.5895,45.91911],[8.57592,45.90626],[8.57143,45.90132]],[[8.66883,45.98015],[8.66518,45.97791],[8.66186,45.97533]],[[8.66186,45.97533],[8.65855,45.97265]],[[8.65855,45.97265],[8.65105,45.96656],[8.64456,45.95454],[8.64301,45.95102]],[[8.59557,45.85276],[8.59791,45.84632]],[[8.59356,45.85639],[8.59557,45.85276]],[[8.57143,45.90132],[8.57124,45.89929],[8.57109,45.89764],[8.57098,45.89627],[8.57519,45.88689],[8.59356,45.85639]],[[8.86344,46.41784],[8.86338,46.41757],[8.86338,46.41739],[8.864,46.41612],[8.86475,46.41522],[8.86519,46.41494],[8.8662,46.41425]],[[8.71605,46.09853],[8.71397,46.09646]],[[8.86303,46.41893],[8.86302,46.41857],[8.86344,46.41784]],[[9.00528,46.27357],[9.00714,46.27361],[9.00848,46.27357],[9.00966,46.27345],[9.01073,46.27323],[9.01176,46.2729],[9.01273,46.27244],[9.01365,46.27186],[9.01453,46.27114]],[[8.71326,46.5082],[8.7148,46.50804],[8.71593,46.5078],[8.71712,46.50744],[8.71835,46.50698],[8.71923,46.50649],[8.71996,46.50592],[8.72084,46.5053],[8.72165,46.50479],[8.72457,46.50311],[8.72628,46.50197],[8.72795,46.50108]],[[8.72795,46.50108],[8.73017,46.50013],[8.73236,46.49913],[8.7348,46.4976],[8.73722,46.49512],[8.74004,46.49329],[8.74023,46.49321]],[[8.78543,46.48386],[8.78618,46.48348],[8.78876,46.48255],[8.79006,46.48236],[8.79109,46.48198],[8.7939,46.47997],[8.79699,46.47849],[8.79725,46.47831],[8.79745,46.47834]],[[8.74023,46.49321],[8.74081,46.49301],[8.74158,46.49246],[8.74287,46.49182],[8.74519,46.49098],[8.74567,46.49091],[8.74751,46.49029],[8.74905,46.49024]],[[8.74905,46.49024],[8.75134,46.49029],[8.75222,46.49052],[8.75301,46.49099],[8.75353,46.49112],[8.75408,46.49109],[8.75482,46.49097],[8.75552,46.491],[8.75633,46.49113],[8.75726,46.49162],[8.76013,46.4932],[8.76056,46.49325],[8.76093,46.49309],[8.7615,46.49244],[8.7623,46.49214],[8.76362,46.49198],[8.76546,46.49188],[8.76959,46.49185],[8.77097,46.49179],[8.77183,46.49163],[8.77288,46.49086],[8.77377,46.49057],[8.77472,46.4905],[8.77512,46.49037],[8.77625,46.4895],[8.77744,46.48844],[8.77898,46.48762],[8.77976,46.48734],[8.78335,46.48486],[8.78543,46.48386]],[[8.82557,46.46454],[8.82645,46.46405],[8.82689,46.46341],[8.8282,46.46076],[8.82963,46.45751],[8.83096,46.45479]],[[8.83096,46.45479],[8.83157,46.45349],[8.83173,46.45214],[8.83185,46.45146],[8.83225,46.45062],[8.83313,46.44973],[8.8343,46.44874],[8.83497,46.44801],[8.83599,46.44634],[8.83637,46.44565],[8.83654,46.44522],[8.83731,46.44419]],[[8.83731,46.44419],[8.83825,46.44291],[8.84093,46.44104],[8.84249,46.44009]],[[8.86344,46.41784],[8.86442,46.41747],[8.86544,46.41674],[8.86578,46.4157],[8.8662,46.41425]],[[8.8662,46.41425],[8.86693,46.41375],[8.86872,46.41265],[8.86985,46.41101],[8.87145,46.40775],[8.87245,46.4063],[8.87385,46.40493],[8.87451,46.40406]],[[8.87451,46.40406],[8.87542,46.4029],[8.87701,46.40165],[8.8783,46.40119],[8.87947,46.40099],[8.87999,46.40099]],[[8.87999,46.40099],[8.88081,46.4008],[8.88124,46.40065],[8.88173,46.40036],[8.88247,46.3998],[8.88317,46.3991],[8.88379,46.39833],[8.88422,46.39762],[8.88454,46.39691]],[[8.90756,46.38044],[8.90931,46.37918]],[[8.98565,46.30365],[8.9884,46.30318],[8.99125,46.30269],[8.99247,46.30212],[8.99333,46.3012]],[[8.99333,46.3012],[8.99402,46.29973],[8.9961,46.29552],[8.99697,46.29407],[8.99732,46.29279],[8.99809,46.2813],[8.99828,46.27992],[8.99858,46.27864],[8.99901,46.27749],[8.99955,46.27647],[9.0002,46.2756],[9.00096,46.27488],[9.00182,46.27431],[9.00278,46.27389]],[[9.01453,46.27114],[9.01479,46.27061],[9.01495,46.26991],[9.01498,46.26909],[9.0149,46.26816],[9.0147,46.26715],[9.01439,46.26604],[9.01396,46.26486],[9.01343,46.26361]],[[8.93736,46.17051],[8.93644,46.17026],[8.93134,46.16932],[8.92388,46.16799],[8.91692,46.16664],[8.91386,46.16581]],[[8.99669,46.17677],[8.984,46.17715],[8.97616,46.17654],[8.97431,46.17641],[8.96833,46.17568],[8.9613,46.1746],[8.95636,46.17377],[8.94959,46.1726],[8.93736,46.17051]],[[9.00022,46.17704],[8.99797,46.17681],[8.99669,46.17677]],[[9.00617,46.18405],[9.00584,46.1828],[9.00545,46.18164],[9.005,46.18058],[9.00435,46.1795],[9.00359,46.17874],[9.00307,46.17831],[9.00252,46.17794],[9.00195,46.17762],[9.00137,46.17736],[9.00079,46.17717],[9.00022,46.17704]],[[8.91386,46.16581],[8.91234,46.16534],[8.90376,46.16296],[8.89964,46.16188],[8.89301,46.16039]],[[9.03941,46.21597],[9.03917,46.2151],[9.03862,46.21403],[9.03701,46.21207],[9.03555,46.21101],[9.03476,46.21057],[9.03345,46.21014],[9.03077,46.20934],[9.02794,46.20839],[9.02547,46.20746],[9.02367,46.20668],[9.02217,46.20583],[9.02072,46.20492],[9.02,46.20441],[9.01954,46.20406],[9.01912,46.20371],[9.01826,46.2029],[9.01735,46.20197],[9.0172,46.20179],[9.0164,46.2009],[9.01542,46.1997],[9.01439,46.19838],[9.01333,46.19693],[9.01216,46.19525],[9.01101,46.19352],[9.00987,46.19174],[9.00909,46.19044],[9.0084,46.18922],[9.00778,46.18799],[9.0072,46.18673],[9.00667,46.18542],[9.00617,46.18405]],[[8.89301,46.16039],[8.89138,46.16003],[8.88862,46.15945],[8.88654,46.15903],[8.879,46.15787],[8.87744,46.15771],[8.87096,46.15734],[8.86725,46.15739]],[[8.64508,46.51948],[8.64806,46.51907],[8.65016,46.51887],[8.65094,46.51885],[8.65776,46.51986],[8.65896,46.51987],[8.66299,46.51965],[8.66661,46.51952],[8.67099,46.51936],[8.67705,46.51903],[8.68242,46.51845]],[[8.68242,46.51845],[8.6868,46.51795],[8.69105,46.51731],[8.69501,46.51657],[8.7014,46.51506],[8.70362,46.51449],[8.70466,46.51418]],[[8.70466,46.51418],[8.70541,46.51343],[8.70568,46.51315],[8.70597,46.51176],[8.70708,46.51075],[8.70864,46.50984],[8.70967,46.50929],[8.71251,46.50836],[8.71326,46.5082]],[[8.81421,46.46961],[8.82141,46.46542],[8.82231,46.46523],[8.82391,46.46509],[8.82557,46.46454]],[[8.79745,46.47834],[8.7991,46.47801],[8.80086,46.47752],[8.80118,46.47726],[8.80143,46.47687],[8.80175,46.47647],[8.80214,46.47591],[8.80416,46.47451],[8.80802,46.47263],[8.81421,46.46961]],[[8.88898,46.39258],[8.88938,46.39242],[8.8898,46.39237],[8.89031,46.39235],[8.89162,46.39229],[8.89241,46.39223],[8.89326,46.39204],[8.89415,46.39162],[8.89516,46.39086],[8.89752,46.38868],[8.89802,46.38794],[8.89854,46.38695],[8.89891,46.38652],[8.89945,46.3861],[8.90023,46.38572],[8.90232,46.38467],[8.90333,46.38384],[8.90433,46.38276],[8.90544,46.38184],[8.90756,46.38044]],[[8.88454,46.39691],[8.88469,46.3967],[8.88491,46.39614],[8.88522,46.39552],[8.88577,46.39497],[8.88658,46.39433],[8.88898,46.39258]],[[8.85681,46.4217],[8.85704,46.42129],[8.85722,46.42114],[8.85746,46.42102],[8.85811,46.42083],[8.86054,46.42042],[8.8611,46.42026],[8.86164,46.42006],[8.86207,46.41983],[8.86247,46.41956],[8.86278,46.41927],[8.86303,46.41893]],[[8.90931,46.37918],[8.9128,46.37756],[8.91303,46.37718],[8.91287,46.37637],[8.91281,46.37426],[8.91299,46.3739],[8.91405,46.3734],[8.91534,46.37312],[8.91789,46.37288],[8.91943,46.37333],[8.92022,46.37333],[8.92161,46.37301],[8.92322,46.37229],[8.92351,46.37212],[8.92805,46.36937],[8.93,46.36819]],[[8.93,46.36819],[8.93034,46.36776],[8.93056,46.36667],[8.9309,46.36621],[8.93182,46.36542],[8.93349,46.36466],[8.938,46.36325],[8.94006,46.36259],[8.95027,46.3596],[8.95254,46.35834]],[[8.95254,46.35834],[8.95454,46.35682],[8.95813,46.35289],[8.96003,46.35171],[8.96447,46.34805],[8.9648,46.34774],[8.9665,46.34573],[8.96836,46.34341],[8.97304,46.33722],[8.97521,46.33449],[8.97775,46.33046]],[[8.97775,46.33046],[8.97911,46.32629]],[[8.97911,46.32629],[8.98154,46.31189],[8.98178,46.31078]],[[8.98178,46.31078],[8.98364,46.30587],[8.98462,46.30443],[8.98565,46.30365]],[[9.04104,46.21937],[9.0402,46.21794]],[[9.0402,46.21794],[9.03941,46.21597]],[[9.02522,46.2413],[9.03089,46.23851],[9.03364,46.23693],[9.03501,46.2356],[9.03558,46.23446],[9.03605,46.232],[9.03654,46.22803],[9.03699,46.22607],[9.038,46.22446],[9.04078,46.22107],[9.04093,46.22024],[9.04104,46.21937]],[[9.01343,46.26361],[9.0127,46.26195],[9.01221,46.2605],[9.01192,46.2591],[9.01181,46.25776],[9.01191,46.25643],[9.01221,46.25512],[9.0127,46.25383],[9.0134,46.25256]],[[9.0134,46.25256],[9.01681,46.24712],[9.01906,46.24481],[9.02132,46.24323],[9.02522,46.2413]],[[9.00278,46.27389],[9.00392,46.27364],[9.00528,46.27357]],[[8.42921,46.47499],[8.42989,46.47498],[8.43055,46.47492],[8.43104,46.4748],[8.43136,46.47453],[8.43145,46.47419]],[[8.40537,46.48727],[8.40626,46.486],[8.40729,46.48545],[8.40793,46.48491],[8.40805,46.48419],[8.40765,46.48347],[8.40763,46.48257],[8.40827,46.48167],[8.40863,46.4804],[8.40921,46.47938],[8.40937,46.47887],[8.40966,46.47823],[8.4102,46.47771],[8.41139,46.47695],[8.41194,46.47679],[8.41262,46.4767],[8.41335,46.47667],[8.41383,46.4766],[8.41459,46.47632],[8.41534,46.47598],[8.41587,46.47588],[8.41647,46.47592],[8.41712,46.47601],[8.41783,46.47625],[8.41909,46.47681],[8.42002,46.47701],[8.42124,46.47707],[8.42217,46.47699],[8.42293,46.47678],[8.42423,46.47624],[8.4254,46.47579],[8.42652,46.47554],[8.42921,46.47499]],[[8.46464,46.48205],[8.46542,46.48242],[8.46625,46.48269],[8.46716,46.48284],[8.46807,46.48305],[8.4693,46.48354],[8.46995,46.48387],[8.47045,46.48419],[8.47083,46.48461],[8.471,46.48501],[8.47112,46.48529],[8.47149,46.48559],[8.47213,46.48592],[8.47274,46.48615],[8.47326,46.48625],[8.4743,46.48632]],[[8.4743,46.48632],[8.47601,46.48707],[8.47655,46.48724],[8.47735,46.48743],[8.47818,46.48764],[8.47868,46.48782],[8.4792,46.48806]],[[8.45473,46.47642],[8.45531,46.47644],[8.45586,46.47654],[8.45649,46.47675],[8.45837,46.47751],[8.45933,46.47799],[8.45999,46.47837],[8.46077,46.47906],[8.46152,46.47951],[8.46216,46.47983],[8.46263,46.47996],[8.46294,46.48003],[8.4632,46.48022],[8.46344,46.48055],[8.46368,46.48086],[8.46425,46.48165],[8.46464,46.48205]],[[8.4792,46.48806],[8.47951,46.48858],[8.47985,46.48879],[8.4806,46.48908],[8.48105,46.48916],[8.4817,46.48914],[8.48226,46.48914],[8.48301,46.48922],[8.48351,46.48938],[8.48413,46.48965],[8.48516,46.49034],[8.486,46.49076],[8.48681,46.49106],[8.4878,46.4914],[8.48918,46.49171],[8.49009,46.4921],[8.4909,46.49253],[8.49136,46.49295],[8.49164,46.49352],[8.49185,46.49393],[8.49226,46.49441],[8.49383,46.49554],[8.49537,46.49644]],[[8.49537,46.49644],[8.4961,46.4967],[8.49664,46.49686],[8.4973,46.49701],[8.4977,46.49718],[8.49818,46.49751]],[[8.51194,46.50535],[8.51369,46.50578],[8.51432,46.50605],[8.51475,46.50638],[8.51527,46.50667],[8.51588,46.50688],[8.51668,46.50705],[8.51822,46.50738]],[[8.43145,46.47419],[8.43179,46.47409],[8.43228,46.47406],[8.43266,46.47416],[8.43297,46.47445],[8.43334,46.47462],[8.43378,46.47467],[8.4366,46.47442],[8.4387,46.47426],[8.44066,46.47425],[8.44312,46.4742],[8.44486,46.4743],[8.44569,46.47439],[8.44668,46.47453],[8.44753,46.4746],[8.4482,46.4746],[8.4493,46.47458],[8.45014,46.47461],[8.45092,46.47472],[8.45154,46.47497],[8.4527,46.47558],[8.45371,46.47602],[8.45473,46.47642]],[[8.49818,46.49751],[8.49833,46.49801],[8.49875,46.49849],[8.50029,46.49911]],[[8.50029,46.49911],[8.5019,46.49999],[8.50306,46.50042],[8.5036,46.50071],[8.50412,46.50124],[8.5049,46.50172],[8.50577,46.5021],[8.50703,46.50257],[8.50761,46.50285],[8.50797,46.50309],[8.50845,46.50365],[8.50874,46.50389],[8.5095,46.5043],[8.51194,46.50535]],[[8.61767,46.52648],[8.61951,46.52688],[8.62075,46.52715],[8.6237,46.52739],[8.62607,46.52695]],[[8.62607,46.52695],[8.62638,46.52683],[8.62845,46.526],[8.62948,46.52545],[8.63129,46.5248],[8.63233,46.52461],[8.6341,46.52458],[8.6385,46.52354],[8.64008,46.52301],[8.64141,46.52245],[8.6426,46.52166],[8.6437,46.52065],[8.64508,46.51948]],[[8.61058,46.52596],[8.61241,46.52581],[8.61477,46.52624],[8.61634,46.5264],[8.61767,46.52648]],[[8.60701,46.52627],[8.60914,46.52623],[8.61058,46.52596]],[[8.57914,46.52407],[8.58079,46.52423],[8.58171,46.52445],[8.58239,46.52482],[8.58302,46.52525],[8.58356,46.52544],[8.5843,46.52554],[8.58487,46.52548],[8.58547,46.52525],[8.58609,46.5252],[8.58671,46.52532],[8.58687,46.52546],[8.58686,46.52564],[8.58648,46.52607]],[[8.5375,46.51425],[8.53913,46.51485],[8.53948,46.51507],[8.53968,46.51531],[8.53984,46.51588],[8.53997,46.51614],[8.54028,46.51634],[8.54067,46.51647],[8.54114,46.51657],[8.54167,46.51657],[8.54214,46.51651],[8.54272,46.51632],[8.54385,46.51589],[8.54442,46.51579],[8.54485,46.51582],[8.54525,46.51593],[8.54564,46.51611],[8.54585,46.51636],[8.54609,46.51669],[8.54651,46.517],[8.5471,46.51726],[8.54815,46.5176],[8.54958,46.51793],[8.55321,46.51885]],[[8.55321,46.51885],[8.55708,46.51968],[8.5583,46.52003],[8.55966,46.52061],[8.56043,46.52111],[8.56097,46.52158],[8.5615,46.52194],[8.56197,46.52212],[8.56256,46.5223]],[[8.56256,46.5223],[8.56348,46.52226],[8.56392,46.52218],[8.56487,46.52183],[8.5657,46.52165],[8.56639,46.52162],[8.56725,46.52179],[8.569,46.52234],[8.57008,46.52254],[8.57115,46.52266],[8.57215,46.52284],[8.57506,46.5235],[8.5765,46.52366],[8.57914,46.52407]],[[8.51822,46.50738],[8.51976,46.50775],[8.52073,46.50806],[8.52237,46.50868],[8.52391,46.5092],[8.52573,46.50996],[8.52682,46.51045],[8.52761,46.51073]],[[8.52761,46.51073],[8.52903,46.5112],[8.52986,46.51159],[8.53067,46.51211],[8.53202,46.51317],[8.53234,46.51334],[8.53281,46.51344],[8.53364,46.51341],[8.53489,46.51345],[8.53567,46.51355],[8.53642,46.51371],[8.5375,46.51425]],[[8.58648,46.52607],[8.5869,46.52622],[8.58727,46.52624],[8.58775,46.52619],[8.58842,46.52605],[8.58931,46.52601],[8.59057,46.526],[8.59237,46.52611],[8.59345,46.5263],[8.59666,46.52696],[8.59834,46.52718],[8.60029,46.52721],[8.60284,46.52715]],[[8.84249,46.44009],[8.8446,46.43956],[8.84555,46.43911],[8.84651,46.4378],[8.84724,46.43717],[8.84816,46.43653],[8.85106,46.43489],[8.85323,46.43344],[8.85392,46.43261],[8.85431,46.43138],[8.85421,46.42942],[8.85438,46.42689],[8.85449,46.42636],[8.85467,46.42588],[8.8549,46.42544],[8.85574,46.42438],[8.85622,46.42365],[8.85646,46.42319],[8.8567,46.42217],[8.85681,46.4217]],[[8.60284,46.52715],[8.60438,46.52684],[8.60701,46.52627]],[[8.68204,45.6524],[8.68238,45.65167],[8.68341,45.6498],[8.68422,45.64863],[8.68463,45.64815],[8.68503,45.64776],[8.68698,45.6465],[8.68827,45.6456],[8.68901,45.64492],[8.68955,45.6442],[8.68995,45.64346],[8.69019,45.64269],[8.69027,45.64153],[8.69013,45.64031],[8.68983,45.63927],[8.68937,45.6383],[8.68879,45.63749],[8.68804,45.63679],[8.68771,45.63654],[8.6871,45.63617],[8.68637,45.63581],[8.68556,45.6355],[8.68466,45.63523],[8.68375,45.63503],[8.68251,45.63485],[8.6809,45.63484],[8.67936,45.63496],[8.67807,45.63522],[8.67753,45.63539],[8.67697,45.63563],[8.67638,45.63598],[8.67578,45.63642],[8.67522,45.63692],[8.67476,45.63741],[8.67438,45.63793],[8.67408,45.63846],[8.6733,45.64047],[8.67264,45.64189],[8.67211,45.64278],[8.67129,45.64373],[8.67091,45.64402],[8.67049,45.64425],[8.67004,45.64444],[8.66956,45.64457],[8.66906,45.64464],[8.66854,45.64467],[8.66799,45.64464],[8.66743,45.64456]],[[8.68305,45.67642],[8.68304,45.67552],[8.68295,45.67511],[8.68269,45.67463],[8.68222,45.67414]],[[8.68222,45.67414],[8.67801,45.67079],[8.67635,45.66955],[8.67387,45.66788],[8.67277,45.66706],[8.67178,45.66617],[8.67147,45.6658],[8.67113,45.66511],[8.67097,45.66444],[8.67089,45.6633],[8.67093,45.6627],[8.67109,45.66202],[8.67136,45.66138],[8.67175,45.66077],[8.67224,45.66022]],[[8.66743,45.64456],[8.66641,45.64469],[8.66467,45.64509],[8.6641,45.64514],[8.6625,45.64511],[8.66154,45.64497],[8.66065,45.64471],[8.6599,45.64435],[8.65924,45.64388],[8.65879,45.64343],[8.65838,45.6429],[8.65806,45.64229],[8.65788,45.6417],[8.65784,45.64113],[8.658,45.64029],[8.65824,45.63968],[8.65878,45.63885],[8.65954,45.63805],[8.66048,45.63729],[8.66161,45.63657]],[[8.66743,45.64456],[8.66573,45.64394],[8.66426,45.64324],[8.66306,45.64248],[8.66258,45.64208],[8.66213,45.64161],[8.66173,45.64111],[8.66129,45.64044],[8.66097,45.63978],[8.66077,45.63915],[8.66068,45.63852],[8.66072,45.63799],[8.6609,45.63746],[8.66118,45.63701],[8.66161,45.63657]],[[8.67206,45.6214],[8.67406,45.62161],[8.67577,45.6217],[8.67734,45.62168],[8.67893,45.62153],[8.68056,45.62121],[8.68204,45.62076],[8.68316,45.62026],[8.6836,45.61997],[8.68404,45.6196],[8.68468,45.61892],[8.6852,45.61824],[8.68551,45.61769],[8.68565,45.61722],[8.6864,45.61618],[8.68727,45.6153],[8.68774,45.61494],[8.68869,45.61442],[8.69041,45.61364],[8.69176,45.61313]],[[8.66161,45.63657],[8.66496,45.63374],[8.66583,45.63287],[8.66666,45.63182],[8.66685,45.63144],[8.66699,45.63102],[8.66705,45.63061],[8.66704,45.63018],[8.66697,45.62979],[8.66683,45.62937],[8.66636,45.62857],[8.66508,45.62718],[8.66435,45.62621],[8.66409,45.62579],[8.66388,45.62533],[8.66372,45.62473],[8.6637,45.62415],[8.66381,45.62362],[8.66418,45.62287],[8.66462,45.62227],[8.66513,45.62175],[8.66569,45.62133],[8.66629,45.62102],[8.66693,45.62081],[8.66782,45.62071],[8.66874,45.62075],[8.66963,45.62082],[8.67096,45.62105],[8.67155,45.62121],[8.67206,45.6214]],[[8.67206,45.6214],[8.67346,45.62237],[8.67403,45.62271],[8.67475,45.62303],[8.67555,45.62325],[8.67673,45.62343],[8.67795,45.62352],[8.67905,45.62351],[8.68004,45.6234],[8.68128,45.62312],[8.68218,45.62284],[8.68297,45.62252],[8.68365,45.62217],[8.68425,45.62175],[8.68618,45.62011],[8.68783,45.61857],[8.68896,45.61734],[8.68934,45.61684],[8.68958,45.61641],[8.69008,45.61534],[8.69056,45.61452],[8.69114,45.61375],[8.69176,45.61313]],[[8.69371,45.6117],[8.70001,45.60769],[8.70131,45.60663],[8.70249,45.60542],[8.70334,45.60434],[8.70409,45.60314],[8.70455,45.60207],[8.70513,45.60031],[8.7056,45.59863],[8.70591,45.59721],[8.70605,45.59607],[8.70604,45.5953],[8.70595,45.59354],[8.70578,45.592]],[[8.70578,45.592],[8.70556,45.59118],[8.70531,45.59055],[8.70492,45.58988],[8.70438,45.58915]],[[8.71851,45.5257],[8.71893,45.52537],[8.72051,45.5235],[8.72169,45.52158],[8.72265,45.51947],[8.72283,45.51819],[8.72246,45.5171],[8.7217,45.51615],[8.72071,45.51474],[8.71987,45.51317],[8.71957,45.51194],[8.71974,45.5107],[8.72039,45.50974],[8.72166,45.50887],[8.72539,45.50635],[8.72994,45.50397],[8.73264,45.50314]],[[8.85223,45.37232],[8.85248,45.37132],[8.85232,45.37041],[8.85182,45.36951],[8.85105,45.36857],[8.85089,45.36738],[8.85138,45.36538],[8.85223,45.36418],[8.85348,45.36307],[8.85588,45.3618],[8.85761,45.36101],[8.85928,45.35998]],[[8.85103,45.38609],[8.84993,45.38549],[8.84897,45.38469],[8.84779,45.38366],[8.84635,45.38263],[8.8447,45.38179],[8.8432,45.3811],[8.84204,45.38045],[8.84127,45.37946],[8.84104,45.37832],[8.84134,45.37717],[8.84253,45.37596],[8.84399,45.37514],[8.8456,45.37455],[8.84808,45.37394],[8.85024,45.37353],[8.85137,45.37309],[8.85223,45.37232]],[[8.84055,45.40436],[8.84292,45.40448],[8.84535,45.40435],[8.84676,45.4041],[8.84816,45.40355],[8.84902,45.40278],[8.84961,45.40182],[8.84978,45.40068],[8.84975,45.3993],[8.84964,45.39801],[8.8494,45.39635],[8.84922,45.39464],[8.84939,45.3933],[8.84976,45.39196]],[[8.82565,45.42202],[8.82664,45.42111],[8.82736,45.41995],[8.8274,45.41895],[8.82717,45.418],[8.82667,45.41701],[8.82596,45.41564],[8.8256,45.41455],[8.82563,45.41331],[8.82627,45.41192],[8.82713,45.41105],[8.82806,45.41023],[8.82906,45.40965],[8.83026,45.40916],[8.83125,45.40834],[8.83183,45.40723],[8.83235,45.40613],[8.833,45.40536],[8.83407,45.40487],[8.83548,45.40457],[8.83791,45.40435],[8.84055,45.40436]],[[8.80389,45.4526],[8.80454,45.45076],[8.80521,45.44904],[8.80589,45.44756],[8.8068,45.44589],[8.80773,45.44445],[8.80861,45.44332],[8.80942,45.44251],[8.80981,45.44221],[8.81018,45.442],[8.81104,45.44172],[8.81191,45.44149],[8.81269,45.44134],[8.81355,45.44126],[8.81388,45.44117],[8.81417,45.44102],[8.81444,45.44081],[8.81465,45.44057],[8.81503,45.43988],[8.81544,45.43888],[8.81557,45.43814]],[[8.79483,45.46519],[8.79623,45.46199],[8.79663,45.46133],[8.7974,45.46043],[8.79784,45.46],[8.79842,45.45959],[8.80114,45.45836],[8.80189,45.45795],[8.80239,45.45759]],[[8.79268,45.4807],[8.79354,45.48002],[8.79386,45.4794],[8.79371,45.47859],[8.79333,45.47717],[8.79303,45.47584],[8.79286,45.47442],[8.79281,45.47232],[8.79316,45.47003],[8.79359,45.46826],[8.79417,45.46672]],[[8.76504,45.49951],[8.76691,45.49848],[8.76877,45.49694],[8.77016,45.49545],[8.77195,45.49409],[8.77376,45.49336],[8.77558,45.49305],[8.77741,45.49307],[8.77993,45.49299],[8.78279,45.4923]],[[8.70438,45.58915],[8.70261,45.58736],[8.70051,45.58533],[8.69855,45.58352],[8.696,45.5814],[8.69506,45.58056],[8.69438,45.57985],[8.69403,45.57932],[8.69411,45.57863],[8.69425,45.57804],[8.69445,45.57746],[8.69468,45.57699],[8.69574,45.57555],[8.69651,45.57471],[8.69719,45.57411],[8.6978,45.57375],[8.69861,45.57338],[8.69934,45.57311],[8.70007,45.57289],[8.70069,45.57277],[8.70238,45.57265],[8.70354,45.57246],[8.70441,45.57218],[8.70474,45.572],[8.70573,45.5712],[8.70648,45.57038],[8.70696,45.56958],[8.7071,45.56919],[8.70715,45.5686],[8.70709,45.5674],[8.70694,45.56637],[8.70672,45.56557],[8.70642,45.56498],[8.70561,45.56421],[8.70448,45.56332],[8.70198,45.56179],[8.70041,45.56069],[8.69956,45.55992],[8.69935,45.55963],[8.69926,45.55935],[8.69927,45.55913],[8.69938,45.55887],[8.69956,45.55862],[8.69983,45.55839],[8.70017,45.55817],[8.7011,45.55776],[8.70677,45.55592],[8.70767,45.55551],[8.70824,45.55511],[8.70866,45.55464],[8.7089,45.55414],[8.70898,45.55358],[8.70873,45.55211],[8.70839,45.55073],[8.7083,45.54975],[8.70839,45.54877],[8.70867,45.54791],[8.70978,45.54596],[8.71116,45.54374],[8.71224,45.54226]],[[8.71339,45.54067],[8.71616,45.5375],[8.71788,45.53557],[8.71827,45.53476],[8.71852,45.53385],[8.71849,45.5329],[8.718,45.53186],[8.71729,45.53082],[8.71687,45.52982],[8.71677,45.52868],[8.71708,45.52758],[8.71851,45.5257]],[[8.71339,45.54067],[8.71462,45.53823],[8.71493,45.53699],[8.7149,45.53566],[8.71452,45.5339],[8.71413,45.53162],[8.71409,45.53009],[8.71427,45.52909],[8.71519,45.52775],[8.717,45.52687],[8.71851,45.5257]],[[8.76504,45.49951],[8.76821,45.4988],[8.76982,45.49826],[8.77129,45.49743],[8.77282,45.49637],[8.77455,45.49525],[8.77609,45.49457],[8.77798,45.49421],[8.7796,45.49386],[8.7808,45.49341],[8.78279,45.4923]],[[8.78279,45.4923],[8.78515,45.49021],[8.78558,45.48941],[8.78568,45.48807],[8.78573,45.48609],[8.78625,45.48364]],[[8.78279,45.4923],[8.78389,45.49207],[8.78428,45.4919],[8.7876,45.489],[8.78865,45.48765],[8.78998,45.48678],[8.79105,45.48605],[8.79157,45.48519],[8.79168,45.48433],[8.79153,45.48343],[8.7915,45.48253],[8.79188,45.48191],[8.79239,45.48146],[8.79268,45.4807]],[[8.78625,45.48364],[8.78758,45.48257],[8.78925,45.48193],[8.7914,45.48129],[8.79268,45.4807]],[[8.78625,45.48364],[8.78628,45.48283],[8.78648,45.48248],[8.78727,45.48168],[8.78818,45.47966],[8.78875,45.47808],[8.78905,45.47637],[8.7894,45.47403],[8.78987,45.47121],[8.79025,45.47007],[8.7909,45.46915],[8.79223,45.46785],[8.79417,45.46672]],[[8.79417,45.46672],[8.79435,45.46626],[8.79483,45.46519]],[[8.79483,45.46519],[8.79471,45.46439],[8.79429,45.46378],[8.79345,45.46279],[8.79289,45.46185],[8.79252,45.46057],[8.79249,45.45933],[8.79266,45.45814],[8.79338,45.45708],[8.79404,45.45645],[8.79504,45.45568],[8.79624,45.455],[8.7971,45.45442],[8.79845,45.45397],[8.79973,45.45391],[8.80095,45.45399],[8.80237,45.45383],[8.80337,45.45334],[8.80389,45.4526]],[[8.80325,45.45658],[8.80342,45.45539],[8.80345,45.45405],[8.80389,45.4526]],[[8.79483,45.46519],[8.79564,45.4647],[8.79761,45.46361],[8.79812,45.46327],[8.79855,45.46293],[8.79914,45.46235],[8.79962,45.46179],[8.79995,45.46131],[8.8003,45.46037],[8.80069,45.4597],[8.80239,45.45759]],[[8.80239,45.45759],[8.80325,45.45658]],[[8.80892,45.45004],[8.81207,45.447],[8.81366,45.44555],[8.81471,45.44406],[8.81547,45.44219],[8.81583,45.44047],[8.81557,45.43814]],[[8.81557,45.43814],[8.81534,45.43705],[8.81511,45.43582]],[[8.80389,45.4526],[8.80537,45.45198],[8.80699,45.45118],[8.80892,45.45004]],[[8.80325,45.45658],[8.80543,45.45455],[8.80681,45.45311],[8.80766,45.45176],[8.80892,45.45004]],[[8.81511,45.43582],[8.81569,45.43462],[8.81655,45.43385],[8.81741,45.43327],[8.81793,45.4325],[8.81838,45.4313],[8.81902,45.43006],[8.82,45.42881],[8.82045,45.4278],[8.8209,45.42694],[8.8217,45.4264],[8.82284,45.42587],[8.82363,45.42519],[8.82408,45.42409],[8.82466,45.42313],[8.82565,45.42202]],[[8.81511,45.43582],[8.81506,45.43396],[8.81516,45.43234],[8.815,45.43139],[8.81471,45.43059],[8.81422,45.42988],[8.81339,45.42917],[8.81262,45.42828],[8.8122,45.42752],[8.81218,45.42681],[8.8125,45.42619],[8.81323,45.4257],[8.81477,45.42506],[8.81786,45.42426],[8.82129,45.42351],[8.82438,45.42271],[8.82565,45.42202]],[[8.84055,45.40436],[8.84317,45.404],[8.84512,45.40345],[8.84618,45.40277],[8.84697,45.40185],[8.84722,45.4009],[8.84725,45.39933],[8.84706,45.39719],[8.8473,45.39604],[8.84787,45.3947],[8.84976,45.39196]],[[8.84976,45.39196],[8.85048,45.3911],[8.85175,45.39032],[8.85288,45.38974],[8.85354,45.38911],[8.85379,45.3883],[8.85363,45.38749],[8.85297,45.38697],[8.85103,45.38609]],[[8.85103,45.38609],[8.85026,45.38525],[8.84984,45.3843],[8.84981,45.38344],[8.85013,45.38253],[8.85077,45.38134],[8.85168,45.37966],[8.85231,45.37808],[8.8526,45.37622],[8.85256,45.37469],[8.85223,45.37232]],[[8.85223,45.37232],[8.85308,45.37117],[8.8538,45.37044],[8.85507,45.36966],[8.85653,45.36884],[8.85792,45.36777],[8.85911,45.36652],[8.86007,45.36455],[8.86057,45.36317],[8.86122,45.36187],[8.862,45.36086],[8.86312,45.35993]],[[8.71224,45.54226],[8.71339,45.54067]],[[8.73264,45.50314],[8.73512,45.50238],[8.74002,45.50066],[8.74412,45.49956],[8.7473,45.49924],[8.75102,45.49915],[8.75495,45.49944],[8.75788,45.49997],[8.7608,45.50027],[8.76309,45.50005],[8.76504,45.49951]],[[8.69176,45.61313],[8.69371,45.6117]],[[8.64801,45.72233],[8.65298,45.71675],[8.65442,45.71496],[8.65502,45.71383],[8.65552,45.71271],[8.65585,45.71172],[8.65602,45.71086],[8.65593,45.71007],[8.65575,45.70932],[8.65549,45.70869],[8.65516,45.70821]],[[8.65516,45.70821],[8.65436,45.70732]],[[8.67224,45.66022],[8.6732,45.65967],[8.67393,45.65932],[8.67488,45.65894],[8.67701,45.65823],[8.678,45.6578],[8.67857,45.65748],[8.67906,45.65714],[8.67945,45.65678],[8.68007,45.65605],[8.68098,45.65477],[8.68164,45.65356],[8.68204,45.6524]]]}},{"type":"Feature","properties":{"name":"Moesa","aliases":[],"category":"river","source":"swissTLMRegio 2025"},"geometry":{"type":"MultiLineString","coordinates":[[[9.23818,46.38672],[9.23731,46.38553],[9.23727,46.38445],[9.23763,46.38337],[9.23761,46.38283],[9.23746,46.38229],[9.23678,46.3814],[9.23677,46.38104],[9.23649,46.3805],[9.23657,46.37888],[9.23612,46.37829]],[[9.23865,46.38941],[9.23816,46.38759],[9.23818,46.38672]],[[9.23575,46.39734],[9.23594,46.39672],[9.23602,46.39597],[9.23605,46.39487],[9.23622,46.39427],[9.23662,46.39337],[9.23669,46.39292],[9.23663,46.39205],[9.23682,46.39152],[9.23725,46.39102],[9.23772,46.39064],[9.23839,46.39017],[9.2386,46.38987],[9.23865,46.38941]],[[9.23612,46.37829],[9.23523,46.37798],[9.2346,46.37786],[9.23407,46.37792],[9.23317,46.37827],[9.23278,46.37831],[9.2326,46.37825],[9.23246,46.37812],[9.23232,46.37767],[9.23221,46.37663],[9.2321,46.37615],[9.232,46.3757],[9.23178,46.37511],[9.23139,46.37449],[9.23081,46.3738],[9.23026,46.3733],[9.22971,46.37298]],[[9.19292,46.46493],[9.19227,46.46442],[9.19194,46.46399],[9.19169,46.46371],[9.19159,46.46351],[9.19159,46.46324],[9.19175,46.46298],[9.19196,46.46267],[9.1924,46.46224],[9.19278,46.46182]],[[9.17031,46.48241],[9.17067,46.48198],[9.17144,46.48132],[9.17207,46.48041],[9.17243,46.4795],[9.17345,46.47886],[9.17499,46.47811],[9.17628,46.47773],[9.17679,46.47736],[9.17805,46.47609],[9.17879,46.47481],[9.1793,46.47445],[9.18201,46.47377],[9.18392,46.47231],[9.18443,46.47203],[9.18598,46.47155],[9.18779,46.47126],[9.18856,46.47079],[9.18906,46.47007],[9.18954,46.4688],[9.1895,46.46772],[9.18973,46.46682],[9.18998,46.46645],[9.19049,46.46608],[9.19178,46.46571],[9.19292,46.46493]],[[9.20723,46.43076],[9.20983,46.431]],[[9.22971,46.37298],[9.22873,46.37247],[9.22828,46.37211],[9.22818,46.37194],[9.22815,46.37175],[9.22842,46.37083],[9.22842,46.37051],[9.22835,46.37015],[9.22819,46.36975],[9.22793,46.36932],[9.22757,46.36888],[9.22714,46.36845]],[[9.2364,46.40611],[9.23589,46.40544],[9.23509,46.40491],[9.23413,46.40349],[9.23409,46.40223],[9.23546,46.40041],[9.23558,46.40005],[9.2358,46.39878],[9.23575,46.39734]],[[9.23293,46.41035],[9.23355,46.40962],[9.23366,46.4089],[9.23427,46.40781],[9.23504,46.40725],[9.23632,46.4066],[9.23643,46.40638],[9.2364,46.40611]],[[9.217,46.34863],[9.21633,46.34788],[9.21592,46.34709],[9.21581,46.34669],[9.21578,46.34609],[9.21606,46.34454],[9.21638,46.34353],[9.21679,46.34277],[9.21689,46.34233],[9.21694,46.34184],[9.21689,46.34121],[9.21672,46.34063],[9.21643,46.34012],[9.216,46.33966]],[[9.216,46.33966],[9.21538,46.33908],[9.21429,46.33851],[9.21384,46.33819],[9.21342,46.33777],[9.2131,46.33724],[9.21264,46.33673],[9.2119,46.33612],[9.21007,46.33489],[9.20922,46.33412],[9.20871,46.33344],[9.20837,46.33271],[9.20823,46.33197],[9.20829,46.33121],[9.20806,46.32901],[9.20778,46.32737],[9.20743,46.3261],[9.20659,46.32412]],[[9.16918,46.26896],[9.16843,46.26796],[9.16794,46.26726],[9.16725,46.26615],[9.16694,46.26526],[9.16625,46.26411],[9.16392,46.2615],[9.16351,46.2606],[9.16189,46.25883],[9.16094,46.25758],[9.1608,46.25723],[9.16078,46.2548],[9.16185,46.25325]],[[9.16185,46.25325],[9.16159,46.25233],[9.16113,46.25147],[9.16022,46.25056],[9.15892,46.24936],[9.15768,46.24858],[9.15533,46.24698]],[[9.15533,46.24698],[9.15435,46.2462],[9.15385,46.24551],[9.15278,46.24325],[9.15243,46.24281],[9.15218,46.24265],[9.15184,46.24248],[9.15147,46.24234],[9.15097,46.24231],[9.15007,46.24234],[9.14943,46.24227],[9.1488,46.2421],[9.14815,46.24174],[9.14767,46.2413],[9.14648,46.23959]],[[9.13458,46.238],[9.13437,46.23816],[9.13334,46.23873],[9.13265,46.23904],[9.13189,46.23924],[9.13095,46.23937],[9.12641,46.23959],[9.12297,46.23959],[9.12134,46.23955],[9.12016,46.23939],[9.11892,46.23909],[9.11746,46.23854],[9.11569,46.23782],[9.11368,46.23689]],[[9.11368,46.23689],[9.11231,46.23567],[9.11028,46.23373]],[[9.14648,46.23959],[9.14601,46.23905],[9.14545,46.23875],[9.14451,46.23838],[9.14094,46.23765],[9.13918,46.23734],[9.13788,46.23728],[9.13656,46.23733],[9.13575,46.23746],[9.13513,46.23764],[9.13458,46.238]],[[9.11028,46.23373],[9.10892,46.23246],[9.1081,46.23176],[9.10652,46.23108],[9.10494,46.23076],[9.1034,46.23078],[9.09886,46.23131],[9.09696,46.23126],[9.09476,46.23101],[9.09363,46.23095],[9.09275,46.23098],[9.08938,46.23129],[9.08662,46.23175],[9.08391,46.23196],[9.08295,46.23198],[9.08187,46.2318]],[[9.20983,46.431],[9.21017,46.43068],[9.21079,46.42959],[9.21142,46.42904],[9.21424,46.42756],[9.21655,46.4268],[9.21784,46.42633],[9.22039,46.42476],[9.22167,46.4242],[9.22217,46.42402],[9.22238,46.42368],[9.22267,46.42255],[9.22362,46.42179]],[[9.22362,46.42179],[9.22453,46.41999],[9.22549,46.41826],[9.2261,46.41763],[9.22653,46.4173],[9.22728,46.41707],[9.22827,46.4168],[9.22924,46.41617],[9.23039,46.41493],[9.23132,46.4133],[9.23211,46.41155],[9.23293,46.41035]],[[9.22467,46.35711],[9.22482,46.35694],[9.22488,46.35664],[9.22485,46.35624],[9.22472,46.35577],[9.22424,46.35467],[9.22349,46.35347],[9.22255,46.35247],[9.22155,46.35156],[9.22058,46.35085],[9.21792,46.34933],[9.217,46.34863]],[[9.20659,46.32412],[9.20578,46.32218],[9.20264,46.31866],[9.20209,46.31814],[9.20139,46.31704],[9.20055,46.31488],[9.19447,46.30694]],[[9.19447,46.30694],[9.19318,46.3057]],[[9.19318,46.3057],[9.18832,46.3006],[9.18239,46.29489]],[[9.18239,46.29489],[9.18196,46.2943],[9.18184,46.29381],[9.18161,46.29275],[9.18153,46.29202],[9.18118,46.29134],[9.18061,46.29053],[9.17987,46.28999],[9.17939,46.28954],[9.1791,46.28903],[9.17893,46.28795],[9.17897,46.28761],[9.17877,46.28725],[9.17832,46.28706],[9.17716,46.28685],[9.17663,46.28657],[9.17629,46.28622],[9.17611,46.28567],[9.17612,46.28467],[9.17612,46.28266],[9.17612,46.281],[9.17606,46.28003],[9.17587,46.27893],[9.17561,46.27792],[9.17512,46.27694],[9.17399,46.27509],[9.1726,46.27304],[9.17103,46.27104],[9.16918,46.26896]],[[9.08187,46.2318],[9.0805,46.23142],[9.07582,46.22944]],[[9.07582,46.22944],[9.07305,46.22872]],[[9.07305,46.22872],[9.06742,46.22745],[9.06202,46.22587],[9.05729,46.22437],[9.05309,46.22297],[9.04977,46.22139],[9.0458,46.21999],[9.04104,46.21937]],[[9.22714,46.36845],[9.22702,46.36812],[9.227,46.36789],[9.22727,46.36701],[9.22723,46.36631],[9.22712,46.3659],[9.22692,46.36546],[9.22634,46.36461],[9.22526,46.36349],[9.22427,46.36236],[9.22376,46.36169],[9.22333,46.36102],[9.22273,46.3598],[9.22244,46.35901],[9.22235,46.35828],[9.22245,46.35804],[9.22265,46.35781],[9.22299,46.35759],[9.22344,46.3574],[9.224,46.35724],[9.22467,46.35711]],[[9.19278,46.46182],[9.19298,46.46162],[9.1932,46.46129],[9.19336,46.46063],[9.19341,46.45973]],[[9.19341,46.45973],[9.19313,46.45748],[9.19303,46.45561],[9.19251,46.45471],[9.19139,46.45426],[9.18974,46.454],[9.18824,46.45355],[9.18797,46.45299]],[[9.18797,46.45299],[9.18829,46.4511],[9.18896,46.44924],[9.18979,46.44718]],[[9.17218,46.49303],[9.17234,46.49181],[9.17189,46.4917],[9.1716,46.4916],[9.17142,46.49146],[9.17134,46.49122],[9.17136,46.49097],[9.17154,46.49014],[9.17174,46.48963],[9.17189,46.48946],[9.1722,46.48935],[9.17265,46.48929],[9.17288,46.48914],[9.17297,46.48859],[9.17286,46.4881],[9.17315,46.48754],[9.17347,46.48679],[9.17348,46.4864],[9.17345,46.4857],[9.17267,46.48391],[9.17097,46.48288],[9.17031,46.48241]],[[9.16495,46.49935],[9.16619,46.49983],[9.16699,46.49966],[9.16877,46.49908],[9.17065,46.49869],[9.17261,46.49829],[9.17168,46.49693]],[[9.17168,46.49693],[9.17218,46.49303]],[[9.18979,46.44718],[9.1905,46.44611],[9.19067,46.44562],[9.19082,46.44451],[9.19098,46.44405],[9.19157,46.44326],[9.19176,46.44276],[9.19187,46.44227],[9.1918,46.44194],[9.19164,46.44172],[9.19143,46.44153],[9.19139,46.44136],[9.1915,46.44112],[9.19204,46.44062],[9.19259,46.43999],[9.19292,46.4392],[9.19324,46.43828],[9.19348,46.43794],[9.19382,46.43771],[9.19433,46.43744],[9.19485,46.43702],[9.19599,46.43598],[9.1968,46.43518],[9.19727,46.43457],[9.19786,46.43356]],[[9.19786,46.43356],[9.19896,46.43273],[9.19952,46.4325],[9.20033,46.43245],[9.20106,46.43244],[9.20237,46.43252],[9.20273,46.43249],[9.20311,46.43224],[9.2033,46.43133]],[[9.2033,46.43133],[9.20406,46.43078],[9.20432,46.43068],[9.2056,46.43066],[9.20625,46.43065],[9.20723,46.43076]]]}}]}